0 16406
2.5e-05 30
0.002985 16406
0.003034 10464
0.005475 8473
0.008121 16406
0.00814 30
0.010301 5321
0.010301 27
0.032106 16406
0.032159 16406
0.032168 496
0.043055 0
0.055694 4010
0.055695 5268
0.055695 31
0.060732 420
0.060733 16406
0.060808 16406
0.060817 2071
0.065223 8973
0.067151 16406
0.067178 9519
0.076747 16406
0.076779 30
0.080399 16406
0.080448 19977
0.080466 8568
0.080926 7838
0.080926 1061
0.080926 13517
0.083618 16406
0.083662 11470
0.107167 16406
0.107216 16406
0.107229 30
0.13303 16406
0.133083 774
0.133083 7162
0.135833 16406
0.13587 8880
0.13587 299
0.175286 8216
0.178094 16406
0.178141 507
0.178141 14577
0.17969 855
0.197938 16406
0.197968 30
0.199964 8650
0.237377 16406
0.237415 30
0.237415 8590
0.237922 131
0.237922 7131
0.253529 16406
0.255922 15740
0.255939 711
0.281903 16406
0.284775 16406
0.284802 11770
0.320126 16406
0.320155 30
0.321839 16406
0.321874 16406
0.321881 1396
0.323084 4988
0.323085 633
0.341431 16406
0.341472 30
0.341472 8592
0.342761 403
0.342762 15638
0.36789 16406
0.367929 8960
0.368929 1787
0.405557 16406
0.405598 8973
0.406631 1059
0.409181 16406
0.409206 782
0.409206 301
0.41331 8153
0.423569 16406
0.425037 10028
0.425064 162
0.465569 14498
0.468234 16406
0.468273 782
0.468273 301
0.471886 16406
0.471952 30
0.471952 3629
0.472975 865
0.50777 8979
0.512052 8489
0.512052 16406
0.512096 30
0.513754 774
0.513754 1156
0.552943 16406
0.552969 30
0.556315 1053
0.556316 16406
0.556345 30
0.557768 16406
0.557811 91
0.559157 5269
0.559157 1385
0.570511 377
0.573206 16406
0.573245 13698
0.623187 8979
0.623187 1428
0.626339 14973
0.626384 16406
0.626396 5712
0.627698 2058
0.638877 8979
0.643903 16406
0.643947 6789
0.644726 705
0.658558 16406
0.660594 15558
0.703238 16406
0.703271 30
0.705552 16406
0.705591 2078
0.705591 15738
0.707506 6410
0.709916 144
0.721477 16406
0.721504 944
0.723865 11743
0.723883 854
0.72756 517
0.772777 8979
0.772777 16406
0.774653 8950
0.774653 5069
0.784987 8979
0.787474 16406
0.787514 16085
0.787521 377
0.830162 16406
0.831939 16406
0.83199 3036
0.83199 4308
0.833455 781
0.861502 16406
0.861538 8960
0.863965 7484
0.873471 16406
0.873517 189
0.875359 8811
0.915847 16406
0.917769 16406
0.917805 1526
0.917805 2878
0.918983 1088
0.944606 16406
0.944647 30
0.947033 16406
0.94706 30
0.964597 8379
0.967404 16406
0.967446 1530
0.967446 2316
1.00157 13926
1.00493 16406
1.00497 1516
1.00497 3571
1.00627 1005
1.01933 8379
1.02225 16406
1.02229 30
1.02229 7149
1.02375 945
1.09 431
1.0901 8379
1.0901 16406
1.09014 16406
1.09016 781
1.09166 8379
1.09385 16406
1.09387 6854
1.09615 1240
1.10835 16406
1.10979 8517
1.1098 1430
1.1604 16406
1.16177 16406
1.1618 2874
1.1618 4306
1.16356 381
1.16763 9966
1.16975 16406
1.1698 1523
1.1698 4235
1.17122 779
1.19546 16406
1.1955 8955
1.19639 1924
1.23389 5914
1.23656 16406
1.23658 1143
1.23658 416
1.23863 16406
1.23869 1529
1.23869 9759
1.25503 8379
1.2576 16406
1.25763 2585
1.25763 885
1.31021 8979
1.31021 7465
1.31028 16406
1.31031 782
1.31031 14566
1.31032 100
1.33342 16406
1.33346 10827
1.33388 4308
1.33388 1338
1.3391 8379
1.34258 16406
1.34263 30
1.34263 11433
1.34467 1437
1.38296 16406
1.38299 30
1.38611 16406
1.38616 372
1.38616 16406
1.38618 3230
1.38796 1723
1.43199 8973
1.43483 16406
1.43486 8257
1.43626 5399
1.43626 342
1.47054 16406
1.47057 30
1.47057 1053
1.4734 16406
1.47344 16406
1.47345 106
1.47462 7150
1.47462 561
1.53109 16406
1.53115 15740
1.5312 1025
1.5312 8120
1.5614 8466
1.5651 16406
1.56515 16406
1.56516 364
1.56516 711
1.5673 9754
1.57524 16406
1.57528 10098
1.6285 16406
1.62855 16406
1.62856 2086
1.63068 16406
1.63074 30
1.63074 1443
1.63192 1239
1.66084 7318
1.66276 16406
1.66279 24
1.66505 16406
1.66509 782
1.66509 343
1.70698 16406
1.70811 16406
1.70816 380
1.70816 1175
1.71042 16406
1.71043 582
1.75216 8979
1.75216 16406
1.75222 7807
1.75222 711
1.75222 9046
1.77541 16406
1.77741 16406
1.77744 38
1.80994 16406
1.80997 1048
1.81201 15738
1.81208 12115
1.81294 1026
1.86196 16406
1.8635 16406
1.86354 3036
1.86354 3555
1.89684 16406
1.89867 14353
1.89869 538
1.92633 8979
1.92851 16406
1.92854 6494
1.92854 756
1.98677 16406
1.98683 8966
1.98804 1029
2.0151 6798
2.0151 27
2.02195 446
2.03634 16406
2.03639 16406
2.0364 496
2.0611 9312
2.0611 420
2.06115 14280
2.06426 2126
2.06426 1048
2.06426 16406
2.06431 26614
2.06603 16406
2.06606 30
2.06881 15418
2.11191 16406
2.11198 8955
2.11198 6493
2.19396 15559
2.19402 16406
2.19403 1957
2.19597 16406
2.196 30
2.196 1053
2.19833 16406
2.19835 5154
2.24068 16406
2.24075 30
2.24075 16406
2.24239 10465
2.24244 10839
2.25638 11514
2.26003 14622
2.2996 16406
2.29963 30
2.30155 343
2.30155 8568
2.30189 7838
2.30189 30
2.30486 7988
2.32783 16406
2.32785 938
2.32987 8438
2.36796 16406
2.36801 30
2.36801 12222
2.38613 8379
2.38888 16406
2.38892 8065
2.40565 8379
2.40872 16406
2.40876 30
2.40876 4945
2.41551 394
2.45248 16406
2.4525 30
2.45562 16406
2.45565 16406
2.45566 1694
2.47214 16406
2.4722 11978
2.49067 16406
2.4907 3261
2.4923 5795
2.53443 16406
2.53445 1048
2.53686 16406
2.53688 1054
2.53993 16406
2.53998 30
2.53998 1719
2.5429 470
2.56009 16406
2.56012 30
2.56185 16406
2.56187 106
2.59992 16406
2.60147 16406
2.6015 8630
2.62026 16406
2.62028 30
2.62344 16406
2.62347 30
2.65031 16406
2.65035 8966
2.65035 785
2.68526 16406
2.68529 16400
2.6853 671
2.6875 16406
2.68754 2377
2.68754 354
2.72852 16406
2.72857 1047
2.73022 14777
2.77307 16406
2.77311 30
2.77524 16406
2.77527 1054
2.7775 15550
2.81461 16406
2.81464 30
2.81464 1053
2.81763 16406
2.81766 30
2.81766 9046
2.833 8379
2.83636 16406
2.83639 8065
2.85487 8379
2.85862 16406
2.85866 30
2.85866 808
2.90119 16406
2.90122 30
2.90296 343
2.90296 16406
2.90298 30
2.90455 7932
2.91799 8379
2.91799 16406
2.91803 7140
2.9187 925
2.95919 14926
2.96125 16406
2.96127 5730
2.96323 425
2.98916 16406
2.99115 16406
2.99118 38
3.02496 16406
3.02498 1048
3.02771 16406
3.02775 30
3.02775 1907
3.06997 16406
3.06999 30
3.06999 1053
3.07207 16406
3.07211 16406
3.07211 294
3.11393 16406
3.11399 8966
3.11733 10938
3.16466 16406
3.1647 1522
3.1647 8387
3.16791 16406
3.16797 1529
3.16797 8930
3.19739 16406
3.19742 30
3.19898 16406
3.19901 1102
3.21989 16406
3.21995 8955
3.22235 5177
3.25953 16406
3.25956 8955
3.26094 5177
3.3035 16406
3.30353 8650
3.36857 16406
3.3686 1054
3.37098 16406
3.37103 30
3.37103 15494
3.40825 8973
3.41034 16406
3.41037 7979
3.45489 16406
3.45764 24
3.45764 16406
3.45769 1510
3.46009 13352
3.51741 11297
3.5219 16406
3.52196 1523
3.52196 16382
3.57869 16406
3.58024 15990
3.60204 16406
3.60208 30
3.60359 9590
3.66517 16406
3.66744 16406
3.66749 8818
3.70549 463
3.70966 16406
3.71171 10538
3.75002 3129
3.75226 16406
3.75228 1048
3.75228 5712
3.754 10694
3.75403 1517
3.75403 948
3.81576 14000
3.81813 16406
3.81815 7840
3.8557 12034
3.85888 16406
3.85894 8490
3.89953 13350
3.90215 16406
3.9022 10558
3.99926 16406
3.99929 1516
3.99929 3484
4.00298 16406
4.00301 1522
4.00301 1060
4.0127 9054
4.01513 27
4.03618 16406
4.03623 16406
4.03624 496
4.06332 420
4.06755 16406
4.06758 337
4.06948 16406
4.0695 1054
4.07671 8092
4.07671 717
4.07671 31
4.07677 16406
4.0768 30
4.07784 1053
4.08054 16406
4.08057 30
4.08057 1053
4.08057 8568
4.0818 7838
4.0818 30
4.0841 1053
4.08648 16406
4.0865 30
4.0865 1053
4.08859 16406
4.08861 30
4.08862 7059
4.11413 3957
4.12001 16406
4.12006 8966
4.12006 16406
4.12007 3786
4.13478 16406
4.13687 15614
4.16583 593
4.16592 16406
4.16596 15042
4.16597 0
4.20633 16406
4.20636 15042
4.23261 16406
4.23263 30
4.23395 16406
4.23396 30
4.24207 16406
4.2451 16406
4.24514 14402
4.29551 16406
4.29554 30
4.29846 16406
4.29847 344
4.30071 13440
4.30773 8379
4.30968 16406
4.30969 30
4.31355 16406
4.31356 1054
4.31375 10661
4.33222 16406
4.33224 938
4.33587 11126
4.352 16406
4.35203 30
4.35455 10906
4.37532 16406
4.37535 30
4.37745 16406
4.37746 30
4.38946 0
4.38946 16115
4.39122 1834
4.39125 16406
4.39127 30
4.39391 16406
4.39393 1422
4.40812 0
4.43787 16406
4.43791 1048
4.44191 16406
4.44197 30
4.44197 1053
4.44435 16406
4.44437 30
4.44437 779
4.46403 8379
4.46612 16406
4.46615 30
4.46615 2500
4.50113 16406
4.50117 9984
4.50331 1918
4.50331 16406
4.50334 30
4.50455 3922
4.5215 16406
4.52153 30
4.52153 8966
4.52354 7478
4.54299 16406
4.54303 30
4.54502 1053
4.54502 16406
4.54505 30
4.54697 2653
4.59108 16406
4.59378 24
4.59378 16406
4.59382 1523
4.59499 7887
4.63354 16406
4.63358 30
4.63358 9778
4.67182 16406
4.67186 30
4.67186 8966
4.67453 16406
4.67456 1529
4.67456 6459
4.71181 16406
4.71185 1048
4.71185 9996
4.71275 3464
4.758 16406
4.75802 1048
4.7603 16406
4.76035 30
4.76035 6100
4.79699 16406
4.79702 30
4.79881 15042
4.83014 8973
4.83195 16406
4.83199 4971
4.86857 16406
4.86864 30
4.87073 16170
4.88411 16406
4.88418 9222
4.90736 16406
4.90741 1523
4.90741 14921
4.92311 8973
4.92648 16406
4.92653 15819
4.94643 8379
4.94964 16406
4.94966 30
4.94966 2180
4.97818 729
4.98064 16406
4.98067 15714
4.9901 16406
4.99012 30
4.99333 16406
4.99336 344
4.99336 731
5.01053 16406
5.01059 30
5.01059 9026
5.03323 16406
5.03326 30
5.035 9214
5.05184 14302
5.05506 16406
5.0551 2142
5.07585 16406
5.0759 30
5.0759 1053
5.07873 16406
5.07874 30
5.07874 2089
5.128 16406
5.12802 1054
5.13019 16406
5.13023 30
5.13023 1053
5.13372 16406
5.13375 30
5.13375 4910
5.14503 16406
5.14675 10858
5.18138 8379
5.18138 16406
5.18141 30
5.18332 1053
5.18332 16406
5.18334 30
5.18516 940
5.20252 16406
5.20495 16406
5.205 38
5.24439 16406
5.2469 1055
5.2469 16406
5.24696 30
5.24696 9992
5.26763 16406
5.2677 16406
5.26771 30
5.30934 16406
5.30941 16406
5.30943 1054
5.30943 5474
5.3566 8979
5.3566 8489
5.35905 16406
5.35909 30
5.36101 16406
5.36103 106
5.37276 16406
5.37283 6335
5.3735 3980
5.41814 16406
5.41819 1523
5.41819 16406
5.41821 2856
5.41914 4085
5.43731 16406
5.43736 16406
5.43737 30
5.46501 16406
5.46508 10850
5.50179 16406
5.50183 1040
5.50395 16406
5.50402 1054
5.50402 16406
5.50404 30
5.50511 3043
5.53519 411
5.54806 16406
5.54809 30
5.55038 16406
5.5504 7814
5.59138 8379
5.59145 0
5.59145 126
5.59145 3652
5.59497 16406
5.59499 30
5.59756 16406
5.59759 11496
5.59861 1590
5.63517 16406
5.63522 14854
5.65087 16406
5.65091 30
5.65282 14478
5.69414 16406
5.69417 30
5.69417 1428
5.69601 14978
5.69604 11496
5.69605 162
5.73692 16406
5.73696 7534
5.73843 16406
5.73846 10386
5.9548 16406
5.95486 30
5.95486 1053
5.95486 16406
5.95489 30
5.95489 16406
5.95492 15331
5.95494 12177
5.95497 11424
5.95831 4982
5.95831 30
5.95831 1149
5.95831 16406
5.95838 30
5.95838 9910
5.9584 16406
5.95843 30
5.95843 1053
5.95843 16406
5.95846 1054
5.95846 11424
6.01256 16406
6.01595 16406
6.01602 19430
6.02104 1847
6.02105 27
6.02884 0
6.03119 4982
6.03119 1526
6.03119 8568
6.03123 5760
6.0332 3080
6.0332 7838
6.03324 30
6.03324 7140
6.03324 1428
6.03413 7838
6.03413 1523
6.03417 5005
6.05956 16406
6.05962 16406
6.05962 496
6.11113 16406
6.11117 16406
6.11122 32812
6.11126 24276
6.11242 18761
6.11248 8973
6.11248 16406
6.11251 8958
6.11251 7323
6.12948 16406
6.13217 16406
6.13221 38
6.16328 16406
6.16333 24
6.16513 16406
6.16516 1054
6.16516 5712
6.16653 4280
6.18692 16406
6.18696 8960
6.18835 7484
6.20596 16406
6.206 8960
6.20692 1919
6.24787 16406
6.24999 24
6.24999 16406
6.25002 1054
6.2511 1775
6.26915 8973
6.26915 16401
6.27148 7484
6.33026 16406
6.33031 16406
6.33033 1532
6.33033 7636
6.355 8379
6.35784 16406
6.35787 30
6.36002 16406
6.36006 1521
6.36006 7674
6.37831 16406
6.37835 8960
6.37998 791
6.4179 8979
6.42052 7779
6.42373 16406
6.42375 1054
6.42768 16406
6.42773 30
6.42955 10264
6.46056 8973
6.46259 16406
6.46262 1054
6.46453 11655
6.50651 8379
6.50878 16406
6.50883 9403
6.50883 5712
6.51025 10694
6.51031 30
6.51031 7444
6.55187 8379
6.55187 8568
6.55318 7838
6.55318 10472
6.55321 2642
6.57416 16406
6.57423 30
6.57423 16406
6.5752 30
6.61166 8979
6.61166 8489
6.61431 16406
6.61437 30
6.61437 9434
6.61587 2273
6.6603 16406
6.66033 30
6.66265 16406
6.66267 2078
6.66602 16406
6.66608 975
6.66608 4341
6.68519 16406
6.68523 8966
6.68722 5110
6.71713 8973
6.71917 16406
6.71922 9513
6.7218 16406
6.72183 30
6.72183 2856
6.72311 10088
6.76312 8973
6.7648 7471
6.76707 16406
6.76709 1517
6.76709 8971
6.76899 4398
6.80485 8979
6.80734 16406
6.80738 9513
6.80901 16406
6.80905 3594
6.81306 461
6.82403 8379
6.82679 16406
6.82683 10585
6.87726 14794
6.8773 16406
6.87731 1524
6.87874 16406
6.87878 1529
6.87996 2012
6.89867 16406
6.89872 8960
6.90109 6808
6.93194 16406
6.93367 1061
6.93367 16406
6.93369 30
6.93561 5718
6.95238 16406
6.95456 16406
6.95458 38
7 8379
7.00301 16406
7.00306 30
7.00586 16406
7.00588 1157
7.04718 8379
7.04913 16406
7.04915 1054
7.05225 16406
7.05233 13161
7.0829 16406
7.08504 16406
7.08506 2990
7.1127 16406
7.11394 16406
7.11397 38
7.12767 8833
7.14447 8973
7.14447 7471
7.14766 16406
7.1477 8754
7.21441 16406
7.21448 30
7.21448 343
7.21448 16406
7.21453 16406
7.21454 1952
7.23585 16406
7.23591 30
7.23786 16406
7.23791 294
7.26224 16406
7.2623 30
7.2623 8966
7.2634 276
7.29255 16406
7.29403 14298
7.33196 401
7.34084 16406
7.34087 1048
7.34297 16406
7.34299 30
7.34434 1211
7.38307 8979
7.3853 16406
7.38532 453
7.42485 16406
7.42552 1061
7.42774 16406
7.42776 30
7.42776 4966
7.46851 8979
7.46852 16401
7.46929 6858
7.49461 16406
7.49464 30
7.49464 8966
7.49662 7798
7.51267 420
7.52701 497
7.52701 8973
7.52958 16406
7.5296 1529
7.53102 3755
7.58042 16406
7.58257 8968
7.58257 5712
7.58371 10694
7.58374 1529
7.58374 5337
7.61693 16406
7.61697 8960
7.61867 6112
7.62442 434
7.64399 16406
7.64403 14486
7.67966 16406
7.67969 30
7.67969 8959
7.6797 1600
7.71849 8379
7.72049 16406
7.72053 10472
7.72305 7719
7.76561 16406
7.76565 12598
7.78415 8979
7.78675 16406
7.78677 453
7.82713 16406
7.82717 30
7.82717 8966
7.82718 276
7.8697 16406
7.87221 15050
7.94205 16406
7.9444 16406
7.94443 8254
8.00051 16406
8.00055 8966
8.0026 2533
8.0026 27
8.02431 16406
8.02436 16406
8.02437 496
8.05017 420
8.05494 16406
8.05667 16406
8.05669 1370
8.06108 8979
8.06108 8964
8.06377 8979
8.06658 16406
8.0666 1536
8.06869 15208
8.10369 8973
8.10657 16406
8.10658 5543
8.16795 6270
8.17118 16406
8.17123 1530
8.17123 8964
8.17124 4284
8.172 664
8.21396 16406
8.21508 13170
8.23474 480
8.25257 8379
8.25465 8973
8.25858 16406
8.2586 1529
8.2586 1514
8.29688 8979
8.30053 16098
8.30054 203
8.31714 7998
8.32078 16406
8.32081 1524
8.32184 4264
8.36007 9287
8.36007 8379
8.36391 16406
8.36393 1151
8.36485 3253
8.36485 467
8.39395 0
8.39395 925
8.4015 8979
8.40352 16406
8.40356 1142
8.40356 8979
8.40496 166
8.4279 925
8.46946 16406
8.4714 16406
8.47142 2555
8.4739 12121
8.51625 8979
8.5187 16406
8.51874 6845
8.55214 8979
8.55724 16406
8.55727 1529
8.5593 12876
8.55931 583
8.61891 16406
8.62008 8968
8.62223 7616
8.63788 8973
8.64029 16027
8.64231 7858
8.68178 16406
8.68431 13490
8.70202 8979
8.70493 16406
8.70496 1529
8.70496 5158
8.74583 8379
8.74583 8973
8.74892 16406
8.74894 1529
8.74894 2830
8.78677 16406
8.7883 24
8.7883 16406
8.78832 782
8.79043 771
8.79043 5736
8.79276 731
8.8514 8979
8.85446 16406
8.8545 1529
8.85741 16406
8.85743 782
8.85893 7574
8.896 8979
8.89938 16406
8.89942 1529
8.89942 16406
8.90071 3953
8.93708 12654
8.94031 8973
8.94504 16406
8.94506 2743
9.00158 8979
9.00431 16406
9.00434 782
9.00434 776
9.00762 16406
9.00767 782
9.00767 10760
9.00965 735
9.043 8979
9.0465 16406
9.04652 1529
9.04886 16406
9.04888 776
9.04888 782
9.05105 2690
9.08604 280
9.0892 16406
9.08922 1530
9.09281 15441
9.09283 7523
9.14954 8979
9.1518 16406
9.15183 1529
9.15657 16406
9.1566 1529
9.1566 1318
9.19436 16406
9.19653 16406
9.19656 32
9.19656 5712
9.19792 7860
9.23647 8979
9.23647 16406
9.23651 782
9.23791 776
9.23791 8592
9.23975 7536
9.23975 369
9.30323 16406
9.30327 8968
9.30599 8972
9.30599 8971
9.3085 10545
9.34485 16406
9.34702 16406
9.34704 1146
9.34704 394
9.34905 8979
9.34905 7412
9.39137 0
9.3914 8979
9.3956 16406
9.39562 782
9.39732 776
9.39732 12868
9.39911 647
9.42758 8979
9.42758 2856
9.42949 13550
9.42952 8282
9.42952 705
9.43139 2748
9.44849 8979
9.4506 16406
9.45063 1142
9.45063 6123
9.45202 258
9.48928 2589
9.49147 8973
9.49147 16406
9.4915 1522
9.49554 16406
9.49557 1522
9.49557 5736
9.49768 836
9.53578 16406
9.53698 9542
9.55648 16406
9.55947 16097
9.5595 354
9.59806 16406
9.60006 24
9.60006 16406
9.60009 782
9.60225 758
9.60225 8592
9.60365 401
9.60365 8121
9.64297 8979
9.64661 16406
9.64664 782
9.64664 776
9.64943 16406
9.64948 1529
9.64948 6639
9.7075 8979
9.71026 16406
9.71241 16406
9.71243 3036
9.71402 8442
9.71402 350
9.74931 16406
9.75075 10475
9.75264 16406
9.75449 10037
9.78265 14402
9.78268 9996
9.78368 1738
9.79254 457
9.79254 423
9.80085 8979
9.80302 16406
9.80306 1142
9.80306 6123
9.80442 258
9.86663 15294
9.87159 16406
9.87164 782
9.87164 16406
9.87166 758
9.87348 5790
9.87883 122
9.90079 8973
9.90246 16033
9.90248 403
9.9067 16406
9.90671 1150
9.9081 10392
9.90973 46
9.92538 8379
9.92719 16406
9.92721 1151
9.92721 4680
9.92887 677
9.93801 6738
9.93801 8973
9.94031 8964
9.94031 8213
10.0079 8973
10.0129 16406
10.0129 1531
10.0129 27
10.0344 16406
10.0345 16902
10.0574 420
10.0574 16406
10.0574 9403
10.063 8979
10.0651 16406
10.0652 16406
10.0652 1048
10.0668 1534
10.0668 16406
10.0669 5488
10.0712 8979
10.0734 16406
10.0734 13906
10.0768 52
10.0768 16406
10.0768 344
10.0806 16406
10.082 16406
10.082 7312
10.115 8979
10.1181 7465
10.1181 16406
10.1181 13322
10.1546 8979
10.1575 16128
10.1575 16406
10.1575 12852
10.1582 845
10.1582 70
10.1806 8979
10.183 16406
10.183 9421
10.223 16406
10.2251 16406
10.2251 1260
10.2266 6836
10.2406 469
10.2456 16406
10.2477 16406
10.2477 38
10.2659 8379
10.2659 16406
10.268 10486
10.268 1452
10.3078 16406
10.3101 16406
10.3101 1532
10.3101 4308
10.3248 16406
10.3273 13546
10.3557 4010
10.3557 5272
10.3557 31
10.3841 8379
10.387 16406
10.3871 8973
10.3871 16406
10.3871 2478
10.4255 0
10.4339 8379
10.4371 16406
10.4371 16406
10.4372 1844
10.4372 2726
10.4725 16406
10.4746 438
10.4746 16406
10.4747 7878
10.5372 16406
10.5396 16406
10.5396 16792
10.5768 16406
10.5787 16406
10.5788 3043
10.5814 16406
10.5814 4029
10.6263 16406
10.6279 16406
10.628 32
10.63 11316
10.665 8379
10.6668 16406
10.6669 7577
10.6847 8979
10.6847 7140
10.6859 9266
10.6859 7465
10.7103 16406
10.7123 16406
10.7123 352
10.714 4868
10.7499 16406
10.7499 24
10.7525 16406
10.7525 3176
10.7698 16406
10.7698 16406
10.7698 38
10.8159 8973
10.8187 16406
10.8188 16406
10.8188 3571
10.8589 16406
10.8612 16406
10.8613 38
10.8633 16406
10.8633 717
10.867 16406
10.8671 1487
10.9091 16406
10.9124 16406
10.9124 3037
10.9124 358
10.9221 16406
10.9241 16406
10.9241 38
10.9979 16406
10.9998 8972
10.9998 16406
10.9998 14728
11.0306 16406
11.0307 8966
11.0307 10186
11.0783 8979
11.0814 16406
11.0815 7779
11.0834 4548
11.1336 16406
11.1357 16406
11.1358 1062
11.1371 7974
11.1836 16406
11.1855 16406
11.1856 1298
11.2224 16406
11.2255 15238
11.2829 16406
11.2845 945
11.2845 16406
11.2845 1529
11.2863 4899
11.3502 8979
11.3502 16406
11.3502 1522
11.3502 7467
11.3502 7128
11.3719 16406
11.3736 35
11.3736 16406
11.3736 1523
11.3749 7561
11.387 8979
11.3891 16406
11.3903 2848
11.4374 8379
11.4402 16406
11.4402 16406
11.4402 1081
11.4514 8979
11.4535 16406
11.4535 5661
11.4736 8973
11.4772 16406
11.4772 7471
11.5206 16406
11.5236 16406
11.5237 11380
11.5237 1791
11.5708 8379
11.5708 16406
11.5709 2313
11.5825 8979
11.5845 16406
11.5845 7973
11.6342 8979
11.6342 7465
11.6371 16406
11.6372 12570
11.6689 8979
11.6689 4284
11.6707 12122
11.6707 15549
11.7356 4426
11.7382 16406
11.7383 16406
11.7383 1048
11.7383 10860
11.7762 16406
11.7787 16406
11.7787 1532
11.7787 2239
11.8256 16406
11.827 10538
11.8619 16406
11.8619 35
11.8619 16406
11.8619 1514
11.8649 16406
11.865 2085
11.865 8417
11.8668 16406
11.8669 1522
11.8669 16406
11.8682 2991
11.8824 8979
11.8842 16406
11.8842 673
11.9251 16406
11.927 12042
12.0197 8966
12.0227 16406
12.0228 7234
12.0228 27
12.0228 123
12.045 16406
12.0451 16406
12.0451 496
12.0742 8408
12.0742 16406
12.0742 706
12.0764 16406
12.0765 1054
12.0797 16406
12.0798 16406
12.0798 14660
12.0798 2015
12.0833 16406
12.0833 16406
12.0833 9007
12.0833 16406
12.0834 30
12.0834 343
12.0866 16406
12.0866 16406
12.0866 16085
12.0873 16406
12.0874 300
12.0874 16406
12.0874 5712
12.0886 10694
12.0887 8694
12.0947 16406
12.0947 4982
12.0969 6894
12.119 16406
12.119 14478
12.1601 16406
12.1602 30
12.162 16406
12.1621 3170
12.2333 8379
12.2358 16406
12.2358 30
12.2382 16406
12.2382 1523
12.2382 5416
12.264 8979
12.2676 8489
12.2676 16406
12.2676 30
12.2695 16406
12.2696 746
12.3094 16406
12.3094 30
12.3134 16406
12.3134 10878
12.3461 0
12.3496 4010
12.3496 4113
12.3496 1187
12.3496 31
12.3757 16406
12.3757 16406
12.3758 5865
12.3763 5475
12.4166 16406
12.4166 8960
12.4183 9526
12.4183 16406
12.4184 1476
12.4363 16406
12.4364 16406
12.4364 1042
12.4378 785
12.4584 16406
12.4595 16406
12.4596 38
12.4816 16406
12.4837 13302
12.523 16406
12.523 1048
12.5265 16406
12.5266 9916
12.5266 16406
12.5266 8960
12.5279 3047
12.5658 16406
12.5658 30
12.5701 16406
12.5701 8434
12.5847 8379
12.5876 16406
12.5877 30
12.5877 1053
12.5877 16406
12.5877 30
12.5904 7521
12.635 8973
12.635 5712
12.6364 10694
12.6364 8489
12.6364 6476
12.6802 16406
12.6802 30
12.6844 16406
12.6844 9054
12.7367 16406
12.7368 30
12.7368 1053
12.7392 16406
12.7393 30
12.7393 1525
12.7812 16406
12.7812 30
12.7837 16406
12.7837 538
12.8202 16406
12.8202 30
12.8223 16406
12.8224 2794
12.8847 11410
12.8871 16406
12.8871 4038
12.9383 16406
12.9384 8960
12.9389 13068
12.9705 16406
12.9705 16406
12.9706 5106
12.9949 414
13.0444 16406
13.0445 1054
13.0483 16406
13.0484 9441
13.0484 6027
13.0869 16406
13.087 16406
13.087 10754
13.1252 16406
13.1253 1061
13.1272 16406
13.1273 500
13.129 16406
13.1291 72
13.1291 7566
13.1464 421
13.1805 14678
13.1805 2775
13.1826 16406
13.1827 30
13.1856 11560
13.2242 16406
13.2243 30
13.2263 1053
13.2263 16406
13.2263 30
13.228 12166
13.2646 8379
13.2646 473
13.2672 16406
13.2672 30
13.2697 16406
13.2697 2078
13.2697 7625
13.3337 3753
13.3367 16406
13.3367 1048
13.3395 16406
13.3396 30
13.3412 16406
13.3412 1972
13.3769 16406
13.377 30
13.3792 1053
13.3816 16406
13.3816 10472
13.3832 6744
13.3885 0
13.3885 933
13.405 0
13.4394 400
13.4471 16406
13.4471 30
13.4497 16406
13.4498 16406
13.4498 4082
13.4817 16406
13.4818 30
13.4818 16406
13.4819 17768
13.4835 3501
13.5318 16406
13.5319 30
13.5319 1053
13.5351 16406
13.5351 30
13.538 16406
13.538 934
13.5944 873
13.5968 418
13.6006 16406
13.6007 16406
13.6007 10278
13.615 470
13.6319 16406
13.6319 30
13.6334 16406
13.6334 2078
13.635 16406
13.635 5042
13.6578 499
13.6964 16406
13.6964 30
13.6994 16406
13.6994 2070
13.7016 16406
13.7017 12514
13.7379 8979
13.7399 7779
13.7399 16406
13.74 30
13.7426 9868
13.7828 16406
13.7842 16406
13.7842 6750
13.8329 16406
13.8329 8373
13.8351 16406
13.8352 11503
13.9103 16406
13.9103 1054
13.9129 16406
13.9129 30
13.915 16406
13.915 1048
13.915 1059
13.9166 16406
13.9166 30
13.9166 7850
13.9272 16406
13.9273 16406
13.9273 634
14.0163 8973
14.0163 7465
14.0204 15800
14.0204 27
14.0424 16406
14.0424 16406
14.0425 496
14.0731 420
14.0731 16406
14.0732 1047
14.0776 16406
14.0776 10478
14.081 16406
14.081 1529
14.0827 7539
14.0866 16406
14.0866 30
14.0936 16406
14.0937 16406
14.0937 11964
14.0961 16406
14.0961 1132
14.0961 3316
14.099 16406
14.0991 15175
14.1014 16406
14.1015 16406
14.1015 32758
14.1045 16406
14.1046 32812
14.1046 16358
14.1071 16406
14.1071 16406
14.1071 155
14.1317 16406
14.1317 1054
14.1345 16406
14.1345 1018
14.1686 16406
14.1686 16358
14.2238 8979
14.2269 16406
14.2269 5717
14.2908 16406
14.2909 16406
14.2909 10746
14.3193 16406
14.3194 16406
14.3194 14074
14.3445 4010
14.3445 4825
14.3527 16406
14.3527 30
14.3551 8966
14.3551 16406
14.3551 1529
14.3576 16406
14.3577 16406
14.3577 5925
14.3577 1879
14.3865 16406
14.3866 1048
14.3892 16406
14.3893 780
14.4005 16406
14.4006 9996
14.4029 7935
14.4029 16406
14.403 16406
14.404 3107
14.407 293
14.407 4998
14.4513 16406
14.4514 8966
14.4514 917
14.5185 8979
14.5223 16406
14.5224 8958
14.526 2052
14.5714 16406
14.5714 15606
14.626 16406
14.626 13914
14.6766 16406
14.6766 12598
14.7283 16406
14.7284 16406
14.7284 8866
14.7689 549
14.7867 16406
14.7868 8960
14.7909 16406
14.7909 12796
14.8221 16406
14.825 16406
14.8251 1846
14.8251 3109
14.8682 8379
14.876 8979
14.876 16406
14.8773 1529
14.8773 7845
14.9095 462
14.9263 16406
14.9264 10478
14.9281 6286
14.9681 16406
14.9682 16406
14.9682 2850
14.9845 16406
14.9846 9910
15.0188 16406
15.0217 16406
15.0217 1852
15.0217 5736
15.0229 8979
15.0249 16406
15.025 1529
15.0281 5966
15.0388 435
15.0491 16406
15.0492 16406
15.0492 426
15.0593 461
15.0668 16406
15.0668 30
15.0703 16406
15.0704 16406
15.0704 3009
15.0723 13397
15.0723 707
15.0774 414
15.1219 16406
15.1219 16406
15.122 13190
15.1309 396
15.1339 16406
15.134 10478
15.1364 5666
15.1921 16406
15.1922 16406
15.1922 7926
15.2062 8979
15.2086 16406
15.2087 1054
15.2087 16406
15.2087 2856
15.2098 5633
15.2098 1657
15.2896 16406
15.2896 8966
15.293 16406
15.293 1529
15.2945 1570
15.3147 8979
15.3174 16406
15.3174 14309
15.4168 16406
15.4168 30
15.4184 188
15.4665 16406
15.4666 14290
15.5571 8973
15.5571 14280
15.5579 2121
15.5579 5360
15.5839 8379
15.5867 8973
15.5894 16406
15.5894 9511
15.5931 16406
15.5931 30
15.5954 6025
15.6224 435
15.6253 16406
15.6254 30
15.6277 16406
15.6277 10470
15.6277 2449
15.645 8379
15.6484 16406
15.6484 16406
15.6484 2554
15.6484 2856
15.6492 288
15.6744 16406
15.6745 16406
15.6745 30
15.7046 8979
15.7074 8489
15.7074 16406
15.7075 1530
15.7089 1717
15.7333 16406
15.7334 16406
15.7334 3922
15.7718 16406
15.7718 1529
15.7718 8843
15.8464 16406
15.8483 13922
15.8734 16406
15.8734 10478
15.8763 5966
15.9366 16406
15.9366 344
15.9384 16406
15.9384 30
15.9409 16406
15.9409 16025
15.9425 16406
15.9426 3952
15.9426 610
15.9967 8379
16.0015 16406
16.0016 16406
16.0016 9990
16.0037 12385
16.0037 27
16.0271 16406
16.0272 16406
16.0272 496
16.0557 420
16.0557 8011
16.0583 16406
16.0583 1422
16.0644 16406
16.0645 16406
16.0645 26510
16.0681 6249
16.0707 16406
16.0707 30
16.0707 1053
16.0727 16406
16.0727 30
16.0727 16406
16.0728 8289
16.0755 16406
16.0755 30
16.0778 16406
16.0778 9988
16.0801 16406
16.0801 15057
16.0801 705
16.0801 33
16.0827 16406
16.0828 776
16.0828 1323
16.0845 16406
16.0845 16406
16.0845 7259
16.0845 1428
16.0858 4293
16.0858 16406
16.0858 5040
16.0903 325
16.0903 16406
16.0904 16406
16.0904 11424
16.0909 106
16.0909 16406
16.0909 4610
16.0922 265
16.0922 16406
16.0922 2210
16.0939 726
16.1679 13378
16.2693 16406
16.2694 3950
16.3241 378
16.3269 453
16.3694 4010
16.3694 4806
16.3694 31
16.3743 16406
16.3743 30
16.3743 16406
16.3743 378
16.3755 4976
16.3755 507
16.4042 16406
16.4042 1054
16.4073 15738
16.4087 705
16.4108 5398
16.4457 0
16.4798 16406
16.4823 16406
16.4824 16406
16.4824 3150
16.5228 16406
16.5229 16406
16.5229 16672
16.544 410
16.5909 16406
16.591 16406
16.591 1290
16.6266 13370
16.6305 16406
16.6305 1530
16.635 8098
16.6731 16406
16.6731 30
16.6744 16406
16.6744 11874
16.7138 16406
16.7139 344
16.7187 16406
16.7187 30
16.7246 8308
16.7305 16406
16.7305 30
16.7367 7769
16.7414 8663
16.7532 416
16.7839 16406
16.7839 16406
16.7839 250
16.8127 39
16.8127 24
16.8127 0
16.825 8973
16.827 16406
16.827 350
16.8288 14107
16.8315 16406
16.8316 10474
16.8523 0
16.8677 16406
16.8678 16406
16.8678 38
16.8838 16406
16.8839 30
16.8858 14610
16.9253 16406
16.9254 16406
16.9254 11310
16.942 16406
16.9421 1054
16.9451 16406
16.9451 30
16.9459 2277
16.9697 5206
16.9732 16406
16.9733 10472
16.9744 328
16.9744 496
16.9744 16406
16.9745 30
16.9769 15738
16.9769 705
17.0116 16406
17.0123 16406
17.0123 1374
17.0228 465
17.0278 16406
17.0279 344
17.0279 16100
17.0293 3869
17.0293 16406
17.0306 12574
17.0334 16406
17.0335 30
17.0335 15722
17.0356 721
17.0758 16406
17.0759 8955
17.0794 16406
17.0794 1522
17.0812 5801
17.0983 16406
17.0983 8948
17.1006 16406
17.1006 212
17.1192 16406
17.1193 16406
17.1193 30
17.1805 16406
17.1806 1048
17.1806 15722
17.182 1191
17.1844 16292
17.1844 6412
17.186 977
17.195 403
17.2539 16406
17.2539 13162
17.2737 310
17.2849 16406
17.2849 13162
17.3458 16406
17.3458 16406
17.3459 1048
17.3459 1587
17.3859 16406
17.3859 9966
17.4242 460
17.4467 16406
17.4468 8960
17.4483 1411
17.4675 16406
17.4675 30
17.4691 9966
17.5122 8379
17.5122 4284
17.5145 12122
17.5145 8573
17.534 24
17.5506 0
17.5579 16406
17.5579 32812
17.5621 0
17.5622 16406
17.5623 5102
17.596 3593
17.6007 16406
17.6007 11973
17.6014 185
17.6194 8979
17.6246 16406
17.6246 16406
17.6247 19420
17.6247 4469
17.6334 402
17.6639 16406
17.664 32812
17.664 7234
17.6979 16406
17.698 16406
17.698 2362
17.7153 8979
17.7153 7465
17.7192 16406
17.7192 782
17.7192 16406
17.7192 8639
17.7203 548
17.7661 0
17.7661 2436
17.7662 427
17.7692 16406
17.7693 8954
17.7709 710
17.7709 16406
17.771 30
17.7728 5727
17.7728 142
17.8159 16406
17.816 10474
17.8527 16406
17.8528 30
17.8547 8966
17.8547 88
17.9336 88
17.9369 8434
17.9397 16406
17.9398 1523
17.9398 2880
17.9411 977
18.0014 8379
18.0043 8973
18.0069 7178
18.0069 27
18.0586 16406
18.0587 16406
18.0587 496
18.102 16406
18.1021 16406
18.1021 32812
18.1022 21420
18.1035 24276
18.1036 45696
18.1056 45696
18.1057 45696
18.1074 18564
18.1074 22253
18.119 16406
18.119 30
18.119 14294
18.1211 212
18.1315 402
18.171 398
18.171 391
18.1951 16406
18.197 11102
18.2091 25
18.2325 421
18.2429 16406
18.2429 9966
18.2626 16406
18.2626 30
18.2649 15730
18.2649 707
18.2666 2611
18.3124 16406
18.3124 15050
18.332 0
18.3351 9284
18.3586 190
18.3586 157
18.389 16406
18.3891 8960
18.3909 10868
18.4167 16406
18.4167 1048
18.4167 422
18.4221 16406
18.4222 7156
18.4222 1361
18.4721 6190
18.477 16406
18.477 7703
18.4793 5213
18.5179 16406
18.5196 9166
18.5706 16406
18.5706 30
18.5724 1053
18.5724 16406
18.5724 776
18.5759 307
18.5759 16406
18.576 16406
18.5771 2382
18.6642 6414
18.6642 8973
18.6678 16406
18.6679 344
18.6679 7162
18.6709 16406
18.6709 687
18.6725 11623
18.6726 16406
18.6726 1529
18.674 3740
18.674 984
18.7199 16406
18.7199 30
18.7199 343
18.7215 16406
18.7215 453
18.7229 780
18.7229 76
18.793 12842
18.7946 15738
18.7946 705
18.797 16406
18.797 378
18.797 705
18.801 16406
18.801 9350
18.8025 16406
18.8025 278
18.8025 8568
18.8038 7838
18.8038 5726
18.8088 16406
18.8089 31850
18.8089 11485
18.8095 896
18.8158 16406
18.8182 10282
18.8498 431
18.9137 0
18.9162 9242
18.9278 434
18.9664 16406
18.9682 1061
18.9682 16406
18.9682 30
18.9704 1053
18.9704 16406
18.9705 30
18.9729 1053
18.9729 16406
18.9729 7186
18.976 388
18.9948 40
19.0132 16406
19.0157 16406
19.0157 2294
19.0795 16406
19.0823 16406
19.0824 379
19.0824 705
19.084 1053
19.084 16406
19.0851 1054
19.0885 15458
19.0885 6690
19.0898 12199
19.0898 1431
19.0922 16406
19.0922 782
19.0954 16406
19.0955 7935
19.0955 1059
19.0967 16406
19.0968 9350
19.0977 8276
19.0977 887
19.1006 16406
19.1006 30
19.1006 774
19.103 308
19.103 16406
19.103 30
19.1046 761
19.1046 1282
19.1233 16406
19.1246 24
19.1246 16406
19.1247 782
19.1271 771
19.1271 15936
19.1299 16406
19.1299 1449
19.1299 316
19.1318 396
19.1319 1053
19.1319 16406
19.1319 30
19.135 10814
19.1986 463
19.2234 7550
19.3674 16406
19.3674 16406
19.3675 12822
19.3738 1398
19.377 16406
19.3792 16406
19.3793 755
19.3793 328
19.4163 16406
19.4175 16406
19.4176 1542
19.4635 16406
19.4659 16406
19.466 386
19.4685 10154
19.4972 16406
19.4973 30
19.4992 11226
19.5254 16406
19.5255 9991
19.5275 6453
19.5353 446
19.5557 736
19.569 16406
19.569 30
19.5723 16406
19.5724 1048
19.5724 1059
19.5739 16406
19.574 30
19.574 7273
19.5764 16406
19.5765 30
19.5784 16406
19.5784 8549
19.5797 9564
19.5797 1424
19.5822 16406
19.5822 782
19.5842 16010
19.5842 6410
19.5856 794
19.6209 16406
19.621 8960
19.623 8356
19.7018 24
19.7142 16406
19.7165 1061
19.7165 16406
19.7166 30
19.7182 2202
19.7182 724
19.7212 488
19.7212 0
19.7423 425
19.7633 16406
19.7633 30
19.7648 16406
19.7648 768
19.7661 795
19.7952 16406
19.7952 30
19.7971 14798
19.8194 8379
19.8226 16406
19.8226 8065
19.8624 16406
19.8661 24
19.8661 16406
19.8661 1366
19.8686 15146
19.8687 1291
19.8687 1059
19.8707 16406
19.8707 30
19.8707 16406
19.8708 766
19.8726 879
19.8788 122
19.952 8973
19.9541 8495
19.9561 15738
19.9561 7838
19.9584 276
19.9906 16406
19.9924 9974
20.0191 9994
20.023 27
20.0563 16406
20.0564 16406
20.0564 496
20.0766 448
20.101 420
20.1045 16406
20.1045 16406
20.1045 31828
20.1072 16406
20.1072 16406
20.1073 32758
20.1073 9996
20.1085 6410
20.1085 16406
20.1086 32773
20.1108 16406
20.1109 16406
20.1109 32757
20.1129 16406
20.1129 16406
20.113 20204
20.113 12638
20.1138 3712
20.1162 16406
20.1162 1403
20.1196 16406
20.1196 1054
20.1225 16406
20.1226 16406
20.1226 2078
20.1255 16406
20.1255 16406
20.1255 32758
20.1271 16406
20.1272 16406
20.1272 2564
20.1289 16406
20.1289 4726
20.1317 16406
20.1317 16406
20.1317 19508
20.1334 16406
20.1334 16406
20.1334 2078
20.1364 16406
20.1365 16406
20.1365 2078
20.139 16406
20.139 30
20.139 16406
20.139 16406
20.141 32749
20.141 16406
20.141 15177
20.1504 8678
20.2495 6422
20.2838 419
20.3357 9308
20.3474 487
20.35 9806
20.4136 420
20.4513 4382
20.4539 3949
20.5111 476
20.5291 8216
20.5323 16406
20.5323 4788
20.5548 25
20.5742 16406
20.5743 8960
20.5743 7992
20.6164 16406
20.6165 344
20.6193 16406
20.6193 30
20.6193 3419
20.6724 16406
20.6724 30
20.677 16406
20.6771 2662
20.6771 16406
20.6771 7140
20.6784 1815
20.6784 7489
20.7156 16406
20.7157 8955
20.7176 2808
20.7464 396
20.7569 386
20.7702 511
20.8303 16406
20.832 16406
20.8321 8701
20.8344 16406
20.8345 1523
20.8361 3613
20.8361 5758
20.8691 16406
20.8691 12165
20.871 8957
20.8733 16406
20.8734 11720
20.8769 16406
20.8769 3578
20.8923 8979
20.8959 16406
20.896 4301
20.9093 16406
20.9123 24
20.9123 16406
20.9123 1523
20.9166 15951
20.9166 16406
20.9167 7140
20.9172 2863
20.9172 16406
20.9172 1529
20.9191 3937
20.9487 16406
20.9488 8952
20.9492 8376
20.9696 16406
20.9696 10907
20.9696 5537
20.9927 16406
20.9927 10478
20.9949 4726
21.01 415
21.0126 8379
21.0157 16406
21.0158 7069
21.0618 8979
21.0658 16406
21.0658 1054
21.068 9581
21.1276 16406
21.1276 30
21.131 16406
21.131 1524
21.131 4872
21.1856 8973
21.1876 16406
21.1876 4783
21.1923 509
21.204 16406
21.2041 30
21.2068 9778
21.2635 430
21.2673 8979
21.2699 16406
21.2699 16406
21.2699 613
21.3117 1965
21.3143 16406
21.3144 930
21.3161 8822
21.3902 8973
21.3902 7471
21.3902 16406
21.3902 1516
21.3902 2679
21.4033 0
21.4033 395
21.4033 520
21.4192 0
21.4287 16406
21.4288 938
21.4313 16406
21.4314 1529
21.4314 16179
21.4665 16406
21.4665 30
21.4698 16406
21.4698 4806
21.5125 16406
21.5156 24
21.5156 16406
21.5157 1916
21.5651 16406
21.5651 30
21.5676 13858
21.6166 16406
21.6167 8964
21.6198 7988
21.7019 932
21.7186 16406
21.7187 13690
21.724 16406
21.724 4230
21.724 16406
21.724 4284
21.7249 12118
21.819 16406
21.8221 8182
21.8306 16406
21.8306 30
21.8342 16406
21.8342 16406
21.8342 16402
21.865 8973
21.8676 16406
21.8676 6563
21.8944 416
21.9127 16406
21.9128 938
21.917 16406
21.917 16406
21.917 2078
21.9187 16406
21.9187 2226
22.0104 13754
22.0145 16406
22.0145 30
22.0238 7710
22.0238 27
22.0427 405
22.0454 16406
22.0454 16406
22.0455 496
22.0698 420
22.0698 16406
22.0698 9715
22.0712 8777
22.0712 8979
22.073 8964
22.0774 16406
22.0774 16406
22.0774 32759
22.0775 75
22.0775 7044
22.0804 16406
22.082 16406
22.0821 10464
22.0821 16406
22.0821 2092
22.0856 16406
22.0856 3904
22.0856 3032
22.0918 16406
22.0918 8966
22.0929 8972
22.0929 9533
22.0954 16406
22.0954 16406
22.0954 1030
22.0954 8590
22.0979 13406
22.0995 16406
22.0995 16406
22.0995 467
22.1015 16406
22.1015 425
22.1015 16406
22.1015 8958
22.1034 7526
22.1034 848
22.1051 8379
22.1071 8979
22.1071 15148
22.1507 399
22.1507 16406
22.1507 16406
22.1508 12062
22.1649 16406
22.1669 14994
22.2289 16406
22.2289 30
22.2309 16406
22.2309 3622
22.2309 517
22.2766 8979
22.2798 16406
22.2799 16406
22.2799 5501
22.3166 16406
22.3166 30
22.3166 4284
22.318 12074
22.3259 4010
22.3259 5268
22.3259 31
22.3741 16406
22.376 951
22.376 16406
22.376 3632
22.3775 1097
22.3922 391
22.3954 0
22.4438 16406
22.4438 11036
22.4439 16406
22.4439 32
22.4449 677
22.4626 16406
22.4627 16406
22.4627 4430
22.5299 16406
22.5299 16406
22.5299 6798
22.5739 8462
22.5772 16406
22.5772 944
22.5772 15568
22.5791 869
22.5791 4866
22.5998 419
22.612 16406
22.6121 30
22.6144 8590
22.6144 8968
22.6157 927
22.6554 16406
22.6554 17924
22.6554 1452
22.6568 634
22.7181 16406
22.7182 30
22.7204 16406
22.7204 782
22.7204 2192
22.7218 1006
22.7692 8379
22.7718 16406
22.7718 30
22.7718 6486
22.7732 235
22.7921 440
22.8052 420
22.8053 16406
22.8053 16406
22.8053 7082
22.8071 317
22.8697 16406
22.8712 24
22.8753 16406
22.8754 16406
22.8754 4390
22.8754 667
22.8931 16406
22.8931 8960
22.8956 5492
22.916 8979
22.916 2856
22.9176 13550
22.9176 5326
22.9176 42
22.9545 16406
22.9569 16406
22.957 3043
22.957 1450
22.9576 491
22.9985 16406
23.001 13052
23.001 1407
23.018 8379
23.0213 16406
23.0214 7922
23.0225 171
23.0646 16406
23.0646 10478
23.0661 777
23.0695 16406
23.0696 8955
23.0712 7489
23.1068 406
23.1186 16406
23.1186 8960
23.1186 16406
23.1196 12484
23.168 8379
23.1727 16406
23.1728 28179
23.1728 128
23.211 16406
23.213 15990
23.2728 16406
23.2728 13063
23.2747 6709
23.3189 16406
23.3205 16406
23.3206 11380
23.3206 1450
23.3219 1310
23.3667 16406
23.3668 8960
23.3678 14196
23.4313 16406
23.4314 8960
23.4332 12874
23.4353 580
23.4353 14337
23.466 10558
23.4704 16406
23.4704 12206
23.4706 289
23.5083 16406
23.5103 11955
23.5103 16406
23.5103 2210
23.512 916
23.5923 8979
23.5939 11743
23.5968 82
23.5968 16406
23.5969 30
23.5982 10118
23.6159 8979
23.6174 16399
23.6174 1428
23.6192 14978
23.6192 776
23.6192 11717
23.6212 978
23.6577 16406
23.6577 30
23.6607 16406
23.6607 1054
23.6607 8318
23.6625 675
23.6625 7688
23.7451 16406
23.7484 16406
23.7484 9726
23.7484 6483
23.75 376
23.7623 8973
23.7645 16406
23.7646 16406
23.7646 1396
23.7658 380
23.787 452
23.8134 8379
23.8159 15738
23.8159 7838
23.8172 255
23.881 16406
23.8811 16406
23.8811 16406
23.8842 1022
23.8842 16406
23.8843 13356
23.887 481
23.8891 16406
23.8891 5427
23.8904 1317
23.9776 8379
23.9797 6377
24.0011 16406
24.0011 938
24.0035 8682
24.0035 27
24.0256 16406
24.0257 16406
24.0257 496
24.0529 420
24.0547 16406
24.0548 944
24.0585 16406
24.0586 1054
24.0586 16406
24.0605 14424
24.0646 16406
24.0646 16406
24.0646 14575
24.0674 16406
24.0674 1529
24.0674 16406
24.0674 10478
24.0711 16406
24.0712 7539
24.0712 14809
24.0742 16406
24.0742 13567
24.0743 16406
24.0743 16406
24.0749 2642
24.0749 16406
24.0749 1521
24.0774 16406
24.0774 103
24.08 16406
24.08 1529
24.0813 419
24.0814 13800
24.0847 16406
24.0848 12595
24.0848 16406
24.0848 111
24.0866 16406
24.0867 1522
24.0867 2236
24.0886 432
24.0887 16406
24.0887 14431
24.1611 16406
24.1623 1325
24.214 16406
24.214 9997
24.216 7707
24.2563 16406
24.2563 30
24.2579 16406
24.2579 3038
24.3171 0
24.3204 8092
24.3204 717
24.3204 31
24.3291 16406
24.3292 16400
24.331 8016
24.4254 16406
24.4279 16406
24.4279 358
24.5242 16406
24.5242 5274
24.593 8979
24.5954 16406
24.5955 16406
24.5955 1177
24.6363 14793
24.6376 2666
24.6376 16406
24.6376 1530
24.6409 16406
24.641 16406
24.641 2578
24.644 16406
24.6441 8960
24.6441 16406
24.6441 43
24.6455 16406
24.6455 16406
24.6455 1503
24.6473 16406
24.6473 10535
24.6505 16406
24.6505 16406
24.6505 1051
24.6517 16406
24.6518 3513
24.6518 7373
24.6653 16406
24.6676 8968
24.6676 16406
24.6676 4820
24.6694 16406
24.6695 14046
24.6931 25
24.7427 8379
24.746 16406
24.746 30
24.746 16406
24.7461 16406
24.7472 20081
24.7489 16406
24.7489 116
24.784 405
24.8154 16406
24.8154 30
24.8154 12034
24.8447 191
24.8447 157
24.8718 473
24.8809 431
24.8899 16406
24.8917 15990
24.913 8379
24.913 16406
24.9131 16281
24.9329 8379
24.9351 16406
24.9351 1617
24.9604 16406
24.9605 9879
24.9605 5757
25.027 8973
25.0293 16406
25.0294 8947
25.0294 11424
25.0305 4982
25.0305 1522
25.0305 2109
25.0617 13406
25.0641 16406
25.0641 1524
25.0662 16406
25.0662 2560
25.0662 2445
25.1031 16406
25.1053 16406
25.1054 14514
25.1687 16406
25.1687 30
25.1706 16406
25.1706 16406
25.1706 510
25.2121 16406
25.2121 30
25.2121 11424
25.214 4982
25.214 7814
25.2462 422
25.2672 16406
25.2672 1048
25.2672 16406
25.2672 30
25.2699 12924
25.3186 16406
25.3186 30
25.323 16406
25.3231 20808
25.3251 449
25.3607 13622
25.3626 16406
25.3627 10906
25.4015 16406
25.4033 24
25.4033 16406
25.4033 664
25.4057 4930
25.4535 454
25.4879 8979
25.4879 5712
25.4898 10694
25.4898 16406
25.4899 3113
25.5187 16406
25.5188 4362
25.5207 16406
25.5208 1054
25.5222 4017
25.5541 16406
25.5542 30
25.5563 16406
25.5563 2553
25.5563 10743
25.5849 435
25.6377 8979
25.6377 7779
25.6401 16406
25.6401 30
25.6401 12688
25.6586 8379
25.6586 8973
25.6616 16406
25.6616 1528
25.6616 2775
25.7031 16406
25.7031 30
25.705 16406
25.7051 6610
25.7087 421
25.7322 414
25.7633 433
25.7676 16406
25.7677 30
25.7677 10003
25.7704 16406
25.7704 1413
25.8105 16406
25.8106 8960
25.812 7240
25.8339 429
25.8608 8379
25.8639 16406
25.864 30
25.864 8966
25.865 5145
25.9185 16406
25.9186 30
25.9219 10003
25.9219 16406
25.922 10458
25.9227 1004
25.9809 8979
25.9839 16406
25.9839 15249
25.9998 6234
26.0021 27
26.0128 431
26.0233 16406
26.0234 16406
26.0234 496
26.0493 420
26.0516 8222
26.0549 16406
26.0549 1523
26.0595 16406
26.0595 1529
26.064 16406
26.064 861
26.0654 402
26.0679 16406
26.068 1529
26.068 8020
26.0713 16406
26.0713 6070
26.0746 3956
26.0746 16406
26.0747 16406
26.0747 28885
26.0777 3896
26.0818 16406
26.0818 16406
26.0819 3806
26.0819 16406
26.0819 8763
26.0828 3844
26.0828 16406
26.0829 16406
26.0843 28997
26.0873 3800
26.0873 16406
26.0874 16406
26.0882 29041
26.0909 3748
26.0909 16406
26.0909 16406
26.093 29093
26.0947 16406
26.0948 1878
26.1163 409
26.1163 16406
26.1163 30
26.1205 16406
26.1205 538
26.1339 402
26.189 16406
26.189 938
26.189 8494
26.2399 16406
26.2399 30
26.2409 9590
26.3141 4011
26.3141 4113
26.3141 731
26.3141 31
26.3216 16406
26.3255 16406
26.3255 16406
26.3255 2774
26.4102 16406
26.4102 30
26.4102 10003
26.4103 9581
26.4199 16406
26.42 30
26.4218 9402
26.469 393
26.5144 1525
26.5171 16406
26.5171 8960
26.5189 7436
26.5668 16406
26.5668 30
26.568 12034
26.6652 8973
26.6652 2856
26.6672 4211
26.6672 8379
26.6714 16406
26.6714 30
26.6714 6881
26.7582 16406
26.7583 30
26.7583 1053
26.7607 16406
26.7608 642
26.7957 16406
26.7957 30
26.7988 16406
26.7989 30
26.7989 16406
26.7989 30
26.8054 16406
26.8055 16406
26.8055 32765
26.8061 11525
26.8061 16406
26.8062 4881
26.8096 16406
26.8097 99
26.8977 16406
26.8977 30
26.8977 8018
26.9009 481
26.9744 16406
26.9745 30
26.9777 16406
26.9778 2078
26.9778 9996
26.9789 6410
26.9789 30
26.9789 1428
26.9807 5845
26.9807 16406
26.9807 30
26.9834 16014
26.985 2477
26.985 16406
26.9851 30
26.9876 16406
26.9876 2070
26.9905 16406
26.9906 30
26.9906 11443
27.0057 16406
27.0057 30
27.0098 10330
27.0234 16406
27.0234 16406
27.0235 32768
27.0237 80
27.1121 422
27.1194 10258
27.1999 16406
27.1999 14854
27.2347 16406
27.2368 24
27.2368 16406
27.2368 1524
27.2407 16406
27.2408 1367
27.2439 16406
27.244 30
27.244 16406
27.244 2078
27.2464 16406
27.2464 30
27.2464 1053
27.2489 16406
27.249 30
27.249 5712
27.2509 4805
27.2945 16406
27.2946 30
27.2946 16406
27.2946 1524
27.2946 7844
27.3659 14506
27.4252 16406
27.4252 30
27.4285 1053
27.4285 16406
27.4285 30
27.4309 7983
27.433 16406
27.433 1046
27.4381 16406
27.4381 30
27.4394 8964
27.4415 16406
27.4416 6405
27.4459 16406
27.4459 8533
27.4474 15293
27.4504 2174
27.4504 16406
27.4504 6811
27.458 16406
27.458 16406
27.4581 7472
27.4581 4528
27.4593 16406
27.4594 4415
27.4594 15687
27.4619 16406
27.4619 30
27.4619 8226
27.4641 3257
27.5193 25
27.5251 12250
27.6619 16406
27.662 4326
27.6723 190
27.6723 157
27.6913 16406
27.6914 30
27.6914 13350
27.7252 16406
27.7252 32812
27.7253 16362
27.7254 68
27.7281 16406
27.7282 16406
27.7282 1517
27.7282 6892
27.7311 16406
27.7311 30
27.7311 8035
27.7329 16406
27.7329 1072
27.7329 16406
27.733 30
27.7347 1053
27.7347 16406
27.7347 30
27.7373 14301
27.7373 93
27.8243 16406
27.8256 6842
27.8329 463
27.9129 16406
27.9129 12222
27.9885 16406
27.9885 30
27.9913 343
27.9933 16406
27.9933 30
27.9949 10940
28.0127 432
28.0151 11498
28.0192 27
28.0414 16406
28.0414 16406
28.0414 496
28.067 420
28.0707 8965
28.0707 16406
28.0707 773
28.0727 8777
28.0774 8979
28.08 16406
28.0801 16406
28.0801 16785
28.0834 419
28.088 16406
28.088 30
28.0913 16406
28.0914 2554
28.0933 16406
28.0934 5063
28.0934 14280
28.095 2126
28.095 16406
28.0951 3577
28.0951 16406
28.0951 579
28.0987 16406
28.0988 13993
28.1005 16406
28.1006 10212
28.103 16406
28.1031 1527
28.1031 7937
28.1052 16406
28.1053 1528
28.1053 16406
28.1053 8568
28.1064 7838
28.1064 6969
28.11 16406
28.11 4368
28.11 4284
28.1112 792
28.1112 16406
28.1112 1529
28.1132 14751
28.1133 914
28.1185 16406
28.1186 1529
28.1186 16406
28.1186 16406
28.1193 748
28.1193 16406
28.1193 16406
28.1197 13783
28.1231 578
28.1231 16406
28.1232 16406
28.1232 7140
28.1237 24404
28.1264 1238
28.1264 16406
28.1265 16406
28.1265 31603
28.1279 1200
28.1279 2856
28.1306 13550
28.1307 16406
28.1307 12054
28.1307 16406
28.1307 3195
28.1326 16406
28.1326 6823
28.1326 16406
28.1326 1529
28.135 8640
28.1572 16406
28.1595 13170
28.2234 10774
28.2259 15738
28.2259 1401
28.267 16406
28.2671 8960
28.269 847
28.3105 9285
28.3127 8379
28.3158 16406
28.3158 782
28.3158 300
28.3526 436
28.3854 0
28.413 6046
28.4152 449
28.49 362
28.5137 7362
28.5939 16406
28.594 14290
28.6301 360
28.6696 16406
28.6696 30
28.672 16358
28.7162 423
28.7335 16406
28.7336 8960
28.7349 847
28.7879 16406
28.7885 8846
28.8696 16406
28.8696 10003
28.872 16406
28.872 113
28.872 256
28.9042 8979
28.9074 16406
28.9074 10778
28.9086 1416
28.9778 16406
28.9778 1048
28.98 16406
28.9801 10490
28.9819 471
29.0552 16406
29.0577 16406
29.0578 16406
29.0578 1961
29.0578 5734
29.0591 458
29.0968 16406
29.0968 8782
29.1191 8979
29.1223 16406
29.1223 16406
29.1223 4655
29.1231 687
29.1658 16406
29.1658 8960
29.1689 13312
29.2219 8379
29.2246 16406
29.2246 30
29.2264 16406
29.2264 1518
29.2277 589
29.2302 15738
29.2302 16406
29.2302 1730
29.2327 16406
29.2328 486
29.2346 1058
29.2346 16406
29.2347 585
29.2368 1639
29.2368 870
29.3086 0
29.3086 0
29.3108 16406
29.3109 30
29.3129 16406
29.3129 1054
29.3159 16406
29.316 1521
29.316 4663
29.3303 432
29.3371 452
29.3563 16406
29.3564 16406
29.3564 1517
29.3564 5734
29.3569 1242
29.4238 16406
29.4238 8960
29.4263 16406
29.4264 13100
29.4267 156
29.4682 16406
29.4682 16406
29.4683 2064
29.4683 14280
29.4692 2126
29.4692 1860
29.5025 16406
29.5026 938
29.5053 16406
29.5053 1529
29.5053 15722
29.5075 1426
29.5346 122
29.5657 16406
29.5657 30
29.5686 16406
29.5687 1054
29.5687 11424
29.5691 4982
29.5691 776
29.5691 1252
29.5709 3720
29.5951 16406
29.5951 8960
29.5966 14704
29.6115 16406
29.6115 16406
29.6116 16406
29.6116 16146
29.614 305
29.652 16406
29.6542 24
29.6542 16406
29.6542 1516
29.6559 16406
29.6559 2881
29.658 69
29.658 16406
29.658 1529
29.658 14903
29.6827 8979
29.6873 16406
29.6873 9616
29.69 1294
29.7149 8979
29.7188 16401
29.7189 16406
29.7189 1529
29.7204 5657
29.722 1263
29.744 8379
29.7458 16406
29.7458 4006
29.7458 968
29.7566 16406
29.7594 16406
29.7594 38
29.7809 8379
29.7828 16406
29.7828 2313
29.8292 8979
29.832 16406
29.832 18335
29.8488 0
29.8668 16406
29.8669 8960
29.869 8744
29.8785 122
29.9097 16406
29.9119 16406
29.9119 1056
29.9145 2880
29.9145 616
30.0096 12062
30.014 16406
30.014 30
30.0161 8966
30.0196 465
30.0196 27
30.0413 16406
30.0413 16406
30.0413 496
30.0661 420
30.069 8215
30.0713 16406
30.0713 9246
30.0713 1053
30.0798 16406
30.0799 1054
30.0846 16406
30.0847 9997
30.0855 8495
30.0883 16406
30.0883 30
30.092 16406
30.092 11021
30.0938 16406
30.0938 16406
30.0938 1038
30.0938 9526
30.0958 16406
30.0958 16406
30.0958 1054
30.0958 1053
30.0991 16406
30.0991 1054
30.1025 16406
30.1025 500
30.1045 16406
30.1045 1529
30.1074 16406
30.1074 16406
30.1074 1124
30.109 16406
30.109 16406
30.109 2078
30.1106 16406
30.1107 1054
30.1127 13367
30.121 8379
30.1231 16406
30.1232 15665
30.1861 434
30.2248 16406
30.2249 5266
30.23 440
30.2925 16406
30.2926 30
30.2961 16406
30.2962 1054
30.2975 4778
30.3032 0
30.3062 9311
30.3097 455
30.3335 16406
30.3335 9966
30.3918 16406
30.3949 24
30.3949 16406
30.3949 356
30.4813 3933
30.4846 8379
30.4846 16406
30.4846 10472
30.4863 6071
30.53 654
30.5762 16406
30.5762 344
30.5762 8979
30.5787 8489
30.5787 16406
30.5788 30
30.5805 6748
30.6754 14826
30.7263 396
30.738 8973
30.7393 7464
30.7449 16406
30.7449 16406
30.7449 32728
30.7459 106
30.7459 6967
30.7474 16406
30.7474 30
30.7497 16406
30.7497 16406
30.7497 30
30.751 9453
30.7536 16406
30.7536 6947
30.756 16406
30.756 74
30.8419 16406
30.8419 30
30.8419 2177
30.8676 457
30.9126 16406
30.9126 8838
30.9155 16406
30.9173 24
30.9173 16406
30.9174 8568
30.9188 7838
30.9188 10457
30.9203 5981
30.9203 8379
30.925 16406
30.925 30
30.925 16406
30.925 16406
30.9251 8019
30.926 74
30.926 16406
30.926 30
30.9288 8966
30.9288 16406
30.9289 16406
30.9289 1527
30.9306 5903
30.9306 106
30.965 16406
30.9651 1518
30.9686 16406
30.9686 16406
30.9686 14856
30.971 16406
30.971 1580
30.973 16406
30.973 6894
31.04 16406
31.0419 16406
31.042 1526
31.042 16406
31.042 9350
31.0454 7486
31.0477 16406
31.0501 8922
31.1484 9618
31.2086 412
31.2483 8114
31.3219 16406
31.325 16406
31.325 10474
31.325 2697
31.3302 435
31.3597 422
31.366 8379
31.3703 16406
31.3703 1054
31.3722 438
31.3723 16406
31.3723 30
31.3753 1053
31.3753 16406
31.3753 30
31.3781 1053
31.3781 16406
31.3781 2856
31.3793 2485
31.4304 8379
31.4304 16406
31.4305 30
31.4305 16406
31.4305 913
31.4659 8979
31.4659 16406
31.4659 8405
31.4689 16406
31.4689 30
31.4689 8966
31.47 16406
31.47 1536
31.4701 409
31.4749 16406
31.475 31235
31.475 16406
31.475 1428
31.4754 163
31.4754 4100
31.478 16406
31.478 30
31.478 4284
31.4792 5971
31.4826 16406
31.4826 30
31.4826 16406
31.4827 2078
31.4838 16406
31.4839 30
31.4839 14300
31.4862 16406
31.4862 503
31.4862 16406
31.4862 2501
31.5389 460
31.5679 9994
31.6646 421
31.6646 25
31.6647 16406
31.6673 12794
31.6792 27
31.766 16406
31.7661 1882
31.7679 422
31.7863 16406
31.7863 30
31.7887 16406
31.7887 1054
31.7887 5906
31.8145 189
31.8145 157
31.8145 11626
31.8175 16406
31.8176 30
31.819 4818
31.854 16406
31.8541 8960
31.8541 4176
31.8768 16406
31.8769 30
31.8786 8966
31.8786 4037
31.9105 8379
31.9129 16406
31.9129 16406
31.913 6909
32.0106 14826
32.027 8979
32.027 8489
32.029 16406
32.029 30
32.0323 15494
32.0323 27
32.0543 16406
32.0543 16406
32.0543 496
32.1169 9363
32.1197 8503
32.1197 16406
32.1198 30
32.1226 1053
32.1226 16406
32.1226 30
32.125 16406
32.1251 1515
32.1251 14314
32.1275 16406
32.1275 599
32.1275 4156
32.1305 16406
32.1306 30
32.1326 16406
32.1326 2703
32.1326 16406
32.1327 1529
32.1344 8068
32.1376 14436
32.1376 16406
32.1376 1515
32.1391 16406
32.1392 16406
32.1392 483
32.1419 16406
32.1419 16406
32.142 32780
32.1439 15912
32.1459 16406
32.1459 7300
32.148 16406
32.148 9752
32.1509 15328
32.1539 16406
32.1539 7572
32.1581 16406
32.1582 9482
32.1595 7484
32.1613 750
32.1613 16406
32.1614 30
32.1637 16406
32.1637 7230
32.1671 474
32.1671 16406
32.1672 1054
32.1685 15552
32.1685 891
32.1712 16406
32.1712 6506
32.1747 16406
32.1747 754
32.1747 804
32.1767 16406
32.1767 14728
32.1787 16056
32.1814 444
32.1814 16406
32.1814 1244
32.183 16406
32.183 6234
32.183 992
32.1853 16406
32.1853 1521
32.1882 6958
32.1882 16406
32.1882 7379
32.1893 633
32.192 15738
32.1921 9268
32.195 347
32.2601 16406
32.2601 15418
32.3136 420
32.3136 391
32.3138 9310
32.3195 16406
32.3217 14674
32.3789 16406
32.3789 30
32.3812 13914
32.4488 16406
32.4488 1523
32.4488 10011
32.4504 182
32.4828 431
32.5183 16406
32.5184 30
32.5184 16406
32.5184 378
32.5203 2126
32.5203 536
32.617 8379
32.617 7097
32.6675 16406
32.6675 30
32.6697 8590
32.6697 405
32.6727 16406
32.6728 2210
32.6728 136
32.7274 418
32.7666 14694
32.8184 16406
32.8185 344
32.8214 16406
32.8214 6494
32.8214 1091
32.8632 16406
32.8633 9402
32.9175 16406
32.9176 8960
32.9186 1452
32.9186 364
32.9201 400
32.9675 16406
32.9676 30
32.969 13914
33.0466 8379
33.0466 4284
33.0484 12122
33.0484 9350
33.0484 1151
33.0498 2880
33.0498 166
33.0648 8379
33.0681 16406
33.0681 8065
33.115 8379
33.118 8973
33.1207 16406
33.1207 8495
33.1207 4284
33.1217 6576
33.1217 16406
33.1217 13853
33.1238 831
33.1834 8379
33.1864 16406
33.1864 944
33.1864 8428
33.1883 1384
33.2165 16406
33.2166 17460
33.2186 14304
33.2208 1407
33.2359 690
33.2659 12097
33.2682 5357
33.271 16406
33.271 782
33.2724 16010
33.2748 10673
33.2749 16406
33.2749 1428
33.2764 7935
33.2764 1136
33.279 16406
33.2791 6391
33.282 16406
33.282 10865
33.2841 3509
33.2841 1068
33.2874 25
33.3211 411
33.3312 16406
33.3312 16406
33.3312 1048
33.3312 823
33.3634 16406
33.3634 30
33.3661 16406
33.3661 782
33.3661 160
33.4261 16406
33.4261 1523
33.4261 7162
33.4269 776
33.4358 320
33.4911 8379
33.4976 16406
33.4976 30
33.4998 11439
33.4998 1111
33.5113 8379
33.5138 16406
33.5138 1523
33.5151 5734
33.5171 867
33.5411 436
33.5748 8379
33.5788 16406
33.5789 30
33.5789 12191
33.5802 923
33.6001 16406
33.6001 30
33.602 15730
33.602 1165
33.6292 16406
33.6293 30
33.6293 14280
33.6299 1458
33.6299 705
33.6349 16406
33.635 7922
33.635 1073
33.6358 1161
33.6681 16406
33.6682 8966
33.6682 7162
33.67 665
33.715 16406
33.7151 30
33.7171 343
33.7224 16406
33.7224 16406
33.7225 1054
33.7225 15738
33.7232 859
33.7325 8379
33.7357 16406
33.7357 30
33.7357 774
33.7375 395
33.79 16406
33.79 30
33.79 8590
33.792 405
33.792 1593
33.8105 16406
33.8105 30
33.8135 15738
33.8135 16406
33.816 713
33.8185 16406
33.8185 10770
33.8185 748
33.821 16406
33.8211 1529
33.8211 16406
33.8211 2868
33.8235 16406
33.8235 594
33.8265 16406
33.8265 30
33.8265 12966
33.8289 16406
33.8289 3531
33.8289 15999
33.8321 705
33.8321 16406
33.8321 3176
33.8343 16406
33.8343 3630
33.836 445
33.836 1306
33.8391 16406
33.8392 8053
33.9135 16174
33.9457 0
33.9457 0
33.9457 412
33.9457 0
33.9457 0
33.9679 0
34.0115 8379
34.0157 11233
34.0158 27
34.0376 16406
34.0377 16406
34.0377 496
34.0653 420
34.0653 15708
34.0679 10102
34.0679 16406
34.068 16332
34.0729 16406
34.073 30
34.073 343
34.0777 16406
34.0777 30
34.0802 16406
34.0803 32812
34.0803 16375
34.0803 16406
34.0803 1428
34.0808 525
34.0808 16406
34.0809 8693
34.0859 16406
34.0859 9755
34.0888 16406
34.0889 7317
34.0889 1053
34.0925 16406
34.0926 32812
34.0926 8611
34.0978 16406
34.0979 16406
34.0979 32767
34.1 16406
34.1 32812
34.1001 16361
34.1003 65
34.1038 16406
34.1038 16406
34.1039 32715
34.1039 125
34.1071 16406
34.1072 16406
34.1072 29968
34.1072 2873
34.1092 16406
34.1092 13488
34.1107 16406
34.1107 5683
34.136 16406
34.136 196
34.2129 446
34.2371 14506
34.2949 8820
34.3215 25
34.337 1525
34.337 16406
34.337 6966
34.3635 417
34.3755 0
34.3919 8379
34.3946 16406
34.3946 5941
34.4131 16406
34.4132 30
34.4148 8650
34.4518 16406
34.4518 1048
34.4544 16406
34.4544 30
34.4544 4220
34.4732 321
34.478 460
34.5153 14158
34.5201 16406
34.5202 12946
34.5418 453
34.5588 16406
34.5588 1048
34.5626 16406
34.5627 30
34.5642 16064
34.6213 16406
34.6242 24
34.6242 16406
34.6242 1054
34.6255 1053
34.6255 16406
34.6255 967
34.627 5239
34.6642 8973
34.6671 16406
34.6672 7039
34.7098 16406
34.7099 30
34.7099 1053
34.7128 16406
34.7128 30
34.7128 9854
34.7189 398
34.7745 16406
34.7745 30
34.7745 343
34.7778 16406
34.7778 30
34.7778 11316
34.797 467
34.8135 14337
34.8158 3122
34.8158 16406
34.8159 30
34.8179 1213
34.8566 16406
34.8566 1048
34.8595 16406
34.8595 7040
34.92 16406
34.92 1048
34.9233 16406
34.9233 30
34.9233 15180
34.9863 11766
34.9879 16406
34.9879 30
34.9879 4001
35.0119 8379
35.0149 16406
35.015 30
35.015 3308
35.0705 8379
35.0734 16406
35.0734 30
35.0758 12521
35.096 448
35.113 16406
35.1131 30
35.1155 14290
35.1628 14866
35.166 16406
35.1661 2650
35.2214 16406
35.2215 30
35.2215 1053
35.2226 16406
35.2227 30
35.2227 5398
35.2237 435
35.265 16406
35.265 1054
35.267 16406
35.267 30
35.267 8482
35.3051 16406
35.3082 16406
35.3082 3742
35.3687 16406
35.3711 24
35.3711 16406
35.3712 1512
35.3739 3197
35.4157 16406
35.4157 5331
35.4172 8801
35.4533 16406
35.4533 1048
35.4557 16406
35.4558 30
35.4558 6344
35.5172 16406
35.5172 938
35.5172 8977
35.5211 16406
35.5212 11363
35.5605 16406
35.5606 1048
35.5642 16406
35.5643 30
35.5643 8920
35.6076 16406
35.6076 30
35.61 16406
35.61 8942
35.6876 16406
35.6897 13546
35.711 16406
35.711 938
35.714 16406
35.7141 16406
35.7141 15494
35.7393 16406
35.7393 9866
35.8221 16406
35.8222 11479
35.8251 16406
35.8252 30
35.8271 3996
35.8474 16406
35.8474 30
35.8499 9158
35.8638 16406
35.8639 30
35.8639 16406
35.8639 30
35.9262 16406
35.9262 8955
35.9282 16406
35.9282 34
35.9282 2324
35.9318 136
35.9318 7140
35.9335 9266
35.9335 11682
35.982 426
35.9986 16406
35.9987 12034
36.0173 4730
36.0204 27
36.043 16406
36.0431 16406
36.0431 496
36.0689 16406
36.0689 1240
36.0722 16406
36.0722 16406
36.0723 32
36.0744 16406
36.0744 1073
36.0744 8489
36.0784 8979
36.081 16406
36.081 18484
36.0832 16406
36.0833 32812
36.0833 10537
36.0849 1053
36.0849 3408
36.0873 8973
36.0873 16406
36.0873 1529
36.0898 8020
36.0898 16406
36.0898 30
36.0927 16406
36.0927 16406
36.0928 32728
36.0948 16406
36.0949 16406
36.0949 24720
36.096 8979
36.096 16406
36.0961 1054
36.0989 16406
36.0989 1054
36.0989 14280
36.1003 2126
36.1003 14305
36.1004 4187
36.1024 16406
36.1024 8489
36.1024 1053
36.1043 16406
36.1044 30
36.1044 13443
36.144 15634
36.2436 5482
36.2872 0
36.2903 4011
36.2903 4815
36.2903 31
36.3055 16406
36.3056 3500
36.3072 5932
36.3933 16406
36.3933 8960
36.3933 94
36.4547 441
36.464 16406
36.4659 16406
36.466 2080
36.4687 3947
36.5639 10934
36.5758 16406
36.5758 14102
36.6214 11114
36.6242 16406
36.6242 1523
36.6264 15224
36.6284 16406
36.6285 1529
36.6285 3489
36.631 5511
36.6331 16406
36.6332 7461
36.6343 5972
36.6757 8979
36.6788 16406
36.6788 16406
36.6788 10537
36.6809 16406
36.681 30
36.6855 13798
36.7327 8979
36.7352 16401
36.7375 16406
36.7375 10294
36.7376 14902
36.7546 8379
36.7572 16406
36.7573 10471
36.7596 16406
36.7596 16406
36.7596 10484
36.8286 8379
36.8314 8979
36.8314 16406
36.8315 6668
36.9176 16406
36.9176 944
36.9193 13376
36.9988 5018
37.0024 16406
37.0025 930
37.0025 3513
37.0083 405
37.0083 16406
37.0083 944
37.0118 16406
37.0119 1372
37.1161 416
37.1161 16406
37.1161 32812
37.1162 16360
37.1162 14116
37.1226 16406
37.1227 16406
37.1227 2506
37.1813 16406
37.1814 16406
37.1814 1054
37.1873 16406
37.1874 15352
37.1882 10772
37.2118 15330
37.2149 12642
37.269 16406
37.269 30
37.2709 16406
37.271 13190
37.3373 16406
37.3373 16406
37.3374 1532
37.3374 16406
37.3374 591
37.3374 16406
37.3374 1521
37.3374 16163
37.3746 8979
37.3777 16406
37.3777 16406
37.3778 13541
37.4153 16406
37.4154 30
37.4172 13670
37.4641 8973
37.4675 16406
37.4676 18961
37.5203 16406
37.5203 30
37.5238 16406
37.5238 13510
37.5439 8379
37.5461 16406
37.5461 1530
37.5461 59
37.587 16406
37.5871 25379
37.59 16406
37.5901 1528
37.5901 5673
37.6289 16406
37.6289 8966
37.6306 5166
37.6572 16406
37.6572 1054
37.6587 16406
37.6587 1262
37.6707 444
37.6932 16406
37.6932 30
37.6947 13858
37.7159 16406
37.7183 16406
37.7183 38
37.787 16406
37.7871 938
37.7902 16406
37.7903 1529
37.7936 16406
37.7936 16406
37.7936 14901
37.796 16406
37.796 1497
37.799 16406
37.799 16406
37.7991 1047
37.8015 16406
37.8016 10470
37.8047 16406
37.8047 7024
37.8453 16406
37.8454 30
37.8454 8964
37.848 563
37.9438 13566
38.0399 0
38.0399 0
38.0399 0
38.0399 0
38.0399 0
38.0399 0
38.044 16406
38.0493 16406
38.0493 1512
38.0529 7524
38.0529 27
38.0865 4011
38.0865 4891
38.109 16406
38.1091 16406
38.1091 496
38.1747 8614
38.1747 185
38.1825 8979
38.1825 16406
38.1825 7463
38.1889 406
38.189 8979
38.189 14280
38.1904 2126
38.1904 16406
38.1904 1508
38.1918 6921
38.1968 7127
38.1968 1273
38.1968 16406
38.1968 8966
38.1987 16406
38.1987 1536
38.1987 16406
38.1987 2392
38.2728 2285
38.4132 2097
38.4523 16406
38.4523 13661
38.4523 846
38.552 16406
38.5521 1506
38.5767 16406
38.5767 8838
38.6759 16406
38.6759 768
38.6759 6784
38.679 16406
38.679 11433
38.681 16406
38.681 479
38.823 13134
38.8816 11686
38.9399 16406
38.94 8955
38.9433 7809
38.9453 401
38.9772 16406
38.9773 9026
39.0691 4011
39.0691 4915
39.0691 1829
39.0692 4284
39.0712 12122
39.0713 1516
39.0713 7432
39.1493 16406
39.1493 8966
39.1493 4226
39.2357 16406
39.2358 8964
39.2358 1595
39.2972 16406
39.2973 11470
39.344 422
39.3642 422
39.3676 16406
39.3677 8952
39.3677 8376
39.4087 16406
39.4087 10342
39.4414 462
39.4753 16406
39.4754 15606
39.5325 8379
39.5325 16406
39.5325 1993
39.5916 0
39.5916 0
39.5916 39
39.5916 1148
39.5979 8979
39.5979 16406
39.598 4965
39.608 0
39.6602 0
39.6602 39
39.6602 113
39.6637 16406
39.6638 12974
39.7349 16406
39.7349 938
39.7349 14322
39.7916 16406
39.7916 8960
39.7916 4608
39.8537 16406
39.8537 15614
39.8788 121
39.9388 11714
39.9388 16406
39.9388 1530
39.9401 3925
39.9496 583
39.9749 423
39.9896 16406
39.9896 10162
40.0434 16406
40.0434 9214
40.0666 413
40.0894 8222
40.0915 16406
40.0915 1523
40.0915 7613
40.1291 16406
40.1291 3769
40.1331 27
40.1551 16406
40.1552 16406
40.1552 496
40.189 9312
40.2143 16406
40.2143 32812
40.2144 34272
40.2179 19992
40.218 54264
40.218 9996
40.2198 44268
40.2199 44268
40.2218 9996
40.2218 9996
40.2218 54264
40.2219 9996
40.2219 7140
40.2257 47124
40.2257 9996
40.2257 32844
40.2276 21420
40.2276 9996
40.2276 54264
40.2277 4284
40.2296 5712
40.2296 54264
40.2296 9996
40.2296 21420
40.2309 30945
40.2654 0
40.3148 6790
40.317 7746
40.4158 16406
40.4159 6206
40.4209 11248
40.4243 16406
40.4243 252
40.4446 452
40.4754 454
40.4755 16406
40.4755 30
40.4783 1053
40.4783 16406
40.4783 30
40.48 1825
40.5155 8973
40.518 8495
40.518 16406
40.518 30
40.521 16406
40.521 16406
40.5211 23300
40.571 16406
40.5725 1054
40.5725 16406
40.5725 30
40.5757 16406
40.5758 1054
40.5758 1053
40.5794 16406
40.5795 16406
40.5795 10173
40.6371 32
40.6632 25
40.6735 16406
40.6735 1529
40.6735 2856
40.6745 1851
40.7423 8379
40.7446 16406
40.7446 938
40.7446 2024
40.7881 16406
40.7881 322
40.7881 30
40.7899 11658
40.832 16406
40.832 30
40.832 8650
40.8607 16406
40.8607 3954
40.8628 8674
40.9143 8379
40.9174 16406
40.9174 9997
40.9191 2365
40.9455 468
40.9591 16406
40.9591 30
40.961 11094
41.0378 16406
41.0379 16406
41.0379 8998
41.0695 7310
41.0695 16406
41.0696 2068
41.0711 1211
41.1101 16406
41.1101 30
41.112 16406
41.112 5614
41.1661 385
41.1717 16406
41.1717 30
41.1717 343
41.1749 16406
41.1749 30
41.1779 1053
41.1779 16406
41.1779 30
41.1801 1053
41.1801 16406
41.1801 30
41.1819 9876
41.2494 553
41.2494 16406
41.2494 30
41.2494 343
41.2494 16406
41.2495 30
41.2495 499
41.2621 8379
41.265 16406
41.265 30
41.265 8065
41.3279 16406
41.3279 1048
41.3547 16406
41.3547 30
41.3578 16406
41.3578 4192
41.3609 393
41.3609 16406
41.3609 1048
41.3658 16406
41.3659 30
41.3659 1053
41.3674 16406
41.3674 30
41.3674 2039
41.3897 16406
41.3898 8960
41.3905 1731
41.41 16406
41.4101 16406
41.4101 30
41.4323 442
41.4788 11424
41.479 4982
41.479 30
41.479 1053
41.482 16406
41.482 16406
41.4821 7194
41.4916 16406
41.4916 30
41.4931 343
41.4931 16406
41.4931 30
41.4949 3927
41.5144 16406
41.5145 10478
41.5156 5966
41.5577 16406
41.5577 30
41.5626 16406
41.5626 1360
41.5626 16406
41.5627 11424
41.5632 4982
41.5632 15023
41.5639 370
41.5744 16406
41.5744 30
41.5759 9114
41.5792 406
41.6199 16406
41.6199 30
41.6214 1053
41.6241 16406
41.6242 30
41.6242 7140
41.6267 9266
41.6267 16406
41.6267 1150
41.6619 353
41.6655 8379
41.669 16406
41.6691 1530
41.6691 15965
41.7137 16406
41.7138 944
41.7157 16406
41.7158 12032
41.749 16406
41.7491 938
41.7507 10882
41.7693 16406
41.7694 938
41.7694 12630
41.785 0
41.785 112
41.8163 16406
41.8164 30
41.8164 15794
41.8724 8979
41.8754 16406
41.8755 7033
41.9251 8973
41.9281 16406
41.9297 7611
41.9805 11429
41.9831 6031
41.9831 16406
41.9831 30
41.9847 3901
42.0033 16406
42.0057 140
42.0057 27
42.0284 16406
42.0284 16406
42.0284 496
42.0526 420
42.0564 8222
42.0564 16406
42.0565 1811
42.0585 8489
42.0665 16406
42.0665 10478
42.0681 16406
42.0682 579
42.0682 8489
42.0754 16406
42.0754 12852
42.0772 3554
42.0772 16406
42.0773 16363
42.0812 16406
42.0812 75
42.0812 16406
42.0812 13267
42.0842 16406
42.0843 30
42.0874 10003
42.0874 16406
42.0875 8959
42.0937 16406
42.0938 16406
42.0938 32812
42.0979 16406
42.098 16406
42.098 11885
42.098 15708
42.133 698
42.133 10350
42.1469 0
42.1488 0
42.1488 0
42.1517 16406
42.1517 8960
42.1541 6112
42.1814 0
42.1837 8092
42.1837 1223
42.2022 397
42.2247 16406
42.2247 8960
42.2271 6300
42.272 16406
42.272 10003
42.272 16406
42.2721 7729
42.3557 16406
42.3558 8958
42.3558 16406
42.3559 9658
42.3559 16406
42.3559 8966
42.3559 8682
42.3792 16406
42.3792 930
42.3792 8979
42.3803 15777
42.3897 16406
42.3897 8964
42.3897 33
42.3983 462
42.4179 2277
42.4207 16406
42.4207 1515
42.4207 5669
42.4608 16406
42.4608 8960
42.462 8368
42.5145 16406
42.5173 16406
42.5173 3742
42.5293 427
42.5587 16406
42.5587 8964
42.5587 3475
42.5744 415
42.5886 0
42.5886 127
42.5886 1267
42.5886 452
42.6219 16406
42.622 1523
42.6236 13549
42.6626 16406
42.6626 12222
42.6927 400
42.7075 16406
42.7075 8955
42.7075 99
42.7642 32
42.7773 8973
42.7773 1428
42.7791 7061
42.7807 16406
42.7807 30
42.7807 4464
42.791 25
42.8106 16206
42.8121 16322
42.837 423
42.8761 16406
42.8761 24
42.8761 2856
42.8776 13550
42.8776 2548
42.8798 2593
42.921 189
42.921 157
42.9405 16406
42.9436 16406
42.9436 10467
42.9438 2272
42.966 16406
42.9661 8960
42.9661 10304
43.0268 16406
43.0269 938
43.0286 16406
43.0287 9162
43.089 290
43.089 8973
43.0938 16406
43.0939 1054
43.0939 16406
43.0967 9513
43.0967 16406
43.0968 30
43.099 7112
43.1032 16406
43.1033 30
43.1033 16406
43.1033 28560
43.1037 4252
43.1037 30
43.191 16406
43.191 8966
43.1917 2509
43.2184 16406
43.2185 16406
43.2185 2437
43.2185 2134
43.2681 16406
43.2681 30
43.2681 8966
43.2719 16406
43.272 16406
43.272 12279
43.272 6441
43.3157 16406
43.3157 8960
43.3157 5260
43.376 16406
43.3761 30
43.3782 16406
43.3782 1523
43.3782 7373
43.4222 16406
43.4248 16406
43.4248 1376
43.4259 16406
43.426 30
43.426 1053
43.429 16406
43.429 9995
43.4324 16406
43.4324 16406
43.4325 6411
43.4325 1369
43.4541 3877
43.4541 8973
43.4573 16406
43.4573 7785
43.46 389
43.4601 16406
43.4601 11232
43.4624 403
43.5549 16010
43.5692 415
43.5896 16406
43.5897 8960
43.5897 659
43.6167 16406
43.6168 8960
43.6189 7484
43.6486 16406
43.6487 8960
43.6487 4176
43.6699 8979
43.6699 7465
43.6725 16406
43.6725 1515
43.6725 584
43.6751 16406
43.6751 14362
43.6886 16406
43.6886 8960
43.6886 935
43.7715 5610
43.7739 16406
43.7739 16406
43.774 5918
43.8202 16406
43.8203 8959
43.8242 9526
43.8242 16406
43.8242 30
43.8258 1053
43.8258 16406
43.8259 30
43.8279 16406
43.828 4013
43.8618 16406
43.8619 24
43.8649 16406
43.865 11496
43.865 445
43.9242 16406
43.9242 30
43.9265 16406
43.9265 1524
43.9283 16406
43.9284 16634
43.9499 16406
43.9499 10470
43.9499 917
43.9758 454
43.994 8222
43.9964 16406
43.9965 9670
44.0057 3037
44.0084 27
44.0221 679
44.0303 16406
44.0304 16406
44.0304 496
44.057 429
44.0591 8770
44.0671 16406
44.0672 1054
44.0737 8979
44.0791 16406
44.0791 7383
44.0817 16406
44.0817 16406
44.0817 2078
44.0846 16406
44.0847 18484
44.086 16406
44.0861 30
44.0903 16406
44.0903 16406
44.0904 13470
44.0905 7070
44.0934 16406
44.0935 32812
44.0935 2078
44.0972 16406
44.0972 9988
44.0972 16406
44.0972 1529
44.0993 16406
44.0993 782
44.0993 1809
44.1023 16406
44.1024 1529
44.1058 16406
44.1058 407
44.1079 16406
44.108 16160
44.108 2034
44.1113 16406
44.1113 1048
44.1113 16406
44.1113 1529
44.1135 16406
44.1135 8569
44.1154 16406
44.1154 9997
44.1154 16406
44.1154 1529
44.1167 16406
44.1167 4887
44.1167 11459
44.1703 6002
44.1727 6278
44.1789 8848
44.2459 16406
44.2459 3710
44.2459 8354
44.3149 16406
44.3149 1048
44.3177 16406
44.3177 30
44.3195 16406
44.3195 766
44.3209 70
44.3349 358
44.3793 8979
44.3816 16406
44.3817 8203
44.3828 315
44.3854 16406
44.3854 10447
44.3854 7140
44.3863 1774
44.3882 111
44.4134 16406
44.4135 30
44.4156 16406
44.4156 1524
44.4184 16406
44.4184 16406
44.4185 6415
44.4206 1438
44.4403 16406
44.4403 8960
44.4419 2351
44.4648 4570
44.4684 16406
44.4684 10472
44.47 328
44.47 1132
44.5042 16406
44.5077 15558
44.5183 8979
44.5224 16406
44.5225 10648
44.5232 550
44.5651 16406
44.5684 9034
44.628 16406
44.628 1662
44.628 7394
44.6716 16406
44.6716 8960
44.6736 2880
44.6736 1004
44.7189 366
44.7377 484
44.7696 8379
44.7745 13489
44.7884 0
44.7884 580
44.7991 16406
44.8014 10350
44.8053 0
44.8396 16406
44.8408 8846
44.883 8973
44.8868 16406
44.8868 3467
44.943 16406
44.9459 15238
44.9918 16406
44.9918 8960
44.9938 11439
44.9959 209
45.0317 8379
45.0357 8979
45.0371 16406
45.0372 1523
45.0372 709
45.0389 966
45.0578 432
45.133 9002
45.1366 14746
45.1607 16406
45.1607 1047
45.1662 16406
45.1662 30
45.1679 16406
45.1679 84
45.1697 2023
45.1697 16406
45.1697 30
45.1717 8296
45.1717 241
45.1973 408
45.2647 16406
45.2647 30
45.2663 7164
45.2663 763
45.2898 16406
45.2899 8958
45.2925 1977
45.3188 16406
45.3188 30
45.3236 16406
45.3236 8379
45.3263 15273
45.3291 16406
45.3291 1907
45.3309 16406
45.3309 660
45.3329 711
45.3352 16406
45.3353 1514
45.3372 16406
45.3373 5746
45.3416 16406
45.3417 16406
45.3417 31185
45.3417 439
45.3663 8379
45.3729 8973
45.3729 16406
45.373 776
45.3742 1247
45.3816 16406
45.3839 9166
45.4065 405
45.4189 16406
45.4189 30
45.4218 1053
45.4245 16406
45.4246 16406
45.4246 10463
45.4257 5367
45.4277 1111
45.5025 16406
45.5047 8746
45.6033 6234
45.7885 16406
45.7886 30
45.7886 16406
45.7886 378
45.7886 705
45.7886 16406
45.7886 15332
45.7886 16406
45.7887 4780
45.7887 2856
45.7889 5712
45.79 7838
45.79 951
45.79 316
45.79 1053
45.79 16406
45.7901 30
45.7901 16406
45.7901 18678
45.7901 6876
45.7901 1437
45.8171 16406
45.8205 1889
45.8483 16406
45.8484 30
45.8484 8966
45.8515 16406
45.8515 400
45.8543 16406
45.8543 7108
45.8568 16406
45.8569 30
45.8569 16406
45.8569 575
45.8593 978
45.8627 16406
45.8627 16406
45.8628 12511
45.8664 1412
45.8664 16406
45.8665 2394
45.8692 16406
45.8692 8964
45.8707 506
45.8733 16406
45.8733 676
45.8759 882
45.8781 16406
45.8781 1135
45.8809 2525
45.883 564
45.8899 16406
45.89 7160
45.8908 1454
45.8927 1018
45.9861 8866
46.0202 5858
46.0246 27
46.0488 16406
46.0489 16902
46.0764 420
46.0764 15708
46.0781 698
46.0781 16406
46.0782 11207
46.0805 16406
46.0805 867
46.0834 16406
46.0834 1054
46.0863 16406
46.0864 14523
46.0864 16406
46.0864 14280
46.0889 2126
46.0889 32772
46.089 6967
46.0894 16406
46.0895 30
46.0895 16406
46.0908 2078
46.0908 16406
46.0909 30
46.0909 1053
46.095 16406
46.0951 9997
46.0951 16406
46.0951 1060
46.098 16406
46.0981 32812
46.0981 12980
46.0981 8979
46.0987 16406
46.0988 7070
46.1038 16406
46.1039 19508
46.1039 16406
46.1039 30
46.1056 10003
46.1057 16406
46.1057 4335
46.1083 16406
46.1084 5208
46.1119 16406
46.1119 1522
46.1119 1469
46.1127 8095
46.1156 16406
46.1157 16406
46.1157 10448
46.1157 14299
46.1179 16406
46.118 5223
46.1196 16406
46.1197 9053
46.1216 16406
46.1216 2182
46.1216 6337
46.124 16406
46.124 1054
46.1259 16406
46.126 16406
46.126 4529
46.1277 735
46.1685 371
46.1745 8858
46.1801 13942
46.2689 0
46.2776 8490
46.2776 446
46.3782 8973
46.3802 11391
46.4322 16406
46.4322 10478
46.4322 5722
46.506 16406
46.5061 30
46.5089 16406
46.509 1515
46.509 11461
46.5771 8973
46.5803 16406
46.5803 10983
46.5803 3417
46.615 16406
46.615 12023
46.615 2672
46.6566 16406
46.6566 30
46.6566 8568
46.6575 5346
46.7208 6862
46.723 16406
46.723 8958
46.7249 7366
46.7611 16406
46.7612 938
46.7634 8870
46.8038 16406
46.8038 9402
46.8727 16406
46.8728 8964
46.8735 5168
46.918 16406
46.9181 8655
46.92 776
46.972 8973
46.9743 16406
46.9743 271
47.0276 16406
47.0277 8964
47.0279 3851
47.0662 8379
47.0688 16406
47.0688 30
47.0688 4060
47.1534 16406
47.1534 8966
47.1534 3285
47.1723 16406
47.1724 16406
47.1724 3029
47.174 602
47.2144 16406
47.2144 1054
47.2185 16406
47.2185 30
47.2185 5906
47.2547 16406
47.2547 1048
47.2575 16406
47.2575 16406
47.2575 1560
47.311 399
47.3191 16406
47.3192 16406
47.3192 19423
47.3203 4667
47.3246 374
47.3378 16406
47.3746 421
47.3747 9354
47.3747 8979
47.3747 16401
47.3747 8174
47.4221 16406
47.4222 30
47.4222 8966
47.4258 16406
47.4258 1521
47.4258 1428
47.4274 14978
47.4274 16406
47.4274 2959
47.4652 16406
47.4653 10478
47.4653 533
47.5157 16406
47.5185 16406
47.5185 12634
47.5505 16406
47.5505 8270
47.5505 4490
47.5543 25
47.5688 8379
47.5713 16406
47.5713 8065
47.6132 8379
47.6166 16406
47.6166 26869
47.6166 367
47.6446 16406
47.6447 30
47.647 16406
47.647 3490
47.675 8379
47.6782 8979
47.6782 16406
47.6783 16406
47.6783 1506
47.6798 14024
47.7355 16406
47.7355 938
47.7355 8495
47.7386 16406
47.7386 30
47.7386 10464
47.7411 16406
47.7412 1529
47.7412 7480
47.7661 8379
47.7683 16406
47.7684 30
47.7701 16406
47.7702 893
47.8132 16406
47.8133 1048
47.8154 16406
47.8154 30
47.8169 16406
47.8169 244
47.874 16406
47.874 7347
47.8765 16406
47.8765 1536
47.8765 8823
47.9183 16406
47.9184 1529
47.9184 15555
48.0003 16406
48.0019 24
48.0019 16406
48.002 1672
48.0056 27
48.0266 16406
48.0266 16406
48.0266 496
48.0554 420
48.0583 16406
48.0583 16406
48.0584 20169
48.059 5588
48.0615 16406
48.0616 16406
48.0616 1054
48.0643 16406
48.0643 1054
48.0668 16406
48.0669 7587
48.0703 16406
48.0704 8966
48.0704 16406
48.0704 71
48.0729 16406
48.073 1054
48.0777 16406
48.0777 30
48.0777 1053
48.0794 16406
48.0794 400
48.0794 9908
48.0829 16406
48.083 5483
48.083 16406
48.083 10279
48.0836 7359
48.0836 16406
48.0837 1054
48.0852 16406
48.0852 9070
48.0852 8398
48.0853 16406
48.0853 1041
48.1035 16406
48.1051 10350
48.1639 405
48.1662 0
48.1689 4011
48.1689 5337
48.1904 5778
48.1938 15738
48.195 705
48.195 3465
48.2507 13994
48.2534 16406
48.2534 4492
48.2534 2024
48.2547 71
48.2719 0
48.2719 0
48.2719 113
48.3525 16406
48.3557 461
48.3557 7320
48.3557 803
48.3594 8344
48.3626 16406
48.3627 782
48.3627 711
48.4239 435
48.4311 16406
48.4337 8968
48.4337 471
48.5063 16406
48.5084 16054
48.5101 711
48.5101 14700
48.5524 8979
48.5524 16406
48.5524 8204
48.5543 314
48.5543 16406
48.5544 2174
48.557 16105
48.5571 14280
48.5586 2126
48.5586 12994
48.56 610
48.6509 6798
48.6631 16406
48.666 16406
48.666 16406
48.666 15732
48.6675 707
48.6994 16406
48.7016 10391
48.7016 640
48.7648 8973
48.7672 16406
48.7673 4909
48.7673 711
48.7673 1053
48.7694 16406
48.7695 30
48.7695 14280
48.7706 2126
48.7706 761
48.7706 11732
48.7718 1048
48.8075 8979
48.8098 16406
48.8098 3927
48.8109 955
48.8497 8979
48.8533 16406
48.8534 8489
48.8534 8305
48.8543 681
48.8565 16406
48.8566 2210
48.8593 16406
48.8594 13962
48.8594 8568
48.8601 7838
48.8601 6956
48.8601 16406
48.8601 619
48.8626 16406
48.8626 14292
48.8626 1061
48.8995 423
48.9129 0
48.9129 16406
48.9152 9974
48.9641 16406
48.9666 1055
48.9666 16406
48.9667 30
48.9683 6473
48.9683 219
48.9949 40
49.027 8379
49.0291 16406
49.0291 7697
49.0309 10694
49.031 7624
49.0324 1071
49.0649 8379
49.0675 8973
49.0695 16406
49.0695 162
49.0695 4920
49.0717 999
49.1078 16406
49.1088 10005
49.1113 16406
49.1113 776
49.1113 6487
49.1113 531
49.1714 8973
49.1738 16406
49.1738 25345
49.1745 603
49.1745 3731
49.2136 3529
49.2156 16406
49.2157 16406
49.2157 459
49.2176 7457
49.2506 434
49.2506 32
49.2559 16406
49.256 5712
49.2574 10694
49.2574 8279
49.2574 705
49.2593 2900
49.2702 527
49.2773 25
49.3188 8979
49.3203 8489
49.3225 16406
49.3225 30
49.3225 9441
49.3244 4259
49.3624 8973
49.3653 16406
49.3653 8952
49.3653 2518
49.3669 459
49.4064 16406
49.4065 1055
49.4084 16406
49.4085 30
49.4085 12868
49.4097 1025
49.4779 16406
49.481 8974
49.481 16406
49.481 5060
49.4828 1047
49.5143 16406
49.5162 35
49.5162 16406
49.5163 1054
49.5191 14700
49.5191 635
49.5325 16406
49.5341 9542
49.5417 439
49.5748 16406
49.5759 14093
49.5759 45
49.5812 396
49.6166 422
49.6265 16406
49.6311 35
49.6311 16406
49.6312 16406
49.6312 1534
49.6318 1027
49.6355 16406
49.6356 13071
49.6356 2856
49.6378 13437
49.6378 10141
49.6389 644
49.6605 439
49.7243 8973
49.7266 8489
49.7266 16406
49.7266 30
49.73 16406
49.73 1909
49.73 708
49.7723 8973
49.7723 7465
49.774 16058
49.7741 9548
49.8195 8979
49.8214 7465
49.8214 343
49.8235 16406
49.8236 30
49.8236 1053
49.8264 16406
49.8264 30
49.8264 8584
49.8288 190
49.8288 6585
49.8288 1222
49.8302 157
49.8302 16406
49.8303 30
49.832 465
49.832 7914
49.832 1409
49.8629 16406
49.8642 8968
49.8642 282
49.8791 121
49.9229 8965
49.9253 16406
49.9254 16265
49.9254 8647
49.928 16406
49.928 1529
49.928 4987
49.9294 1002
49.935 375
49.9826 16406
49.9826 16406
49.9826 4638
50.0021 4674
50.005 27
50.0265 16406
50.0266 16406
50.0266 496
50.0516 420
50.0561 8215
50.0586 16406
50.0586 1523
50.0586 8777
50.0656 16406
50.067 16406
50.067 32
50.0808 16406
50.0809 30
50.0809 10037
50.0837 16406
50.0837 1054
50.0882 16406
50.0882 1530
50.0882 11424
50.0895 2582
50.0895 8495
50.092 8979
50.0939 14708
50.094 8979
50.0952 8489
50.0976 16406
50.0976 1054
50.1023 8979
50.1023 11424
50.1039 4982
50.1039 1054
50.1039 8964
50.1079 16406
50.1079 1536
50.1079 12492
50.1109 16406
50.111 1056
50.111 9526
50.1134 16406
50.1134 1529
50.1134 15939
50.1166 16406
50.1166 1522
50.1166 8971
50.1183 9053
50.1183 2856
50.1202 13550
50.1202 9997
50.1227 16406
50.1228 16406
50.1228 2856
50.124 13550
50.1241 16355
50.1258 16406
50.1258 1428
50.1279 14978
50.128 16406
50.128 3371
50.164 4011
50.164 5306
50.164 31
50.1758 7694
50.1784 16242
50.2072 413
50.2654 8379
50.2685 16406
50.2685 4249
50.3249 16406
50.3267 12606
50.3513 369
50.3775 434
50.3854 8979
50.39 16406
50.39 11357
50.4161 16406
50.4184 16406
50.4184 2106
50.4661 432
50.4725 8979
50.4725 16406
50.4726 344
50.4745 16406
50.4746 8489
50.4764 6692
50.4764 8379
50.479 16406
50.479 30
50.4814 16406
50.4814 24403
50.4814 84
50.5241 8979
50.5258 16406
50.5259 1801
50.6252 14130
50.7165 16406
50.7185 13734
50.8183 13566
50.8327 8979
50.8352 16406
50.8352 641
50.8832 8973
50.8832 7465
50.8858 16406
50.8858 36
50.8876 16406
50.8877 8960
50.8877 5712
50.8895 10694
50.8895 16406
50.8896 7452
50.8896 48
50.8915 16406
50.8916 30
50.8916 16406
50.8934 9990
50.8934 16406
50.8935 1529
50.8964 4951
50.8964 16406
50.8964 16402
50.8993 16406
50.8993 16406
50.8993 30
50.954 424
50.9858 8979
50.9858 13473
51.0872 10746
51.1355 13890
51.1387 16406
51.1388 30
51.1388 16406
51.1388 1054
51.142 16406
51.142 8297
51.142 16406
51.142 30
51.1441 15307
51.2189 16406
51.2226 16406
51.2226 16394
51.2279 412
51.2908 8973
51.2908 7465
51.2908 16406
51.2909 1054
51.2909 16406
51.2909 494
51.2909 16406
51.2909 15676
51.3128 16406
51.3164 16406
51.3165 1526
51.3187 16406
51.3188 16406
51.3188 11976
51.3206 16406
51.3206 16406
51.3206 872
51.3468 16406
51.3486 16406
51.3487 12234
51.3668 8979
51.3696 16406
51.3696 16406
51.3696 9513
51.3717 16406
51.3718 16406
51.3718 4661
51.3737 9723
51.3872 8379
51.3891 8973
51.3891 16406
51.3891 1354
51.4165 16406
51.4187 16406
51.4188 16406
51.4188 8966
51.4196 605
51.4247 435
51.452 8973
51.452 16406
51.4521 5712
51.4535 11933
51.4722 400
51.536 8979
51.5388 16406
51.5389 16406
51.5389 7137
51.5663 8979
51.5663 16085
51.5966 441
51.6439 8979
51.6464 16406
51.6464 1957
51.7145 8973
51.7167 16406
51.7167 12679
51.7588 460
51.8146 8379
51.817 16406
51.8171 30
51.8171 16406
51.8171 1514
51.8188 1232
51.8657 16406
51.8674 16406
51.8675 3742
51.8858 447
51.9001 8979
51.9026 16406
51.9027 1048
51.9027 7707
51.9424 420
51.9939 8979
51.9939 16406
51.9939 1428
51.995 6545
52.0144 5670
52.0192 27
52.0464 16406
52.0464 16406
52.0464 496
52.0726 8408
52.076 447
52.076 16406
52.076 1523
52.0789 16406
52.0789 1529
52.082 16406
52.082 1529
52.082 8964
52.0848 16406
52.0849 14619
52.0849 16406
52.0859 3026
52.0892 16406
52.0892 16406
52.0893 32812
52.0893 17136
52.0911 32082
52.0911 16343
52.0912 16406
52.0912 24276
52.0929 24918
52.093 8527
52.093 7844
52.093 1156
52.0936 16406
52.0936 776
52.096 782
52.096 12852
52.0985 3554
52.0985 774
52.0985 784
52.0985 16406
52.0986 776
52.1008 782
52.1008 16406
52.1009 1522
52.1035 16406
52.1036 16406
52.1036 14113
52.1036 4540
52.1053 16406
52.1053 776
52.1053 782
52.1063 16406
52.1063 774
52.1063 784
52.11 16406
52.1101 9350
52.1101 6847
52.1101 1156
52.12 473
52.1736 16406
52.1736 12606
52.1736 9295
52.1913 0
52.1913 155
52.1913 2243
52.2074 0
52.2307 8979
52.2328 16406
52.2328 16406
52.2329 2204
52.235 9155
52.2455 0
52.2659 16406
52.2659 8973
52.2677 2150
52.3143 8979
52.3169 16406
52.317 1522
52.317 7092
52.3193 169
52.3947 8973
52.3947 16406
52.3948 15335
52.3948 757
52.4146 8979
52.4173 16406
52.4173 1529
52.4173 2801
52.4189 693
52.4379 449
52.4669 16406
52.4688 16406
52.4688 1146
52.4688 180
52.5286 10210
52.5321 16406
52.5321 18278
52.5322 791
52.5639 415
52.5665 16406
52.5665 30
52.57 16406
52.57 1144
52.5707 1059
52.6059 8379
52.609 8973
52.609 16406
52.609 1529
52.6106 2801
52.6106 57
52.6241 563
52.6275 429
52.6705 8379
52.673 16406
52.673 1530
52.6752 15644
52.6753 1046
52.7157 16406
52.7174 10486
52.7191 4782
52.7528 8379
52.7528 5712
52.7546 10694
52.7546 13987
52.7546 819
52.8188 8979
52.8216 8964
52.8216 16406
52.8217 9344
52.8242 2940
52.862 16406
52.862 16400
52.8638 8956
52.9069 16406
52.907 16406
52.907 7224
52.9083 739
52.9691 8979
52.9718 16406
52.9719 1529
52.9719 16406
52.9719 387
52.9738 1171
52.9738 3010
53.0127 8979
53.0158 16406
53.0158 1529
53.0158 8513
53.0172 1374
53.0551 16406
53.0551 1529
53.0592 16406
53.0592 1529
53.0592 2856
53.0602 1131
53.0887 121
53.12 8979
53.1228 16406
53.1228 1529
53.1228 8513
53.1241 480
53.1241 16406
53.1242 1536
53.1261 2880
53.1261 806
53.159 460
53.1633 8379
53.1656 16406
53.1657 17239
53.1657 31
53.2124 8379
53.2141 8973
53.2167 16406
53.2167 1529
53.2167 5143
53.2512 449
53.288 16406
53.2899 10005
53.29 16406
53.29 9344
53.2917 1155
53.2917 1452
53.2917 515
53.309 16406
53.3115 16406
53.3115 7887
53.3115 904
53.3544 8979
53.3563 16406
53.3564 1529
53.3564 14294
53.3583 293
53.3881 0
53.3881 1322
53.4174 8973
53.42 16406
53.42 13907
53.42 1057
53.4608 16406
53.4627 16406
53.4627 9683
53.4656 856
53.5152 16406
53.5152 344
53.5152 16406
53.5152 2572
53.5159 388
53.516 501
53.5483 384
53.5659 8379
53.5689 16406
53.5689 1530
53.5689 8512
53.571 481
53.571 4531
53.6088 16406
53.6107 1054
53.6107 16406
53.6108 782
53.6125 777
53.6125 8964
53.6151 16406
53.6152 10470
53.6152 3856
53.6168 170
53.6521 8979
53.6521 11424
53.6535 4982
53.6535 1964
53.7142 8979
53.7169 16406
53.717 1529
53.717 16406
53.718 2110
53.718 473
53.7208 16406
53.7208 16102
53.7232 337
53.7582 8979
53.7623 16406
53.7624 1529
53.7624 10692
53.764 599
53.8216 417
53.8442 16406
53.846 16406
53.846 3036
53.8487 3987
53.8658 9350
53.8677 16406
53.8677 1523
53.8704 16406
53.8704 9271
53.8704 1222
53.8717 910
53.8823 409
53.9086 8979
53.9103 16406
53.9127 16406
53.9127 3036
53.9127 16406
53.9127 1536
53.9148 424
53.9148 3902
53.9166 16406
53.9166 1521
53.9189 16406
53.9189 1463
53.9209 10061
53.921 540
53.9324 412
53.956 16406
53.9561 10478
53.9561 489
53.9597 452
54.0153 8979
54.0186 13641
54.0187 27
54.0405 16406
54.0405 16406
54.0406 496
54.0645 420
54.0645 16406
54.0645 1047
54.0672 16406
54.0673 1054
54.0779 16406
54.078 30
54.0808 16406
54.0808 18484
54.0808 1053
54.0828 16406
54.0828 1054
54.0857 16406
54.0858 8964
54.0869 16406
54.0869 2561
54.0891 16406
54.0892 1529
54.0892 6290
54.093 16406
54.093 30
54.093 16406
54.093 2078
54.0959 16406
54.0959 30
54.098 1053
54.098 16406
54.0981 30
54.101 9441
54.101 16406
54.101 10066
54.103 16406
54.103 30
54.103 9996
54.1047 6410
54.1047 2078
54.1047 16406
54.1047 30
54.1086 16406
54.1086 16406
54.1087 16361
54.1091 3154
54.1091 16406
54.1091 2070
54.1116 16406
54.1117 30
54.1117 5712
54.1148 10694
54.1148 32765
54.1153 3055
54.1153 16406
54.1153 1529
54.1168 9164
54.1211 16406
54.1211 938
54.1223 15074
54.127 429
54.1514 0
54.1539 8092
54.1539 723
54.1539 31
54.1915 8379
54.1951 16406
54.1952 30
54.1952 10077
54.2088 420
54.2339 16406
54.234 9590
54.28 16406
54.2801 30
54.2801 8966
54.2812 5918
54.335 16406
54.335 8960
54.3368 3667
54.3978 16406
54.3978 13162
54.4274 453
54.4395 418
54.4472 454
54.4473 0
54.456 394
54.4647 16406
54.4647 30
54.4647 343
54.4647 12852
54.4659 3554
54.4659 8684
54.504 8379
54.5068 16406
54.5068 7821
54.5634 433
54.5673 8379
54.5702 8379
54.5702 16406
54.5702 30
54.5714 10000
54.6088 16406
54.6088 30
54.611 420
54.611 343
54.611 16406
54.611 30
54.6124 4360
54.62 443
54.6873 16406
54.6874 8966
54.6874 3097
54.7442 8379
54.7465 16406
54.7465 30
54.7478 2180
54.8108 501
54.8224 8379
54.8248 16406
54.8248 30
54.8248 1053
54.8277 16406
54.8278 30
54.8278 4513
54.829 442
54.8588 445
54.8702 428
54.8893 16406
54.8893 8960
54.8913 4420
54.9181 16406
54.9182 30
54.9182 1053
54.9214 16406
54.9214 30
54.9214 4025
54.9612 8379
54.9658 16406
54.9658 30
54.9666 6129
55.0245 16406
55.0245 1040
55.0274 16406
55.0274 30
55.0274 391
55.0292 2229
55.0292 16406
55.0292 16402
55.1045 16406
55.1045 30
55.1071 16406
55.1071 658
55.1104 16406
55.1104 30
55.1127 16406
55.1127 2078
55.1127 16406
55.1127 30
55.1146 409
55.1646 16406
55.1646 944
55.1671 16406
55.1671 1048
55.1692 6026
55.2074 8379
55.211 16406
55.2111 9287
55.2134 8495
55.2134 14280
55.2145 2126
55.2145 30
55.2145 16406
55.2145 383
55.2318 390
55.2521 16406
55.2522 8961
55.254 6675
55.3145 16406
55.3146 24
55.3176 16406
55.3176 350
55.3199 16406
55.3199 1136
55.3516 467
55.3792 16406
55.3792 25099
55.3793 7347
55.4274 7890
55.4308 16406
55.4309 8958
55.4309 16406
55.4309 3490
55.4335 16406
55.4354 16406
55.4355 38
55.4434 417
55.4606 416
55.4631 16406
55.4631 938
55.4649 16406
55.465 1529
55.4667 1590
55.507 16406
55.5071 30
55.5097 1053
55.5097 16406
55.5098 30
55.514 13670
55.5691 458
55.5777 8973
55.5803 16406
55.5803 23
55.5828 16406
55.5829 11154
55.6167 16406
55.6167 30
55.6167 8966
55.6193 16406
55.6193 3070
55.6428 2509
55.646 16406
55.646 30
55.646 15890
55.6795 16406
55.6795 30
55.6818 13538
55.7249 16406
55.7249 1048
55.7272 16406
55.7272 30
55.729 4840
55.7432 16406
55.7433 30
55.7433 4284
55.7446 4682
55.7446 2853
55.746 408
55.7538 421
55.7644 2225
55.7676 16406
55.7677 10465
55.7693 6923
55.7934 0
55.7952 1216
55.8159 425
55.8289 16406
55.8289 30
55.8297 1053
55.8298 1216
55.8325 16406
55.8326 14798
55.8485 16406
55.8485 12166
55.8758 16406
55.8759 30
55.8785 16406
55.8785 30
55.9126 16406
55.9126 1054
55.9156 16406
55.9157 30
55.9157 10042
55.9989 16406
55.999 938
55.999 8495
56.0016 16406
56.0016 30
56.0016 1053
56.0032 16406
56.0033 30
56.0058 7541
56.0058 27
56.0378 16406
56.0378 16406
56.0378 496
56.0381 388
56.0658 8620
56.0658 16406
56.0658 10270
56.0686 16406
56.0686 7273
56.0714 16406
56.0715 30
56.073 16406
56.0731 1368
56.0731 8979
56.0756 16393
56.0756 16406
56.0757 9490
56.0757 7308
56.0786 8979
56.0786 16393
56.0814 16347
56.0815 16406
56.0815 1529
56.085 16406
56.085 6914
56.0889 16406
56.0889 938
56.0915 16406
56.0915 16406
56.0916 15633
56.0926 1149
56.0966 16406
56.0966 30
56.0994 16406
56.0994 782
56.0994 16406
56.0995 16406
56.0995 1244
56.1053 8973
56.1053 7471
56.1089 16406
56.109 1516
56.109 15746
56.113 400
56.113 16406
56.113 7785
56.1163 13900
56.1164 16406
56.1164 411
56.1164 16406
56.1164 10877
56.1182 90
56.1478 4010
56.1478 4849
56.177 16406
56.1783 15050
56.2434 16406
56.2434 8966
56.2434 2880
56.2435 810
56.3095 16406
56.3096 8960
56.3096 1450
56.3096 554
56.326 8973
56.326 15708
56.3272 698
56.3272 4971
56.3612 16406
56.3612 1523
56.3612 7162
56.362 334
56.362 3291
56.381 421
56.405 9234
56.408 16406
56.408 5066
56.408 801
56.4274 420
56.4689 16406
56.4689 30
56.4689 343
56.4708 16406
56.4708 30
56.4748 1053
56.4748 5216
56.5315 8379
56.5315 16406
56.5315 8964
56.5315 1836
56.5315 651
56.5461 427
56.5596 8379
56.5621 15738
56.5621 14971
56.5642 943
56.5845 8379
56.5845 15738
56.5866 705
56.5866 9081
56.5981 402
56.6133 432
56.6281 16406
56.6281 30
56.6281 8966
56.63 16406
56.63 2210
56.63 757
56.6393 16406
56.6394 30
56.6394 13244
56.6415 1395
56.6689 16406
56.6689 7873
56.6689 6447
56.6927 409
56.7152 16406
56.7152 16406
56.7152 1506
56.7207 1881
56.7444 406
56.7661 16406
56.7661 6647
56.7676 8613
56.8311 8973
56.833 16406
56.833 4219
56.8481 447
56.863 16406
56.8631 8960
56.8645 7240
56.9169 413
56.917 16406
56.917 16406
56.9171 11015
56.9183 5025
56.9461 16406
56.9461 16406
56.9461 670
56.956 452
56.9561 16406
56.9562 938
56.9586 15506
56.9803 2177
56.9803 16406
56.9804 14530
57.0209 8379
57.0254 16406
57.0254 16406
57.0254 20355
57.0254 1193
57.0296 15390
57.0508 16406
57.0509 30
57.0509 8590
57.0517 164
57.0651 16406
57.0652 30
57.0673 16406
57.0673 30
57.088 16406
57.0895 10294
57.109 16406
57.1091 938
57.1106 15506
57.1941 16406
57.1942 30
57.1942 8966
57.1942 16406
57.1942 9350
57.1942 1833
57.218 8379
57.22 16406
57.22 16406
57.2201 6786
57.2211 95
57.223 418
57.2755 8379
57.278 16406
57.2781 9997
57.2781 16406
57.2781 782
57.2798 776
57.2798 4034
57.3261 446
57.3397 9806
57.3417 16406
57.3417 8592
57.3417 1434
57.3439 16406
57.3439 1529
57.3439 2878
57.3449 133
57.3659 409
57.3659 16406
57.3659 16406
57.366 1518
57.366 7164
57.3672 507
57.4148 16406
57.4149 30
57.4149 16406
57.4149 11123
57.4156 724
57.4317 405
57.4738 16406
57.4739 8960
57.4766 16406
57.4767 4380
57.4767 417
57.5154 16406
57.5154 30
57.5154 11448
57.5164 991
57.5643 16406
57.5643 9879
57.5655 2748
57.6276 16406
57.6277 938
57.6277 8568
57.6289 7493
57.6289 2050
57.6535 459
57.6607 8979
57.6607 1428
57.6624 14978
57.6625 2897
57.7117 16406
57.7117 938
57.715 16406
57.715 2210
57.715 1397
57.776 16406
57.7777 24
57.7777 16406
57.7777 782
57.7791 6936
57.8117 14294
57.8133 12838
57.8618 8379
57.8635 426
57.8635 8979
57.8658 16406
57.8658 1523
57.8658 2877
57.8675 1354
57.8828 410
57.9171 8379
57.9188 15738
57.9206 705
57.9206 16406
57.9207 7489
57.9223 521
57.9809 8979
57.9835 16406
57.9835 14291
57.9835 423
58.0062 7362
58.0106 27
58.0336 16406
58.0336 16902
58.0605 420
58.0605 16406
58.0606 1047
58.0624 8973
58.0624 16406
58.0625 8489
58.0657 7286
58.0715 8973
58.0744 8495
58.0744 16406
58.0744 30
58.0756 16406
58.0756 1999
58.0774 16406
58.0774 1528
58.0774 11878
58.0799 16406
58.0799 157
58.0818 16406
58.0818 1054
58.0843 16406
58.0844 30
58.0844 16406
58.0844 15309
58.0868 16406
58.0869 14649
58.0885 16406
58.0885 1522
58.0885 7543
58.0911 16406
58.0912 16406
58.0912 2078
58.0912 16406
58.0918 30
58.0946 16406
58.0946 2078
58.0975 16406
58.0975 16406
58.0975 29568
58.099 421
58.1045 594
58.1316 8379
58.1335 16406
58.1336 2369
58.1446 9820
58.1446 31
58.152 8379
58.154 16406
58.154 489
58.161 434
58.2152 0
58.241 16406
58.2434 16406
58.2435 352
58.2435 1915
58.2608 16406
58.2629 16406
58.2629 6054
58.345 16406
58.3474 11986
58.4156 16406
58.4179 1055
58.4179 16406
58.418 30
58.418 7228
58.4915 16406
58.4929 10350
58.4965 401
58.5164 457
58.5354 16406
58.5355 8960
58.5374 2915
58.5821 16406
58.5843 14486
58.6419 451
58.6419 16406
58.6457 16406
58.6457 2106
58.6854 16406
58.6876 8967
58.6876 16406
58.6876 1529
58.6913 9051
58.6913 16406
58.6914 11749
58.7854 5194
58.7923 16406
58.7954 16406
58.7955 1486
58.8234 460
58.8308 461
58.838 16406
58.8381 16406
58.8381 1047
58.8402 16406
58.8402 16406
58.8402 2072
58.8412 5507
58.887 16406
58.887 30
58.887 8966
58.8892 16406
58.8892 1529
58.8892 9996
58.8905 6410
58.8905 5947
58.8906 1189
58.94 16406
58.9421 9110
58.965 16406
58.9678 1054
58.9678 16406
58.9678 30
58.9696 2440
58.9696 16406
58.9696 30
58.9734 16406
58.9735 16406
58.9735 13980
58.9735 3132
58.9758 16406
58.9758 23679
58.9781 16406
58.9782 7118
58.9782 16406
58.98 16406
58.9801 38
59.0151 8379
59.0178 16406
59.0179 14089
59.0705 16406
59.0706 30
59.0746 16406
59.0746 2078
59.0746 16406
59.0746 30
59.0773 12374
59.087 440
59.1052 436
59.1591 401
59.1629 426
59.1629 16406
59.1662 16406
59.1662 13518
59.238 8379
59.2422 16406
59.2422 14965
59.2617 16406
59.2617 10914
59.3095 16406
59.3095 8952
59.3095 8376
59.3691 379
59.3794 8379
59.3817 16406
59.3817 30
59.3832 15153
59.4158 440
59.4159 16406
59.4175 1055
59.4175 16406
59.4176 30
59.4199 1831
59.4388 456
59.4661 16406
59.4697 1055
59.4697 16406
59.4697 16406
59.4698 2444
59.5395 8379
59.5429 16406
59.5429 30
59.5429 15397
59.5605 16406
59.563 16406
59.563 16406
59.563 3714
59.6101 16406
59.6119 1061
59.6119 16406
59.6119 30
59.6144 1053
59.6144 16406
59.6144 30
59.6173 16406
59.6174 1054
59.6174 10802
59.629 416
59.6671 16406
59.6671 30
59.6689 16406
59.669 1048
59.669 923
59.7106 16406
59.7107 938
59.7129 16406
59.713 10534
59.7366 436
59.7398 426
59.7627 16406
59.7656 16406
59.7656 5302
59.7797 12166
59.7798 15662
59.8348 8973
59.8371 7785
59.8371 16406
59.8371 30
59.8393 1201
59.8393 7004
59.8599 16406
59.8599 30
59.8599 1053
59.8622 16406
59.8622 16246
59.8788 121
59.8995 417
59.9216 16406
59.9238 1061
59.9238 16406
59.9238 30
59.9251 1053
59.9251 16406
59.9251 30
59.927 1469
59.9579 389
59.9849 16406
59.985 1061
59.9883 16406
59.9884 30
59.9884 13182
60.0144 1169
60.018 6786
60.018 27
60.0564 16406
60.0564 16902
60.101 420
60.1055 16406
60.1055 16406
60.1056 31836
60.1056 16406
60.1056 2856
60.1071 17333
60.1071 29020
60.1071 16406
60.1072 16406
60.1087 32772
60.1109 16406
60.111 16406
60.111 32757
60.1127 16406
60.1128 16406
60.1128 32796
60.1129 14280
60.1129 2126
60.1129 287
60.1147 16406
60.1147 1528
60.1172 16406
60.1173 1529
60.1189 8964
60.1223 16406
60.1223 1521
60.1223 8971
60.1262 16406
60.1263 1529
60.1263 9947
60.1263 16406
60.1263 11424
60.1271 4982
60.1271 17562
60.1338 8379
60.1369 16406
60.1369 11393
60.1369 0
60.141 4010
60.141 4113
60.141 1763
60.1411 31
60.1872 418
60.22 2856
60.22 2856
60.2383 2856
60.2383 2856
60.2648 2856
60.2648 2856
60.2739 453
60.2831 2856
60.2831 2856
60.301 2856
60.301 2856
60.3189 2856
60.3189 2856
60.3371 2856
60.3371 2856
60.3393 394
60.355 2856
60.355 2856
60.3739 440
60.3739 47124
60.3739 2856
60.3746 27279
60.4335 3969
60.4361 16406
60.4362 8846
60.5218 455
60.5373 16406
60.5373 768
60.5373 6220
60.5656 10496
60.5687 16406
60.5687 1523
60.5709 261
60.5847 16406
60.5847 8955
60.5859 4989
60.6406 16406
60.6439 16406
60.644 4306
60.644 402
60.7152 16406
60.7182 16406
60.7182 1514
60.7201 5830
60.7614 10154
60.7647 16406
60.7647 1523
60.7647 227
60.8199 16406
60.82 1529
60.82 8979
60.8214 5534
60.865 8973
60.8678 16406
60.8679 8965
60.8688 2107
60.8749 423
60.9012 8379
60.9042 8973
60.9042 16406
60.9042 8495
60.9058 3516
60.9559 397
60.9764 8979
60.9802 16406
60.9802 1529
60.9829 16401
60.9829 7267
60.9873 15866
60.9873 13842
60.9935 405
61.0153 8979
61.0173 16406
61.0174 1581
61.0618 8979
61.064 16406
61.064 1529
61.064 13298
61.0668 447
61.0945 16406
61.096 11234
61.1288 16406
61.1289 5712
61.1304 10694
61.1305 10002
61.1656 8979
61.1686 16406
61.1686 1529
61.17 16406
61.17 994
61.2093 5712
61.2099 3267
61.2124 5712
61.2129 10694
61.2129 1529
61.2167 16406
61.2167 6070
61.2349 0
61.2494 16406
61.2495 13302
61.2656 8979
61.2687 16406
61.2687 1529
61.2719 16406
61.2719 3438
61.3307 16406
61.3307 16406
61.3307 1674
61.3516 8979
61.3549 16406
61.355 16406
61.355 669
61.3758 16406
61.3758 8960
61.3758 415
61.4281 16406
61.4282 24
61.4307 16406
61.4307 1523
61.4316 1118
61.4668 16406
61.4686 24
61.4686 16406
61.4687 1511
61.4713 13971
61.5516 457
61.5516 401
61.5516 16406
61.5517 24
61.5517 16406
61.5517 1506
61.5517 11288
61.5518 8379
61.5518 16406
61.5518 5509
61.5649 8379
61.568 16406
61.568 1530
61.568 8577
61.61 8979
61.6125 16406
61.6125 1054
61.6163 16406
61.6163 1522
61.6163 16406
61.6173 16406
61.6173 3036
61.6196 16406
61.6196 11559
61.6305 446
61.6541 445
61.7109 8979
61.7129 13453
61.7152 16406
61.7153 0
61.7153 0
61.7153 39
61.7169 12982
61.7617 457
61.769 9558
61.769 8973
61.7716 16406
61.7716 1529
61.7716 8664
61.8041 16406
61.8041 938
61.8062 16406
61.8063 1529
61.8078 1834
61.823 411
61.8291 16406
61.8291 9996
61.8312 6410
61.8312 10474
61.8312 16406
61.8312 10462
61.8342 16406
61.8342 8566
61.8475 480
61.8476 16406
61.8476 938
61.8502 7930
61.8655 8979
61.8674 7465
61.87 16406
61.8701 16406
61.8701 16402
61.8875 13021
61.8896 16406
61.8896 1529
61.891 16300
61.9173 16406
61.9189 16406
61.9189 8961
61.9205 10469
61.9205 16406
61.9206 6343
61.9223 7779
61.9524 16406
61.9525 16406
61.9525 3830
62.0125 8979
62.0156 16406
62.0157 1529
62.0157 16406
62.0157 8959
62.0176 6165
62.0176 27
62.0389 16406
62.0389 16406
62.0389 496
62.0659 420
62.0729 16406
62.0729 774
62.0729 16406
62.073 16406
62.073 19992
62.0736 5570
62.0736 16406
62.0736 1536
62.081 16406
62.081 16406
62.081 14860
62.0811 9995
62.0829 16406
62.0829 1536
62.0829 6601
62.085 16406
62.0851 344
62.0879 8979
62.0879 16406
62.0879 16406
62.0879 2856
62.0891 14516
62.0891 6505
62.0929 16406
62.0929 16406
62.093 32749
62.0936 1334
62.1208 441
62.1334 9873
62.1469 8222
62.1502 16406
62.1502 782
62.1502 928
62.1502 2190
62.2132 16406
62.2149 14110
62.31 16406
62.3138 9411
62.3138 16406
62.3138 2856
62.314 2221
62.3278 463
62.3753 16406
62.3774 16406
62.3774 5302
62.395 16406
62.3951 30
62.3969 11817
62.397 942
62.4345 16406
62.4346 457
62.4346 8964
62.4346 7480
62.4384 16406
62.4384 8960
62.4404 6808
62.4659 16406
62.466 16102
62.4686 349
62.511 16406
62.511 9403
62.513 16406
62.513 30
62.513 2196
62.5148 31
62.566 8979
62.5678 7465
62.5678 16406
62.5679 9350
62.5692 667
62.5692 1107
62.608 16406
62.609 8846
62.6179 0
62.6737 16406
62.6737 13538
62.7026 32
62.7026 25
62.718 16406
62.718 30
62.7207 8966
62.7207 2909
62.7501 450
62.792 398
62.8186 16406
62.8186 7154
62.826 474
62.832 0
62.8588 321
62.8854 16406
62.887 16406
62.8871 6078
62.8871 1265
62.9464 389
62.96 8979
62.9637 16399
62.9638 16406
62.9638 1830
62.9638 1083
63.0583 461
63.0604 8973
63.0604 7471
63.0627 4326
63.0799 122
63.0838 16406
63.0838 1529
63.086 14304
63.086 640
63.0886 16406
63.0886 30
63.0886 16406
63.0886 90
63.0914 1173
63.1838 16406
63.1839 30
63.1877 16406
63.1877 16406
63.1878 32751
63.1885 2326
63.2174 16406
63.2174 3955
63.2174 7997
63.3155 16406
63.3155 30
63.3184 16406
63.3184 1054
63.3208 16406
63.3209 16406
63.3209 15345
63.3223 16406
63.3224 815
63.325 16406
63.325 16057
63.325 374
63.3319 8979
63.3361 16406
63.3361 1054
63.3391 16406
63.3392 1054
63.3392 10011
63.3406 1411
63.3874 449
63.4097 0
63.4346 16406
63.4346 30
63.4367 8594
63.4558 415
63.4829 424
63.4829 8973
63.4854 16406
63.4855 7149
63.4855 295
63.5147 16406
63.5147 30
63.5176 16406
63.5177 344
63.52 1053
63.5218 16406
63.5219 30
63.5234 15730
63.5258 10672
63.5259 16406
63.5259 1529
63.528 7843
63.528 16406
63.5281 564
63.5298 12122
63.5323 16406
63.5323 7408
63.5728 16406
63.5739 24
63.5789 16406
63.5789 1054
63.5797 4306
63.5797 1059
63.6153 426
63.6415 16406
63.6437 16406
63.6438 3178
63.6527 8973
63.6545 7465
63.6569 16406
63.6569 1516
63.6569 16406
63.657 12378
63.7218 16406
63.7218 10478
63.724 7602
63.7261 8379
63.7284 16406
63.7285 30
63.7302 16406
63.7303 1523
63.7331 16406
63.7331 147
63.7331 16406
63.7331 13610
63.7351 4034
63.7351 761
63.7618 8979
63.7618 7465
63.7666 16406
63.7667 16406
63.7667 30116
63.7677 812
63.7677 1936
63.7693 5644
63.7724 32
63.7724 25
63.7833 385
63.7914 16406
63.7914 1523
63.7929 14607
63.7929 375
63.8178 16406
63.8179 8960
63.8197 7484
63.8261 16406
63.8262 11422
63.8734 16406
63.8734 25460
63.9095 2957
63.9095 16406
63.913 16406
63.9131 1525
63.9131 4903
63.9263 189
63.9263 157
63.9973 8973
63.9973 7465
64.0026 449
64.0026 12040
64.0026 27
64.0243 0
64.0244 16406
64.0245 16406
64.0245 496
64.0335 456
64.0489 457
64.0513 420
64.1265 16406
64.1266 767
64.1297 4010
64.1297 5432
64.15 16406
64.15 13612
64.1519 409
64.152 16406
64.1521 3113
64.1521 16406
64.1521 2856
64.1552 13550
64.1552 32773
64.1556 1917
64.1556 16406
64.1557 1521
64.1596 16406
64.1596 16406
64.1596 8267
64.1596 12852
64.1609 3554
64.1609 5291
64.1609 2852
64.1629 16406
64.163 16406
64.163 12980
64.1648 16406
64.1648 15513
64.1648 8979
64.1674 16406
64.1675 8350
64.1675 2204
64.1829 16406
64.1829 8960
64.1846 1787
64.2057 0
64.2149 8973
64.2149 4284
64.2164 12122
64.2164 466
64.2633 16406
64.2633 2285
64.2649 9779
64.2649 403
64.3249 8979
64.328 16406
64.328 7922
64.328 1386
64.3297 2483
64.3659 16406
64.3686 15050
64.4129 16406
64.4129 8960
64.4143 16106
64.4154 939
64.4776 1677
64.4776 8973
64.482 16406
64.4821 7922
64.4821 440
64.4846 8368
64.5233 16406
64.5234 8966
64.525 5918
64.5328 429
64.5634 16406
64.5671 16406
64.5671 1486
64.6256 16406
64.6257 8519
64.628 16406
64.628 2201
64.6401 448
64.6615 16406
64.6616 9872
64.6616 1428
64.6619 8583
64.6619 670
64.6713 387
64.7311 16406
64.7311 10478
64.7312 3089
64.7443 426
64.7767 16406
64.7767 9872
64.7794 8584
64.7895 0
64.7895 380
64.7895 554
64.8067 0
64.8092 9834
64.812 16406
64.8121 16406
64.8121 6752
64.8157 423
64.8515 8379
64.8538 8973
64.8538 16406
64.8552 1529
64.8552 7843
64.8552 1221
64.9175 16406
64.9176 9403
64.9199 16406
64.9199 8957
64.9224 2109
64.9671 8979
64.9671 7465
64.9696 16406
64.9697 9344
64.9697 673
64.9709 3551
64.9896 400
64.9998 436
65.0242 8979
65.0259 32
65.0259 25
65.0259 16406
65.026 6783
65.0277 15696
65.09 16406
65.0901 16406
65.0901 1478
65.1254 422
65.1325 8379
65.1325 16406
65.1325 2557
65.161 445
65.1817 16406
65.1817 16406
65.1818 7926
65.1842 189
65.1842 157
65.2153 8379
65.2173 16406
65.2174 12653
65.2599 8979
65.2599 7140
65.2616 407
65.2616 325
65.2616 16406
65.2616 782
65.2636 12180
65.2637 475
65.2903 434
65.3227 8379
65.3244 16406
65.3244 621
65.341 16406
65.341 30
65.3447 14670
65.3447 401
65.3644 16406
65.3645 9997
65.3664 16406
65.3664 485
65.3686 16406
65.3686 776
65.3686 789
65.3708 15004
65.3726 16406
65.3726 10082
65.3726 1107
65.4146 16406
65.4147 16406
65.4147 942
65.4352 425
65.4776 8979
65.4798 16406
65.4799 77
65.5155 16406
65.5155 986
65.5175 10829
65.5176 16406
65.5176 782
65.5201 768
65.5201 16406
65.5202 5600
65.5815 16406
65.5816 8960
65.5831 4308
65.5831 981
65.5926 440
65.6228 8379
65.6253 16406
65.6253 1054
65.6274 16406
65.6274 8313
65.6292 680
65.6292 16406
65.6292 782
65.6316 1252
65.6316 16406
65.6317 8568
65.6331 7838
65.6331 7238
65.6331 7494
65.636 1091
65.636 7669
65.638 16406
65.638 1530
65.6403 386
65.6404 16406
65.6405 8371
65.6405 5712
65.6426 8813
65.6426 16406
65.6427 7249
65.644 295
65.6714 421
65.703 425
65.7214 8979
65.7214 7501
65.7263 16406
65.7264 938
65.7283 9058
65.7379 401
65.7455 412
65.7763 16406
65.7763 30
65.7775 16406
65.7775 350
65.8118 478
65.8118 16406
65.8146 24
65.8146 16406
65.8147 1518
65.8157 440
65.8158 3569
65.8158 1343
65.8641 16406
65.8641 24
65.8671 16406
65.8672 9350
65.8672 1132
65.8684 1644
65.901 16406
65.9011 8955
65.9011 5734
65.903 732
65.9183 16406
65.9183 8379
65.9204 4625
65.9815 8379
65.9843 16406
65.9843 782
65.9843 9696
65.9857 410
66.0218 452
66.0237 10746
66.027 27
66.0488 16406
66.0488 16406
66.0488 496
66.0707 427
66.0753 8777
66.0789 16406
66.0789 1054
66.086 16406
66.086 8966
66.0884 16406
66.0885 16059
66.0963 8979
66.0963 16406
66.0963 7779
66.0967 343
66.0967 16406
66.0968 1516
66.1002 16406
66.1002 1528
66.1002 14949
66.1038 16406
66.1039 16406
66.1039 72
66.105 16406
66.1051 16406
66.1051 17064
66.1074 8957
66.1074 16406
66.1075 16406
66.1087 8734
66.1105 15137
66.1128 16406
66.1128 2791
66.1157 16406
66.1157 16406
66.1158 987
66.1178 16406
66.1179 1528
66.1202 441
66.1203 10149
66.1203 16406
66.1203 1521
66.124 16406
66.124 16406
66.124 13216
66.124 0
66.1252 16406
66.1252 16406
66.1253 9007
66.1271 16406
66.1271 16406
66.1271 4010
66.1271 4113
66.1271 1299
66.1271 31
66.1272 5836
66.129 16406
66.1291 3402
66.1753 16406
66.1767 12230
66.2128 392
66.2362 8979
66.2384 16128
66.2385 4875
66.3002 8222
66.3021 16406
66.3021 1523
66.3047 16406
66.3048 5893
66.3674 8979
66.3674 16406
66.3675 8349
66.4079 8379
66.4109 16406
66.4109 12333
66.4516 8979
66.4546 16406
66.4546 344
66.4546 8965
66.456 3235
66.5148 10774
66.5183 16406
66.5183 10472
66.5207 1939
66.572 16406
66.572 30
66.572 16406
66.572 6178
66.6198 8979
66.6218 7465
66.6246 16406
66.6247 8622
66.6366 459
66.639 511
66.6658 16406
66.6658 14102
66.7267 8379
66.729 8979
66.7321 16406
66.7321 1529
66.7321 1696
66.7396 404
66.7739 16406
66.7769 439
66.7769 16406
66.777 12954
66.7782 430
66.7885 407
66.8153 8979
66.8169 16406
66.817 3273
66.8242 399
66.8777 16406
66.8805 14486
66.8907 433
66.9099 449
66.9278 397
66.9278 8379
66.931 16406
66.931 16406
66.9311 2341
66.96 8979
66.9622 16406
66.9622 17395
66.9955 434
66.9976 467
67.0051 8979
67.0079 16406
67.0079 16406
67.008 3997
67.069 8379
67.069 8973
67.0715 16406
67.0716 10463
67.0716 8241
67.1149 16406
67.115 9997
67.1171 16406
67.1171 1529
67.1171 6876
67.1246 359
67.132 400
67.1559 461
67.1745 7722
67.1761 444
67.1783 16406
67.1784 10321
67.1799 5199
67.197 8979
67.2342 16406
67.2342 5097
67.2342 16406
67.2343 8966
67.2343 7478
67.2651 16406
67.2678 16406
67.2679 14214
67.3021 16406
67.3041 16406
67.3042 1062
67.3061 6150
67.3217 416
67.3659 8979
67.369 16401
67.3709 16406
67.3709 1529
67.3709 5895
67.3848 421
67.4164 16406
67.4164 16406
67.4165 8954
67.4168 4962
67.4548 16406
67.4548 10478
67.4548 12810
67.5161 16406
67.5176 8968
67.5176 16406
67.5176 1529
67.5187 2516
67.555 563
67.5608 8973
67.5608 16401
67.5638 5924
67.6093 8973
67.6129 16406
67.613 1060
67.613 11273
67.6547 390
67.666 8379
67.666 8979
67.668 16406
67.668 1529
67.6697 10213
67.7099 8379
67.7121 16406
67.7121 16406
67.7121 3657
67.7299 405
67.7531 2545
67.7552 8973
67.7575 16406
67.7576 16406
67.7576 1522
67.7576 4827
67.8225 16406
67.8255 16406
67.8255 8630
67.8565 8973
67.8606 16406
67.8606 1060
67.8628 16406
67.8628 1521
67.8628 2665
67.9421 8979
67.9454 16401
67.9454 16406
67.9454 2506
67.9486 16406
67.9486 11602
68.026 397
68.0319 16406
68.0334 8968
68.0363 2163
68.0363 27
68.0584 16406
68.0584 16406
68.0584 496
68.0838 420
68.0838 8965
68.0882 16406
68.0882 448
68.0883 1061
68.0883 16406
68.0883 1241
68.0915 16406
68.0915 8302
68.0932 16406
68.0932 1524
68.0932 16406
68.0932 1608
68.0963 16406
68.0963 16406
68.0964 32796
68.0974 4150
68.0993 16406
68.0993 9916
68.1019 16406
68.1019 1529
68.1019 8101
68.1073 16406
68.1073 16406
68.1074 32767
68.1076 4179
68.1076 16406
68.1076 30
68.1085 1053
68.1085 16406
68.1085 5712
68.1102 10694
68.1102 1054
68.112 16406
68.112 2078
68.112 8979
68.1144 16406
68.1145 8489
68.117 16406
68.1171 1522
68.1188 16406
68.1189 1610
68.1189 8092
68.1189 1767
68.1189 31
68.1206 16406
68.1207 7133
68.1339 8979
68.1339 16406
68.134 5193
68.2239 409
68.2279 16406
68.228 30
68.2298 9778
68.3045 443
68.3261 9010
68.3261 16406
68.3262 13958
68.4255 13378
68.4703 449
68.4818 16406
68.4819 15794
68.5822 16406
68.5822 8958
68.5855 16406
68.5855 1521
68.5855 5535
68.5943 437
68.6225 6602
68.6252 16406
68.6252 11327
68.6275 16406
68.6275 10449
68.6275 5338
68.6323 385
68.6733 8222
68.6758 16406
68.6758 9726
68.7168 16406
68.7169 8966
68.7177 4922
68.7605 483
68.7891 6826
68.7917 16406
68.7917 10472
68.794 16406
68.794 2703
68.7959 16406
68.7959 6224
68.7979 16406
68.7979 8217
68.815 16406
68.815 1054
68.818 16406
68.8181 16406
68.8181 16904
68.8326 385
68.8814 16406
68.8815 1054
68.8815 16406
68.8815 1294
68.9179 414
68.942 453
68.9517 410
68.9836 16406
68.9836 6582
68.9885 16406
68.9885 1054
68.9912 16406
68.9913 9441
68.9938 16406
68.9938 10059
68.9991 16406
68.9991 16406
68.9992 11978
69.0002 16406
69.0003 2414
69.0025 16406
69.0025 30
69.0045 16406
69.0046 6921
69.0046 16406
69.0046 12877
69.006 13013
69.0061 14397
69.089 14338
69.1261 396
69.19 15634
69.2209 16406
69.2236 24
69.2236 16406
69.2236 1428
69.2251 12824
69.2284 16406
69.2285 16406
69.2285 12028
69.2289 4160
69.3215 13566
69.3287 16406
69.3288 30
69.3313 16406
69.3313 1522
69.334 16406
69.334 16406
69.334 11577
69.3361 16406
69.3361 3363
69.3912 16406
69.3927 9066
69.4305 421
69.437 16406
69.4412 10350
69.4559 8379
69.4586 16406
69.4586 30
69.4602 8065
69.4651 445
69.5082 16406
69.5083 1529
69.512 16406
69.5121 16406
69.5121 1524
69.5153 16406
69.5153 109
69.5153 3745
69.5637 16406
69.5665 24
69.5665 16406
69.5666 5432
69.5885 0
69.5885 2314
69.608 16406
69.6109 16406
69.611 18682
69.611 2031
69.6489 447
69.6624 390
69.6624 16406
69.6625 8964
69.6647 16406
69.6647 4632
69.6896 8979
69.6918 16406
69.6918 2277
69.7152 16406
69.7153 8964
69.7193 16406
69.7193 1048
69.7193 3801
69.7425 8973
69.7447 16406
69.7447 6231
69.7685 16406
69.7685 30
69.7715 8966
69.7734 7478
69.8012 8979
69.8038 16406
69.8038 2465
69.8184 8979
69.821 467
69.821 16406
69.821 7465
69.8528 410
69.8652 16406
69.8653 9365
69.8715 16406
69.8715 30
69.8732 15775
69.8786 122
69.904 8973
69.9066 16406
69.9066 17453
69.9067 7366
69.941 409
69.9793 427
69.9793 462
70.0055 16406
70.0056 6902
70.0099 605
70.0099 434
70.0129 16406
70.0148 425
70.0148 16406
70.0148 6738
70.0174 27
70.0397 16406
70.0398 16406
70.0398 496
70.0676 420
70.0702 8379
70.0702 16406
70.0702 11058
70.0723 7434
70.0747 16406
70.0747 30
70.0747 1053
70.0779 16406
70.078 500
70.0818 16406
70.0818 10470
70.0839 16406
70.0839 1529
70.0855 8968
70.0855 16406
70.0855 1523
70.0881 16093
70.0881 16406
70.0881 30
70.0904 8142
70.0926 16406
70.0926 16406
70.0926 2078
70.0954 16406
70.0954 1054
70.0954 11424
70.0969 4982
70.0969 30
70.0969 1053
70.0988 16406
70.0988 4414
70.1013 14078
70.1013 16406
70.1013 30
70.1038 1053
70.1038 16406
70.1038 30
70.1054 1053
70.1054 16406
70.1054 1054
70.1072 16406
70.1072 1054
70.1093 16406
70.1094 30
70.1094 1053
70.1115 16406
70.1115 30
70.1139 4010
70.1139 5831
70.114 31
70.114 16406
70.114 2078
70.118 16406
70.118 1054
70.1203 16406
70.1204 30
70.1204 6702
70.1225 16406
70.1226 30
70.1246 8966
70.1246 4226
70.14 16406
70.1401 30
70.1401 8966
70.1422 4037
70.175 374
70.1854 16406
70.1855 0
70.1871 11666
70.1921 390
70.197 412
70.232 428
70.2374 8379
70.2374 16406
70.2374 30
70.2391 1523
70.2391 1062
70.2738 16406
70.2739 30
70.2759 13726
70.3167 16406
70.3168 774
70.3168 8282
70.3559 16406
70.356 9927
70.3584 4393
70.4273 16406
70.4299 16406
70.43 7314
70.4414 424
70.461 16406
70.4645 12794
70.4764 492
70.5109 8379
70.5138 8973
70.5138 16406
70.5138 1529
70.5162 4711
70.5324 396
70.5614 397
70.576 16406
70.576 30
70.576 16406
70.576 1524
70.5769 7504
70.6167 16406
70.6168 30
70.6197 11846
70.6616 8379
70.6646 16406
70.6646 7069
70.7169 16406
70.7184 16406
70.7184 1514
70.72 8462
70.7569 7614
70.7599 16406
70.7599 1518
70.7616 2585
70.8109 8979
70.8131 16401
70.8131 16406
70.8131 1529
70.8154 818
70.8768 16406
70.8769 16406
70.8769 344
70.8769 10376
70.9113 16406
70.9113 11846
70.9601 16406
70.9601 30
70.963 16406
70.963 162
71.0041 417
71.015 16406
71.015 1048
71.0176 16406
71.0177 30
71.0177 5724
71.0575 16406
71.0575 30
71.061 16406
71.061 10449
71.061 4783
71.0923 421
71.1011 5806
71.1032 16406
71.1032 1518
71.1055 16406
71.1056 1529
71.1056 101
71.1134 408
71.1161 424
71.1647 445
71.1648 16406
71.1667 1055
71.1667 16406
71.1667 30
71.1686 16406
71.1686 1316
71.2154 16406
71.2154 1048
71.2154 410
71.2174 16406
71.2174 30
71.2174 9441
71.2189 4209
71.256 8379
71.258 16406
71.258 8761
71.3085 399
71.3181 16406
71.3182 16406
71.3182 1524
71.3182 2427
71.3701 16406
71.3701 8693
71.3701 16406
71.3702 30
71.3702 1788
71.3702 511
71.4224 13718
71.425 8965
71.425 16406
71.425 1529
71.428 16406
71.4281 16406
71.4281 1900
71.4634 16406
71.4635 30
71.4635 1053
71.4658 16406
71.4658 30
71.4658 499
71.4658 5712
71.4669 1660
71.5096 16406
71.5096 16406
71.5096 13266
71.5366 432
71.5915 405
71.5916 16406
71.5917 30
71.5917 1053
71.5917 16406
71.5917 30
71.5917 13482
71.6158 16406
71.6158 1048
71.6186 16406
71.6187 30
71.6187 1053
71.6209 16406
71.6209 30
71.6209 974
71.6227 1790
71.6305 454
71.6658 16406
71.6659 3931
71.6679 16406
71.6679 6551
71.6679 3519
71.7008 16406
71.7009 8960
71.7016 3423
71.7224 16406
71.7241 8968
71.7258 7484
71.7679 16406
71.768 26859
71.7706 6471
71.789 16406
71.789 30
71.789 8966
71.7915 2477
71.8134 16406
71.8134 13546
71.8565 428
71.8647 451
71.8721 16406
71.8747 1055
71.8747 16406
71.8747 30
71.8774 12736
71.8862 411
71.9126 12170
71.9145 451
71.9145 16406
71.9145 1054
71.9164 16406
71.9165 30
71.9188 16406
71.9189 9286
71.9573 404
72.0327 408
72.0329 16406
72.0329 30
72.0329 8966
72.0329 10618
72.0329 27
72.0537 27
72.0616 16406
72.0616 16406
72.0617 496
72.0909 420
72.0909 16406
72.091 16406
72.091 31835
72.0925 16406
72.0926 16406
72.0926 32781
72.0926 4977
72.0926 9996
72.0932 6410
72.0932 1061
72.0932 16406
72.0932 30
72.0949 1053
72.0949 16406
72.095 30
72.0967 1053
72.0967 16406
72.0967 1054
72.0984 15730
72.1016 10696
72.1017 489
72.1017 16406
72.1017 1529
72.1031 422
72.1059 16406
72.106 15054
72.106 0
72.106 16406
72.1061 10696
72.109 4010
72.109 5858
72.109 276
72.109 16406
72.109 2078
72.1105 16406
72.1106 500
72.1106 583
72.1137 431
72.1137 16406
72.1138 13296
72.1158 4172
72.1158 16406
72.1158 782
72.1177 1325
72.1177 16406
72.1177 1054
72.1205 16406
72.1205 30
72.1205 9062
72.123 11040
72.123 16406
72.123 884
72.124 15894
72.1255 407
72.1257 9274
72.1257 735
72.1481 8379
72.1481 15738
72.1492 3553
72.1492 1344
72.1746 2429
72.1768 16406
72.1769 14014
72.205 0
72.205 2116
72.214 8979
72.2163 8489
72.2537 0
72.2537 434
72.2537 16406
72.2537 6488
72.2537 895
72.2602 16406
72.2629 16406
72.2629 380
72.2629 1175
72.2629 176
72.3155 16406
72.318 16406
72.3181 6186
72.381 8379
72.3829 16406
72.383 1429
72.4746 16406
72.4746 8590
72.4746 1405
72.4884 8379
72.4914 16406
72.4914 301
72.5506 16406
72.5507 8387
72.5538 16406
72.5538 6494
72.5538 388
72.6173 16406
72.6173 14666
72.6189 216
72.6435 413
72.6707 424
72.6797 16406
72.6818 11666
72.7043 16406
72.7043 9873
72.7046 1062
72.7102 402
72.7705 8379
72.7724 15738
72.7741 1164
72.8184 16406
72.8184 30
72.8184 11439
72.8197 247
72.8642 457
72.8753 16406
72.8773 9034
72.9191 16406
72.9191 1054
72.9223 16406
72.9224 30
72.9224 767
72.9233 315
72.926 16406
72.926 16406
72.926 4646
72.926 585
72.9654 16298
72.9675 16406
72.9675 2722
72.9895 0
72.9895 137
72.9895 695
73.0207 480
73.0313 8973
73.0341 16406
73.0341 4284
73.0352 12122
73.0352 777
73.0352 1428
73.0365 5051
73.0365 1083
73.0399 16406
73.0399 30
73.0399 12852
73.0402 2202
73.0402 1377
73.0431 16406
73.0431 6721
73.0431 5500
73.046 771
73.046 16406
73.046 1522
73.0475 14982
73.0488 16406
73.0488 632
73.0507 10694
73.0508 327
73.1092 16406
73.1092 8379
73.1107 1450
73.1107 383
73.137 462
73.169 8379
73.1715 8973
73.1715 16406
73.1715 1054
73.1738 7560
73.1738 154
73.191 16406
73.1932 13114
73.2121 16406
73.2141 16406
73.2141 2086
73.216 16406
73.216 6486
73.216 653
73.2338 16406
73.2338 30
73.2338 8568
73.2346 7156
73.2346 719
73.2523 12026
73.2564 16406
73.2564 15719
73.2586 16406
73.2586 30
73.262 768
73.262 1009
73.273 474
73.305 16406
73.3064 10726
73.329 16406
73.3291 8960
73.3291 7162
73.3294 351
73.3509 403
73.3645 16406
73.3645 440
73.3661 16406
73.3662 5024
73.3683 16406
73.3684 774
73.3699 174
73.4113 16406
73.4132 16406
73.4132 3214
73.4132 1121
73.4677 16406
73.4698 16406
73.4698 1056
73.4698 1023
73.5375 16406
73.5392 10726
73.552 291
73.5521 16406
73.5551 8658
73.6148 8379
73.6176 16406
73.6176 30
73.619 6486
73.619 235
73.6634 8379
73.6659 16406
73.666 30
73.666 4284
73.6673 9342
73.6673 107
73.7001 8379
73.7027 16406
73.7027 30
73.7047 16406
73.7048 9097
73.7048 705
73.7067 1565
73.7683 16406
73.7702 16406
73.7702 16406
73.7702 32
73.7702 3107
73.7729 16406
73.7729 30
73.7729 5727
73.7737 548
73.8167 16406
73.8168 12418
73.8289 655
73.8601 9594
73.8638 16406
73.8638 1523
73.8638 16406
73.8647 1536
73.8648 5650
73.8669 981
73.8669 16406
73.867 1529
73.869 1450
73.869 1390
73.929 421
73.9362 16406
73.9385 16406
73.9386 1062
73.9386 2878
73.9386 424
73.9791 8379
73.9815 16406
73.9816 12145
74.0195 5670
74.0212 27
74.0292 429
74.0431 16406
74.0431 16406
74.0431 496
74.1039 8640
74.1039 742
74.107 420
74.1105 442
74.1105 16406
74.1106 32812
74.1122 4521
74.1122 16406
74.1296 16406
74.1296 32
74.1321 16406
74.1322 30
74.1322 15569
74.1337 417
74.1338 16406
74.1365 13623
74.1365 16406
74.139 16406
74.139 32
74.1415 16406
74.1415 30
74.1486 16360
74.1513 14853
74.1514 16406
74.1538 16406
74.1539 32
74.1539 16406
74.1539 30
74.157 16353
74.157 5712
74.1587 10694
74.1588 16406
74.1588 32
74.1615 16406
74.1616 30
74.1616 16375
74.1643 16406
74.1644 16406
74.1644 32
74.1665 16406
74.1666 30
74.1697 16360
74.1698 16406
74.1698 1942
74.1711 9038
74.1851 14882
74.2358 8379
74.2378 16406
74.2378 30
74.2389 3120
74.2794 464
74.3288 16406
74.3331 16406
74.3331 1674
74.3566 416
74.3838 8973
74.3838 16091
74.3974 406
74.4304 8216
74.4323 16406
74.4323 1968
74.5315 8979
74.5342 16406
74.5342 9687
74.5353 8844
74.5809 26
74.581 8973
74.5832 16406
74.5832 3843
74.6699 1525
74.6733 16406
74.6734 30
74.6748 8966
74.6748 5738
74.6855 8979
74.6889 16406
74.689 16406
74.689 2078
74.689 7465
74.6912 16406
74.6913 15106
74.6943 16406
74.6944 8960
74.6944 16406
74.6944 7472
74.7052 444
74.7154 16406
74.7174 16406
74.7174 1050
74.7175 1581
74.754 447
74.7831 446
74.8173 8973
74.8173 6127
74.8357 16406
74.8381 9222
74.864 16406
74.8663 16406
74.8664 16406
74.8664 8381
74.8683 16406
74.8683 16406
74.8684 1056
74.8716 16406
74.8717 30
74.8742 10939
74.8743 16406
74.8743 5423
74.8764 16406
74.8765 1591
74.89 403
74.904 0
74.912 446
74.94 16406
74.947 16406
74.947 2858
75.0017 416
75.025 16406
75.025 24
75.0275 16406
75.0275 1054
75.0285 8676
75.0852 474
75.0985 16406
75.0999 13358
75.1188 8973
75.122 16406
75.1221 7471
75.1221 16406
75.1238 16406
75.1239 32
75.1239 11424
75.125 4982
75.125 36
75.1279 16406
75.1279 30
75.1292 16406
75.1292 16406
75.1312 16406
75.1313 16356
75.1313 10397
75.1358 16406
75.1359 30
75.1383 16406
75.1384 8289
75.1384 14202
75.1501 393
75.1629 16406
75.1645 11122
75.1915 401
75.2639 14506
75.3599 409
75.3636 10390
75.366 2077
75.3933 16406
75.3953 24
75.3953 16406
75.3953 2612
75.3976 448
75.4187 16406
75.4206 8968
75.4206 16406
75.4207 43
75.4225 8487
75.4246 16406
75.4246 30
75.4277 16406
75.4278 8305
75.4278 16406
75.4278 16406
75.4278 11975
75.436 430
75.5184 8302
75.5822 16406
75.5856 16406
75.5856 1056
75.5874 13864
75.6029 16406
75.606 8974
75.606 16406
75.606 8662
75.6082 16406
75.6082 30
75.6082 2161
75.6106 16406
75.6107 16406
75.6107 9717
75.613 16406
75.6131 6715
75.6137 402
75.7029 8666
75.7505 8973
75.7538 16406
75.7538 16406
75.7549 8391
75.7873 0
75.7873 115
75.7983 410
75.7984 16406
75.8 24
75.8 16406
75.8 3496
75.8045 0
75.8395 405
75.8442 16406
75.8459 1061
75.8459 16406
75.8459 30
75.8477 1053
75.8477 16406
75.8478 30
75.8494 717
75.8779 16406
75.878 24
75.8799 16406
75.8799 1054
75.881 1023
75.9314 8973
75.9341 16406
75.9341 7471
75.9418 16406
75.9439 16406
75.9439 3686
75.9447 405
76.0156 16406
76.0172 1055
76.0172 16406
76.0172 30
76.0215 835
76.0215 27
76.0426 16406
76.0426 16406
76.0426 496
76.0723 16073
76.075 16406
76.075 16406
76.0751 16265
76.0779 16406
76.0779 171
76.082 16406
76.082 16406
76.082 16227
76.0838 16406
76.0838 209
76.0838 9996
76.0854 6410
76.0854 12265
76.089 16406
76.089 16406
76.089 32761
76.093 16406
76.093 16406
76.0931 32767
76.0936 65
76.0972 16406
76.0972 16406
76.0972 4342
76.0979 16406
76.0979 8297
76.1002 8092
76.1002 1481
76.1003 31
76.1003 16406
76.1003 30
76.1032 1053
76.1032 16406
76.1032 16406
76.1033 32753
76.1072 16406
76.1072 16406
76.1073 15428
76.1089 1851
76.1089 16406
76.1089 8684
76.1125 16406
76.1126 16406
76.1126 2078
76.1145 16406
76.1146 30
76.1146 7273
76.1166 16406
76.1167 10472
76.1167 6766
76.1654 12438
76.1755 0
76.2674 16406
76.2674 7898
76.283 470
76.2977 444
76.3014 416
76.3895 408
76.3895 16010
76.437 16406
76.437 398
76.437 8966
76.437 653
76.5035 653
76.5352 9618
76.6149 16406
76.615 9966
76.6736 1398
76.7044 405
76.7112 16406
76.7126 16406
76.7127 2080
76.7127 16406
76.7127 30
76.7147 2819
76.7181 16406
76.7181 16406
76.7182 32756
76.7216 78
76.7216 16406
76.7216 16406
76.7217 22555
76.7218 6861
76.774 16406
76.7759 13358
76.8174 8379
76.8201 16406
76.8201 30
76.8227 10077
76.9202 16406
76.9215 7154
76.967 8973
76.9705 16406
76.9706 20762
76.9729 16406
76.973 7987
76.973 16406
76.973 10471
76.9755 14368
76.9755 3567
76.9778 16406
76.9778 16406
76.9779 11948
76.9785 2922
76.9785 16406
76.9785 1529
76.98 3044
77.0532 365
77.0532 8973
77.0532 8489
77.0533 16406
77.0533 30
77.0533 5656
77.076 411
77.1165 16406
77.1179 351
77.1209 16406
77.121 30
77.121 10472
77.1223 1625
77.212 16406
77.212 1048
77.2153 16406
77.2154 30
77.2154 2856
77.2167 5368
77.2256 446
77.2747 16406
77.2747 11986
77.2747 16406
77.2748 16406
77.2748 38
77.3172 16406
77.3208 16406
77.3208 16406
77.3209 3714
77.3209 7140
77.3223 9266
77.3223 16406
77.3224 8367
77.3258 16406
77.3258 8065
77.364 16406
77.364 16406
77.364 2833
77.4187 426
77.429 16406
77.4291 15606
77.4588 16406
77.4945 12418
77.5097 8973
77.5097 9996
77.511 6404
77.511 16406
77.511 1529
77.5144 16406
77.5145 1529
77.5145 6367
77.5342 24
77.551 0
77.5664 8973
77.5686 16406
77.5687 4483
77.5874 16406
77.5874 30
77.5874 11282
77.6185 16406
77.6185 16406
77.6185 38
77.662 16406
77.6641 1061
77.6641 16406
77.6641 30
77.666 1053
77.6689 403
77.6689 16406
77.6689 30
77.6689 1657
77.7204 16406
77.7224 1055
77.726 16406
77.726 30
77.726 16406
77.726 4568
77.7279 16406
77.728 16406
77.728 2078
77.7299 16406
77.73 30
77.73 14321
77.7314 61
77.7659 16406
77.766 16406
77.766 1042
77.7688 10462
77.8625 420
77.8657 460
77.8657 3389
77.8689 16406
77.869 8957
77.869 8974
77.8712 16406
77.8713 1115
77.9076 8379
77.9113 16406
77.9113 30
77.9113 1053
77.9143 16406
77.9143 30
77.9143 5509
77.9172 16406
77.9172 30
77.9188 8964
77.9217 16406
77.9218 3044
77.9245 3731
77.9245 16406
77.9245 30
77.9261 9101
77.9289 16406
77.9289 30
77.9289 1053
77.9306 16406
77.9306 30
77.9326 16406
77.9326 6970
77.9371 16406
77.9372 9014
77.9372 16406
77.9372 16406
77.9373 362
77.9377 16406
77.9377 10449
77.9377 6682
78.0086 2849
78.0195 4730
78.0224 27
78.0433 16406
78.0434 16406
78.0434 496
78.0678 420
78.0678 14280
78.0687 2126
78.0687 2196
78.0687 6043
78.071 10276
78.0794 16406
78.0795 7280
78.0819 16406
78.0819 1054
78.0844 16406
78.0844 30
78.0858 1053
78.0878 16406
78.0878 30
78.0901 16406
78.0901 16406
78.0901 15927
78.0922 0
78.0922 16406
78.0922 16406
78.0922 1682
78.0958 16406
78.0958 1054
78.0983 16406
78.0983 30
78.1004 16406
78.1004 15622
78.1037 16406
78.1037 1045
78.1037 14280
78.1039 2052
78.1062 16406
78.1062 30
78.1062 343
78.1085 16406
78.1085 30
78.1085 4010
78.1085 4113
78.1085 1757
78.1086 31
78.1105 16406
78.1105 16406
78.1106 9007
78.1125 1053
78.1125 16406
78.1125 30
78.1159 16406
78.116 16406
78.116 8288
78.1185 16406
78.1185 248
78.1185 1859
78.1213 16406
78.1213 30
78.1213 9996
78.1225 6220
78.1254 16406
78.1254 9519
78.1292 16406
78.1292 16406
78.1292 6872
78.1317 16406
78.1317 63
78.1446 8114
78.1986 25
78.2459 16406
78.2459 13350
78.2994 735
78.3067 406
78.3275 0
78.3275 3201
78.344 0
78.344 12814
78.3469 411
78.3492 320
78.4446 11498
78.4663 16406
78.4681 24
78.4708 16406
78.4709 36
78.5443 2221
78.5474 16406
78.5475 7769
78.5475 16406
78.5475 1428
78.5487 10312
78.5505 16406
78.5506 1522
78.5506 4957
78.6155 16212
78.6177 16406
78.6177 1719
78.6193 16406
78.6194 18021
78.6222 16406
78.6222 4338
78.6822 399
78.7147 426
78.7149 13122
78.7187 5550
78.7723 405
78.816 14178
78.8175 4117
78.828 456
78.8476 14554
78.8493 13706
78.8851 16406
78.8873 8968
78.8873 16406
78.8873 16406
78.8885 1067
78.8885 6435
78.9131 0
78.9856 16406
78.9875 8370
78.9895 417
78.9958 40
79.0018 0
79.0018 0
79.0018 0
79.0204 16406
79.0205 16406
79.0205 11021
79.0205 1202
79.0475 403
79.1139 3225
79.1847 16406
79.1867 16406
79.1867 9448
79.1887 16406
79.1887 1054
79.1909 16406
79.1909 30
79.1909 3183
79.1935 16406
79.1935 11536
79.1954 5972
79.2133 16406
79.2155 16406
79.2155 8530
79.2865 2365
79.2865 377
79.292 16406
79.2921 30
79.2921 16406
79.2921 28060
79.3087 479
79.3111 396
79.3143 16406
79.3162 16406
79.3163 38
79.3297 25
79.3349 425
79.3824 16406
79.3849 1055
79.3849 16406
79.3849 30
79.3865 2847
79.4161 408
79.4695 9897
79.4695 16406
79.4695 5363
79.4756 190
79.4756 157
79.4823 16406
79.4846 8701
79.4865 16406
79.4866 1046
79.4866 16406
79.4866 30
79.4888 16406
79.4888 15333
79.4905 12363
79.4906 2834
79.5315 16406
79.5331 24
79.5331 16406
79.5332 976
79.5365 16406
79.5366 30
79.5385 16406
79.5385 30
79.5746 444
79.5986 16406
79.5986 35
79.6007 1053
79.6027 16406
79.6028 30
79.6028 3537
79.6387 409
79.6635 16406
79.6635 30
79.667 16406
79.667 10746
79.6694 16406
79.6695 30
79.6695 16406
79.6714 10478
79.6715 16406
79.6715 5930
79.6727 60
79.7022 24
79.7214 0
79.7295 377
79.7413 16406
79.7414 30
79.7414 16406
79.7414 1048
79.7427 6696
79.8118 3693
79.8168 16406
79.8169 938
79.8184 16406
79.8185 1529
79.8208 16406
79.8209 16406
79.8209 11058
79.8231 5368
79.8231 5712
79.8246 10694
79.8246 30
79.826 343
79.8294 16406
79.8294 30
79.8314 16406
79.8314 7739
79.8352 16406
79.8352 30
79.8388 16406
79.8388 1523
79.8405 16406
79.8406 1543
79.8431 16406
79.8431 5374
79.8474 16406
79.8475 30
79.8475 8071
79.849 16406
79.849 1523
79.8513 7729
79.8751 416
79.8789 121
79.934 13002
79.9958 6986
79.9991 27
80.0205 16406
80.0205 16406
80.0214 496
80.048 420
80.048 16406
80.0481 16406
80.0492 2078
80.0492 16406
80.0492 30
80.053 14305
80.0531 10406
80.0531 16406
80.0531 30
80.0552 1053
80.0552 16406
80.0552 30
80.0593 16406
80.0594 4960
80.0594 16406
80.0595 4382
80.0595 16406
80.0595 30
80.0616 16406
80.0616 12007
80.0658 16406
80.0659 13018
80.0659 16406
80.0659 16406
80.0659 3386
80.0683 16406
80.0683 13909
80.0684 16406
80.0684 32812
80.0689 16382
80.0689 2861
80.0707 16406
80.0707 634
80.0707 1073
80.0741 16406
80.0742 16406
80.0742 5443
80.0779 16406
80.078 9163
80.078 1642
80.0794 16406
80.0794 30
80.0811 6747
80.0811 555
80.0844 16406
80.0845 30
80.0845 6486
80.0863 1122
80.0863 16406
80.0863 30
80.0887 16406
80.0887 1152
80.0887 947
80.0911 16406
80.0911 30
80.0911 4010
80.0911 5863
80.0912 8964
80.0929 16406
80.093 5436
80.093 999
80.0958 16406
80.0959 1528
80.0994 16406
80.0995 16406
80.0995 11576
80.0995 13805
80.1005 1156
80.1036 16406
80.1036 1048
80.1064 15738
80.1065 705
80.108 10490
80.108 339
80.12 492
80.1482 450
80.16 446
80.168 402
80.2022 9242
80.2561 16406
80.2562 16406
80.257 1514
80.257 1450
80.257 460
80.333 407
80.3545 14102
80.3562 10022
80.4425 8379
80.445 16406
80.445 659
80.445 423
80.5159 16406
80.516 4278
80.5175 4306
80.5175 1441
80.5889 451
80.6146 16406
80.6162 573
80.6663 16406
80.668 11478
80.6941 432
80.7663 16406
80.7677 573
80.7856 16406
80.7884 9034
80.8325 394
80.8855 14130
80.9222 8379
80.9241 16406
80.9241 8592
80.9257 818
80.9645 8379
80.9674 15738
80.9674 16406
80.9674 893
80.9886 412
81.024 16406
81.024 30
81.0274 16406
81.0274 782
81.029 7638
81.0313 1356
81.0341 16406
81.0341 15451
81.0686 16406
81.0701 9974
81.1158 16406
81.1158 30
81.1188 16406
81.1189 1054
81.1189 14302
81.1189 1277
81.1707 16406
81.1707 24
81.1725 16406
81.1725 1054
81.1725 1178
81.1749 444
81.1749 894
81.1749 15738
81.1767 705
81.1789 16406
81.1789 774
81.1789 1325
81.1825 16406
81.1825 5066
81.1825 441
81.2431 16406
81.2432 30
81.245 343
81.247 16406
81.247 1352
81.267 16406
81.2687 15746
81.2688 705
81.3204 7290
81.3204 9140
81.3228 16406
81.3228 9344
81.3247 14926
81.3509 477
81.3597 8379
81.3633 450
81.3633 16406
81.3634 782
81.3659 301
81.3659 15732
81.3679 7827
81.3679 11424
81.3696 4982
81.3696 15071
81.3697 1360
81.4092 420
81.4092 426
81.4124 446
81.446 16406
81.4476 1061
81.4498 16406
81.4499 30
81.4499 5728
81.4499 1047
81.4904 16406
81.4927 351
81.4927 16406
81.4927 8592
81.4945 16104
81.4946 754
81.4965 16406
81.4965 7695
81.4965 705
81.4995 274
81.4995 16406
81.4995 7922
81.501 9201
81.501 16406
81.501 151
81.5036 16406
81.5036 249
81.5036 713
81.5081 16406
81.5081 16406
81.5081 100
81.5081 182
81.5091 405
81.5092 16406
81.5092 774
81.511 481
81.511 14582
81.511 11424
81.5123 4982
81.5123 2044
81.5156 16406
81.5157 16406
81.5157 98
81.5157 1299
81.5197 16406
81.5198 7405
81.5452 414
81.5914 4918
81.6917 11122
81.7046 16406
81.7047 11282
81.7872 8379
81.7893 16406
81.7893 3497
81.8111 16406
81.8132 15740
81.8132 711
81.85 16406
81.8532 24
81.8532 16406
81.8532 16406
81.8536 12958
81.8536 691
81.9147 16406
81.9148 24
81.917 432
81.9171 16406
81.9171 439
81.9171 7505
81.9182 1363
81.9796 16406
81.9796 30
81.9816 16406
81.9816 7906
81.9831 1083
81.9831 9844
81.9907 0
81.9907 2721
81.9996 10878
82.0031 27
82.0258 16406
82.0259 16406
82.0259 496
82.072 16073
82.072 16406
82.0721 2605
82.0721 8568
82.0729 7838
82.0729 8966
82.0729 9526
82.0729 16406
82.0739 975
82.0739 107
82.0739 16406
82.0755 35
82.0755 16406
82.0756 6256
82.0778 8495
82.0778 16406
82.0779 10947
82.082 16406
82.0821 16406
82.0821 6753
82.0863 16406
82.0864 16406
82.0864 32138
82.0879 659
82.0879 8568
82.0917 7838
82.0917 16406
82.0918 32182
82.0923 614
82.0923 16406
82.0924 16406
82.0927 13440
82.0927 1053
82.0963 16406
82.0964 1372
82.0964 16406
82.0964 736
82.0981 16406
82.0981 30
82.1001 16406
82.1002 1520
82.1002 587
82.1034 16406
82.1034 16406
82.1034 2962
82.1034 394
82.1048 16406
82.1049 16406
82.1049 1528
82.1049 579
82.1049 8092
82.1049 1786
82.1049 31
82.1065 16406
82.1065 15056
82.1077 4238
82.1077 378
82.11 16406
82.11 16406
82.11 776
82.1116 363
82.1856 0
82.1883 496
82.1922 472
82.1956 16406
82.1956 30
82.1969 10018
82.1969 353
82.2438 414
82.2565 8379
82.258 15738
82.2581 705
82.2933 10641
82.343 3781
82.3446 16406
82.3446 8966
82.3446 285
82.3834 8379
82.3868 16406
82.3868 782
82.3868 111
82.4502 16406
82.4502 24
82.4525 16406
82.4525 1523
82.4525 2137
82.4541 1078
82.5143 397
82.5143 8379
82.5173 16406
82.5174 4625
82.5846 16406
82.5847 7140
82.5859 8850
82.6717 16406
82.6717 30
82.6717 1053
82.6753 16406
82.6753 30
82.6773 16406
82.6773 1366
82.7132 16406
82.7157 16406
82.7158 1152
82.7186 1171
82.8134 4674
82.8205 16406
82.8226 4398
82.8226 16406
82.8226 776
82.8251 7454
82.8251 1244
82.8277 16406
82.8277 782
82.8277 6475
82.8293 867
82.925 16406
82.9251 30
82.9251 5734
82.9264 633
82.9708 8379
82.9734 16406
82.9734 782
82.9734 301
82.9774 16406
82.9774 3441
83.0158 445
83.0275 16406
83.0276 4635
83.0316 16406
83.0317 16406
83.0317 1054
83.0317 16210
83.0335 150
83.0335 16406
83.0336 782
83.0354 293
83.0354 16406
83.0355 16406
83.0355 776
83.0379 16406
83.0379 3900
83.0379 990
83.0817 16406
83.0817 5712
83.0829 7258
83.0957 0
83.0957 0
83.0957 0
83.0958 0
83.0958 0
83.0974 0
83.1311 393
83.1642 8379
83.1669 16406
83.167 30
83.1686 16406
83.1686 98
83.1686 985
83.1702 8141
83.23 16406
83.23 30
83.23 16406
83.23 769
83.2314 314
83.2314 12674
83.235 16406
83.235 9350
83.235 1143
83.2377 16406
83.2378 22216
83.2378 11424
83.2386 4982
83.2386 118
83.2418 16406
83.2419 3713
83.2419 6335
83.2428 412
83.2428 16406
83.2429 30
83.2449 5058
83.2449 1072
83.3076 5622
83.3101 16406
83.3101 9350
83.3101 1151
83.3116 5144
83.3981 435
83.4123 16406
83.4123 378
83.4206 16406
83.4229 16406
83.4229 38
83.4571 16406
83.4617 16406
83.4617 16406
83.4618 16351
83.4646 16406
83.4646 87
83.4646 8032
83.4788 16406
83.4807 16406
83.4808 5334
83.5182 4308
83.5182 4314
83.522 16406
83.522 8582
83.524 1340
83.524 16406
83.524 30
83.5256 774
83.5256 823
83.5279 16406
83.5279 30
83.5279 12867
83.5298 3818
83.5298 415
83.5298 8568
83.5324 7838
83.5324 30
83.5324 15047
83.5333 908
83.5395 16406
83.5396 1061
83.5424 124
83.5424 16406
83.5425 3632
83.5425 1395
83.5706 16406
83.5706 30
83.5741 16406
83.5741 11290
83.5742 15738
83.5756 4975
83.5756 872
83.5846 16406
83.5846 11370
83.5867 0
83.5867 1505
83.5977 446
83.6035 0
83.6156 406
83.624 16406
83.6259 16406
83.626 9411
83.626 15730
83.6275 91
83.6664 16406
83.6664 7494
83.669 16406
83.669 13634
83.6703 337
83.6973 420
83.6973 407
83.707 8973
83.709 16406
83.709 1399
83.7449 399
83.7502 409
83.7503 8973
83.7542 398
83.7543 16406
83.7543 4031
83.852 8379
83.8542 15369
83.9356 3801
83.9385 16406
83.9385 782
83.9385 763
83.9407 16406
83.9407 732
84.0322 8379
84.0361 16406
84.0361 1524
84.0381 121
84.0381 27
84.0591 16406
84.0591 16406
84.0591 496
84.0765 0
84.0855 420
84.0889 16406
84.0889 10464
84.092 457
84.092 16406
84.092 1529
84.092 16406
84.092 1529
84.092 2943
84.0949 16406
84.0949 16406
84.095 32780
84.095 1265
84.0974 16406
84.0975 1529
84.101 16406
84.1011 6589
84.105 9354
84.105 16406
84.105 1522
84.1076 16406
84.1076 16406
84.1076 20172
84.1077 12622
84.1112 16406
84.1113 32812
84.1113 13071
84.113 16406
84.113 16406
84.1131 7182
84.1154 16406
84.1155 1529
84.1155 7731
84.1193 16406
84.1194 9336
84.1194 16406
84.1194 1529
84.122 16406
84.122 5561
84.122 16406
84.122 1428
84.1227 5003
84.1248 8979
84.1265 16406
84.1265 1529
84.1282 15909
84.1311 16406
84.1312 12249
84.1469 386
84.1615 10934
84.1803 446
84.2614 8979
84.2641 11197
84.3315 413
84.3615 16406
84.363 385
84.3921 8979
84.3953 16406
84.3954 1529
84.397 268
84.4124 16406
84.4144 16406
84.4145 38
84.4622 8973
84.4655 16406
84.4655 1060
84.467 16406
84.4671 8613
84.5314 16406
84.5343 16406
84.5344 16406
84.5344 8602
84.5613 8973
84.5636 7465
84.5636 16406
84.5636 1504
84.5659 6158
84.5768 459
84.6044 9826
84.6079 16406
84.6079 1523
84.6111 4881
84.6662 8379
84.6696 16406
84.6697 6505
84.7238 407
84.756 16406
84.7591 16406
84.7592 16338
84.8262 4041
84.8262 8973
84.8292 16215
84.8649 8379
84.867 16406
84.867 1523
84.8685 7268
84.9051 8379
84.9074 16406
84.9074 11393
84.9154 469
84.9289 381
84.9776 16406
84.9806 16406
84.9806 4174
84.9982 432
85.0261 16406
85.0262 10478
85.0262 9614
85.0491 410
85.0716 16406
85.0717 1529
85.0734 7151
85.0966 403
85.1176 16406
85.1201 16406
85.1202 16406
85.1202 16356
85.1204 2339
85.1304 403
85.1351 10325
85.1369 8964
85.1369 6081
85.21 556
85.2228 8979
85.226 16406
85.226 10463
85.2261 8979
85.2278 16039
85.2721 8979
85.2756 16406
85.2757 16406
85.2757 3021
85.2777 16406
85.2778 2650
85.2778 5414
85.2976 429
85.3135 8979
85.3162 16406
85.3162 1529
85.318 2425
85.3715 8979
85.3755 8964
85.3755 16406
85.3756 1530
85.3788 16406
85.3789 1528
85.3789 8568
85.3795 2485
85.3914 0
85.3914 140
85.3914 2376
85.3978 463
85.4209 14526
85.4239 16406
85.424 1524
85.424 5712
85.425 1236
85.4636 8979
85.4674 16406
85.4674 1529
85.4702 16406
85.4702 1521
85.4702 16406
85.4702 1536
85.472 12369
85.502 8979
85.5072 16406
85.5072 3161
85.5265 381
85.5718 2905
85.575 16406
85.575 18959
85.5762 5535
85.5866 16406
85.5866 1529
85.5866 8787
85.6155 8979
85.6178 16406
85.6178 7465
85.6467 412
85.6611 16406
85.6638 16406
85.6638 2437
85.6638 16406
85.666 16406
85.666 3031
85.6692 16406
85.6693 1536
85.6693 2856
85.6707 13550
85.6707 2684
85.6981 387
85.7189 404
85.736 8379
85.738 16406
85.738 6881
85.7648 8973
85.7665 16406
85.7665 1587
85.8311 16406
85.8312 8968
85.8344 16406
85.8344 1252
85.842 8973
85.8442 16406
85.8442 1155
85.8635 451
85.8636 16406
85.8636 8960
85.8657 7616
85.9063 8979
85.9095 8964
85.9095 16406
85.9095 7140
85.9097 3330
85.9127 16406
85.9127 13378
85.9127 1166
85.987 453
86.0074 12250
86.0108 8979
86.0108 7465
86.014 413
86.0141 4890
86.0141 27
86.073 381
86.0811 9310
86.1379 458
86.1626 405
86.1914 0
86.1914 764
86.2258 764
86.2687 16406
86.2688 16406
86.2688 496
86.294 16406
86.294 16406
86.2941 32812
86.2941 14280
86.298 39984
86.2981 44172
86.2981 4284
86.2999 49980
86.3 41412
86.302 12852
86.3021 9996
86.3021 54264
86.3021 9996
86.3021 4284
86.3059 49980
86.306 9996
86.306 29988
86.3078 24276
86.3079 9996
86.3079 54264
86.3079 2856
86.3092 7140
86.3092 37812
86.3093 16406
86.3093 7718
86.3602 8979
86.3638 16406
86.3639 12206
86.3639 1060
86.4302 16406
86.4302 30
86.4302 16406
86.4302 2196
86.4302 1379
86.4616 8979
86.4651 16406
86.4651 8489
86.4651 2880
86.4663 798
86.514 16406
86.5141 16406
86.5141 2606
86.5742 8979
86.578 16406
86.5781 11810
86.579 704
86.6223 16406
86.6224 13350
86.6539 16406
86.6539 15982
86.7176 16406
86.7193 24
86.7193 9996
86.721 6410
86.721 5330
86.721 1259
86.7596 8979
86.7623 16406
86.7623 6281
86.8113 8979
86.8156 16406
86.8157 1054
86.8157 12866
86.8164 372
86.8693 16406
86.8693 938
86.8719 15738
86.873 16406
86.873 1762
86.873 425
86.9041 375
86.9095 16406
86.9096 30
86.9115 16406
86.9115 8693
86.9115 679
86.9129 1320
86.917 423
86.9609 16406
86.9609 8964
86.9628 14060
86.9884 0
86.9884 3424
87.0214 16406
87.0235 9295
87.0235 16406
87.0235 1060
87.0262 8590
87.0262 7538
87.0272 634
87.0917 16406
87.0918 30
87.0918 16406
87.0918 11424
87.093 1578
87.1081 16406
87.1105 16406
87.1105 9570
87.1713 16406
87.1713 8964
87.1733 16406
87.1733 8280
87.1922 0
87.1922 0
87.1922 0
87.2152 16406
87.2181 16406
87.2182 16406
87.2182 3025
87.219 4306
87.219 390
87.2733 16406
87.2754 16406
87.2754 7502
87.3136 8979
87.317 16406
87.317 8489
87.317 16406
87.3171 782
87.3178 768
87.3207 16406
87.3207 7922
87.3207 514
87.3633 16406
87.3634 8956
87.3657 8836
87.4279 16406
87.428 8960
87.4306 16406
87.4306 1440
87.4676 16406
87.4677 16406
87.4677 16406
87.4677 2766
87.5356 8973
87.5356 16406
87.5357 20174
87.5357 5560
87.5357 1314
87.5481 8379
87.55 16406
87.55 3253
87.5709 8979
87.5739 16406
87.5739 7465
87.6161 16406
87.6161 16406
87.6161 1517
87.6178 8971
87.6178 16406
87.6178 782
87.6206 16406
87.6206 93
87.6206 562
87.6425 8979
87.645 16406
87.645 5355
87.645 291
87.7045 8979
87.7062 16406
87.7062 1769
87.7207 398
87.7208 16406
87.7224 16406
87.7224 38
87.7745 8979
87.7745 16406
87.7745 2856
87.7759 14303
87.7776 1393
87.8247 16406
87.8248 8966
87.826 8972
87.8284 16406
87.8284 65
87.8284 672
87.8713 16406
87.8713 938
87.8748 16406
87.8749 32812
87.8749 8541
87.8764 1158
87.9237 16406
87.9238 30
87.9255 16406
87.9255 2982
87.9979 16406
87.998 1040
87.9997 16406
87.9998 16406
87.9998 1054
88.0016 8628
88.0016 27
88.028 16406
88.028 16406
88.028 496
88.056 420
88.056 16406
88.0561 16406
88.0561 768
88.0582 16406
88.0582 310
88.061 16406
88.0611 30
88.0611 1053
88.0629 16406
88.0654 16406
88.0654 32
88.0688 16406
88.0688 16360
88.0693 6397
88.0693 4011
88.0694 5225
88.072 16406
88.072 30
88.072 1053
88.0762 16406
88.0763 30
88.0763 1053
88.078 16406
88.078 30
88.078 1522
88.0817 16406
88.0817 4481
88.0817 1053
88.0817 410
88.0838 16406
88.0838 30
88.0838 1053
88.0863 16406
88.0863 30
88.0863 8590
88.089 403
88.089 16406
88.0891 5367
88.0895 4675
88.0895 560
88.0918 16406
88.0918 782
88.0918 301
88.094 15738
88.094 705
88.0955 1053
88.0955 16406
88.0955 30
88.098 8590
88.098 9132
88.1016 799
88.1016 16406
88.1016 16406
88.1017 100
88.1024 983
88.105 15732
88.105 705
88.1077 16406
88.1078 15209
88.1109 16406
88.1109 30
88.1109 16406
88.1109 766
88.1124 1333
88.1124 16406
88.1125 30
88.1141 5058
88.1141 283
88.1169 16406
88.117 30
88.117 8568
88.1182 7838
88.1182 761
88.1182 322
88.1183 72
88.1555 0
88.2145 16406
88.2164 4710
88.2928 454
88.3174 16406
88.3175 190
88.3228 16406
88.3228 8968
88.3262 16406
88.3262 6808
88.3262 705
88.3276 9722
88.3611 16406
88.3611 16406
88.3611 8721
88.3643 16406
88.3644 5355
88.4355 16406
88.4356 11282
88.478 16406
88.478 16406
88.478 1290
88.5139 16406
88.5139 16406
88.514 3922
88.5577 3253
88.561 16406
88.5611 16406
88.5611 3294
88.5611 1437
88.5712 8979
88.5712 8568
88.5728 7838
88.5728 2492
88.5729 754
88.6235 16406
88.6248 16406
88.6248 8968
88.6248 1251
88.6372 16406
88.6372 11602
88.6618 461
88.6662 16406
88.669 16406
88.669 32
88.669 33
88.6811 16406
88.6829 16310
88.6972 390
88.7199 8379
88.7226 16406
88.7242 8073
88.7411 8379
88.7444 16406
88.7444 1530
88.7455 624
88.7856 16406
88.7876 0
88.7877 15614
88.7895 129
88.7895 3887
88.807 0
88.807 16406
88.807 13252
88.8076 134
88.8479 16406
88.8503 8968
88.8503 471
88.9415 16406
88.9437 12982
88.9815 16406
88.9829 405
88.9829 8961
88.9829 666
89.0254 410
89.0451 16406
89.0467 10397
89.0467 169
89.0616 16406
89.0746 10350
89.1312 8379
89.1334 16406
89.1348 2000
89.1713 425
89.1891 16406
89.1923 16406
89.1924 1056
89.1924 2865
89.193 1251
89.2319 16406
89.2333 14674
89.2334 160
89.2831 16406
89.2831 15426
89.3407 16406
89.342 10011
89.342 8885
89.3482 417
89.3697 8973
89.3723 16401
89.3723 16406
89.3723 1529
89.374 3553
89.374 308
89.3918 463
89.4155 16406
89.4155 10011
89.4185 16406
89.4185 4101
89.4886 8979
89.4908 16406
89.4909 7807
89.4924 5712
89.4956 10694
89.4957 1442
89.4957 16406
89.4957 11035
89.4959 1126
89.5177 16406
89.5202 11428
89.5203 1283
89.5946 8979
89.5968 8489
89.5988 16406
89.5988 500
89.5988 583
89.6012 16406
89.6012 16406
89.6034 16406
89.6035 16369
89.6035 15730
89.6062 16406
89.6062 16406
89.6063 15064
89.6063 796
89.6375 16406
89.6387 12162
89.648 400
89.6709 411
89.7389 16406
89.7389 949
89.7754 16406
89.7776 16406
89.7777 15830
89.7807 16406
89.7807 938
89.784 16406
89.7841 15038
89.786 16406
89.786 1224
89.786 8864
89.786 886
89.7891 16406
89.7891 32812
89.7892 15549
89.7898 827
89.7928 16406
89.7929 32812
89.7929 5060
89.794 76
89.8446 427
89.8764 16406
89.8789 16406
89.879 123
89.879 2802
89.9453 407
89.9732 16406
89.9746 573
89.9833 403
90.0244 454
90.0245 10182
90.0267 457
90.0268 27
90.0481 16406
90.0482 16406
90.0482 496
90.0517 422
90.0604 0
90.077 420
90.077 9221
90.0806 16406
90.0807 16406
90.0807 2071
90.0909 16406
90.0909 16406
90.091 32761
90.093 16406
90.093 239
90.0968 8979
90.0989 16401
90.101 16406
90.101 1529
90.1029 16406
90.103 16406
90.103 1367
90.1049 16406
90.105 6922
90.1067 8964
90.1082 16406
90.1082 3044
90.112 4698
90.112 16406
90.112 1054
90.1149 16406
90.1149 30
90.1167 16406
90.1168 548
90.1168 16406
90.1168 344
90.1191 8964
90.1228 16406
90.1229 15990
90.1237 8979
90.1237 16406
90.1237 921
90.1281 16406
90.1282 16406
90.1282 16317
90.1315 8818
90.1315 16406
90.1315 7983
90.133 16406
90.133 1530
90.133 16406
90.1331 468
90.136 16406
90.1361 14430
90.1361 16406
90.1361 11424
90.1385 4982
90.1385 2941
90.1385 16406
90.1385 7712
90.1389 5781
90.1413 16406
90.1413 5711
90.1496 7362
90.2496 8490
90.2801 16406
90.2826 8846
90.3003 452
90.3003 8979
90.303 16406
90.303 7465
90.3387 450
90.3415 16406
90.344 16406
90.344 114
90.3756 16406
90.3756 8951
90.3776 16406
90.3776 86
90.3809 16406
90.381 344
90.381 7140
90.3825 9266
90.3825 1530
90.3825 141
90.4081 8979
90.4116 7465
90.4116 16406
90.4117 1258
90.4148 16406
90.4149 2422
90.441 425
90.4695 8979
90.4727 16406
90.4727 8959
90.475 16406
90.475 1529
90.475 4661
90.513 4362
90.5172 16406
90.5172 14790
90.5799 16406
90.5818 12042
90.668 16406
90.668 8960
90.668 5712
90.6682 2280
90.6859 449
90.7011 428
90.7512 16406
90.7513 1529
90.7513 5712
90.7521 2379
90.8172 16406
90.8172 22820
90.818 4117
90.9083 8973
90.9103 16406
90.9103 1399
90.9186 16406
90.9187 8960
90.9187 2163
90.9675 426
90.9706 16406
90.9707 9026
91.015 16406
91.015 9920
91.0166 2143
91.0613 483
91.068 403
91.0735 8222
91.0769 16406
91.077 13242
91.097 424
91.1612 16406
91.1612 30
91.1628 13350
91.2015 445
91.2035 405
91.2273 16406
91.2299 8963
91.2324 16406
91.2325 19459
91.2947 16406
91.2948 9709
91.2964 3106
91.312 8973
91.3137 16406
91.3137 8947
91.3155 16406
91.3155 14926
91.3797 16406
91.3798 10504
91.3813 16406
91.3814 492
91.4129 16406
91.4515 395
91.4515 24
91.4515 16406
91.4516 6240
91.4516 16406
91.4516 30
91.4516 9158
91.4537 16406
91.4537 8960
91.4554 6300
91.5272 16406
91.5299 24
91.5325 16406
91.5325 1504
91.5325 2856
91.5351 13550
91.5352 16406
91.5352 4213
91.5353 8367
91.5663 16406
91.5664 10478
91.5664 1021
91.6065 8979
91.6078 7465
91.6113 16406
91.6114 9988
91.6132 16406
91.6132 12836
91.6492 16406
91.6492 11746
91.7008 448
91.7204 16406
91.7204 30
91.722 10003
91.722 16406
91.722 492
91.7243 13283
91.7538 16406
91.755 35
91.755 16406
91.7551 1517
91.7569 15407
91.8155 16406
91.8156 1047
91.8183 16406
91.8184 17460
91.8213 16406
91.8213 11733
91.8643 8979
91.8643 16406
91.8644 1521
91.8644 7467
91.8644 171
91.9109 16406
91.911 30
91.9134 16406
91.9135 16406
91.9135 20748
91.9673 391
92.0091 16406
92.0092 1518
92.0111 16396
92.0111 94
92.0176 3789
92.0215 27
92.0425 16406
92.0426 16406
92.0426 496
92.069 420
92.0745 16406
92.0746 16406
92.0746 1369
92.1133 8979
92.1133 7465
92.1134 16406
92.1134 542
92.1134 16406
92.1134 1054
92.1134 8495
92.1134 16406
92.1135 16222
92.1169 16406
92.117 16406
92.117 11006
92.117 16406
92.1171 1536
92.1171 16406
92.1171 6322
92.1171 4284
92.1189 4695
92.1189 7465
92.119 16406
92.119 32812
92.119 16355
92.1191 14280
92.1209 2126
92.1209 8588
92.1209 16406
92.121 1522
92.121 16406
92.121 16406
92.121 3600
92.121 16406
92.121 4284
92.1246 1007
92.1246 0
92.1246 16406
92.1247 7561
92.1247 16406
92.1247 16406
92.1248 29988
92.1255 2762
92.1255 16406
92.1255 13982
92.1255 9996
92.1261 6410
92.1261 1514
92.1261 16406
92.1262 946
92.1286 9642
92.1286 8092
92.1286 1115
92.1286 31
92.1286 16406
92.1287 8489
92.1314 16406
92.1314 1521
92.1314 14280
92.1326 2126
92.1326 3099
92.1446 13002
92.247 16406
92.247 2070
92.3344 4534
92.3344 16406
92.3344 11290
92.3794 452
92.3794 16406
92.3795 1048
92.3825 16406
92.3825 30
92.3856 12924
92.4138 16406
92.4165 16406
92.4166 12014
92.4614 16406
92.4614 16406
92.4615 19492
92.5557 16406
92.5557 16402
92.5557 7318
92.5871 16406
92.589 16406
92.5891 170
92.627 8379
92.6289 16406
92.6289 1805
92.6802 16406
92.6803 9590
92.7164 16406
92.7164 16406
92.7165 4862
92.7676 16406
92.7676 30
92.7709 16406
92.7709 7926
92.7854 16406
92.7854 30
92.7879 9158
92.823 16406
92.823 854
92.823 16406
92.823 1514
92.824 6934
92.8541 450
92.8615 8379
92.8648 16406
92.8648 30
92.8648 16406
92.8649 12249
92.9076 16406
92.9077 938
92.9077 8965
92.9104 9711
92.9701 16406
92.9701 8960
92.9716 4984
93.0322 8379
93.0349 16406
93.0349 4813
93.0564 16406
93.0564 30
93.0579 11658
93.062 401
93.1192 8379
93.1221 16406
93.1221 30
93.1229 7069
93.1592 4150
93.1623 16406
93.1623 8290
93.2133 16406
93.2133 9156
93.2148 4224
93.2498 469
93.2694 16406
93.2718 16406
93.2718 5678
93.3146 11080
93.3182 16406
93.3183 1523
93.32 16406
93.3201 591
93.3611 16406
93.3611 0
93.3631 16406
93.3632 9382
93.3671 16406
93.3672 12166
93.4263 16406
93.4263 30
93.4263 10718
93.4836 16406
93.4836 8379
93.4873 16406
93.4874 16406
93.4874 19355
93.5213 16406
93.5213 30
93.5225 13438
93.5406 123
93.5609 412
93.573 16406
93.573 938
93.5753 16406
93.5753 9988
93.5774 16406
93.5775 1536
93.5775 8568
93.5785 5238
93.6138 445
93.6139 8973
93.616 16406
93.616 4871
93.6639 16406
93.6679 16406
93.668 1525
93.668 16406
93.668 16406
93.668 195
93.6702 16406
93.6703 15502
93.6703 16406
93.6724 16406
93.6725 38
93.7196 16406
93.7197 30
93.7222 15018
93.7599 404
93.7811 16406
93.7812 9590
93.8449 16406
93.8449 938
93.847 10186
93.8653 8979
93.8688 7465
93.8688 16406
93.8688 16406
93.8692 20934
93.8734 16406
93.8734 32812
93.8735 16368
93.8765 11857
93.8766 16406
93.8766 1521
93.8787 16406
93.8787 3112
93.8787 16406
93.8787 8568
93.8795 3196
93.8834 16406
93.8835 9158
93.8835 11920
93.8848 4524
93.8848 16406
93.8848 7225
93.8864 16406
93.8864 225
93.9074 438
93.9539 459
93.9668 16406
93.9669 938
93.9683 6722
94.0207 16406
94.0247 10538
94.0248 27
94.0515 0
94.0676 16406
94.0677 16406
94.0677 496
94.0801 4010
94.0801 5192
94.0801 31
94.095 420
94.0951 390
94.1008 400
94.1008 16406
94.1008 16406
94.1009 31821
94.1009 16406
94.1009 2856
94.1018 13550
94.1019 32788
94.1031 16406
94.1032 16406
94.1032 27132
94.1058 5633
94.1058 16406
94.1059 16406
94.1059 19992
94.1075 12797
94.1075 16406
94.1076 16406
94.1076 32772
94.1076 4258
94.1096 16406
94.1097 30
94.1115 16406
94.1115 2078
94.1139 16406
94.1139 30
94.1158 8964
94.1186 16406
94.1186 16406
94.1187 32789
94.1206 16406
94.1206 14670
94.1224 16406
94.1225 9997
94.1225 3320
94.1246 14615
94.1269 16406
94.1269 1529
94.1321 16406
94.1321 1529
94.1321 16406
94.1321 175
94.16 12250
94.1653 0
94.1951 425
94.2214 418
94.2526 464
94.2615 16198
94.3297 16406
94.3321 16406
94.3321 12446
94.3947 16406
94.396 16406
94.396 11262
94.4804 16406
94.4804 30
94.4804 7140
94.4815 5590
94.5177 478
94.5415 403
94.5792 6234
94.68 11498
94.7095 377
94.7338 16406
94.735 16406
94.735 3366
94.762 2125
94.7649 8973
94.7649 16406
94.765 6315
94.7666 457
94.7876 469
94.8646 16406
94.8674 7474
94.9654 16406
94.9654 6582
95.0197 16406
95.0209 1061
95.0234 16406
95.0235 16406
95.0235 1798
95.0634 789
95.0655 16406
95.0656 15918
95.1199 16406
95.1199 30
95.1232 16406
95.1232 2070
95.1251 16406
95.1251 30
95.1279 16406
95.128 16406
95.128 4528
95.128 10804
95.1835 16406
95.1835 13202
95.2179 417
95.2313 16406
95.2313 30
95.2313 2856
95.2331 6110
95.2331 4978
95.2667 16406
95.2687 16406
95.2687 940
95.2687 1526
95.2719 16406
95.2719 8977
95.2719 6560
95.3197 3825
95.3197 9996
95.321 6410
95.321 938
95.3247 16406
95.3248 6826
95.3638 16406
95.3656 35
95.3656 16406
95.3656 1910
95.4078 16406
95.4092 9730
95.4385 16406
95.4419 16406
95.4419 38
95.4419 8973
95.4438 16406
95.4438 6043
95.4925 16406
95.4955 15426
95.5112 16406
95.5131 24
95.5131 16406
95.5132 36
95.5166 16406
95.5166 16406
95.5166 4284
95.5172 12122
95.5172 2080
95.5172 12700
95.6119 10182
95.6145 16406
95.6145 9974
95.6308 16406
95.6334 10162
95.6444 416
95.6618 16406
95.6619 9996
95.6629 6410
95.6629 2079
95.6659 16406
95.6659 1516
95.6679 8979
95.6679 16406
95.6679 9996
95.6695 6410
95.6695 16406
95.6696 5968
95.6709 8966
95.6709 1428
95.673 14978
95.673 14362
95.673 7484
95.7387 12757
95.742 16406
95.7421 1529
95.7421 5636
95.7705 408
95.8386 16406
95.8408 5838
95.87 8973
95.8721 8495
95.8721 16406
95.8721 500
95.8748 583
95.8748 16406
95.8749 30
95.8766 1053
95.8766 16406
95.8767 30
95.8794 16406
95.8794 10377
95.8794 4487
95.8827 16406
95.8828 16402
95.8831 16406
95.8858 16406
95.8858 2078
95.8858 16406
95.8858 30
95.8858 14374
95.8888 16406
95.8888 16406
95.8888 30
95.9739 15266
95.995 6234
95.9979 27
96.0363 16406
96.0363 16406
96.0363 496
96.0465 0
96.0728 9220
96.0799 420
96.0799 16406
96.08 16406
96.08 32812
96.08 14280
96.081 37159
96.081 16406
96.0811 30
96.087 8958
96.0915 16406
96.0915 206
96.0948 1359
96.1005 16406
96.1005 7228
96.106 16406
96.106 30
96.106 343
96.1085 16406
96.1085 30
96.1107 12626
96.1124 16406
96.1124 1524
96.1142 16406
96.1143 1529
96.1212 16406
96.1213 2980
96.1249 5339
96.1291 10817
96.131 16406
96.1311 30
96.1333 16406
96.1333 16406
96.1334 5611
96.135 3609
96.135 16406
96.135 8807
96.1378 16406
96.1378 16406
96.1378 4002
96.1378 5712
96.1396 10694
96.1396 5933
96.1396 16406
96.1397 8084
96.1412 16406
96.1413 344
96.1413 16406
96.1413 30
96.1445 16406
96.1445 16406
96.1446 16406
96.1446 1155
96.1465 953
96.1465 16406
96.1465 16406
96.1466 14168
96.1478 16406
96.1479 1521
96.1479 728
96.1505 6205
96.1505 8490
96.1555 377
96.2441 16406
96.2442 30
96.2442 2445
96.344 16406
96.3455 3393
96.578 362
96.578 413
96.578 10370
96.578 374
96.578 16406
96.5781 190
96.6227 16406
96.6227 8953
96.625 8965
96.625 16406
96.6251 3792
96.665 13211
96.6668 16406
96.6686 1531
96.6686 16406
96.6686 10463
96.672 9966
96.7668 16406
96.7669 938
96.7669 597
96.8614 16406
96.8643 12794
96.9259 8379
96.9286 16406
96.9286 10003
96.9305 8489
96.9329 16406
96.933 1530
96.9339 7137
96.9419 16406
96.9419 16406
96.942 32812
96.942 12852
96.9446 30982
96.9447 16406
96.9447 12852
96.9447 3554
96.9447 10455
96.9466 16406
96.9467 1386
96.9492 412
97.0275 12626
97.1936 16406
97.1936 5462
97.1936 8379
97.1936 16406
97.1936 489
97.2234 15206
97.2278 16406
97.2278 1046
97.2278 16406
97.2279 16406
97.2279 11766
97.2629 8979
97.265 16406
97.265 5905
97.2981 427
97.3555 16406
97.3556 1048
97.3556 16406
97.3556 8957
97.3556 16406
97.3556 1521
97.3556 16406
97.3556 2856
97.356 2270
97.356 16406
97.356 8746
97.3561 447
97.3565 424
97.4136 16406
97.4137 30
97.4155 1053
97.4155 16406
97.4155 30
97.4183 16406
97.4183 294
97.4718 11462
97.474 16406
97.4741 16406
97.4741 7154
97.4755 16406
97.4755 16402
97.5759 16406
97.576 8934
97.576 8979
97.576 16406
97.576 7465
97.5968 405
97.5968 8973
97.6013 16406
97.6013 9974
97.6013 1174
97.6273 8379
97.6294 16406
97.6295 8065
97.6431 445
97.6458 394
97.6661 16406
97.6686 1055
97.6686 16406
97.6686 16406
97.6711 32751
97.6711 2744
97.7035 432
97.7055 16406
97.7081 13822
97.7164 455
97.7779 16406
97.7805 16406
97.7805 10942
97.8147 8973
97.8176 7471
97.8176 16406
97.8177 1523
97.8206 16406
97.8207 1529
97.8207 5226
97.8504 428
97.8775 8979
97.8797 16406
97.8797 1054
97.8814 16406
97.8815 16406
97.8815 1998
97.8841 16406
97.8841 1521
97.8841 1381
97.9376 16406
97.9377 8960
97.9387 3379
98.0025 16406
98.0025 30
98.0061 16406
98.0061 1054
98.0079 16406
98.008 1521
98.008 506
98.0107 16406
98.0107 1529
98.0127 16406
98.0128 12918
98.0134 10879
98.0299 8979
98.0324 7465
98.0351 2089
98.0351 27
98.044 4011
98.044 5200
98.044 31
98.0572 16406
98.0573 16406
98.0573 496
98.0833 420
98.087 16406
98.087 16406
98.087 32761
98.0871 74
98.0892 2031
98.0892 9996
98.0916 6410
98.0916 16406
98.0916 32752
98.0933 16406
98.0934 16406
98.0934 9069
98.0975 16406
98.0975 5417
98.0975 16406
98.0975 16406
98.0975 10982
98.0989 16406
98.0989 5454
98.0989 8013
98.1022 16406
98.1022 16406
98.1023 24829
98.1023 7961
98.1068 16406
98.1069 16406
98.1069 24881
98.1069 7909
98.109 16406
98.1091 32812
98.1091 8596
98.1272 8379
98.1299 16406
98.1299 30
98.131 1020
98.213 469
98.2282 11498
98.255 409
98.2638 16406
98.2638 30
98.2666 16406
98.2666 10698
98.3281 471
98.34 16406
98.3422 9974
98.3819 460
98.382 8973
98.3844 16406
98.3845 835
98.4119 8379
98.4141 432
98.4142 16406
98.4142 30
98.4175 3120
98.4539 432
98.4699 16406
98.4699 344
98.4725 16406
98.4725 5356
98.5099 8379
98.5125 16406
98.5125 30
98.5143 7765
98.5157 459
98.5574 16406
98.5598 1055
98.5598 16406
98.5598 1523
98.5615 5359
98.6272 16406
98.6292 1061
98.6292 16406
98.6292 30
98.6313 10850
98.6645 16406
98.6645 1048
98.6674 16406
98.6674 30
98.6674 1343
98.6922 423
98.7053 16406
98.7053 938
98.7077 16406
98.7077 1054
98.7077 6690
98.7694 16406
98.7695 1048
98.772 396
98.772 16406
98.772 1964
98.8335 16406
98.8336 30
98.8358 16406
98.8359 2982
98.8792 8379
98.8855 16406
98.8855 30
98.8855 3872
98.9306 16406
98.9306 17454
98.9319 2151
98.9695 16406
98.9695 30
98.9717 11094
98.9779 484
99.013 16406
99.013 30
99.0155 16406
99.0156 1054
99.0156 4646
99.0305 16406
99.0306 30
99.0327 10850
99.0754 16406
99.0772 9598
99.0772 4011
99.0773 5190
99.0773 31
99.1195 16406
99.1195 16406
99.1195 7118
99.1721 8973
99.1754 16406
99.1754 8787
99.178 16114
99.1797 16406
99.1798 16406
99.1798 9248
99.1808 5072
99.2643 16406
99.2661 24
99.2661 16406
99.2662 10465
99.2685 880
99.2822 422
99.312 16406
99.312 30
99.312 8966
99.3147 16406
99.3148 10214
99.3758 16406
99.3759 938
99.3778 8495
99.3778 16406
99.3778 30
99.3811 14665
99.4196 16406
99.4196 30
99.4225 16406
99.4225 16406
99.4226 19970
99.424 10340
99.424 16406
99.424 9991
99.4276 16406
99.4276 1536
99.4295 16406
99.4295 10939
99.4684 438
99.5035 0
99.5226 16406
99.5227 30
99.5227 5078
99.5565 3657
99.5595 8373
99.5595 16406
99.5595 30
99.5609 5947
99.606 16406
99.606 1048
99.6081 16406
99.6081 500
99.6108 11834
99.6237 16406
99.6237 30
99.6237 9534
99.6677 16406
99.6677 30
99.6695 8966
99.672 16406
99.6721 8816
99.6721 15340
99.7154 16406
99.7155 30
99.7155 8966
99.7164 4602
99.7702 16406
99.7702 30
99.7718 1053
99.7718 16406
99.7719 30
99.7735 1045
99.7735 16406
99.7735 30
99.7758 15678
99.8294 16406
99.8315 1061
99.8315 16406
99.8316 500
99.8335 5712
99.843 441
99.866 16406
99.8661 24
99.8687 16406
99.8687 1054
99.8687 10856
99.8796 122
99.9136 16406
99.9155 24
99.9155 16406
99.9156 2078
99.9191 16406
99.9191 1523
99.9191 4118
100.005 16406
100.005 30
100.008 16406
100.008 658
100.011 16406
100.011 30
100.011 68
100.015 6742
100.018 27
100.049 16406
100.049 16902
100.075 355
100.092 420
100.092 16406
100.092 16406
100.092 31852
100.096 16406
100.096 16406
100.096 32812
100.097 16406
100.097 111
100.097 4452
100.097 16406
100.099 3192
100.102 16406
100.102 5142
100.104 16406
100.104 16406
100.104 1054
100.106 16406
100.106 1523
100.109 16406
100.109 7809
100.109 749
100.112 16406
100.112 1054
100.112 16406
100.114 16406
100.114 1062
100.114 11424
100.115 4982
100.115 4299
100.116 705
100.118 14541
100.121 16406
100.121 975
100.122 15732
100.122 790
100.125 16406
100.125 16406
100.125 776
100.125 11311
100.128 16406
100.128 7805
100.13 16401
100.13 4990
100.133 563
100.133 16406
100.133 12200
100.134 16406
100.135 15931
100.137 16406
100.137 623
100.137 11156
100.139 16406
100.139 1521
100.139 2000
100.141 16406
100.141 10151
100.141 1343
100.22 6986
100.321 14130
100.322 4011
100.322 5198
100.322 31
100.396 0
100.404 469
100.422 14694
100.522 8973
100.524 10639
100.566 8379
100.569 16406
100.569 9005
100.582 16406
100.582 15174
100.609 437
100.611 424
100.681 7738
100.718 16406
100.721 16406
100.721 1139
100.721 402
100.723 16406
100.723 1513
100.723 12852
100.724 2878
100.724 8989
100.727 394
100.727 16406
100.727 15062
100.729 16406
100.729 7840
100.731 16406
100.731 2433
100.733 15732
100.734 16406
100.734 3688
100.737 16406
100.737 4248
100.737 187
100.741 16406
100.741 16406
100.741 16406
100.741 2286
100.742 1154
100.805 470
100.821 7362
100.878 428
100.921 8216
100.923 5004
100.987 8379
100.99 16406
100.99 3475
100.99 615
101.014 16406
101.015 16406
101.016 1083
101.016 322
101.018 16406
101.018 30
101.018 9996
101.02 6410
101.02 16406
101.02 10057
101.02 932
101.113 8973
101.115 4247
101.115 16406
101.115 30
101.117 15040
101.117 1403
101.164 16406
101.166 16406
101.166 16406
101.166 366
101.166 1182
101.169 16406
101.169 938
101.169 16406
101.169 1443
101.17 16406
101.17 11041
101.17 576
101.202 381
101.208 2101
101.211 16406
101.211 12990
101.219 412
101.29 16406
101.29 14102
101.31 16406
101.313 1054
101.313 15738
101.313 11424
101.314 4982
101.314 1443
101.314 316
101.317 16406
101.317 774
101.317 16406
101.317 642
101.319 16406
101.319 1062
101.319 705
101.322 16406
101.322 378
101.322 4982
101.324 1272
101.39 0
101.39 0
101.39 39
101.39 397
101.39 1155
101.406 0
101.411 9994
101.491 8965
101.491 16406
101.491 16184
101.491 3547
101.491 542
101.503 16406
101.505 351
101.505 15738
101.508 16406
101.508 16406
101.508 2186
101.509 597
101.509 1053
101.511 16406
101.511 30
101.511 16406
101.511 8568
101.513 1518
101.513 16406
101.513 17446
101.545 16406
101.545 8826
101.58 26
101.608 385
101.642 8678
101.65 16406
101.651 13922
101.698 16406
101.698 24
101.7 16406
101.7 1054
101.7 1846
101.703 522
101.714 16406
101.716 16406
101.717 43
101.763 4238
101.765 16406
101.765 16406
101.765 378
101.767 6410
101.767 1021
101.8 8973
101.802 16406
101.802 4308
101.802 127
101.827 16406
101.829 16406
101.829 38
101.841 424
101.863 8379
101.866 8973
101.866 16406
101.866 782
101.867 559
101.867 7427
101.867 1012
101.882 16406
101.884 14110
101.932 472
101.932 16406
101.932 24
101.932 16406
101.932 1054
101.934 1846
101.934 522
101.945 504
101.965 418
102.013 16406
102.016 16406
102.016 777
102.016 314
102.017 16406
102.017 372
102.019 3655
102.019 27
102.041 16406
102.041 16406
102.041 496
102.068 420
102.068 16406
102.069 1054
102.071 16406
102.071 1054
102.074 16406
102.074 30
102.074 7273
102.075 16406
102.075 30
102.077 16406
102.077 9991
102.077 2856
102.079 12888
102.079 7140
102.08 9266
102.08 1045
102.082 16406
102.082 30
102.084 16406
102.087 8305
102.089 16406
102.089 30
102.091 9997
102.096 16406
102.096 1529
102.101 16406
102.101 16406
102.101 32812
102.101 17136
102.101 16397
102.101 505
102.104 16406
102.104 16406
102.104 16406
102.11 16406
102.11 16406
102.11 26074
102.189 16406
102.282 16406
102.282 32
102.297 381
102.314 0
102.318 8092
102.318 984
102.318 31
102.33 16406
102.33 16361
102.335 16406
102.335 16406
102.335 32760
102.374 16406
102.374 16406
102.374 32752
102.374 82
102.374 16406
102.376 16406
102.376 30213
102.376 16406
102.376 14604
102.376 12250
102.395 424
102.444 11310
102.546 16406
102.548 7906
102.646 8538
102.648 5998
102.682 8965
102.682 12852
102.684 3473
102.685 3563
102.685 412
102.74 408
102.769 16406
102.771 9411
102.774 16406
102.774 30
102.774 9433
102.776 16406
102.776 398
102.779 16406
102.779 6605
102.781 16406
102.781 16406
102.781 8913
102.782 16406
102.782 9013
102.785 16406
102.785 30
102.785 7425
102.872 16406
102.874 7462
102.887 445
102.964 16406
102.967 8701
102.969 16406
102.969 16406
102.969 24135
102.971 16406
102.971 2187
102.971 16406
102.971 671
102.975 16406
102.975 8099
102.977 16406
102.977 7688
102.979 9368
102.979 16406
102.979 5082
102.979 8781
103.067 12438
103.167 8490
103.173 16406
103.176 16406
103.176 38
103.216 403
103.231 8973
103.234 439
103.234 8489
103.234 16406
103.234 30
103.237 16406
103.237 2500
103.237 16406
103.237 30
103.238 16402
103.238 16406
103.238 30
103.241 16406
103.241 16406
103.241 16406
103.241 11986
103.244 16406
103.244 4452
103.246 2071
103.246 16406
103.246 30
103.246 14362
103.281 463
103.333 13266
103.399 426
103.417 419
103.428 16406
103.43 16406
103.43 734
103.443 413
103.451 478
103.462 16024
103.465 8959
103.465 16406
103.465 1438
103.466 7379
103.507 397
103.513 471
103.526 8979
103.528 8489
103.528 16406
103.528 30
103.53 9234
103.548 16406
103.55 11478
103.579 14280
103.58 2126
103.582 16406
103.582 38
103.611 14354
103.616 16406
103.616 8958
103.616 1321
103.632 8973
103.634 16406
103.634 4407
103.681 8979
103.684 8489
103.684 16406
103.684 1018
103.728 16406
103.728 351
103.73 16406
103.73 30
103.73 1195
103.732 16406
103.732 1098
103.766 16406
103.769 1061
103.769 16406
103.769 500
103.77 5060
103.776 429
103.792 16406
103.792 5712
103.793 7834
103.835 16406
103.839 16406
103.839 2050
103.866 15422
103.868 16406
103.868 1054
103.871 16406
103.871 500
103.871 2075
103.915 16406
103.917 1061
103.917 16406
103.917 30
103.919 5530
103.997 8379
103.999 16406
103.999 16406
103.999 1054
104.004 16406
104.004 8245
104.004 27
104.025 16406
104.025 16902
104.052 420
104.055 16406
104.055 344
104.06 16406
104.06 30
104.06 16406
104.06 16047
104.063 16406
104.063 32812
104.063 16358
104.063 11701
104.065 16406
104.065 30
104.065 8964
104.067 16406
104.068 3036
104.068 13765
104.07 16406
104.07 30
104.07 16406
104.07 16406
104.071 2631
104.074 16406
104.074 16406
104.074 32780
104.074 3603
104.074 1053
104.075 16406
104.075 30
104.075 13281
104.079 16406
104.079 6235
104.079 16406
104.079 30
104.08 1053
104.08 16406
104.08 30
104.082 171
104.082 16406
104.082 30
104.085 10798
104.085 16406
104.085 1529
104.087 16406
104.087 8243
104.087 16406
104.087 30
104.089 16406
104.089 16406
104.089 3102
104.089 16406
104.089 30
104.091 1053
104.091 16406
104.091 30
104.092 292
104.092 1053
104.092 16406
104.092 30
104.095 16406
104.095 2078
104.095 16406
104.095 30
104.097 1053
104.097 15708
104.098 698
104.098 30
104.098 1053
104.098 16406
104.098 30
104.1 16153
104.1 16406
104.1 30
104.103 12700
104.103 16406
104.103 158
104.146 16406
104.146 30
104.146 1881
104.247 15446
104.293 469
104.313 5760
104.313 3325
104.338 405
104.348 16406
104.35 196
104.449 479
104.449 13378
104.504 473
104.518 401
104.549 16198
104.571 413
104.597 395
104.615 16406
104.615 12418
104.65 395
104.71 432
104.715 8490
104.789 16406
104.789 30
104.791 1053
104.793 16406
104.793 30
104.793 5906
104.804 438
104.819 468
104.819 16406
104.819 10464
104.822 16406
104.822 8958
104.825 13414
104.826 16406
104.826 40
104.828 16406
104.828 1523
104.832 16406
104.832 16406
104.832 14855
104.833 8972
104.833 16406
104.833 8542
104.836 16406
104.836 30
104.836 15284
104.839 16406
104.839 132
104.861 8973
104.863 16406
104.863 667
104.943 480
104.961 7362
105.019 377
105.062 11874
105.068 8379
105.071 349
105.071 16406
105.071 30
105.071 6129
105.076 422
105.116 4302
105.119 16406
105.119 1054
105.122 16406
105.122 30
105.124 16406
105.124 16406
105.124 32756
105.126 10453
105.13 16406
105.13 14859
105.13 16406
105.13 30
105.133 16406
105.133 16406
105.133 9564
105.133 6880
105.133 16406
105.133 30
105.133 16406
105.134 1478
105.136 16406
105.136 1529
105.136 13467
105.186 423
105.216 14622
105.274 448
105.317 6610
105.391 470
105.398 16406
105.398 8955
105.398 10441
105.426 14478
105.428 16406
105.428 1966
105.47 16406
105.472 16406
105.473 1831
105.473 16406
105.473 2665
105.501 396
105.515 13307
105.515 8959
105.518 16406
105.519 28369
105.519 11906
105.52 1842
105.563 16406
105.563 8960
105.565 3479
105.627 16406
105.629 351
105.629 16406
105.629 30
105.63 16406
105.63 1192
105.645 472
105.661 428
105.665 16406
105.665 344
105.668 16406
105.668 1054
105.668 7980
105.715 16406
105.715 1048
105.718 16406
105.718 30
105.718 12924
105.751 16406
105.751 1048
105.754 16406
105.754 30
105.755 4352
105.777 16406
105.777 8960
105.779 7484
105.793 433
105.816 16406
105.816 1048
105.818 16406
105.818 30
105.818 11684
105.861 16406
105.861 1040
105.864 16406
105.864 30
105.864 9360
105.899 16406
105.901 1055
105.901 16406
105.901 30
105.904 4352
105.925 395
105.927 16406
105.927 8960
105.929 7484
105.981 16406
105.983 1055
105.983 16406
105.983 30
105.985 3975
106.001 455
106.017 619
106.047 16406
106.051 2077
106.051 27
106.072 16406
106.072 16406
106.072 496
106.085 412
106.085 421
106.103 420
106.103 16406
106.103 16406
106.103 1428
106.105 30394
106.105 16406
106.105 31416
106.105 1396
106.105 16367
106.105 3579
106.108 16406
106.108 9923
106.108 15498
106.11 16406
106.11 16406
106.11 20212
106.11 12586
106.111 72
106.111 16406
106.111 16406
106.111 18633
106.114 14203
106.116 16406
106.116 16406
106.116 18594
106.118 14248
106.12 13588
106.123 16406
106.123 7922
106.123 16070
106.125 16406
106.125 30
106.125 7490
106.128 9978
106.13 16406
106.13 7865
106.13 16406
106.13 2196
106.132 16406
106.132 30
106.132 6190
106.134 1103
106.134 16406
106.134 30
106.137 16406
106.137 774
106.137 16406
106.137 2007
106.14 16406
106.14 6914
106.143 15141
106.143 16406
106.143 12761
106.145 16406
106.146 4310
106.146 16406
106.146 16406
106.146 17810
106.146 174
106.183 401
106.207 13002
106.257 399
106.264 8979
106.266 16406
106.266 1393
106.308 8093
106.308 1099
106.308 31
106.342 405
106.364 5482
106.368 450
106.385 0
106.385 438
106.409 421
106.434 434
106.465 8678
106.553 440
106.567 16406
106.567 30
106.569 565
106.598 16406
106.598 9222
106.669 8973
106.673 16406
106.673 782
106.673 458
106.702 415
106.736 429
106.738 379
106.77 12438
106.834 16406
106.834 30
106.838 16406
106.838 7922
106.838 785
106.842 16406
106.842 30
106.844 16406
106.844 6470
106.846 1926
106.846 16406
106.846 30
106.848 126
106.848 955
106.851 16406
106.851 10947
106.853 16406
106.853 3461
106.855 16406
106.855 8264
106.857 842
106.953 16406
106.953 24
106.953 16406
106.953 16406
106.953 106
106.953 979
106.954 436
106.961 16406
106.961 30
106.963 15550
106.965 409
106.978 383
107.018 439
107.048 16406
107.048 9410
107.099 16406
107.099 30
107.1 16406
107.1 768
107.1 739
107.114 13326
107.116 16406
107.116 30
107.12 16406
107.12 1522
107.12 29
107.123 16406
107.123 3638
107.123 15750
107.125 10702
107.125 16406
107.125 2738
107.128 16406
107.128 2195
107.128 536
107.132 16406
107.132 12198
107.132 16406
107.132 1513
107.132 12195
107.132 739
107.172 436
107.215 8379
107.217 8789
107.266 469
107.285 458
107.315 8973
107.317 7067
107.332 433
107.332 16406
107.332 8650
107.395 16406
107.395 30
107.395 8590
107.395 405
107.395 16406
107.395 7922
107.395 309
107.408 0
107.408 3652
107.418 16406
107.418 16406
107.418 1452
107.418 655
107.419 16406
107.419 1523
107.419 4306
107.42 344
107.424 0
107.473 16406
107.473 30
107.475 16406
107.475 2286
107.492 14882
107.495 16406
107.495 30
107.495 3630
107.497 103
107.522 16406
107.524 15732
107.524 719
107.561 470
107.569 16406
107.569 30
107.569 1053
107.57 16406
107.57 447
107.57 30
107.57 16406
107.57 752
107.572 16406
107.572 674
107.572 711
107.575 16406
107.576 2070
107.576 15870
107.576 573
107.576 2856
107.579 13550
107.579 7914
107.579 16406
107.579 513
107.617 457
107.617 16406
107.618 6099
107.618 16406
107.618 2754
107.618 16406
107.618 30
107.618 6486
107.618 1205
107.626 435
107.666 7362
107.674 428
107.674 0
107.694 423
107.769 16406
107.769 1506
107.773 15948
107.774 15738
107.775 1171
107.822 16406
107.822 16400
107.824 1381
107.824 16406
107.824 30
107.825 1165
107.825 102
107.835 427
107.842 407
107.842 390
107.845 16406
107.845 30
107.847 10286
107.866 8979
107.868 16406
107.868 2709
107.877 404
107.904 417
107.911 8379
107.914 16406
107.914 11073
107.93 404
107.942 8979
107.944 7779
107.946 16406
107.946 3364
107.948 419
108.008 8379
108.01 15738
108.01 705
108.014 11769
108.014 27
108.019 456
108.036 16406
108.036 16406
108.036 496
108.051 386
108.064 420
108.064 15708
108.066 698
108.066 337
108.07 16406
108.07 30
108.074 16406
108.074 1524
108.076 16406
108.076 1608
108.085 8979
108.085 8489
108.091 16406
108.094 16406
108.094 1532
108.096 9533
108.096 8489
108.098 8979
108.1 16406
108.102 9521
108.102 8973
108.105 402
108.105 16406
108.105 1060
108.108 7465
108.109 16406
108.109 2078
108.115 16406
108.117 16406
108.117 32
108.119 16406
108.119 30
108.121 16375
108.121 16406
108.125 16406
108.125 32
108.126 16406
108.126 30
108.128 16360
108.13 16406
108.13 16406
108.13 16406
108.131 32
108.131 11396
108.134 16406
108.134 10003
108.136 16406
108.136 1054
108.138 16406
108.138 9513
108.138 16406
108.138 30
108.139 1053
108.142 16406
108.142 30
108.144 8964
108.144 2856
108.146 13550
108.146 18484
108.147 9528
108.147 16406
108.147 30
108.149 8964
108.151 16406
108.152 19523
108.153 7465
108.155 16406
108.155 1054
108.158 16406
108.158 9988
108.158 1941
108.161 16406
108.161 30
108.161 6090
108.183 419
108.21 396
108.219 8979
108.219 9996
108.22 6277
108.225 165
108.253 438
108.271 0
108.271 39
108.274 113
108.3 0
108.302 431
108.302 4011
108.302 5212
108.316 447
108.319 16406
108.321 3393
108.333 474
108.364 405
108.379 8979
108.381 16406
108.381 2709
108.399 463
108.401 0
108.401 0
108.402 851
108.402 115
108.402 3640
108.411 464
108.478 3065
108.478 14290
108.548 439
108.558 419
108.564 16406
108.566 16406
108.566 14458
108.586 429
108.645 401
108.652 8379
108.652 16406
108.652 1429
108.738 8979
108.74 16406
108.74 77
108.766 488
108.838 8379
108.838 5712
108.84 2701
108.861 1409
108.863 15020
108.866 16406
108.866 16406
108.866 3225
108.866 16406
108.866 1522
108.87 16406
108.87 16406
108.87 32731
108.873 16406
108.873 16406
108.873 3014
108.873 1085
108.9 16406
108.903 16406
108.903 14822
108.913 0
108.97 16406
108.97 11610
108.995 40
109.012 16406
109.015 16406
109.015 4738
109.064 16406
109.065 11422
109.16 15070
109.167 16406
109.169 24
109.169 16406
109.169 16406
109.169 16406
109.172 1265
109.172 16406
109.173 10448
109.174 4041
109.268 10441
109.268 16406
109.268 15254
109.27 16406
109.27 5331
109.273 16406
109.273 30
109.273 16406
109.273 9988
109.275 0
109.275 0
109.275 39
109.275 16406
109.275 16406
109.275 5018
109.277 1280
109.277 1280
109.277 578
109.277 427
109.277 16406
109.277 11013
109.279 16406
109.279 16406
109.279 5431
109.295 25
109.369 16406
109.37 3081
109.423 127
109.423 159
109.441 0
109.468 1401
109.468 16406
109.468 7090
109.515 16406
109.515 16406
109.515 7174
109.549 8379
109.549 2856
109.55 13550
109.55 10209
109.574 8979
109.576 16406
109.576 7501
109.578 16406
109.578 30
109.58 16406
109.58 11424
109.583 4982
109.583 1014
109.583 16406
109.583 30
109.584 10947
109.584 16406
109.584 4461
109.675 14494
109.715 16406
109.715 8963
109.718 16406
109.718 5581
109.722 0
109.756 16406
109.758 10478
109.758 16406
109.758 1529
109.759 11911
109.821 8979
109.822 8964
109.825 16406
109.825 16406
109.825 1530
109.825 1458
109.863 16406
109.865 8963
109.865 16406
109.865 10545
109.879 121
109.915 16406
109.917 16406
109.917 10453
109.92 7099
109.95 16406
109.952 16406
109.952 5566
109.993 410
110.016 16406
110.016 16406
110.016 224
110.021 16406
110.021 16406
110.021 476
110.022 27
110.043 16406
110.043 16406
110.043 496
110.067 420
110.07 8215
110.072 16406
110.073 1805
110.073 8495
110.079 8979
110.079 16406
110.079 1054
110.081 374
110.081 8964
110.081 16406
110.081 1055
110.083 5070
110.088 16406
110.088 1054
110.09 16406
110.09 7983
110.092 16406
110.092 1529
110.092 16406
110.092 6914
110.094 16406
110.094 12127
110.134 8979
110.137 401
110.205 16399
110.276 16406
110.276 1529
110.296 3372
110.298 4011
110.298 4113
110.298 1114
110.298 31
110.319 8979
110.319 5712
110.321 3252
110.325 16406
110.325 1529
110.325 16406
110.325 16406
110.325 5927
110.328 16406
110.328 16406
110.328 32117
110.332 16406
110.332 16406
110.332 32769
110.333 16406
110.333 16406
110.333 32752
110.333 80
110.336 16406
110.336 9047
110.336 16406
110.336 15708
110.338 698
110.338 32749
110.34 16406
110.34 11241
110.34 16406
110.34 21577
110.341 16406
110.341 2353
110.341 16406
110.341 2606
110.368 426
110.368 16406
110.368 2446
110.371 568
110.42 16406
110.42 30
110.423 16406
110.423 1523
110.423 1060
110.425 2713
110.452 404
110.504 14910
110.508 16406
110.508 16406
110.508 4458
110.523 406
110.558 446
110.606 16406
110.606 4890
110.65 8979
110.653 16401
110.653 16406
110.653 1529
110.654 1382
110.716 16406
110.718 16406
110.719 546
110.803 8379
110.805 16406
110.805 16406
110.805 4033
110.862 446
110.867 8979
110.87 11424
110.87 4982
110.87 8489
110.87 1957
110.889 441
110.918 8979
110.921 16406
110.921 9665
110.95 16406
110.95 30
110.954 16406
110.954 1054
110.954 16406
110.954 9990
110.957 8438
110.97 458
110.987 418
111.017 16406
111.017 344
111.019 16406
111.019 30
111.021 16406
111.021 140
111.024 16406
111.024 30
111.024 16406
111.024 16406
111.025 16402
111.033 16406
111.033 30
111.036 16406
111.036 16406
111.036 28442
111.04 8536
111.049 454
111.056 16406
111.061 16406
111.061 16406
111.061 16370
111.061 12267
111.062 16406
111.062 30
111.062 8065
111.08 16406
111.08 30
111.082 16014
111.109 16406
111.109 10478
111.112 5966
111.112 16406
111.112 16406
111.113 3035
111.116 16406
111.116 6865
111.116 5278
111.131 395
111.141 8979
111.143 16406
111.143 8913
111.151 452
111.17 8979
111.172 16406
111.172 7465
111.191 8979
111.195 16406
111.195 5285
111.204 385
111.207 16406
111.207 10478
111.209 4406
111.267 429
111.305 14130
111.353 432
111.359 8979
111.362 16406
111.362 12861
111.422 16406
111.423 16406
111.423 1066
111.423 1953
111.464 14478
111.467 16406
111.467 1966
111.467 8952
111.469 16406
111.469 13216
111.471 16406
111.471 15378
111.471 8222
111.473 16406
111.473 1523
111.475 2004
111.493 8379
111.503 16406
111.503 1054
111.503 16406
111.504 30
111.504 16406
111.504 6741
111.532 16406
111.532 16400
111.533 10572
111.573 8979
111.576 16406
111.576 17445
111.576 1991
111.6 403
111.639 8979
111.641 7465
111.641 16406
111.641 1054
111.643 10286
111.677 16406
111.678 24
111.678 16406
111.678 2554
111.681 407
111.7 539
111.722 8979
111.742 7465
111.745 16406
111.745 1368
111.746 16406
111.746 30
111.746 3175
111.748 16406
111.766 12926
111.791 16406
111.793 24
111.793 16406
111.793 481
111.795 8553
111.842 467
111.849 16406
111.849 30
111.849 10003
111.851 13905
111.887 428
111.898 16406
111.898 8960
111.899 7052
111.93 414
111.972 467
111.972 373
111.997 10558
112 8979
112 7465
112.004 16170
112.004 27
112.026 16406
112.027 16406
112.027 496
112.053 420
112.059 8222
112.059 16406
112.059 9560
112.066 8979
112.07 16406
112.07 16406
112.07 16778
112.07 421
112.07 408
112.078 16406
112.082 16406
112.082 16406
112.082 16371
112.083 16406
112.083 67
112.083 16207
112.127 16406
112.127 11424
112.129 1558
112.193 16406
112.193 12418
112.214 13450
112.217 16406
112.218 870
112.262 16406
112.262 16406
112.262 1428
112.263 4062
112.279 508
112.294 4010
112.294 5196
112.294 31
112.328 16406
112.33 24
112.33 16406
112.33 9988
112.331 2908
112.331 678
112.351 408
112.366 16406
112.367 12362
112.375 0
112.415 16406
112.416 696
112.416 33
112.416 16406
112.416 5066
112.416 901
112.452 399
112.473 16406
112.475 24
112.478 16406
112.478 14288
112.478 385
112.511 16406
112.513 1061
112.513 16406
112.513 30
112.514 4300
112.514 1071
112.561 16406
112.563 16406
112.563 1050
112.564 10430
112.636 8379
112.636 15738
112.636 16406
112.636 1020
112.636 8577
112.636 999
112.664 16406
112.666 16406
112.666 10342
112.666 1325
112.71 16406
112.711 1061
112.713 16406
112.713 30
112.713 4778
112.714 216
112.775 16406
112.775 938
112.778 16406
112.778 7813
112.779 9651
112.805 458
112.816 16406
112.816 30
112.816 343
112.818 16406
112.818 30
112.818 10012
112.822 825
112.849 16406
112.851 1061
112.851 16406
112.851 30
112.853 4300
112.853 1071
112.859 421
112.914 16406
112.917 1061
112.917 16406
112.917 30
112.919 15724
112.921 363
112.966 16406
112.966 1048
112.968 16406
112.968 30
112.969 12867
112.969 782
113.043 16406
113.044 30
113.045 16406
113.045 372
113.045 4284
113.047 10700
113.047 1409
113.064 16406
113.065 1055
113.065 16406
113.065 30
113.068 8584
113.068 929
113.116 16406
113.116 1048
113.119 15738
113.12 2856
113.12 12122
113.12 230
113.177 8379
113.18 16406
113.18 1061
113.181 16406
113.181 3253
113.211 8973
113.214 16406
113.214 7785
113.217 16406
113.217 1268
113.263 14830
113.269 16406
113.269 9271
113.269 4385
113.269 989
113.31 406
113.33 16406
113.332 9411
113.332 16406
113.332 11448
113.334 990
113.361 16406
113.361 10005
113.364 16406
113.364 6494
113.364 217
113.379 424
113.406 16406
113.406 30
113.408 16406
113.408 1054
113.408 11446
113.41 317
113.468 8973
113.468 8489
113.47 15738
113.47 705
113.473 12172
113.511 16406
113.512 16406
113.512 380
113.512 10694
113.514 623
113.554 16406
113.556 24
113.556 16406
113.556 11503
113.558 2821
113.558 754
113.597 16406
113.597 10670
113.632 16406
113.634 15732
113.635 719
113.659 15070
113.662 16406
113.662 8958
113.664 7186
113.694 460
113.724 8379
113.726 16406
113.726 30
113.726 14294
113.729 1320
113.746 16406
113.746 11798
113.765 8379
113.767 16406
113.767 7164
113.767 930
113.816 16406
113.82 16406
113.82 16406
113.82 5744
113.82 1007
113.851 11770
113.854 16406
113.854 13830
113.889 427
113.895 16406
113.895 10482
113.897 473
113.916 3917
113.919 16406
113.919 12526
113.919 454
113.981 16406
113.985 16406
113.985 1062
113.985 1053
113.987 16406
113.987 30
113.987 1157
113.989 96
114.005 8678
114.008 27
114.03 16406
114.03 16406
114.03 496
114.056 16406
114.056 9801
114.056 16406
114.056 15032
114.058 11372
114.058 5712
114.059 10694
114.059 1052
114.061 5378
114.061 3623
114.064 16406
114.064 586
114.065 1053
114.069 16406
114.069 10864
114.069 16406
114.069 1529
114.073 16406
114.073 1529
114.075 10648
114.078 16406
114.078 10463
114.078 16154
114.08 16406
114.08 938
114.08 16406
114.08 8965
114.082 5623
114.092 410
114.166 433
114.187 436
114.284 0
114.287 4010
114.287 5255
114.328 385
114.339 16406
114.339 8964
114.341 16406
114.341 384
114.344 16406
114.344 30
114.347 16406
114.347 8866
114.347 16406
114.347 7140
114.348 9266
114.348 7546
114.352 16406
114.352 16406
114.352 32742
114.354 16406
114.354 12888
114.365 16406
114.369 16406
114.369 16406
114.369 4410
114.401 409
114.406 8379
114.408 16406
114.408 30
114.41 16406
114.41 4973
114.451 8973
114.453 8495
114.453 16406
114.453 30
114.455 7090
114.516 16406
114.516 16406
114.516 11496
114.517 7440
114.556 8379
114.559 16406
114.559 16406
114.559 3657
114.621 16406
114.621 30
114.621 1053
114.623 16406
114.623 8964
114.623 4924
114.662 5830
114.665 16406
114.665 30
114.668 16406
114.668 2554
114.668 1557
114.708 16406
114.708 16406
114.708 2437
114.711 10407
114.726 401
114.769 16406
114.771 16406
114.771 2080
114.773 16406
114.773 30
114.773 1851
114.817 8979
114.817 7465
114.819 16406
114.819 11027
114.821 7965
114.828 444
114.831 432
114.847 422
114.855 8979
114.857 7465
114.857 16406
114.857 1054
114.859 16406
114.859 1310
114.919 16406
114.919 938
114.921 456
114.921 16406
114.921 14162
114.956 400
114.96 8379
114.963 16406
114.963 10003
114.967 12080
114.993 433
115.004 8379
115.006 16406
115.007 1523
115.007 16406
115.007 1428
115.009 3556
115.023 435
115.07 8979
115.074 16406
115.074 16406
115.074 13773
115.118 16406
115.118 8964
115.118 15376
115.155 16406
115.155 16400
115.157 9388
115.173 460
115.196 16406
115.196 30
115.196 12542
115.214 454
115.216 8979
115.218 16401
115.22 7478
115.248 445
115.266 8973
115.267 16401
115.27 16406
115.27 1536
115.27 11722
115.294 16406
115.294 8957
115.297 7751
115.304 419
115.313 16406
115.313 16406
115.313 30
115.33 16406
115.33 1055
115.333 16406
115.333 6664
115.345 16406
115.346 14806
115.369 16406
115.37 16406
115.37 38
115.388 8979
115.39 16406
115.39 5849
115.439 16406
115.441 16406
115.441 10190
115.445 424
115.451 8979
115.451 4284
115.452 12122
115.452 6977
115.474 5574
115.476 8973
115.476 16406
115.476 1927
115.515 8379
115.518 16406
115.518 1054
115.518 16406
115.518 30
115.52 12409
115.537 431
115.546 16406
115.546 30
115.548 13482
115.581 8979
115.584 16406
115.584 1054
115.586 14093
115.606 16406
115.606 8960
115.609 16406
115.609 10470
115.61 11436
115.629 490
115.666 8979
115.668 16406
115.668 8959
115.668 16406
115.668 1528
115.669 3213
115.689 394
115.716 8379
115.716 16406
115.717 16406
115.717 8301
115.72 411
115.728 8379
115.73 16406
115.73 5712
115.73 2353
115.751 415
115.778 16406
115.778 16406
115.778 16406
115.778 8218
115.816 16406
115.818 8790
115.824 422
115.834 8379
115.834 12852
115.836 3554
115.836 8065
115.881 16406
115.882 1048
115.882 8979
115.885 16406
115.885 8489
115.885 5800
115.9 435
115.929 16406
115.929 30
115.931 16406
115.931 16406
115.931 9666
115.954 439
116.002 453
116.007 16406
116.007 30
116.007 1053
116.009 16406
116.009 30
116.009 9441
116.014 5895
116.014 27
116.019 443
116.037 16406
116.037 16406
116.037 496
116.081 420
116.081 16406
116.081 16406
116.081 16406
116.083 15421
116.083 729
116.083 16406
116.083 16406
116.083 16406
116.083 11424
116.086 4936
116.086 16406
116.086 16406
116.086 3861
116.097 16406
116.1 16406
116.1 1242
116.112 16406
116.114 35
116.114 16406
116.114 30
116.164 16406
116.164 938
116.168 16406
116.168 3475
116.17 16406
116.17 3865
116.181 401
116.188 400
116.198 16406
116.2 9730
116.222 16406
116.222 16406
116.222 30
116.262 16406
116.262 938
116.264 16406
116.264 1529
116.268 16406
116.268 5623
116.283 4010
116.283 5197
116.283 31
116.315 16406
116.315 1054
116.317 16406
116.317 30
116.317 1053
116.319 16406
116.319 30
116.319 6546
116.355 16406
116.358 9730
116.367 410
116.377 16406
116.379 16406
116.379 38
116.398 421
116.413 1057
116.416 16406
116.416 938
116.418 16406
116.418 16406
116.418 4778
116.448 388
116.465 16406
116.465 30
116.467 16406
116.467 658
116.469 16406
116.469 30
116.469 9602
116.489 422
116.507 388
116.521 16406
116.521 16406
116.521 11424
116.522 4982
116.522 1576
116.522 2787
116.564 16406
116.564 448
116.568 16406
116.568 32
116.572 16406
116.572 8920
116.617 421
116.622 16406
116.624 16406
116.624 1056
116.626 2743
116.626 16406
116.626 30
116.675 8379
116.675 7140
116.678 9266
116.678 16406
116.678 9991
116.679 6104
116.712 16406
116.715 35
116.715 16406
116.715 658
116.717 16406
116.717 30
116.717 4958
116.761 2857
116.764 8371
116.764 16406
116.764 1054
116.766 16406
116.766 2264
116.797 16406
116.797 8960
116.799 8876
116.823 8973
116.826 8489
116.826 16406
116.826 10612
116.857 8214
116.86 16406
116.86 16406
116.86 1510
116.86 2153
116.902 13818
116.906 16406
116.906 1524
116.906 11472
116.945 16406
116.947 15558
116.993 16406
116.993 16406
116.993 38
117.013 8379
117.016 8973
117.018 16406
117.018 8495
117.02 15041
117.046 445
117.05 8973
117.05 7471
117.052 16406
117.053 1054
117.054 14742
117.067 479
117.097 12366
117.1 16406
117.1 6974
117.122 16406
117.124 8974
117.127 16406
117.127 37
117.127 16406
117.129 1162
117.178 16406
117.213 1061
117.213 16406
117.213 30
117.213 16406
117.213 3678
117.213 5712
117.215 10694
117.215 8970
117.243 16406
117.246 16406
117.246 9946
117.27 8222
117.274 16406
117.274 8222
117.285 16406
117.287 16406
117.287 12522
117.349 16406
117.352 16406
117.352 16574
117.352 6640
117.392 8973
117.394 16394
117.394 8568
117.396 7838
117.396 3027
117.435 465
117.435 10274
117.435 16406
117.435 30
117.435 7430
117.458 16406
117.459 24
117.459 16406
117.459 1054
117.463 16406
117.463 4568
117.499 470
117.506 16406
117.509 24
117.509 16406
117.509 1524
117.51 10574
117.542 7810
117.545 16406
117.545 7557
117.546 3250
117.567 16406
117.57 24
117.57 16406
117.57 732
117.607 16406
117.609 8963
117.609 16406
117.609 7140
117.61 6525
117.655 400
117.655 8973
117.655 16406
117.655 10235
117.696 423
117.713 16406
117.715 462
117.715 16406
117.715 18560
117.748 16406
117.751 16406
117.751 38
117.781 16406
117.781 7140
117.783 9266
117.783 11214
117.783 9102
117.828 16406
117.831 8974
117.831 16406
117.831 4762
117.862 16406
117.864 16406
117.864 1430
117.892 16038
117.894 16406
117.894 406
117.932 435
117.932 16406
117.934 24
117.934 16406
117.934 1523
117.937 16406
117.937 1530
117.937 474
117.991 456
118.013 16406
118.017 16406
118.017 12202
118.017 27
118.048 16406
118.048 16406
118.048 496
118.072 407
118.072 420
118.072 8379
118.075 16406
118.075 16406
118.075 1376
118.075 7140
118.077 1833
118.077 15424
118.079 16406
118.079 30
118.082 16406
118.082 11971
118.082 13764
118.086 16406
118.086 1515
118.086 12966
118.104 362
118.108 8973
118.11 16406
118.11 83
118.119 16406
118.119 8960
118.119 8972
118.119 7322
118.165 8979
118.165 7465
118.167 16406
118.167 1054
118.169 7410
118.212 16406
118.212 30
118.215 16406
118.215 1244
118.215 15268
118.217 1169
118.217 4190
118.275 16406
118.277 10005
118.277 8092
118.277 1147
118.279 16406
118.279 492
118.279 2877
118.28 1416
118.315 8379
118.318 16406
118.318 1054
118.318 4033
118.32 856
118.322 428
118.346 16406
118.346 30
118.347 10718
118.355 0
118.374 16406
118.374 30
118.378 16406
118.378 2475
118.378 1288
118.419 8379
118.419 15738
118.421 705
118.421 16406
118.421 782
118.423 301
118.423 564
118.452 439
118.468 426
118.483 16406
118.487 13985
118.487 16406
118.487 3632
118.488 283
118.523 16406
118.523 30
118.526 16406
118.526 1523
118.526 12133
118.527 289
118.535 444
118.558 455
118.578 16406
118.58 24
118.58 16406
118.58 2210
118.581 6079
118.581 454
118.628 416
118.641 16406
118.641 6437
118.645 16406
118.645 782
118.645 8870
118.647 273
118.652 394
118.681 16406
118.681 30
118.683 16406
118.683 782
118.686 301
118.686 16406
118.686 776
118.687 307
118.687 717
118.715 8979
118.715 16399
118.718 16406
118.718 782
118.718 307
118.78 1317
118.78 8371
118.785 16406
118.785 10472
118.787 16406
118.787 2595
118.79 0
118.79 0
118.79 39
118.79 128
118.79 1123
118.805 0
118.832 16406
118.832 30
118.832 8590
118.834 14002
118.873 8979
118.878 16406
118.878 1054
118.878 16406
118.878 2465
118.913 8379
118.915 438
118.915 16406
118.915 6861
118.917 1309
118.928 16406
118.93 15740
118.93 1219
118.957 441
118.979 8979
118.984 7779
118.986 16406
118.986 30
118.986 16155
118.987 265
119.043 8402
119.047 8973
119.047 16406
119.047 16406
119.047 1528
119.047 336
119.048 13754
119.122 16406
119.122 9293
119.123 7465
119.123 16406
119.123 1054
119.125 5455
119.125 570
119.148 16406
119.148 30
119.148 16406
119.148 4284
119.149 5666
119.149 1277
119.168 442
119.168 371
119.191 8979
119.193 16406
119.193 7097
119.193 9272
119.195 1119
119.208 8379
119.208 1428
119.209 14978
119.209 1523
119.211 16406
119.211 40
119.254 8973
119.257 7465
119.257 16406
119.257 782
119.258 771
119.258 232
119.262 447
119.313 16406
119.313 30
119.313 1053
119.316 16406
119.316 782
119.316 14280
119.318 1730
119.318 4982
119.319 953
119.356 8979
119.356 7465
119.36 16406
119.36 1522
119.36 16406
119.36 7158
119.36 857
119.417 801
119.42 400
119.42 16406
119.42 2856
119.42 6452
119.422 427
119.422 8592
119.422 401
119.425 16406
119.425 782
119.425 814
119.459 8379
119.463 16406
119.463 16406
119.463 9429
119.512 16406
119.512 30
119.514 8966
119.514 16406
119.514 3638
119.516 1153
119.526 444
119.543 423
119.554 421
119.567 8379
119.567 2856
119.569 13550
119.569 938
119.569 8495
119.572 16406
119.572 30
119.572 3623
119.574 709
119.61 8973
119.61 5712
119.612 10694
119.612 7819
119.612 705
119.614 16406
119.614 2062
119.661 438
119.661 5762
119.663 16406
119.663 16406
119.663 761
119.663 1406
119.673 405
119.682 457
119.718 16406
119.718 8966
119.72 16406
119.72 1529
119.72 1450
119.721 581
119.765 16406
119.765 30
119.767 16406
119.768 1515
119.768 16406
119.768 2889
119.77 1185
119.819 16406
119.819 9997
119.822 16406
119.822 8111
119.868 16406
119.868 30
119.87 16406
119.871 20676
119.879 121
119.915 8379
119.917 15738
119.919 16406
119.919 14429
119.96 0
119.993 8379
119.995 16406
119.996 16406
119.996 1785
119.996 1266
119.999 14577
119.999 27
120.021 16406
120.021 16406
120.021 496
120.022 415
120.054 420
120.054 8965
120.056 16406
120.056 16406
120.056 23817
120.058 8971
120.065 16406
120.065 16406
120.065 23923
120.066 16406
120.066 962
120.068 16406
120.068 14634
120.104 16406
120.106 24
120.106 16406
120.106 9988
120.107 1733
120.147 8979
120.149 16406
120.149 8857
120.165 415
120.165 16406
120.165 4284
120.166 4676
120.168 7484
120.186 16406
120.188 8978
120.214 8379
120.217 16406
120.217 8065
120.259 16406
120.262 16406
120.262 16406
120.262 142
120.27 0
120.273 9215
120.282 16406
120.282 938
120.284 8438
120.314 427
120.325 16406
120.325 1048
120.325 8568
120.326 7838
120.326 1529
120.329 8417
120.366 16406
120.369 16406
120.369 16406
120.369 8602
120.408 8979
120.412 16406
120.412 16406
120.412 6817
120.449 8379
120.451 16406
120.451 809
120.458 434
120.47 8379
120.47 16406
120.47 8065
120.508 16406
120.508 9879
120.512 16406
120.512 1536
120.513 1026
120.549 8979
120.552 7465
120.552 16406
120.552 15954
120.598 8379
120.6 8979
120.6 16406
120.6 8489
120.602 3008
120.62 566
120.637 424
120.637 16406
120.637 16406
120.637 18420
120.686 16406
120.686 8960
120.687 7372
120.692 439
120.708 16406
120.708 9997
120.71 11843
120.741 16406
120.741 8952
120.744 14956
120.754 39
120.754 0
120.769 438
120.771 0
120.801 8979
120.805 16406
120.805 15549
120.828 16406
120.828 30
120.83 12918
120.851 16406
120.851 8960
120.852 7484
120.891 12670
120.895 16406
120.895 16406
120.895 1960
120.895 7776
120.939 8979
120.941 16406
120.942 1054
120.942 8964
120.943 10611
120.958 16406
120.958 30
120.958 8966
120.961 9434
121.003 8062
121.005 16406
121.005 1046
121.007 16406
121.007 3766
121.008 440
121.017 8973
121.019 16406
121.019 10987
121.031 418
121.039 8979
121.042 16406
121.042 16406
121.042 801
121.049 446
121.049 445
121.09 14810
121.092 16406
121.092 344
121.095 16406
121.095 30
121.095 16406
121.095 11674
121.096 8308
121.105 16406
121.105 9996
121.106 4866
121.126 441
121.126 16406
121.129 16178
121.151 16406
121.151 8955
121.153 7489
121.156 381
121.18 16406
121.18 8955
121.182 16406
121.182 16406
121.182 6013
121.213 16406
121.213 8960
121.214 4796
121.24 16406
121.24 3068
121.242 13376
121.263 16406
121.263 9293
121.266 16406
121.266 2499
121.306 16406
121.306 16406
121.308 14834
121.32 8394
121.32 16406
121.321 1790
121.359 8979
121.361 7465
121.361 13350
121.381 8379
121.384 16406
121.384 30
121.387 2744
121.404 16406
121.406 11102
121.441 438
121.445 16406
121.445 8955
121.446 6117
121.476 16406
121.476 9872
121.477 6572
121.496 363
121.496 8979
121.498 16406
121.498 21851
121.542 8379
121.542 16406
121.542 2557
121.554 16406
121.554 8953
121.556 7491
121.573 16406
121.573 30
121.575 16406
121.575 1046
121.619 16406
121.619 30
121.619 8838
121.665 8379
121.668 16406
121.668 30
121.668 16406
121.668 4221
121.706 16406
121.706 16406
121.706 8938
121.708 653
121.745 16406
121.745 9997
121.748 16355
121.766 16406
121.766 398
121.768 16406
121.768 38
121.793 450
121.807 16406
121.81 16406
121.81 11018
121.813 435
121.827 402
121.85 1428
121.85 7551
121.85 1428
121.852 7061
121.852 16406
121.852 30
121.855 16406
121.855 2550
121.872 8979
121.875 16406
121.875 2277
121.918 16406
121.921 16406
121.921 12014
121.94 443
122.013 16406
122.013 16406
122.013 8254
122.013 16406
122.013 30
122.015 4890
122.015 27
122.037 16406
122.038 16406
122.038 496
122.064 420
122.064 16406
122.064 1054
122.064 2856
122.065 4813
122.065 8775
122.068 16406
122.068 1523
122.068 6804
122.073 8979
122.077 16406
122.077 8489
122.077 16406
122.077 3370
122.077 16406
122.077 1536
122.078 5973
122.106 16406
122.106 1048
122.109 16406
122.109 30
122.109 3599
122.157 16406
122.157 30
122.157 1053
122.159 16406
122.159 30
122.159 11358
122.188 372
122.194 16406
122.194 30
122.194 8592
122.196 8958
122.196 747
122.243 9314
122.246 16406
122.246 16406
122.246 372
122.246 711
122.246 8522
122.255 16406
122.255 11610
122.268 9212
122.308 16406
122.31 16406
122.31 386
122.31 705
122.312 16406
122.312 372
122.312 4988
122.313 256
122.318 13507
122.318 12817
122.374 16406
122.374 30
122.375 14294
122.378 1153
122.408 16406
122.408 30
122.408 15730
122.409 421
122.409 92
122.416 425
122.456 16406
122.456 24
122.456 16406
122.456 2210
122.456 431
122.467 418
122.496 10702
122.499 16406
122.499 7156
122.499 815
122.543 16406
122.543 1046
122.545 16406
122.545 894
122.575 15544
122.578 16406
122.578 5066
122.578 262
122.638 13030
122.676 16406
122.676 6494
122.676 1217
122.679 387
122.682 8379
122.686 16406
122.686 30
122.686 774
122.687 308
122.687 16406
122.687 7922
122.689 1000
122.755 16406
122.755 30
122.757 16406
122.758 6494
122.758 409
122.772 16406
122.774 15740
122.774 1219
122.838 5134
122.841 16406
122.841 7703
122.845 16406
122.845 9061
122.865 461
122.876 16406
122.876 30
122.879 16406
122.879 344
122.879 1202
122.879 3882
122.918 16406
122.918 30
122.921 16406
122.921 8693
122.921 5035
122.964 11401
122.967 16406
122.967 782
122.967 15730
122.968 942
122.989 16406
122.991 9222
123.007 452
123.031 16406
123.031 1054
123.033 16406
123.033 30
123.036 15046
123.036 1417
123.066 7274
123.066 16406
123.066 7140
123.066 11271
123.066 153
123.114 16406
123.116 24
123.116 16406
123.116 1512
123.117 1450
123.12 460
123.161 14102
123.163 16406
123.163 1524
123.163 10018
123.165 8532
123.194 9698
123.197 16406
123.198 782
123.198 993
123.238 8379
123.242 16406
123.242 30
123.242 15716
123.243 406
123.283 16406
123.283 344
123.285 15730
123.285 7840
123.287 1181
123.31 16406
123.313 16108
123.313 343
123.347 16406
123.347 938
123.349 16406
123.349 8274
123.349 164
123.367 16406
123.367 30
123.368 16406
123.368 30
123.411 16406
123.412 14806
123.439 411
123.452 16406
123.452 16400
123.453 1923
123.496 16406
123.498 16406
123.498 9138
123.515 8330
123.516 16406
123.516 1523
123.518 5734
123.518 1424
123.557 8973
123.56 16406
123.56 10987
123.596 416
123.607 8170
123.609 16406
123.609 14353
123.609 1414
123.65 8973
123.653 16406
123.653 8489
123.653 12307
123.654 590
123.666 468
123.673 16406
123.673 16436
123.687 16406
123.687 30
123.69 13106
123.727 8973
123.73 16406
123.73 8495
123.73 4293
123.732 514
123.754 16406
123.754 30
123.754 16406
123.754 767
123.755 316
123.755 2145
123.78 454
123.816 16406
123.816 1054
123.817 15738
123.817 8274
123.864 16406
123.864 14280
123.865 2126
123.865 380
123.865 705
123.867 6206
123.867 1051
123.899 16406
123.899 30
123.902 16406
123.902 1054
123.902 14700
123.903 1443
123.941 16406
123.941 30
123.944 16406
123.944 378
123.944 9259
123.945 1432
123.992 450
124.004 1885
124.006 16406
124.006 782
124.006 770
124.008 5736
124.008 910
124.011 27
124.034 16406
124.034 16406
124.034 496
124.059 0
124.059 0
124.059 0
124.059 16406
124.059 16406
124.06 32812
124.06 7649
124.135 8379
124.138 16406
124.138 16406
124.138 4221
124.191 397
124.205 16406
124.205 5597
124.205 4587
124.219 8973
124.221 16406
124.221 2527
124.263 4010
124.263 4113
124.263 1144
124.292 8379
124.295 8979
124.295 16406
124.295 776
124.297 10758
124.297 369
124.329 16406
124.329 8966
124.332 5542
124.335 0
124.342 24
124.361 406
124.381 8979
124.383 16406
124.383 10648
124.383 926
124.435 8379
124.439 16406
124.439 7922
124.441 1071
124.441 10020
124.443 1360
124.478 8979
124.478 14280
124.479 1747
124.479 14678
124.481 234
124.496 320
124.514 415
124.523 16406
124.526 16406
124.526 2438
124.526 2878
124.526 364
124.561 8979
124.564 16406
124.565 16406
124.566 1047
124.566 4492
124.603 8979
124.605 16406
124.605 7597
124.611 412
124.625 410
124.645 8379
124.647 8973
124.65 16406
124.65 7922
124.65 761
124.678 16406
124.678 8955
124.68 7164
124.68 354
124.697 16406
124.7 16406
124.7 1526
124.7 6702
124.76 8979
124.762 7465
124.762 8966
124.764 16406
124.764 1246
124.794 7674
124.797 16406
124.797 8283
124.797 712
124.799 16406
124.799 1052
124.799 1850
124.801 478
124.834 404
124.838 8379
124.84 8973
124.841 16406
124.841 9622
124.841 401
124.843 10478
124.878 406
124.904 8979
124.907 16406
124.907 9227
124.907 8878
124.909 16119
124.909 16406
124.909 30
124.911 5019
124.934 16406
124.934 8960
124.935 3479
124.95 8979
124.953 16406
124.953 782
124.953 776
124.955 1397
124.98 8979
124.982 16406
124.982 782
124.982 301
124.986 16406
124.986 782
124.986 15041
124.987 369
124.991 16406
124.991 1529
124.991 7467
124.992 88
125.015 8973
125.017 16027
125.017 845
125.053 8979
125.055 16406
125.055 667
125.055 416
125.06 16406
125.06 7922
125.06 5335
125.06 1111
125.066 445
125.081 16406
125.083 24
125.083 16406
125.083 782
125.084 8196
125.093 8979
125.095 16406
125.095 2333
125.102 431
125.123 398
125.145 8979
125.148 16406
125.148 9350
125.148 668
125.15 1585
125.179 8379
125.18 8965
125.182 16406
125.182 2646
125.205 383
125.206 16406
125.206 1529
125.207 14915
125.249 8379
125.253 16406
125.253 1530
125.255 5137
125.272 8379
125.272 8973
125.275 15506
125.289 8973
125.291 16406
125.291 667
125.291 416
125.293 16406
125.293 4615
125.309 8379
125.309 8973
125.311 8682
125.327 8979
125.327 422
125.329 16406
125.329 641
125.357 8979
125.361 16406
125.361 7465
125.372 16406
125.374 16406
125.374 866
125.389 0
125.389 115
125.405 0
125.438 16406
125.438 24
125.441 16406
125.441 664
125.441 8708
125.442 300
125.442 13953
125.447 393
125.464 8979
125.464 7465
125.467 16406
125.467 4618
125.499 8973
125.501 6183
125.503 16406
125.503 776
125.503 777
125.503 15724
125.504 805
125.551 16406
125.551 10003
125.551 2856
125.552 12876
125.552 7838
125.555 546
125.572 16406
125.572 8966
125.572 653
125.595 8979
125.595 7465
125.597 16406
125.597 782
125.597 771
125.6 2547
125.6 9122
125.627 8979
125.627 12852
125.629 3549
125.631 16406
125.631 1529
125.633 65
125.649 8979
125.649 7465
125.653 16406
125.653 1054
125.653 3649
125.69 8979
125.692 16406
125.692 8203
125.692 410
125.694 4307
125.731 439
125.737 445
125.749 16406
125.749 8960
125.749 16406
125.75 10096
125.781 8979
125.785 16406
125.785 3919
125.785 1019
125.818 16406
125.82 24
125.82 16406
125.82 782
125.822 770
125.824 422
125.847 16406
125.847 11108
125.848 5734
125.848 270
125.884 8979
125.885 7465
125.888 16406
125.888 2078
125.888 8979
125.89 11029
125.927 8979
125.93 16406
125.93 1529
125.93 6990
125.932 8294
126.011 2109
126.011 5712
126.012 3261
126.016 16406
126.016 1060
126.016 8312
126.017 675
126.022 4401
126.022 27
126.044 16406
126.044 16406
126.044 496
126.069 8620
126.069 16406
126.069 10270
126.075 16406
126.075 30
126.077 14366
126.081 8979
126.081 7779
126.084 11608
126.125 16406
126.125 30
126.126 1053
126.126 16406
126.126 30
126.129 9478
126.164 16406
126.164 8960
126.166 16406
126.166 1008
126.182 416
126.201 455
126.201 8379
126.204 16406
126.204 30
126.204 1053
126.206 16406
126.206 1693
126.244 16406
126.246 8658
126.255 0
126.258 4010
126.258 5259
126.262 412
126.275 13638
126.277 16406
126.277 2806
126.295 16406
126.295 8960
126.298 7748
126.33 8379
126.332 8973
126.336 16406
126.336 9406
126.355 16406
126.355 30
126.357 16406
126.357 35
126.395 3089
126.398 16406
126.398 7226
126.432 357
126.441 16406
126.441 30
126.443 16406
126.443 5238
126.487 8973
126.49 16406
126.49 8495
126.49 499
126.492 170
126.522 16406
126.524 35
126.526 16406
126.526 2606
126.565 8979
126.568 16406
126.568 16406
126.568 11009
126.601 432
126.632 16406
126.633 1055
126.636 16406
126.636 30
126.636 11120
126.65 16406
126.653 24
126.653 16406
126.653 36
126.697 529
126.699 8379
126.699 8568
126.701 7838
126.701 30
126.701 5197
126.738 16406
126.738 1048
126.743 16406
126.743 7228
126.784 16406
126.785 351
126.788 392
126.788 16406
126.788 30
126.79 3983
126.829 16406
126.831 16406
126.831 170
126.877 16406
126.877 1054
126.877 16406
126.877 500
126.877 5060
126.928 16406
126.93 1055
126.93 16406
126.93 30
126.932 3843
126.959 16406
126.961 35
126.961 16406
126.961 30
126.971 16406
126.971 8790
126.973 467
127.047 419
127.047 16406
127.047 344
127.05 16406
127.05 16406
127.05 1944
127.055 16406
127.057 11986
127.128 16406
127.128 30
127.128 16406
127.128 1048
127.131 8168
127.171 16406
127.171 16406
127.171 1048
127.174 7416
127.19 0
127.19 1179
127.208 0
127.209 16406
127.209 1054
127.209 9996
127.21 6410
127.21 11170
127.256 8973
127.256 8495
127.258 16406
127.258 30
127.258 697
127.272 15445
127.274 15015
127.335 16406
127.335 30
127.335 343
127.339 16406
127.339 30
127.339 15076
127.378 16406
127.378 16406
127.378 1042
127.378 8926
127.426 16370
127.427 1083
127.427 16406
127.427 1054
127.43 8568
127.43 7838
127.43 2480
127.476 8973
127.476 16406
127.476 4351
127.483 8973
127.485 8489
127.485 16406
127.485 7140
127.486 8360
127.53 443
127.53 8379
127.532 8965
127.532 16406
127.532 1054
127.534 4630
127.58 16406
127.581 1055
127.584 16406
127.584 30
127.586 16406
127.586 1054
127.586 9184
127.59 0
127.59 371
127.59 22372
127.592 11103
127.616 16406
127.616 30
127.616 1053
127.618 16406
127.619 9441
127.619 818
127.629 445
127.634 2341
127.637 16406
127.637 1523
127.637 5221
127.697 16406
127.697 16406
127.697 10886
127.719 450
127.726 16406
127.727 30
127.727 1053
127.728 16406
127.728 1054
127.73 16406
127.73 2034
127.759 16406
127.761 24
127.761 16406
127.762 1484
127.783 16406
127.786 16406
127.786 38
127.834 16406
127.834 30
127.837 16406
127.837 1054
127.837 6978
127.869 16406
127.869 30
127.869 16406
127.869 1054
127.871 16406
127.871 2926
127.912 8973
127.912 16406
127.912 8489
127.913 10368
127.997 8973
127.999 8488
127.999 16406
127.999 30
128.002 1053
128.002 16406
128.002 30
128.004 478
128.004 14322
128.007 11437
128.007 27
128.028 16406
128.028 16406
128.028 496
128.042 473
128.052 8771
128.055 16406
128.055 30
128.055 1053
128.063 16406
128.065 16406
128.065 1062
128.065 14280
128.067 2126
128.067 14674
128.073 16406
128.073 30
128.073 422
128.101 16406
128.104 16406
128.104 16406
128.104 7098
128.146 16406
128.146 30
128.146 16406
128.146 768
128.147 3363
128.147 1353
128.152 0
128.152 0
128.152 0
128.154 0
128.166 16406
128.166 8693
128.168 7751
128.189 16406
128.189 30
128.189 11602
128.235 16406
128.235 775
128.235 7162
128.237 815
128.237 16406
128.237 335
128.249 8379
128.252 16406
128.252 30
128.252 2202
128.254 759
128.254 9216
128.254 31
128.295 16406
128.295 30
128.295 343
128.297 16406
128.297 782
128.297 975
128.323 16406
128.323 30
128.323 14294
128.325 589
128.358 16406
128.358 8373
128.36 6699
128.388 367
128.402 16406
128.402 30
128.402 16406
128.402 767
128.404 15273
128.444 8979
128.446 7465
128.446 16406
128.446 1521
128.448 7851
128.449 1133
128.471 3181
128.471 7140
128.472 8598
128.472 705
128.475 13262
128.508 16406
128.508 30
128.51 16406
128.51 13597
128.511 73
128.54 450
128.558 16406
128.558 16406
128.558 1048
128.559 1059
128.559 16406
128.559 30
128.561 2195
128.561 1239
128.573 529
128.573 12852
128.574 2886
128.574 705
128.576 10538
128.582 26
128.615 16406
128.615 1048
128.617 16406
128.617 30
128.618 3467
128.634 8379
128.637 16406
128.638 30
128.638 7156
128.639 938
128.663 8379
128.665 16406
128.665 2125
128.706 7390
128.709 16406
128.709 16406
128.709 14666
128.719 8379
128.721 15738
128.721 705
128.722 13781
128.766 16406
128.766 30
128.769 16052
128.769 16406
128.771 503
128.787 16406
128.787 30
128.787 15722
128.788 721
128.813 8973
128.813 16406
128.813 8583
128.814 309
128.85 16406
128.85 1048
128.852 16406
128.852 30
128.852 774
128.854 308
128.854 16406
128.854 30
128.855 3599
128.899 16406
128.899 1515
128.901 16406
128.901 5050
128.901 932
128.944 16406
128.944 30
128.944 1053
128.949 16406
128.949 15174
128.978 16406
128.978 30
128.98 16406
128.98 670
129.021 16406
129.021 1040
129.023 15738
129.023 9266
129.025 743
129.05 439
129.055 397
129.063 16406
129.063 12794
129.091 16406
129.092 15050
129.125 415
129.132 16406
129.132 8966
129.132 4306
129.135 701
129.173 11106
129.175 16406
129.175 14367
129.175 532
129.192 16406
129.192 9590
129.235 16406
129.235 344
129.238 16406
129.238 7922
129.238 1411
129.254 16406
129.254 1061
129.256 16406
129.256 1054
129.258 4308
129.258 1299
129.299 16406
129.299 1054
129.302 16406
129.302 2210
129.302 717
129.323 16406
129.323 8966
129.323 653
129.363 415
129.382 16406
129.382 30
129.384 16406
129.384 1368
129.387 16406
129.387 8384
129.409 399
129.422 837
129.424 16406
129.424 30
129.424 1053
129.428 16406
129.428 2878
129.429 1309
129.466 8379
129.469 16406
129.469 782
129.47 301
129.47 16406
129.47 9350
129.472 1151
129.472 141
129.49 16406
129.49 30
129.49 10020
129.491 483
129.541 13658
129.543 16406
129.544 7922
129.544 2486
129.544 1404
129.553 16406
129.553 30
129.555 10342
129.595 8379
129.599 16406
129.599 3685
129.623 8379
129.626 16406
129.626 7478
129.627 616
129.66 8379
129.66 8965
129.663 16406
129.663 782
129.663 301
129.665 6454
129.686 421
129.708 16406
129.708 30
129.71 16406
129.71 782
129.71 771
129.712 5736
129.712 1289
129.732 8379
129.732 12852
129.733 3554
129.733 4005
129.769 8973
129.77 8489
129.772 16406
129.772 7472
129.789 16406
129.789 30
129.791 16406
129.791 782
129.791 7903
129.793 1256
129.841 8379
129.843 15738
129.843 705
129.845 16406
129.845 7229
129.863 8973
129.867 16406
129.867 7164
129.867 336
129.87 1301
129.873 16406
129.873 782
129.873 301
129.876 16406
129.877 5060
129.877 675
129.879 120
129.916 16406
129.916 30
129.916 1053
129.918 16406
129.919 30
129.919 12198
129.921 881
129.98 16406
129.981 8650
130.009 16406
130.012 3205
130.012 27
130.035 16406
130.035 16406
130.035 496
130.061 420
130.061 8965
130.061 16406
130.061 16406
130.061 14280
130.062 2545
130.067 16406
130.067 344
130.069 16406
130.069 9060
130.109 16406
130.109 30
130.109 13726
130.15 441
130.152 16406
130.152 16406
130.152 15166
130.199 16406
130.201 14486
130.237 16406
130.237 1054
130.237 15730
130.24 713
130.24 16406
130.24 1785
130.241 738
130.246 418
130.246 8092
130.246 1112
130.246 31
130.28 16406
130.28 24
130.282 16406
130.282 9350
130.282 2127
130.308 16406
130.31 15740
130.31 711
130.322 16406
130.322 30
130.322 8590
130.322 405
130.322 220
130.325 0
130.367 16406
130.367 30
130.369 16406
130.369 1523
130.371 1300
130.409 16406
130.409 10342
130.457 8379
130.46 16406
130.46 30
130.461 9342
130.461 1159
130.463 15738
130.463 1410
130.49 8973
130.493 16406
130.493 1775
130.538 8379
130.54 15738
130.54 705
130.543 16406
130.543 1054
130.544 8298
130.545 944
130.579 8379
130.579 15738
130.581 9259
130.581 959
130.629 16406
130.631 16060
130.634 705
130.634 1053
130.636 16406
130.636 30
130.638 5051
130.638 1106
130.665 16406
130.666 8290
130.666 2877
130.666 1301
130.683 8379
130.686 16406
130.686 5801
130.686 168
130.727 16406
130.727 30
130.73 15732
130.731 90
130.779 16406
130.779 8960
130.782 16406
130.783 1529
130.783 4987
130.783 755
130.813 16406
130.813 12598
130.834 16406
130.834 2856
130.835 13550
130.835 358
130.856 16406
130.856 9026
130.906 16406
130.906 1048
130.908 16406
130.908 1151
130.908 277
130.939 5922
130.942 16406
130.942 30
130.942 774
130.944 16017
130.944 3547
130.945 931
130.982 16406
130.982 1048
130.987 16406
130.987 6486
130.987 1203
131.045 8973
131.049 16406
131.049 9519
131.049 16406
131.049 30
131.049 774
131.049 292
131.049 121
131.091 16406
131.091 938
131.095 16406
131.095 13626
131.095 509
131.163 16406
131.163 8960
131.165 16406
131.165 10088
131.181 16406
131.182 13114
131.226 10395
131.23 16406
131.23 30
131.23 13626
131.231 1288
131.247 416
131.291 16406
131.291 30
131.295 16406
131.295 9342
131.295 1159
131.295 8652
131.332 16406
131.332 30
131.332 1053
131.335 16406
131.335 30
131.335 15139
131.336 572
131.375 16406
131.375 30
131.375 1053
131.377 16406
131.377 30
131.377 768
131.379 7449
131.379 811
131.415 16406
131.418 11046
131.44 8379
131.443 16406
131.443 1530
131.443 6414
131.444 312
131.481 8973
131.481 8495
131.484 16406
131.484 776
131.484 307
131.486 16406
131.486 782
131.487 221
131.487 524
131.523 16406
131.523 30
131.523 16052
131.527 10687
131.527 73
131.537 448
131.566 8973
131.568 8495
131.568 16406
131.568 30
131.57 9342
131.57 127
131.572 15738
131.572 1410
131.609 16406
131.609 30
131.609 8693
131.613 16406
131.613 30
131.613 1450
131.614 473
131.645 16406
131.645 30
131.647 15174
131.666 16406
131.669 8701
131.669 16406
131.669 9350
131.671 15400
131.672 1278
131.672 150
131.734 16406
131.734 8693
131.737 16406
131.737 30
131.737 10763
131.739 1445
131.776 16406
131.776 30
131.779 16406
131.779 1054
131.779 16406
131.779 767
131.779 316
131.78 341
131.837 16403
131.839 16406
131.839 30
131.839 774
131.841 308
131.841 16406
131.841 30
131.843 1244
131.882 16406
131.884 16406
131.884 14402
131.912 16406
131.912 30
131.912 15722
131.913 721
131.958 453
131.984 7846
131.986 16406
131.986 1054
131.986 16406
131.986 30
131.988 5728
131.988 1171
132.006 3037
132.01 27
132.054 16406
132.054 16406
132.054 496
132.088 16406
132.088 32812
132.088 31416
132.089 17218
132.089 16406
132.089 17447
132.089 16406
132.091 13866
132.113 16406
132.116 24
132.116 16406
132.116 36
132.156 16406
132.156 1518
132.158 16406
132.158 8959
132.158 407
132.16 966
132.215 443
132.221 8973
132.224 16406
132.224 782
132.226 771
132.228 16406
132.228 7265
132.231 24
132.277 0
132.277 0
132.277 0
132.277 0
132.277 8092
132.277 1111
132.277 31
132.277 8379
132.277 15738
132.277 705
132.277 16406
132.277 9796
132.277 4103
132.277 852
132.305 16406
132.305 31
132.305 16406
132.305 1376
132.31 8973
132.31 7177
132.382 16406
132.383 1061
132.383 15738
132.386 319
132.386 16406
132.386 218
132.414 16406
132.417 16406
132.417 1062
132.419 14288
132.419 991
132.456 8965
132.458 16406
132.458 937
132.496 16406
132.496 5060
132.496 329
132.518 16406
132.52 1055
132.522 16406
132.522 17082
132.561 16406
132.561 1048
132.563 16406
132.563 11448
132.563 453
132.601 16406
132.601 30
132.605 16406
132.605 1516
132.608 12212
132.668 16406
132.671 1061
132.671 16406
132.671 30
132.672 16406
132.672 90
132.672 232
132.717 8379
132.717 16406
132.717 30
132.717 16406
132.717 488
132.717 7215
132.717 551
132.751 2689
132.751 16406
132.751 8568
132.752 7470
132.752 711
132.754 6276
132.794 16406
132.796 11046
132.819 16406
132.819 30
132.819 7914
132.821 8530
132.862 16406
132.862 30
132.865 16406
132.865 7908
132.865 3928
132.866 171
132.887 481
132.913 16406
132.913 30
132.913 1053
132.916 15738
132.916 7831
132.916 904
132.946 16406
132.946 30
132.948 13670
132.964 16406
132.965 15740
132.965 711
132.971 431
133.008 16406
133.008 1048
133.012 16406
133.012 30
133.012 16406
133.012 83
133.013 1262
133.053 16406
133.053 30
133.054 8590
133.054 405
133.056 16406
133.056 782
133.056 116
133.116 16406
133.116 30
133.118 16406
133.118 378
133.118 705
133.12 16406
133.121 5060
133.121 1411
133.167 16406
133.167 16400
133.17 10272
133.202 16406
133.205 1055
133.205 16406
133.205 6488
133.206 1389
133.276 16406
133.276 30
133.278 16406
133.278 1048
133.278 505
133.28 16406
133.28 6494
133.28 258
133.314 8379
133.314 15738
133.316 705
133.316 15738
133.318 1080
133.334 474
133.358 16406
133.358 30
133.358 1053
133.36 16406
133.36 7162
133.36 521
133.419 8379
133.422 16406
133.422 30
133.425 16406
133.425 14749
133.468 16406
133.468 1048
133.468 15730
133.471 16406
133.471 1738
133.471 4306
133.472 1147
133.508 16406
133.508 30
133.51 16406
133.51 1054
133.51 10018
133.512 1181
133.569 16406
133.571 1055
133.571 16406
133.571 30
133.573 15054
133.573 1383
133.574 1133
133.612 16406
133.615 1061
133.615 16406
133.615 9350
133.618 8683
133.618 207
133.647 483
133.647 16406
133.649 8974
133.649 16406
133.649 2880
133.651 971
133.695 406
133.695 16406
133.697 10294
133.711 16406
133.713 12230
133.754 8379
133.757 15738
133.757 705
133.757 16406
133.757 8357
133.827 8973
133.829 4751
133.831 16406
133.831 16750
133.831 6918
133.832 218
133.862 16406
133.862 16406
133.862 13216
133.864 1027
133.903 16406
133.905 351
133.905 16406
133.906 30
133.908 15048
133.908 244
134.003 8973
134.005 10322
134.005 910
134.01 8973
134.01 8957
134.014 16406
134.014 6249
134.014 352
134.014 27
134.036 16406
134.036 16406
134.036 496
134.067 420
134.074 8215
134.074 16406
134.074 8857
134.086 16406
134.086 30
134.086 16406
134.086 1252
134.088 16406
134.088 1529
134.088 6996
134.092 1053
134.095 16406
134.095 16406
134.095 17469
134.119 16406
134.119 30
134.119 16406
134.119 1048
134.122 16308
134.155 290
134.166 16406
134.166 11424
134.167 4982
134.167 9702
134.206 16406
134.206 9858
134.208 16406
134.208 30
134.208 5194
134.239 9246
134.274 16406
134.276 1061
134.276 16406
134.276 30
134.278 16406
134.278 294
134.313 16406
134.313 1061
134.315 16406
134.315 30
134.315 15306
134.353 16406
134.353 1048
134.356 16406
134.356 30
134.356 13620
134.401 16406
134.402 8790
134.42 16406
134.42 16406
134.42 30
134.467 16406
134.467 17454
134.468 15068
134.505 16406
134.507 16406
134.507 9438
134.546 16406
134.546 30
134.548 10098
134.576 16406
134.577 938
134.577 15506
134.613 8973
134.616 7471
134.616 16406
134.616 16406
134.617 1958
134.658 8379
134.662 16406
134.662 30
134.662 343
134.662 16406
134.662 30
134.663 766
134.695 16406
134.696 13114
134.724 16406
134.724 8952
134.725 7492
134.757 16406
134.76 16406
134.76 1062
134.762 16406
134.762 1930
134.799 8379
134.805 16406
134.805 16406
134.805 5161
134.842 16406
134.842 30
134.844 15738
134.86 415
134.865 16406
134.868 16406
134.868 38
134.907 16406
134.909 16406
134.909 1056
134.912 16406
134.912 4192
134.957 8973
134.961 16406
134.961 8959
134.961 2665
134.964 16406
134.964 3342
134.992 8379
134.994 16406
134.994 30
134.994 7765
135.022 16406
135.024 35
135.024 16406
135.024 30
135.035 16406
135.035 8782
135.057 16406
135.057 24
135.059 16406
135.059 36
135.083 433
135.083 474
135.108 16406
135.11 1061
135.11 16406
135.11 500
135.112 13896
135.128 16406
135.13 11422
135.165 8973
135.168 7465
135.168 16406
135.168 10680
135.17 289
135.185 16406
135.185 8960
135.185 7184
135.213 16406
135.216 16406
135.216 38
135.248 8379
135.251 16406
135.251 30
135.251 7140
135.253 9266
135.253 2078
135.253 10445
135.27 12026
135.272 16406
135.272 30
135.272 3177
135.318 16406
135.318 30
135.321 16406
135.321 344
135.321 11560
135.352 434
135.357 16406
135.357 30
135.359 9287
135.359 16406
135.359 10081
135.427 8379
135.429 6533
135.429 16406
135.429 30
135.431 1053
135.431 16406
135.431 30
135.433 4590
135.463 8973
135.465 8489
135.465 16406
135.465 1428
135.467 15526
135.467 3429
135.485 8973
135.485 16406
135.485 7471
135.533 16406
135.536 16406
135.536 16406
135.536 2086
135.536 4854
135.569 16406
135.57 1061
135.57 16406
135.571 30
135.572 12486
135.617 16406
135.617 1054
135.621 16406
135.621 23036
135.644 16406
135.646 1055
135.646 16406
135.646 30
135.647 2903
135.653 16406
135.653 35
135.657 16406
135.657 8942
135.661 424
135.677 16406
135.677 16406
135.677 914
135.699 16406
135.701 24
135.701 16406
135.701 36
135.719 16406
135.721 16406
135.721 1674
135.75 24
135.76 16406
135.763 1055
135.763 16406
135.763 500
135.765 15914
135.789 10758
135.791 16406
135.791 6382
135.804 16406
135.804 9034
135.846 16406
135.846 344
135.85 16406
135.85 30
135.85 16406
135.85 760
135.868 8379
135.87 16406
135.87 30
135.872 8065
135.887 8379
135.89 16406
135.89 16435
135.917 16406
135.917 30
135.917 11094
135.931 16406
135.934 11478
136.007 16406
136.007 16406
136.007 11966
136.01 16406
136.01 4422
136.012 12194
136.012 27
136.034 421
136.051 450
136.057 16406
136.057 16406
136.057 496
136.099 16406
136.099 16406
136.099 32227
136.099 17136
136.101 15676
136.101 49218
136.101 19992
136.101 9188
136.104 16406
136.107 16406
136.107 38
136.123 16406
136.123 8966
136.125 8682
136.168 16406
136.169 10486
136.171 16406
136.172 1529
136.172 9264
136.173 1220
136.208 16406
136.208 30
136.21 16406
136.21 11411
136.21 944
136.232 9215
136.263 16406
136.263 30
136.266 8590
136.266 16406
136.266 1428
136.267 9690
136.267 1437
136.279 16406
136.281 11819
136.283 1136
136.305 0
136.318 16406
136.318 8960
136.32 16406
136.32 8140
136.32 3553
136.321 333
136.335 8979
136.338 16406
136.338 4295
136.338 643
136.359 189
136.359 156
136.381 16406
136.381 16332
136.381 2878
136.382 778
136.399 16406
136.403 16406
136.403 38
136.437 427
136.448 16406
136.448 30
136.45 16406
136.45 9321
136.451 1342
136.475 16406
136.476 10478
136.477 5966
136.514 717
136.517 16406
136.517 16406
136.517 9019
136.518 956
136.549 434
136.558 16406
136.558 30
136.56 16406
136.56 16406
136.56 2917
136.56 310
136.603 16406
136.603 30
136.603 16406
136.603 8651
136.603 696
136.644 16406
136.644 30
136.644 343
136.646 16406
136.646 16406
136.646 2321
136.646 215
136.679 16406
136.68 35
136.68 16406
136.68 1054
136.682 7155
136.682 38
136.707 8979
136.709 7465
136.709 16406
136.709 782
136.711 764
136.711 1306
136.725 39
136.725 0
136.744 0
136.749 16406
136.749 30
136.752 16406
136.752 2174
136.752 1401
136.786 16406
136.786 30
136.788 16406
136.788 20355
136.789 1290
136.852 16406
136.852 405
136.852 393
136.852 30
136.852 16406
136.852 344
136.852 3983
136.852 9073
136.852 2856
136.853 13550
136.853 7235
136.854 164
136.893 16406
136.893 30
136.893 8590
136.895 14672
136.895 1183
136.926 435
136.933 16406
136.937 24
136.937 16406
136.937 1054
136.937 1053
136.94 16406
136.94 899
136.94 5810
136.941 89
136.975 432
136.975 8979
136.978 7465
136.978 16406
136.978 1054
136.979 8312
136.981 1383
137.021 8979
137.022 16406
137.022 8489
137.022 885
137.073 16406
137.073 8961
137.073 610
137.084 8379
137.084 9996
137.086 6410
137.086 10465
137.086 16406
137.086 782
137.088 1361
137.103 8979
137.105 16027
137.106 218
137.15 16406
137.15 8379
137.152 10472
137.152 762
137.164 460
137.177 16406
137.177 30
137.178 16100
137.178 343
137.211 8379
137.211 8966
137.214 16406
137.214 782
137.214 776
137.215 7294
137.248 16406
137.248 10478
137.25 5966
137.294 16406
137.294 351
137.294 16406
137.294 30
137.294 6473
137.294 1432
137.328 16406
137.328 30
137.328 1053
137.331 16406
137.331 30
137.331 16406
137.331 1518
137.333 120
137.361 16406
137.361 1048
137.361 4284
137.363 12122
137.363 8585
137.365 308
137.382 16406
137.382 8960
137.384 433
137.384 7484
137.427 16406
137.427 16406
137.427 3020
137.427 5764
137.477 16406
137.477 30
137.516 16406
137.516 10465
137.516 8583
137.516 8379
137.519 16406
137.519 16406
137.519 593
137.534 24
137.551 0
137.556 16406
137.556 16406
137.556 10455
137.556 5712
137.557 2878
137.557 413
137.558 400
137.598 39
137.598 0
137.598 16406
137.598 9996
137.6 6410
137.6 2437
137.6 4306
137.602 1130
137.619 0
137.626 8979
137.628 16406
137.628 7151
137.628 343
137.64 16406
137.64 1529
137.642 8787
137.685 16406
137.685 9997
137.686 15069
137.686 186
137.736 16406
137.737 30
137.737 16406
137.737 30
137.737 8379
137.737 15738
137.737 7833
137.737 637
137.771 16406
137.771 17696
137.807 8379
137.811 16406
137.811 16406
137.811 6101
137.862 16406
137.862 30
137.865 16100
137.865 1415
137.897 16406
137.897 10478
137.897 2880
137.898 237
137.925 16406
137.925 30
137.927 16100
137.927 343
137.979 8979
137.979 7465
137.981 16406
137.981 776
137.981 307
137.983 7918
137.999 7550
138.002 27
138.026 16406
138.026 16406
138.026 496
138.054 420
138.054 8011
138.054 16406
138.054 1811
138.054 16406
138.054 16406
138.054 2216
138.078 16406
138.081 16406
138.081 32
138.081 16406
138.081 2020
138.114 16406
138.114 30
138.116 12222
138.152 16406
138.154 16406
138.154 1050
138.155 3849
138.199 16406
138.201 24
138.201 12418
138.225 0
138.228 9239
138.239 16406
138.241 8960
138.241 9128
138.244 440
138.279 16406
138.281 4218
138.281 16406
138.283 8022
138.327 8379
138.329 16406
138.329 8197
138.356 320
138.393 16406
138.395 16406
138.395 1056
138.395 499
138.395 8450
138.423 445
138.428 16406
138.429 13922
138.479 889
138.479 16406
138.481 8966
138.483 8262
138.532 8379
138.532 8979
138.534 8964
138.534 14406
138.555 16406
138.555 30
138.557 14102
138.579 39
138.579 0
138.597 0
138.614 407
138.62 16406
138.622 8963
138.622 13073
138.664 16406
138.664 30
138.666 16406
138.666 344
138.667 8872
138.705 16406
138.705 30
138.708 15418
138.755 16406
138.756 8963
138.759 8937
138.771 11302
138.773 16406
138.773 5142
138.842 16406
138.843 16406
138.843 32
138.843 14776
138.879 16406
138.879 30
138.879 8966
138.881 8926
138.905 397
138.913 0
138.92 16406
138.921 30
138.922 8964
138.922 12312
138.99 16406
138.99 30
138.993 16406
138.994 12634
138.994 40
139.023 379
139.031 8379
139.033 16406
139.033 1523
139.033 11536
139.068 8379
139.07 16406
139.07 1530
139.072 13089
139.14 8379
139.142 8973
139.145 16406
139.145 5834
139.175 16406
139.175 30
139.175 8966
139.177 14190
139.217 16406
139.217 30
139.219 16406
139.219 1054
139.221 6526
139.289 10790
139.291 16406
139.291 1054
139.292 16406
139.292 30
139.294 8250
139.323 8379
139.325 8979
139.328 8489
139.328 16406
139.329 2076
139.367 16406
139.37 8968
139.37 8964
139.372 9398
139.442 1293
139.445 16406
139.445 8726
139.448 16406
139.448 3362
139.472 16406
139.474 1055
139.474 8979
139.477 16406
139.477 1475
139.501 405
139.515 16406
139.518 16406
139.518 4284
139.518 3094
139.562 427
139.582 16406
139.583 1055
139.585 8979
139.587 16406
139.587 1529
139.587 4620
139.588 411
139.623 16406
139.623 30
139.626 16406
139.626 1054
139.626 12674
139.665 16406
139.668 8968
139.668 15004
139.702 24
139.715 16406
139.715 30
139.717 8970
139.72 424
139.722 0
139.728 8379
139.73 8973
139.732 15506
139.757 8379
139.759 16406
139.759 6449
139.77 8379
139.772 8979
139.772 15500
139.779 406
139.813 6610
139.815 16406
139.815 6910
139.845 16406
139.845 377
139.848 16406
139.848 38
139.877 8379
139.879 121
139.879 16406
139.879 1529
139.88 15290
139.9 436
139.9 16406
139.9 30
139.904 16406
139.904 8974
139.905 16406
139.905 2854
139.943 16406
139.946 390
139.946 8968
139.946 8972
139.948 16406
139.948 584
139.949 2847
139.969 419
140.007 8379
140.007 7041
140.012 27
140.033 16406
140.033 16406
140.033 496
140.067 420
140.067 16406
140.068 767
140.071 16406
140.071 310
140.071 9996
140.072 6410
140.072 2078
140.072 16406
140.072 16406
140.073 1054
140.073 16406
140.073 1054
140.075 14320
140.079 16406
140.079 32812
140.079 303
140.103 467
140.135 8973
140.137 8495
140.14 16406
140.14 30
140.14 15926
140.179 8979
140.181 16406
140.181 13181
140.223 4010
140.223 5231
140.239 6870
140.239 8379
140.242 16406
140.242 9441
140.284 16406
140.285 8972
140.285 16406
140.285 1529
140.287 5577
140.325 8979
140.329 16406
140.329 16406
140.329 1121
140.371 5402
140.373 16406
140.373 16406
140.373 2554
140.433 8979
140.436 16406
140.436 16406
140.436 8133
140.476 16406
140.476 774
140.479 16406
140.479 6882
140.516 5626
140.518 16406
140.519 16406
140.519 2330
140.592 16406
140.592 16406
140.592 18796
140.625 16406
140.625 30
140.625 8964
140.629 16406
140.629 9995
140.631 1190
140.665 8973
140.668 16406
140.668 16406
140.668 4567
140.714 8979
140.716 16406
140.716 1521
140.716 5862
140.733 16406
140.733 768
140.736 15056
140.774 16406
140.776 16406
140.776 1514
140.778 16406
140.778 726
140.818 16406
140.818 16406
140.818 8302
140.865 420
140.865 8973
140.868 16406
140.868 3411
140.883 8979
140.883 16406
140.883 7465
140.924 433
140.931 8979
140.934 16406
140.934 16406
140.934 1508
140.935 6223
140.949 16406
140.949 12786
140.967 16406
140.967 16406
140.967 38
140.993 8979
140.998 16406
140.998 4721
141.014 8379
141.014 16406
141.015 4437
141.065 16406
141.065 1054
141.065 16406
141.065 22904
141.075 8979
141.075 16406
141.075 7588
141.076 10887
141.092 16406
141.092 1529
141.095 8091
141.114 16406
141.114 30
141.117 16406
141.117 30
141.146 16406
141.146 938
141.148 16406
141.148 13298
141.199 5654
141.201 16406
141.201 936
141.203 16406
141.203 8489
141.205 379
141.205 6849
141.23 16406
141.23 8960
141.23 6996
141.249 8979
141.252 16406
141.252 3085
141.286 8379
141.288 16406
141.289 1522
141.289 12852
141.289 621
141.334 16406
141.334 16406
141.334 16728
141.372 16406
141.375 24
141.375 16406
141.375 2084
141.377 5634
141.388 460
141.436 16406
141.436 2322
141.436 13289
141.438 8327
141.448 15550
141.45 16406
141.45 894
141.454 8973
141.456 16406
141.456 2283
141.498 401
141.507 16406
141.507 938
141.51 8495
141.51 16406
141.51 8964
141.511 1838
141.539 629
141.539 8973
141.542 16406
141.542 8956
141.543 3472
141.587 16406
141.587 30
141.589 16406
141.589 2078
141.591 16406
141.591 30
141.593 408
141.593 397
141.6 426
141.615 8973
141.622 16406
141.622 4539
141.656 12002
141.66 16406
141.66 16406
141.66 7234
141.68 16406
141.68 30
141.683 13294
141.708 16406
141.708 13350
141.746 16406
141.746 938
141.749 16406
141.749 7037
141.75 4711
141.756 16406
141.758 16406
141.759 11582
141.779 16406
141.779 8960
141.779 5736
141.801 16406
141.801 30
141.803 10530
141.82 15270
141.823 16406
141.823 1174
141.873 16406
141.873 30
141.873 343
141.873 16406
141.873 30
141.873 9756
141.896 16406
141.896 30
141.897 1053
141.902 16406
141.902 16406
141.902 4994
141.927 16406
141.927 14234
141.97 386
142.019 8379
142.023 16406
142.023 30
142.023 16406
142.023 11971
142.026 6944
142.026 27
142.05 16406
142.05 16406
142.05 496
142.093 420
142.093 16406
142.093 16406
142.093 1047
142.093 1053
142.093 16406
142.093 30
142.093 16406
142.093 15397
142.093 5712
142.093 10694
142.093 30
142.093 6922
142.123 16406
142.124 8506
142.127 16406
142.127 30
142.127 7298
142.158 415
142.161 16406
142.161 30
142.162 12034
142.189 16406
142.189 24
142.191 16406
142.191 36
142.205 16406
142.205 30
142.207 14234
142.217 8092
142.217 1134
142.244 405
142.252 16406
142.252 9996
142.252 6410
142.252 32
142.254 8440
142.268 16406
142.268 30
142.269 16406
142.269 30
142.314 16406
142.314 30
142.314 11978
142.314 0
142.332 8379
142.336 16406
142.336 30
142.337 11957
142.383 16406
142.384 11478
142.437 16406
142.439 11290
142.453 430
142.465 16406
142.467 9598
142.492 0
142.492 0
142.492 16406
142.492 16307
142.493 39
142.535 40
142.535 1250
142.535 16406
142.535 16406
142.535 3178
142.537 1250
142.537 279
142.537 948
142.537 25
142.537 1246
142.537 1250
142.537 1250
142.537 1250
142.537 1250
142.537 1250
142.537 1250
142.537 1250
142.537 1250
142.537 1250
142.537 1250
142.537 1250
142.54 1250
142.54 1250
142.54 1250
142.54 1250
142.54 1250
142.54 1250
142.54 1250
142.54 1250
142.54 1250
142.54 1250
142.54 1250
142.54 1250
142.54 1250
142.54 1250
142.54 1250
142.542 1250
142.542 1250
142.542 1250
142.542 1250
142.542 1250
142.542 1250
142.542 1250
142.542 1250
142.542 1250
142.551 0
142.556 120
142.556 1250
142.556 1250
142.556 1250
142.559 1250
142.559 1250
142.559 524
142.568 16406
142.568 30
142.568 16406
142.57 11638
142.602 24
142.616 16406
142.616 1515
142.619 16406
142.619 2542
142.62 676
142.622 425
142.654 16406
142.657 16406
142.657 7370
142.717 10098
142.719 16406
142.719 1523
142.756 16406
142.756 3869
142.756 1493
142.76 16406
142.761 14994
142.799 8379
142.8 8973
142.803 16406
142.803 1529
142.803 4523
142.828 8379
142.831 16406
142.831 1530
142.831 6133
142.87 8894
142.874 16406
142.874 30
142.874 10472
142.876 5568
142.93 16406
142.93 938
142.933 8495
142.933 16406
142.933 30
142.936 7653
142.959 16406
142.959 30
142.962 16406
142.962 30
142.97 8379
142.972 16406
142.972 1530
142.974 13785
143.039 16406
143.039 30
143.041 1053
143.041 16406
143.041 1054
143.044 16406
143.044 30
143.044 1149
143.055 8973
143.056 8489
143.059 16406
143.059 30
143.062 5104
143.108 16110
143.11 16406
143.11 1523
143.111 8429
143.125 16406
143.125 30
143.125 1053
143.129 16406
143.129 30
143.131 6602
143.167 16406
143.167 30
143.167 1053
143.167 8979
143.17 16406
143.17 1093
143.211 16406
143.211 30
143.213 16406
143.213 1517
143.213 2856
143.214 6535
143.226 9794
143.226 408
143.228 16406
143.228 1523
143.228 3220
143.251 16406
143.253 16406
143.253 922
143.291 16406
143.292 13546
143.311 13738
143.313 14146
143.343 16406
143.343 30
143.345 16406
143.345 30
143.346 441
143.346 423
143.364 16406
143.364 30
143.367 16406
143.367 1523
143.367 1808
143.405 16406
143.407 24
143.407 16406
143.407 1512
143.409 9590
143.426 4374
143.429 16406
143.429 11424
143.43 654
143.44 8379
143.443 16406
143.444 30
143.445 12089
143.448 24
143.473 16406
143.473 30
143.473 10342
143.505 16406
143.505 1054
143.509 16406
143.509 500
143.509 4284
143.51 5852
143.554 11424
143.554 4982
143.556 24
143.556 16406
143.556 1054
143.559 12492
143.563 352
143.576 16406
143.579 16406
143.579 38
143.592 16406
143.592 1054
143.594 16406
143.594 30
143.594 8858
143.604 319
143.609 4258
143.612 16406
143.612 30
143.614 5550
143.64 11910
143.643 16406
143.643 4534
143.666 16406
143.668 16406
143.668 1512
143.668 511
143.698 15474
143.701 16406
143.702 13894
143.721 8216
143.723 16406
143.723 1523
143.725 4235
143.752 351
143.758 8379
143.764 16406
143.764 16406
143.764 1777
143.784 16406
143.784 30
143.787 13538
143.818 397
143.831 16406
143.833 14110
143.875 16406
143.875 1048
143.879 16406
143.879 30
143.879 1211
143.913 16406
143.913 1048
143.917 16406
143.917 30
143.917 8168
143.999 16406
143.999 30
143.999 1053
144.001 16406
144.001 30
144.004 14002
144.004 16406
144.004 30
144.007 9014
144.007 27
144.028 16406
144.029 16406
144.029 496
144.058 16406
144.058 18876
144.062 16406
144.062 16406
144.062 32
144.065 16406
144.065 14962
144.112 8973
144.116 16406
144.116 9859
144.12 471
144.12 15035
144.123 10405
144.154 123
144.166 8222
144.168 8536
144.17 15708
144.17 698
144.17 30
144.17 6804
144.21 0
144.213 4010
144.213 5197
144.213 31
144.216 16406
144.216 16406
144.216 350
144.232 8379
144.232 16107
144.234 1359
144.244 460
144.259 4049
144.262 8973
144.264 16406
144.264 3207
144.317 16406
144.317 30
144.317 2856
144.319 13550
144.319 364
144.319 1743
144.321 16406
144.321 30
144.321 3623
144.322 393
144.322 751
144.335 16406
144.335 344
144.337 15738
144.337 4976
144.338 409
144.377 455
144.382 9350
144.385 16406
144.386 5158
144.402 16406
144.402 30
144.405 16406
144.405 30
144.424 16406
144.424 30
144.424 11038
144.464 16406
144.466 24
144.466 16406
144.467 1054
144.469 1178
144.469 61
144.481 403
144.507 8973
144.509 8489
144.509 15738
144.511 7831
144.511 1042
144.549 8979
144.551 16406
144.551 7807
144.554 711
144.554 16406
144.554 13586
144.56 0
144.589 0
144.589 0
144.589 39
144.589 136
144.589 2592
144.599 16406
144.599 30
144.599 16406
144.599 10690
144.606 0
144.644 8379
144.644 15738
144.646 1729
144.646 16406
144.646 30
144.648 11439
144.648 867
144.656 16406
144.658 13490
144.708 16406
144.71 1055
144.71 12852
144.71 2886
144.712 16406
144.712 2870
144.712 1087
144.748 16406
144.75 351
144.75 16406
144.75 30
144.751 5058
144.751 82
144.793 16406
144.795 16406
144.795 380
144.795 705
144.796 16406
144.796 768
144.796 124
144.796 468
144.823 405
144.831 16406
144.834 16406
144.834 7231
144.835 808
144.849 16406
144.849 30
144.853 16406
144.853 6494
144.853 1405
144.892 16406
144.892 9410
144.91 441
144.933 8973
144.936 16406
144.937 7819
144.937 1175
144.937 603
144.956 16406
144.958 10106
144.997 8379
145.001 16406
145.001 30
145.002 774
145.005 308
145.005 16406
145.005 30
145.007 2871
145.007 354
145.023 16406
145.023 30
145.024 13726
145.049 439
145.049 16406
145.049 30
145.052 9966
145.063 16406
145.063 7470
145.065 1961
145.091 8379
145.094 16406
145.094 30
145.094 7914
145.095 179
145.116 16406
145.116 8960
145.116 7162
145.116 803
145.129 416
145.156 16406
145.156 30
145.158 16406
145.158 378
145.158 8568
145.159 1586
145.178 16406
145.178 30
145.18 15738
145.18 705
145.196 8973
145.196 16406
145.196 7155
145.198 232
145.237 16406
145.238 16406
145.238 2078
145.24 16406
145.24 2210
145.24 1225
145.256 16406
145.256 24
145.259 16406
145.259 782
145.259 1991
145.325 16406
145.325 24
145.328 16406
145.328 782
145.328 301
145.328 7980
145.359 16406
145.359 1048
145.361 15738
145.361 705
145.362 4778
145.362 787
145.382 16406
145.382 938
145.384 15506
145.431 16406
145.431 1055
145.435 16406
145.435 4164
145.473 16406
145.478 16406
145.478 16406
145.478 1794
145.48 313
145.507 16406
145.509 1055
145.512 16406
145.512 30
145.513 8112
145.532 386
145.564 16406
145.564 32812
145.564 1882
145.592 407
145.598 8379
145.601 15738
145.601 16406
145.601 329
145.618 16406
145.619 16406
145.619 38
145.661 16406
145.661 30
145.662 1053
145.662 16406
145.662 30
145.665 10763
145.665 1132
145.725 16406
145.725 30
145.727 1053
145.727 16406
145.727 30
145.729 7907
145.729 660
145.746 431
145.768 16406
145.768 8960
145.768 16406
145.768 7436
145.768 705
145.768 4073
145.838 8786
145.84 16406
145.84 7689
145.84 711
145.842 13916
145.842 546
145.85 8379
145.853 16406
145.853 8065
145.895 8379
145.898 16406
145.898 3817
145.924 16406
145.924 30
145.927 16406
145.927 782
145.927 3733
145.979 16406
145.98 8955
145.981 12697
146.002 52
146.004 9430
146.006 27
146.027 16406
146.027 16902
146.046 405
146.054 420
146.056 16406
146.056 1054
146.06 16406
146.06 16406
146.06 15390
146.073 16406
146.073 30
146.076 16406
146.076 2078
146.076 14280
146.077 2126
146.077 30
146.077 3801
146.114 16406
146.114 1046
146.117 16406
146.117 30
146.117 1025
146.142 444
146.158 16406
146.158 35
146.16 16406
146.16 1524
146.163 583
146.163 16406
146.163 1054
146.164 1253
146.178 16406
146.179 11414
146.207 5760
146.207 3480
146.235 8973
146.237 7465
146.237 16406
146.237 9606
146.239 11516
146.252 0
146.276 16406
146.276 344
146.279 16406
146.279 30
146.286 6936
146.322 16406
146.322 30
146.326 1053
146.326 16406
146.326 12298
146.36 947
146.366 16406
146.369 16406
146.369 11262
146.412 8379
146.416 16406
146.416 19123
146.42 474
146.45 16406
146.45 1048
146.452 16406
146.452 30
146.452 1053
146.454 16406
146.454 30
146.454 3975
146.499 16406
146.499 6499
146.501 4193
146.536 16406
146.536 16406
146.536 1962
146.536 16406
146.536 5542
146.549 426
146.575 8379
146.578 16406
146.578 30
146.578 10472
146.58 3958
146.594 463
146.62 16406
146.62 30
146.62 1053
146.622 16406
146.622 30
146.622 697
146.643 16406
146.643 8960
146.643 979
146.685 16406
146.685 16406
146.685 1048
146.685 11176
146.732 16406
146.732 30
146.735 16406
146.735 10502
146.768 16406
146.768 30
146.768 1053
146.772 16406
146.772 30
146.772 1053
146.775 16406
146.775 30
146.775 2653
146.816 16406
146.816 10850
146.842 16406
146.842 30
146.842 8966
146.842 7478
146.845 447
146.892 16406
146.892 30
146.892 1053
146.892 16406
146.892 30
146.892 6414
146.927 16406
146.927 30
146.928 343
146.928 16406
146.928 30
146.931 16406
146.931 1004
146.964 8379
146.967 16406
146.967 30
146.97 13781
146.986 404
147.004 16406
147.004 14788
147.006 7428
147.046 8379
147.049 16406
147.049 9997
147.049 2365
147.069 16406
147.071 16406
147.071 38
147.113 16406
147.113 1055
147.113 16406
147.113 30
147.113 2659
147.119 470
147.159 1105
147.162 16406
147.162 8379
147.162 1053
147.164 16406
147.164 30
147.164 7253
147.195 16406
147.196 24
147.196 16406
147.198 9888
147.217 8973
147.217 14280
147.218 2126
147.218 7471
147.236 6350
147.239 16406
147.239 30
147.239 2837
147.282 16406
147.282 9966
147.335 16406
147.335 24
147.335 16406
147.335 36
147.335 16406
147.335 11414
147.373 16406
147.373 30
147.375 9997
147.375 16406
147.375 10555
147.39 441
147.419 16406
147.419 8966
147.421 16406
147.421 1510
147.462 16406
147.462 30
147.464 1053
147.466 16406
147.466 30
147.466 1053
147.469 16406
147.469 30
147.469 2653
147.491 5858
147.494 16406
147.494 30
147.494 1053
147.497 16406
147.497 30
147.497 1149
147.519 16406
147.519 8966
147.554 7478
147.564 4308
147.564 13154
147.568 16406
147.568 30
147.568 7548
147.589 428
147.608 16406
147.608 24
147.611 16406
147.611 18294
147.64 442
147.649 16406
147.649 1054
147.653 16406
147.653 30
147.654 3405
147.664 16406
147.664 30
147.667 9997
147.667 6447
147.709 16406
147.709 23656
147.781 8379
147.784 16406
147.784 30
147.784 1053
147.785 16406
147.785 30
147.785 9645
147.819 16406
147.819 27604
147.838 16406
147.841 16406
147.841 16406
147.841 3958
147.86 16406
147.86 8568
147.86 6230
147.902 16406
147.902 8960
147.903 16406
147.903 1529
147.903 12349
147.921 16406
147.921 30
147.923 10662
147.959 403
148.005 16406
148.005 30
148.009 16406
148.009 1054
148.009 7410
148.011 16406
148.011 30
148.013 5642
148.013 27
148.035 16406
148.035 16902
148.058 420
148.06 8215
148.062 8966
148.064 16406
148.065 1334
148.067 16406
148.067 1061
148.071 16406
148.071 30
148.071 16406
148.071 2078
148.076 16406
148.077 6469
148.146 16406
148.146 30
148.191 10662
148.203 8092
148.203 988
148.203 31
148.237 8973
148.26 7465
148.275 0
148.307 16406
148.307 7368
148.31 16406
148.31 16406
148.31 22919
148.314 16406
148.314 16406
148.314 31371
148.315 16406
148.315 2988
148.332 16406
148.334 16406
148.334 9570
148.367 8222
148.37 16406
148.37 16406
148.37 10264
148.371 1531
148.413 16406
148.415 13302
148.441 16406
148.441 12852
148.442 3554
148.442 38
148.467 16406
148.469 9166
148.504 423
148.515 8379
148.517 16406
148.517 1523
148.519 16406
148.519 660
148.563 16406
148.564 1061
148.567 16406
148.567 7786
148.604 16406
148.604 15708
148.605 698
148.605 1062
148.605 6658
148.647 16406
148.649 16406
148.649 1062
148.649 1017
148.696 16406
148.698 16406
148.698 8442
148.733 8379
148.736 16406
148.736 15529
148.752 8979
148.755 7465
148.759 16406
148.759 30
148.794 13350
148.798 16406
148.798 1519
148.798 6945
148.817 12082
148.819 16406
148.819 1523
148.821 2868
148.836 16406
148.838 9354
148.88 8379
148.883 16406
148.883 30
148.883 1428
148.884 14978
148.884 273
148.904 16406
148.904 16406
148.904 38
148.922 16406
148.923 12362
148.965 16406
148.965 24
148.968 16406
148.968 1524
148.968 16406
148.968 3026
149.007 16406
149.01 16406
149.01 8010
149.048 439
149.059 16406
149.059 24
149.062 16406
149.062 10465
149.064 9905
149.114 8979
149.118 16406
149.118 8489
149.118 1053
149.12 16406
149.12 30
149.12 5606
149.134 2929
149.136 16406
149.136 6070
149.139 411
149.173 373
149.178 16406
149.179 1055
149.182 16406
149.182 1524
149.182 2537
149.201 16406
149.203 16406
149.203 38
149.242 428
149.242 16406
149.243 351
149.245 16406
149.245 8064
149.27 414
149.288 16406
149.289 1061
149.289 16406
149.289 3650
149.328 8379
149.331 16406
149.331 10453
149.353 8379
149.356 16406
149.356 30
149.356 6129
149.397 526
149.422 16406
149.424 35
149.424 16406
149.424 10126
149.433 16406
149.433 11424
149.434 4982
149.434 38
149.463 16406
149.464 8968
149.464 3987
149.499 16406
149.499 1055
149.502 16406
149.502 30
149.502 10800
149.54 6290
149.543 16406
149.543 16406
149.543 1524
149.545 4063
149.592 16406
149.594 16406
149.594 1056
149.597 16406
149.597 14156
149.616 416
149.627 16406
149.63 422
149.63 16406
149.63 9382
149.648 16406
149.65 16406
149.65 38
149.678 8979
149.68 16406
149.68 4721
149.711 16406
149.713 16406
149.713 5810
149.721 362
149.741 16138
149.743 16406
149.743 306
149.774 16406
149.774 1061
149.777 16406
149.777 30
149.777 9234
149.807 405
149.818 443
149.818 8979
149.821 16406
149.821 9345
149.879 121
149.889 8979
149.893 16406
149.893 17448
149.893 484
149.924 435
149.93 8379
149.933 16406
149.933 13461
150.011 8379
150.015 16406
150.015 4437
150.015 27
150.036 16406
150.036 16406
150.036 496
150.062 16106
150.064 16406
150.064 16406
150.064 16264
150.064 14280
150.065 2126
150.065 172
150.067 16406
150.067 1892
150.128 16406
150.128 30
150.13 8966
150.13 14754
150.163 16406
150.163 30
150.163 1053
150.165 16406
150.165 30
150.165 2856
150.166 3426
150.187 16406
150.187 16358
150.194 0
150.197 9116
150.197 31
150.224 16406
150.226 351
150.226 16406
150.226 30
150.227 1539
150.256 471
150.275 15330
150.278 16406
150.278 30
150.278 5712
150.279 1926
150.316 16406
150.316 8966
150.319 16406
150.319 1378
150.337 444
150.362 8379
150.362 16406
150.365 16406
150.365 14625
150.372 8354
150.375 16406
150.375 6286
150.382 431
150.415 8379
150.418 16406
150.418 30
150.418 1522
150.421 8640
150.437 16406
150.437 16122
150.457 454
150.486 411
150.486 8379
150.489 16406
150.489 1805
150.502 16406
150.502 1523
150.502 7467
150.503 7484
150.524 16406
150.524 8960
150.524 8876
150.566 16406
150.566 1048
150.57 16406
150.57 500
150.57 5712
150.571 10694
150.571 2078
150.571 3609
150.591 0
150.591 126
150.591 1014
150.607 0
150.613 16406
150.615 6150
150.615 16406
150.615 5274
150.661 8379
150.663 16406
150.663 1054
150.663 16406
150.663 30
150.665 10209
150.725 16406
150.725 30
150.728 16406
150.728 1054
150.728 1053
150.73 16406
150.73 30
150.73 8746
150.766 16406
150.766 30
150.766 8966
150.767 14566
150.808 8379
150.811 16406
150.811 30
150.813 16406
150.813 1213
150.85 16406
150.85 16406
150.85 1056
150.851 7040
150.887 14301
150.889 16406
150.889 8489
150.891 3403
150.961 16406
150.961 30
150.965 16406
150.965 658
150.965 14280
150.966 2126
150.966 30
150.966 3133
150.97 16406
150.97 13490
151.035 11222
151.04 16406
151.04 1523
151.04 7192
151.04 16406
151.04 30
151.041 1990
151.056 16406
151.056 8960
151.057 3047
151.099 8379
151.102 16406
151.102 30
151.102 8568
151.103 1377
151.13 404
151.146 8379
151.149 8973
151.149 16406
151.149 2958
151.194 16406
151.194 8955
151.195 12133
151.23 12786
151.232 13782
151.251 16406
151.251 12410
151.255 399
151.291 16406
151.293 11290
151.334 16406
151.336 13734
151.376 16406
151.378 1525
151.378 16406
151.378 8959
151.38 648
151.399 429
151.421 16406
151.421 16406
151.421 6610
151.439 406
151.449 16406
151.449 8960
151.449 2107
151.464 16406
151.464 30
151.466 8838
151.496 16406
151.496 30
151.498 12222
151.56 16406
151.56 30
151.562 16406
151.562 726
151.573 16406
151.573 16406
151.573 30
151.612 405
151.615 16406
151.615 30
151.615 16406
151.615 8942
151.626 419
151.646 16406
151.646 30
151.648 16406
151.648 30
151.684 16406
151.684 22716
151.727 11150
151.73 16406
151.73 17160
151.762 8379
151.766 16406
151.766 16406
151.766 3029
151.766 3233
151.79 8379
151.793 16406
151.793 30
151.796 5565
151.822 16406
151.822 938
151.824 16406
151.825 7714
151.849 475
151.849 16406
151.849 8960
151.849 2351
151.912 16406
151.912 30
151.912 8966
151.912 11746
151.989 0
151.989 0
151.989 396
151.989 16406
151.99 116
151.99 426
151.99 7906
152.001 16406
152.001 4284
152.004 12122
152.004 16406
152.004 10294
152.007 27
152.038 16406
152.038 16406
152.038 496
152.041 382
152.08 420
152.08 16406
152.08 32812
152.08 34272
152.081 14946
152.081 58397
152.135 8973
152.135 16406
152.135 8543
152.135 16406
152.135 938
152.135 7742
152.144 16406
152.144 13726
152.187 8379
152.187 14280
152.189 2126
152.189 7445
152.193 9150
152.232 16406
152.232 9878
152.234 16406
152.234 1530
152.234 92
152.252 16406
152.252 30
152.254 16406
152.254 30
152.316 16406
152.318 16406
152.318 1526
152.318 13309
152.354 6451
152.365 16406
152.365 1054
152.367 16406
152.367 1054
152.368 16406
152.368 30
152.368 2597
152.407 429
152.407 16406
152.407 30
152.407 8964
152.409 16406
152.409 572
152.443 16406
152.444 24
152.447 16406
152.447 12276
152.448 2021
152.472 16406
152.475 15990
152.516 16406
152.516 10003
152.516 8965
152.518 136
152.528 16406
152.528 30
152.529 15550
152.576 16406
152.576 24
152.576 16406
152.576 36
152.576 16406
152.576 24
152.576 16406
152.576 2553
152.576 10185
152.622 16406
152.622 8838
152.636 16406
152.636 16406
152.636 30
152.661 16406
152.661 16406
152.661 13642
152.711 16406
152.711 9872
152.713 8396
152.723 16406
152.723 14666
152.729 0
152.74 16406
152.741 14486
152.792 16406
152.792 30
152.794 16406
152.794 1054
152.794 1053
152.796 16406
152.796 410
152.796 30
152.798 5098
152.827 16406
152.828 30
152.828 16406
152.828 8754
152.878 16406
152.881 16406
152.881 4494
152.896 16406
152.897 8703
152.899 8061
152.931 16400
152.934 16406
152.934 1512
152.934 64
152.962 15926
152.965 16406
152.965 1517
152.965 4183
152.981 9190
152.983 16406
152.983 1524
152.985 2319
153.009 444
153.018 8979
153.02 16406
153.02 5717
153.063 16406
153.063 30
153.063 1053
153.066 16406
153.066 9441
153.068 5707
153.083 16406
153.084 16406
153.084 30
153.087 408
153.109 16406
153.109 16406
153.109 14394
153.132 16406
153.132 30
153.134 8650
153.153 16406
153.153 1354
153.154 7514
153.177 8222
153.18 16406
153.18 1523
153.183 16406
153.183 6849
153.183 2833
153.22 397
153.238 16406
153.238 30
153.24 16406
153.24 1258
153.242 7638
153.264 8379
153.266 16406
153.266 16406
153.266 3601
153.317 16406
153.317 24
153.32 16406
153.32 3984
153.343 16406
153.343 30
153.346 16406
153.346 1054
153.346 9046
153.39 16406
153.392 16406
153.392 16406
153.392 8094
153.405 16406
153.405 14234
153.446 16406
153.446 30
153.446 16406
153.446 7870
153.476 16406
153.476 30
153.476 9778
153.508 16406
153.508 13734
153.532 16406
153.532 8953
153.533 854
153.552 16406
153.552 30
153.553 16406
153.554 30
153.571 16406
153.571 11424
153.573 4982
153.573 5378
153.616 16406
153.616 30
153.617 16406
153.617 1346
153.637 16406
153.637 6314
153.639 15282
153.645 432
153.66 16406
153.66 30
153.66 10154
153.703 16406
153.703 2856
153.704 10502
153.745 16406
153.747 16406
153.747 16406
153.747 3902
153.766 6622
153.769 16406
153.769 9822
153.777 0
153.797 560
153.809 16406
153.809 30
153.812 1053
153.812 16406
153.812 30
153.813 13934
153.831 16406
153.831 30
153.834 11846
153.851 16406
153.851 30
153.852 16406
153.852 30
153.871 16406
153.871 30
153.873 1053
153.873 16406
153.873 30
153.874 4722
153.915 16406
153.915 938
153.917 16406
153.917 11662
153.973 16406
153.974 30
153.976 1053
153.976 16406
153.976 30
153.977 10606
153.989 371
153.998 6610
154 27
154.022 16406
154.022 16902
154.051 8620
154.052 185
154.057 16406
154.057 30
154.057 1053
154.065 16406
154.065 30
154.067 16406
154.068 16406
154.068 262
154.068 16406
154.068 30
154.068 2865
154.068 608
154.076 16406
154.076 16406
154.076 38
154.083 3393
154.086 16406
154.086 1516
154.086 7316
154.093 421
154.139 123
154.149 16406
154.151 16406
154.151 386
154.151 705
154.153 16406
154.153 3678
154.188 4010
154.188 4801
154.188 31
154.191 8973
154.194 16406
154.194 215
154.237 16406
154.237 30
154.239 16406
154.239 16406
154.239 1534
154.239 565
154.265 0
154.301 16406
154.301 938
154.302 8495
154.302 16406
154.302 10472
154.304 6710
154.304 117
154.342 16406
154.343 15238
154.385 8379
154.385 16406
154.385 782
154.386 1428
154.43 16406
154.43 30
154.432 12874
154.432 693
154.45 16406
154.45 30
154.452 16406
154.452 538
154.534 16406
154.537 16406
154.537 9405
154.537 33
154.538 16406
154.538 3504
154.538 4207
154.577 16406
154.577 344
154.583 16406
154.583 10151
154.585 2698
154.607 399
154.619 16406
154.619 944
154.62 16406
154.621 782
154.621 242
154.641 16406
154.641 30
154.643 8782
154.706 16406
154.706 8672
154.707 13732
154.749 11462
154.752 16406
154.752 1523
154.752 7140
154.753 709
154.753 1065
154.767 12034
154.77 16406
154.77 3638
154.77 801
154.777 0
154.811 16406
154.811 1048
154.813 16406
154.813 30
154.813 2865
154.814 575
154.832 56
154.834 16406
154.834 16386
154.853 16406
154.853 9872
154.854 5896
154.861 383
154.872 397
154.918 16406
154.918 344
154.919 15738
154.919 10821
154.921 3080
154.939 16406
154.939 938
154.939 7742
154.985 16406
154.985 1518
154.987 16406
154.987 8580
154.987 1403
155.024 16406
155.024 24
155.027 16406
155.027 2210
155.027 1183
155.068 13392
155.072 16406
155.072 1524
155.072 3563
155.072 599
155.132 16406
155.135 16406
155.135 4536
155.135 4306
155.137 33
155.157 16406
155.157 30
155.159 15724
155.162 719
155.174 16406
155.175 30
155.177 16406
155.178 782
155.178 104
155.218 16406
155.22 16406
155.22 1730
155.26 16406
155.261 24
155.261 16406
155.261 1512
155.263 9951
155.265 740
155.321 8379
155.323 15738
155.323 705
155.325 15717
155.366 16406
155.366 1055
155.368 16406
155.368 30
155.368 16406
155.368 2181
155.369 592
155.393 457
155.452 16406
155.454 16406
155.454 16406
155.454 1311
155.456 7311
155.456 170
155.477 406
155.516 9758
155.52 16406
155.52 782
155.52 770
155.521 16406
155.521 6531
155.521 1450
155.522 438
155.536 14576
155.536 16406
155.536 3260
155.567 8973
155.57 8957
155.57 16406
155.57 7922
155.57 2113
155.573 355
155.582 26
155.606 445
155.622 16406
155.622 8693
155.623 16406
155.623 30
155.625 3906
155.669 16406
155.67 30
155.67 2878
155.672 16406
155.672 105
155.672 14970
155.673 345
155.685 16406
155.687 11290
155.749 16406
155.753 16406
155.753 380
155.753 1729
155.753 15738
155.753 4982
155.753 1203
155.769 15858
155.772 16406
155.772 782
155.772 771
155.774 483
155.835 16406
155.835 30
155.838 16406
155.838 16406
155.838 3518
155.878 16406
155.878 30
155.88 15606
155.898 16406
155.898 24
155.901 16406
155.901 36
155.912 444
155.942 8379
155.944 16406
155.944 782
155.944 301
155.946 16406
155.946 30
155.946 2878
155.948 1231
156.005 8379
156.007 16406
156.007 30
156.007 16406
156.007 761
156.009 316
156.009 449
156.009 1134
156.013 27
156.036 16406
156.036 16406
156.036 496
156.062 420
156.065 16406
156.065 8372
156.067 16406
156.067 10465
156.067 13999
156.067 16406
156.068 5055
156.068 18564
156.068 11399
156.089 16406
156.091 16406
156.091 8386
156.11 8979
156.112 16406
156.112 641
156.133 16406
156.134 8960
156.135 7484
156.156 16406
156.156 8960
156.157 7164
156.157 425
156.18 0
156.182 8092
156.182 732
156.182 31
156.198 16406
156.198 1516
156.201 16406
156.201 5066
156.201 218
156.203 7550
156.217 8979
156.219 16406
156.219 7151
156.22 343
156.26 16406
156.26 8973
156.263 15255
156.279 573
156.283 16406
156.283 30
156.286 15738
156.286 705
156.3 432
156.324 16406
156.324 1529
156.326 7467
156.328 15074
156.366 8979
156.369 16406
156.369 16406
156.369 10466
156.37 1452
156.37 1357
156.41 16406
156.41 5712
156.41 4254
156.43 172
156.432 16406
156.433 7922
156.433 8378
156.452 8379
156.454 16406
156.454 2689
156.469 459
156.498 16406
156.498 30
156.5 16406
156.5 2189
156.5 1198
156.517 8979
156.519 16406
156.519 782
156.519 776
156.519 5966
156.562 11165
156.564 16406
156.564 776
156.566 14385
156.586 16406
156.586 10478
156.586 5966
156.631 16406
156.631 16406
156.631 1837
156.632 5255
156.664 8379
156.667 16406
156.667 1046
156.669 16406
156.669 8149
156.708 8379
156.708 15708
156.71 698
156.71 8973
156.71 3333
156.755 16406
156.755 30
156.757 16406
156.757 10465
156.759 7475
156.759 705
156.785 16406
156.785 9880
156.785 5756
156.82 16406
156.82 10478
156.822 5966
156.826 0
156.859 16406
156.859 938
156.861 16406
156.861 776
156.861 7915
156.862 530
156.933 16406
156.933 1048
156.933 16406
156.933 16406
156.933 3205
156.933 508
156.933 8979
156.933 16406
156.933 1440
156.933 302
156.966 16406
156.966 30
156.966 8590
156.968 14672
156.968 299
157.007 16406
157.007 10718
157.049 8979
157.049 11424
157.051 4982
157.051 1434
157.051 1116
157.064 497
157.076 16406
157.076 8964
157.076 2723
157.112 445
157.115 16406
157.115 1048
157.115 16406
157.115 500
157.153 7002
157.153 16406
157.153 30
157.153 16406
157.153 1523
157.153 492
157.164 8973
157.166 16406
157.166 1046
157.166 6898
157.168 596
157.168 14756
157.185 486
157.19 0
157.19 0
157.19 662
157.19 132
157.19 1742
157.2 16406
157.201 10478
157.202 5966
157.207 0
157.221 16406
157.221 30
157.223 14422
157.266 16406
157.266 30
157.267 1053
157.267 8979
157.27 16406
157.27 8950
157.27 8717
157.311 16406
157.311 1048
157.313 16406
157.313 30
157.315 6100
157.377 8379
157.377 16406
157.377 16406
157.377 11021
157.377 805
157.377 16406
157.377 6299
157.377 2877
157.377 1356
157.399 431
157.415 16406
157.415 18835
157.416 5734
157.419 330
157.432 445
157.434 8379
157.437 399
157.437 16406
157.437 6861
157.438 1233
157.475 8979
157.478 16406
157.478 7922
157.478 1063
157.48 6135
157.497 3693
157.497 8379
157.5 16406
157.5 4401
157.545 16406
157.545 30
157.545 1053
157.548 15738
157.548 5454
157.548 913
157.595 445
157.595 16406
157.596 8964
157.596 16406
157.596 782
157.596 785
157.596 6264
157.625 8379
157.628 16406
157.628 782
157.631 16281
157.652 16406
157.652 9872
157.654 6572
157.691 16406
157.691 30
157.693 16406
157.693 4000
157.693 835
157.732 16406
157.732 30
157.733 16406
157.733 10778
157.733 263
157.735 1586
157.752 16406
157.752 938
157.752 12876
157.753 158
157.798 16406
157.8 16406
157.8 374
157.801 7844
157.801 1223
157.82 16406
157.82 8960
157.82 7484
157.849 16406
157.849 453
157.849 16406
157.849 11496
157.85 7816
157.881 16406
157.881 30
157.885 11470
157.927 16406
157.927 8960
157.929 1223
158.013 16406
158.013 30
158.016 16052
158.016 16406
158.016 2870
158.02 3295
158.02 27
158.041 16406
158.041 16902
158.067 420
158.067 16406
158.067 16406
158.067 2078
158.073 16406
158.073 8974
158.076 16406
158.076 2085
158.076 8495
158.084 16406
158.084 30
158.084 16406
158.084 13890
158.095 16406
158.095 30
158.097 1053
158.097 16406
158.097 30
158.098 8350
158.116 8973
158.116 16406
158.116 7155
158.118 345
158.14 16406
158.14 944
158.142 12192
158.178 8092
158.178 1075
158.184 16406
158.184 30
158.185 7162
158.185 649
158.189 16406
158.189 30
158.189 12191
158.19 42
158.201 16406
158.201 10670
158.23 16406
158.23 30
158.231 16406
158.232 3905
158.232 986
158.265 16406
158.267 16406
158.267 32
158.267 33
158.307 14101
158.309 16406
158.309 782
158.309 1102
158.355 8973
158.357 16406
158.357 8099
158.359 16406
158.359 30
158.359 2325
158.38 16406
158.38 30
158.38 8568
158.381 7838
158.381 726
158.413 8379
158.416 16406
158.416 7164
158.416 930
158.436 16406
158.436 30
158.438 9722
158.481 16406
158.485 16406
158.485 7126
158.5 16406
158.5 938
158.503 15506
158.519 8973
158.522 16401
158.524 415
158.564 8379
158.567 16406
158.567 16406
158.567 9321
158.568 1189
158.604 16406
158.604 30
158.604 16406
158.604 7879
158.606 904
158.646 24
158.65 16406
158.65 938
158.653 16406
158.653 8487
158.653 8025
158.655 529
158.664 0
158.693 16406
158.695 16406
158.695 3979
158.695 300
158.714 16406
158.714 30
158.716 16406
158.716 30
158.738 16406
158.738 30
158.738 12868
158.739 831
158.766 10998
158.766 16406
158.768 17166
158.768 307
158.798 8379
158.8 16406
158.8 30
158.8 7156
158.802 938
158.819 16406
158.819 2856
158.821 6874
158.863 8979
158.868 16406
158.868 8489
158.868 16406
158.868 1512
158.869 503
158.908 16406
158.908 30
158.911 16406
158.911 6494
158.911 1349
158.949 16406
158.949 938
158.951 7785
158.951 15738
158.953 10687
158.953 373
158.995 16406
158.995 1055
158.998 16406
158.998 402
158.998 30
158.998 9428
159.035 16406
159.037 10011
159.037 16406
159.037 7922
159.039 596
159.039 1149
159.051 454
159.055 16406
159.055 10670
159.1 16406
159.1 30
159.103 16406
159.103 1518
159.103 16406
159.103 2128
159.105 363
159.14 16406
159.14 35
159.142 16406
159.143 1523
159.143 7091
159.144 387
159.146 395
159.183 16406
159.183 944
159.185 16406
159.185 15797
159.186 644
159.22 8379
159.223 16406
159.223 782
159.223 15028
159.224 1226
159.248 16406
159.248 30
159.25 16406
159.25 30
159.288 8379
159.291 16406
159.291 8964
159.291 8969
159.292 230
159.334 16406
159.334 1054
159.336 16406
159.336 30
159.336 14288
159.337 915
159.352 24
159.352 8979
159.352 12852
159.353 3549
159.353 973
159.357 444
159.367 438
159.397 16406
159.397 30
159.399 16406
159.399 5405
159.399 426
159.404 437
159.418 16406
159.418 8960
159.42 7484
159.427 432
159.432 8979
159.434 16401
159.434 1161
159.481 8379
159.483 16406
159.483 1054
159.485 16406
159.485 30
159.487 10773
159.501 405
159.505 319
159.527 16406
159.527 35
159.53 16406
159.53 11496
159.53 726
159.531 350
159.567 16406
159.567 30
159.569 16406
159.569 1516
159.569 16406
159.569 2187
159.57 61
159.614 16406
159.614 30
159.614 16406
159.614 1524
159.615 2427
159.63 16406
159.63 1048
159.632 14679
159.632 746
159.675 16406
159.677 16406
159.677 6850
159.677 813
159.717 8379
159.717 16406
159.719 16406
159.719 386
159.719 9266
159.72 143
159.761 16406
159.761 30
159.761 1053
159.763 16406
159.763 8592
159.763 1235
159.782 16406
159.782 8973
159.783 7471
159.814 16406
159.814 938
159.816 16406
159.816 8194
159.819 621
159.864 452
159.868 16406
159.868 30
159.868 8590
159.869 403
159.869 29
159.872 16406
159.872 8592
159.872 955
159.879 121
159.908 16406
159.91 16406
159.91 10347
159.911 135
159.966 409
159.993 8379
159.993 15738
159.994 705
159.994 16406
159.994 378
159.996 705
159.999 16406
159.999 542
160.001 776
160.001 27
160.023 16406
160.023 16902
160.049 420
160.053 15708
160.053 16406
160.053 16406
160.053 17149
160.059 16406
160.059 10614
160.099 16406
160.101 10914
160.145 16406
160.145 12370
160.146 16406
160.147 30
160.148 605
160.173 4010
160.173 5125
160.173 31
160.189 16406
160.189 16406
160.189 350
160.231 16406
160.232 15238
160.245 0
160.249 16406
160.251 13358
160.315 2357
160.318 16406
160.318 30
160.318 1053
160.32 16406
160.32 10778
160.363 16406
160.363 10106
160.401 16406
160.403 423
160.403 16406
160.403 16406
160.403 2078
160.419 385
160.419 8918
160.421 16406
160.421 2902
160.464 16406
160.464 16400
160.466 4876
160.513 16406
160.516 16406
160.516 16406
160.516 142
160.548 16406
160.55 16406
160.55 1056
160.55 1775
160.591 16406
160.592 8967
160.592 4284
160.593 11785
160.64 16406
160.641 35
160.645 16406
160.645 10311
160.645 11557
160.662 463
160.678 16406
160.681 24
160.681 16406
160.681 1516
160.684 15358
160.719 16406
160.721 16406
160.721 2086
160.723 16406
160.723 30
160.723 6414
160.744 357
160.784 16406
160.786 1055
160.786 16406
160.786 30
160.789 16406
160.789 1992
160.789 913
160.827 16406
160.828 351
160.828 16406
160.828 10752
160.868 8973
160.872 16406
160.872 9513
160.873 16406
160.873 30
160.873 1419
160.933 16406
160.934 16406
160.934 10480
160.936 8388
160.954 449
160.977 16406
160.977 35
160.979 16406
160.979 5182
160.996 443
161.019 16406
161.021 24
161.021 16406
161.021 1054
161.022 7228
161.04 670
161.082 16406
161.086 16406
161.086 13762
161.123 8979
161.126 16406
161.126 8293
161.148 16406
161.152 14486
161.188 8979
161.191 16406
161.191 344
161.194 15743
161.236 16406
161.238 16406
161.238 1056
161.238 5780
161.296 8379
161.3 16406
161.3 16406
161.3 6101
161.338 8973
161.341 16406
161.341 8489
161.343 16406
161.343 432
161.381 3341
161.383 16406
161.383 16406
161.383 1514
161.384 2893
161.435 16406
161.435 8568
161.436 7838
161.436 16406
161.436 6666
161.481 11826
161.484 16406
161.484 16406
161.484 2842
161.553 16406
161.555 16406
161.555 10473
161.556 4447
161.572 16406
161.574 8978
161.594 8379
161.597 16406
161.597 1530
161.598 3688
161.636 8379
161.636 16406
161.636 8967
161.639 11104
161.67 413
161.702 8973
161.702 16401
161.705 16406
161.705 5764
161.744 16406
161.746 24
161.746 16406
161.746 16406
161.746 664
161.748 6462
161.785 16406
161.785 1752
161.788 16406
161.788 9988
161.788 8034
161.8 385
161.849 8973
161.852 16406
161.852 16406
161.852 1039
161.852 8258
161.895 8973
161.895 2856
161.896 4609
161.896 16406
161.896 10472
161.899 7586
161.954 16406
161.954 1055
161.954 16406
161.954 16406
161.954 1372
162 15954
162.004 27
162.027 16406
162.027 16406
162.027 496
162.038 444
162.049 420
162.053 8215
162.053 9246
162.056 16406
162.057 30
162.057 1053
162.06 16406
162.06 30
162.06 7280
162.063 16406
162.063 30
162.063 1053
162.065 16406
162.065 30
162.065 1053
162.07 16406
162.07 30
162.072 1053
162.072 16406
162.072 30
162.074 16406
162.074 3030
162.076 16406
162.076 12338
162.076 201
162.078 16406
162.078 294
162.103 460
162.108 16406
162.108 1054
162.11 15738
162.11 705
162.111 3837
162.174 16406
162.174 30
162.174 1053
162.174 16406
162.174 30
162.174 6526
162.174 0
162.174 8092
162.174 1079
162.193 16406
162.193 30
162.194 8966
162.194 1161
162.216 16406
162.217 30
162.217 8590
162.218 455
162.218 405
162.218 7478
162.237 443
162.257 16406
162.257 8960
162.26 16406
162.26 1529
162.26 4306
162.261 628
162.299 16118
162.302 16406
162.302 30
162.303 6486
162.303 825
162.332 16406
162.332 30
162.332 8966
162.334 1349
162.394 16406
162.394 8966
162.394 7478
162.404 8973
162.407 16406
162.408 7813
162.408 1181
162.411 16406
162.411 332
162.448 16406
162.448 1048
162.451 15738
162.451 11476
162.517 16406
162.517 16406
162.517 22556
162.554 2856
162.555 13550
162.555 30
162.557 16406
162.557 1523
162.559 16406
162.559 5745
162.559 1329
162.574 468
162.615 437
162.615 408
162.621 16406
162.621 30
162.621 8966
162.623 16406
162.623 782
162.623 776
162.626 4259
162.664 16406
162.664 351
162.668 16406
162.668 782
162.671 16406
162.671 4578
162.676 911
162.706 16406
162.706 16406
162.706 784
162.709 621
162.709 16406
162.709 30
162.709 619
162.765 405
162.77 8379
162.772 16406
162.772 30
162.772 774
162.774 308
162.774 16406
162.774 30
162.776 2688
162.813 8379
162.813 8973
162.816 16406
162.816 776
162.816 774
162.818 15738
162.818 880
162.818 511
162.857 16406
162.857 30
162.86 16406
162.86 11773
162.86 506
162.91 510
162.918 16406
162.918 30
162.918 1053
162.92 15738
162.92 16406
162.92 4277
162.922 1366
162.958 12670
162.961 8379
162.961 16406
162.961 30
162.962 5058
162.962 492
162.983 442
163.003 16406
163.003 30
163.006 16406
163.006 1054
163.006 774
163.008 16017
163.008 4976
163.008 959
163.01 423
163.066 16406
163.066 1055
163.069 16406
163.069 30
163.071 16406
163.071 2210
163.071 4650
163.072 399
163.108 8379
163.111 16406
163.111 30
163.111 774
163.111 308
163.113 16406
163.113 30
163.113 13669
163.153 16406
163.153 30
163.155 1053
163.155 16406
163.155 30
163.156 5774
163.179 391
163.216 16406
163.218 1055
163.218 16406
163.218 30
163.219 768
163.219 314
163.221 16406
163.221 30
163.221 5727
163.221 854
163.236 16406
163.236 8960
163.237 4176
163.251 385
163.257 8379
163.259 15738
163.259 8741
163.301 16406
163.301 1048
163.305 16406
163.305 30
163.305 6199
163.307 1058
163.341 421
163.368 16406
163.369 24
163.372 16406
163.372 1523
163.372 14989
163.372 1448
163.373 6173
163.41 16406
163.41 30
163.41 1053
163.41 16406
163.411 30
163.413 15715
163.413 452
163.413 748
163.449 8379
163.449 436
163.451 16406
163.451 1530
163.454 16406
163.454 3661
163.493 16406
163.493 30
163.493 10011
163.494 115
163.513 16406
163.513 30
163.515 16406
163.515 1082
163.515 315
163.517 16406
163.517 30
163.517 7155
163.518 318
163.578 16406
163.578 1222
163.58 16406
163.58 320
163.582 16406
163.582 2204
163.582 425
163.592 405
163.623 16406
163.623 30
163.623 8590
163.625 405
163.625 12874
163.642 16406
163.642 30
163.642 16406
163.642 30
163.674 442
163.686 16406
163.688 16406
163.688 1525
163.69 9711
163.705 16406
163.705 30
163.705 11817
163.706 57
163.714 16406
163.714 30
163.714 394
163.716 11470
163.753 16406
163.753 30
163.753 16406
163.753 30
163.769 8379
163.773 16406
163.773 782
163.774 55
163.78 423
163.792 16406
163.792 16406
163.792 30
163.804 432
163.835 16406
163.835 1048
163.838 16406
163.838 9326
163.838 375
163.877 16406
163.877 8960
163.879 2880
163.879 760
163.899 16406
163.899 1523
163.899 7459
163.9 7492
163.942 16406
163.942 16406
163.942 10466
163.943 2878
163.945 732
163.985 16406
163.985 8650
164.012 16406
164.012 30
164.012 8966
164.016 3661
164.016 27
164.038 16406
164.039 16406
164.039 496
164.065 16406
164.065 16406
164.066 2476
164.066 16406
164.066 30
164.067 16406
164.067 2078
164.07 16406
164.07 30
164.07 1053
164.07 16406
164.07 30
164.071 10391
164.073 16406
164.073 9117
164.077 16406
164.077 30
164.077 16406
164.077 1524
164.078 16406
164.078 10698
164.078 4214
164.08 16406
164.08 3928
164.088 8973
164.09 16406
164.09 4219
164.132 7622
164.134 13076
164.134 16406
164.134 1524
164.136 16406
164.136 2714
164.154 16406
164.154 30
164.154 16406
164.154 15710
164.162 8092
164.162 745
164.177 16406
164.177 30
164.177 16406
164.178 30
164.219 16406
164.219 30
164.222 16406
164.222 2078
164.222 16406
164.222 30
164.222 4854
164.24 16406
164.24 344
164.24 8568
164.241 7838
164.241 4868
164.26 16406
164.26 30
164.262 13726
164.281 6942
164.283 16406
164.283 1516
164.283 8016
164.306 8973
164.308 8495
164.308 16406
164.308 30
164.31 4910
164.345 16406
164.345 1048
164.348 16406
164.348 30
164.35 13432
164.369 291
164.369 16406
164.369 30
164.372 16406
164.372 30
164.389 16406
164.389 30
164.389 1053
164.389 16406
164.39 3782
164.436 16406
164.436 16406
164.437 2078
164.437 16406
164.437 4722
164.453 16406
164.453 30
164.455 16406
164.455 1523
164.455 680
164.497 8379
164.497 16406
164.497 30
164.498 16406
164.498 1213
164.517 16406
164.517 30
164.519 16406
164.519 30
164.537 16406
164.537 1048
164.54 16406
164.54 30
164.54 5856
164.581 14677
164.583 8495
164.583 16406
164.584 4018
164.602 16406
164.602 30
164.602 11790
164.647 16406
164.647 30
164.65 16406
164.65 1523
164.65 8445
164.665 8973
164.665 15708
164.667 698
164.667 7471
164.689 16406
164.689 30
164.691 11602
164.729 8379
164.732 16406
164.732 30
164.732 1428
164.733 12221
164.751 8973
164.751 14280
164.752 2126
164.752 7479
164.755 438
164.77 458
164.772 8379
164.775 16406
164.775 30
164.775 1184
164.818 16406
164.818 30
164.818 16406
164.818 2078
164.82 16406
164.82 30
164.82 2841
164.837 16406
164.837 30
164.839 12542
164.88 8973
164.882 8489
164.882 16406
164.882 500
164.884 2057
164.9 7722
164.902 16406
164.902 1523
164.904 10181
164.947 16406
164.948 16406
164.948 5802
164.965 16406
164.965 30
164.967 16406
164.967 30
164.986 16406
164.986 938
164.988 8250
165.015 0
165.03 16406
165.03 1046
165.032 16406
165.032 30
165.032 8230
165.034 533
165.052 16406
165.052 30
165.052 16406
165.052 30
165.07 8379
165.072 16406
165.072 30
165.074 5885
165.116 16406
165.116 30
165.118 16406
165.118 10464
165.12 9280
165.156 8379
165.156 16406
165.156 13273
165.199 16406
165.199 1048
165.202 16406
165.202 30
165.203 16406
165.203 300
165.219 462
165.219 16406
165.222 10482
165.262 16406
165.262 30
165.265 1053
165.265 16406
165.265 16406
165.265 4750
165.301 430
165.306 16406
165.306 1048
165.309 16406
165.309 30
165.309 2527
165.35 16406
165.35 30
165.352 1053
165.352 16406
165.352 30
165.353 1045
165.353 16406
165.353 30
165.355 1345
165.393 0
165.393 381
165.393 433
165.393 16406
165.393 30
165.396 8966
165.396 16406
165.396 2262
165.41 0
165.439 16406
165.439 1054
165.439 16406
165.439 30
165.442 16406
165.442 2362
165.456 16406
165.457 10106
165.498 16406
165.498 16406
165.498 338
165.5 1059
165.5 16406
165.501 1678
165.502 1715
165.539 8379
165.542 16406
165.542 30
165.542 16406
165.542 405
165.585 16406
165.585 30
165.587 16406
165.587 1755
165.589 16406
165.589 30
165.589 2168
165.626 16406
165.626 30
165.628 343
165.628 437
165.63 16406
165.63 30
165.631 6052
165.649 16406
165.649 30
165.649 8966
165.652 7478
165.689 8973
165.689 16406
165.689 14503
165.732 551
165.732 16406
165.732 938
165.732 5712
165.734 2783
165.734 16406
165.734 30
165.735 10397
165.752 16406
165.752 11226
165.803 16406
165.803 30
165.803 343
165.806 16406
165.806 6428
165.816 8966
165.819 16406
165.819 5568
165.819 4328
165.83 403
165.862 16406
165.862 16406
165.862 4298
165.883 16406
165.884 30
165.886 16406
165.886 30
165.924 16406
165.926 16406
165.926 8574
166.01 8379
166.013 16406
166.013 30
166.015 1053
166.015 5712
166.017 10694
166.017 11281
166.017 27
166.039 16406
166.039 16406
166.039 496
166.075 420
166.078 16406
166.078 842
166.08 16406
166.08 30
166.08 1053
166.085 16406
166.085 14578
166.085 16406
166.085 30
166.086 16406
166.086 658
166.088 7694
166.116 16406
166.118 8953
166.118 16406
166.118 10987
166.158 8092
166.158 731
166.158 31
166.158 16406
166.158 938
166.161 16406
166.161 1054
166.163 1613
166.168 387
166.183 16406
166.183 8952
166.183 7492
166.226 16406
166.226 30
166.228 1053
166.228 16406
166.228 30
166.23 6978
166.235 0
166.267 16406
166.267 344
166.269 16406
166.269 30
166.27 16406
166.27 1054
166.27 2423
166.313 16406
166.313 16406
166.313 1054
166.313 5098
166.35 8379
166.353 16406
166.353 16406
166.353 7605
166.393 16406
166.393 30
166.396 15794
166.415 16406
166.415 938
166.417 15506
166.457 8379
166.459 16406
166.459 30
166.459 8705
166.506 16406
166.506 16406
166.506 3806
166.506 12742
166.544 16406
166.544 1048
166.547 16406
166.547 3844
166.565 8379
166.568 16406
166.568 1523
166.568 6572
166.609 16406
166.609 30
166.612 16406
166.612 5746
166.649 16406
166.649 1054
166.653 16406
166.653 30
166.653 16406
166.653 294
166.695 16406
166.695 1048
166.695 16406
166.695 30
166.697 499
166.697 6702
166.722 16406
166.722 16406
166.722 30
166.733 16406
166.733 30
166.733 8782
166.78 16406
166.78 22396
166.799 16406
166.801 16406
166.801 38
166.82 16406
166.822 11422
166.865 12045
166.868 16126
166.868 16406
166.868 30
166.87 11935
166.905 16406
166.905 30
166.91 16406
166.91 5614
166.973 16406
166.973 30
166.973 8693
166.973 16406
166.973 30
166.973 11107
166.99 16406
166.99 30
166.992 16406
166.992 6122
167.034 16406
167.034 30
167.034 8693
167.036 16406
167.036 30
167.036 8795
167.076 16406
167.078 24
167.078 16406
167.078 1860
167.104 16406
167.104 16358
167.143 16406
167.143 30
167.143 1053
167.145 16406
167.145 30
167.145 2521
167.194 354
167.194 16406
167.194 30
167.194 8966
167.194 16406
167.194 2085
167.194 6279
167.227 16406
167.227 30
167.229 16406
167.229 914
167.248 16406
167.248 30
167.252 16406
167.252 30
167.292 16406
167.292 8960
167.292 1543
167.336 16406
167.336 30
167.336 1053
167.347 16406
167.347 30
167.348 16406
167.348 1523
167.348 8897
167.376 16406
167.376 16406
167.376 344
167.376 6052
167.414 466
167.419 8379
167.422 16406
167.422 30
167.423 1053
167.423 16406
167.423 30
167.425 10397
167.45 16406
167.45 16406
167.45 8942
167.472 395
167.482 16406
167.482 1048
167.485 16406
167.485 648
167.523 8379
167.525 16406
167.525 30
167.525 9889
167.567 8979
167.57 16406
167.57 7773
167.57 15082
167.636 16406
167.636 30
167.636 15230
167.636 16406
167.636 30
167.636 16406
167.636 30
167.638 435
167.651 8379
167.654 16406
167.654 6449
167.658 434
167.681 366
167.699 16406
167.699 16406
167.699 5614
167.717 16406
167.717 13726
167.758 16406
167.76 351
167.76 16406
167.76 30
167.761 2667
167.783 16406
167.783 16406
167.783 30
167.827 16406
167.827 351
167.827 16406
167.827 996
167.829 8978
167.868 16406
167.868 30
167.872 16406
167.872 1524
167.872 16406
167.872 584
167.873 7486
167.911 16406
167.912 8966
167.912 9490
167.983 16406
167.983 938
167.983 2489
167.986 16406
167.986 30
167.986 1053
167.988 16406
167.988 1054
167.99 16406
167.99 30
167.993 3149
167.993 27
168.013 16406
168.014 16406
168.014 496
168.04 420
168.04 8222
168.043 16406
168.043 1523
168.043 8777
168.045 16406
168.045 30
168.045 14328
168.046 54
168.056 417
168.056 16406
168.058 11754
168.101 16406
168.101 30
168.101 1053
168.105 16406
168.105 30
168.106 13614
168.142 16406
168.142 1055
168.146 16406
168.146 30
168.146 10048
168.149 0
168.153 4010
168.153 5125
168.153 31
168.172 450
168.185 8379
168.186 16406
168.186 30
168.186 1240
168.23 16406
168.23 30
168.23 1053
168.232 16406
168.232 500
168.232 4872
168.249 16406
168.249 4881
168.251 11563
168.271 0
168.271 39
168.271 8379
168.271 15738
168.273 705
168.273 1748
168.273 112
168.314 16406
168.314 938
168.314 2856
168.315 13550
168.315 7819
168.316 2126
168.316 2951
168.319 1297
168.357 16406
168.357 30
168.36 16406
168.36 767
168.362 7133
168.401 16406
168.401 1048
168.403 16406
168.403 30
168.404 5734
168.404 1203
168.408 426
168.421 16406
168.421 30
168.421 10850
168.465 16406
168.465 30
168.468 1053
168.468 16406
168.468 30
168.471 16406
168.471 1504
168.471 1019
168.506 16406
168.506 30
168.506 16406
168.506 378
168.508 3554
168.508 988
168.523 408
168.552 16406
168.552 30
168.555 1053
168.555 16406
168.555 30
168.557 15730
168.557 35
168.589 8379
168.594 16406
168.594 30
168.596 13619
168.597 379
168.635 16406
168.635 4237
168.637 8495
168.637 2856
168.639 13550
168.639 30
168.639 5058
168.64 941
168.679 16406
168.679 30
168.681 16406
168.681 12182
168.682 172
168.702 16406
168.702 14267
168.702 1450
168.705 755
168.719 13538
168.719 13162
168.807 16406
168.851 429
168.878 24
168.878 16406
168.878 920
168.913 0
168.947 16406
168.951 16406
168.951 38
168.951 16406
168.951 15031
168.953 16406
168.953 3525
168.953 285
168.953 16406
168.953 1046
168.955 16406
168.955 5050
168.955 1937
168.959 16406
168.959 30
168.959 16406
168.959 16406
168.959 14436
168.962 8928
168.975 16406
168.975 30
168.977 16406
168.977 6849
168.978 430
168.987 0
168.987 1312
168.994 40
169.017 8379
169.02 1312
169.02 16406
169.02 30
169.02 1053
169.022 16406
169.022 30
169.022 8303
169.024 692
169.024 520
169.059 8379
169.063 16406
169.063 30
169.064 774
169.064 308
169.064 16406
169.065 885
169.084 14454
169.087 16406
169.087 1990
169.089 391
169.123 16406
169.123 1048
169.127 16406
169.127 30
169.127 9342
169.129 114
169.166 8379
169.169 15738
169.171 1019
169.171 16406
169.171 30
169.173 12867
169.175 901
169.189 16406
169.189 9534
169.234 16406
169.234 30
169.237 16406
169.237 378
169.237 16406
169.237 2098
169.252 30
169.267 8379
169.27 16406
169.27 30
169.272 16406
169.272 83
169.272 1000
169.274 696
169.277 24
169.316 16406
169.316 30
169.319 16406
169.319 782
169.319 5712
169.321 10694
169.321 1508
169.321 779
169.36 8379
169.363 16406
169.363 782
169.365 15050
169.365 828
169.381 16406
169.383 409
169.383 16406
169.383 3366
169.421 189
169.421 156
169.424 8973
169.426 16406
169.426 8951
169.427 1450
169.427 456
169.467 16406
169.467 30
169.47 16406
169.47 378
169.47 16398
169.472 553
169.51 16406
169.51 30
169.512 16406
169.513 378
169.513 705
169.514 1205
169.551 16406
169.553 24
169.553 16406
169.553 9600
169.555 4055
169.555 106
169.596 16406
169.596 30
169.598 14302
169.598 204
169.615 8379
169.618 16406
169.618 2369
169.657 16406
169.657 30
169.659 16406
169.659 768
169.661 363
169.699 16406
169.702 14110
169.742 8973
169.746 16406
169.746 2527
169.773 16406
169.773 8960
169.773 2878
169.775 1194
169.815 16406
169.815 30
169.815 1053
169.818 16406
169.818 2599
169.818 328
169.833 452
169.844 391
169.848 8379
169.852 8973
169.852 16406
169.852 2210
169.854 9182
169.854 4691
169.856 1176
169.879 122
169.898 16406
169.898 30
169.902 16406
169.902 344
169.905 13140
169.936 16406
169.936 30
169.938 1053
169.938 16406
169.938 30
169.94 9328
169.94 2121
169.942 719
169.998 8379
170 16406
170 782
170 9727
170.004 4704
170.004 27
170.024 16406
170.024 16406
170.024 496
170.041 432
170.052 420
170.052 8372
170.058 8979
170.058 8489
170.067 8979
170.069 16406
170.069 10470
170.071 16406
170.071 6911
170.078 8979
170.078 8964
170.079 16406
170.079 10485
170.081 7459
170.083 197
170.106 16406
170.106 938
170.109 16406
170.109 1529
170.109 2398
170.148 8092
170.148 1044
170.148 31
170.15 8979
170.152 16406
170.152 1529
170.155 16406
170.155 1529
170.155 7164
170.156 1252
170.192 8979
170.195 16406
170.195 5426
170.195 1392
170.236 11301
170.24 16406
170.24 10449
170.24 11010
170.241 1227
170.26 384
170.278 16406
170.28 421
170.28 24
170.28 16406
170.28 782
170.282 6472
170.282 1377
170.3 16406
170.302 16406
170.302 38
170.321 9106
170.323 16406
170.323 1151
170.323 87
170.372 8979
170.376 16406
170.376 1529
170.377 11439
170.379 139
170.386 16406
170.388 16406
170.388 2445
170.388 950
170.428 8379
170.432 16406
170.432 10472
170.433 1756
170.433 539
170.455 1677
170.459 16406
170.459 1530
170.459 12118
170.461 1177
170.47 8979
170.472 16098
170.472 1088
170.499 417
170.504 16406
170.505 8960
170.506 13256
170.535 16406
170.537 16406
170.537 3030
170.537 741
170.577 16406
170.577 8960
170.579 10395
170.579 446
170.615 8979
170.618 16406
170.618 1529
170.618 7843
170.62 1150
170.62 16029
170.621 151
170.648 16406
170.648 8966
170.65 8926
170.688 16406
170.688 325
170.688 14294
170.689 858
170.727 9778
170.73 16406
170.73 782
170.73 770
170.732 4308
170.732 838
170.751 425
170.771 16406
170.772 24
170.774 16406
170.774 1524
170.774 7848
170.776 1152
170.776 9341
170.789 8973
170.789 4284
170.791 12116
170.791 416
170.833 16406
170.833 1529
170.834 16113
170.834 335
170.853 8979
170.855 16098
170.856 524
170.898 463
170.898 16406
170.898 1523
170.9 14607
170.9 1227
170.918 8979
170.921 16406
170.921 1529
170.921 7453
170.924 554
170.963 16406
170.963 16406
170.963 1236
170.965 467
170.976 472
170.987 8979
170.987 16406
170.987 6846
170.989 648
171.027 8379
171.027 8973
171.028 16406
171.028 782
171.028 3627
171.029 487
171.034 440
171.066 8979
171.069 16406
171.069 782
171.069 768
171.071 14566
171.098 393
171.11 15810
171.113 16406
171.113 782
171.113 764
171.116 6423
171.154 16406
171.157 16406
171.157 4198
171.158 8786
171.197 16406
171.199 16406
171.199 8654
171.199 757
171.219 16406
171.219 1529
171.219 14915
171.238 16406
171.238 8960
171.238 1543
171.284 16406
171.286 16406
171.286 3036
171.286 4306
171.288 1159
171.306 16406
171.306 16406
171.306 30
171.317 24
171.323 16406
171.323 1529
171.325 8411
171.365 444
171.365 8973
171.37 16406
171.37 16406
171.37 11124
171.37 860
171.386 16406
171.388 9881
171.39 442
171.43 16406
171.43 917
171.432 16406
171.432 782
171.432 776
171.434 971
171.447 480
171.45 8979
171.452 16098
171.452 332
171.452 5918
171.47 189
171.47 156
171.494 16406
171.494 8373
171.495 5807
171.495 1297
171.518 16406
171.519 13246
171.519 893
171.558 9898
171.561 16406
171.561 1523
171.562 4245
171.608 16406
171.609 16400
171.61 2942
171.612 646
171.642 13914
171.645 16406
171.645 1524
171.645 2806
171.647 1210
171.666 16406
171.667 15270
171.667 1877
171.708 3541
171.708 8973
171.712 16406
171.712 1522
171.717 4291
171.772 16406
171.772 16406
171.772 10459
171.772 7085
171.791 8979
171.795 16406
171.795 782
171.796 776
171.796 14594
171.796 689
171.838 16406
171.838 16406
171.838 10707
171.839 1140
171.867 16406
171.869 24
171.869 16406
171.869 1524
171.871 7848
171.871 631
171.899 8979
171.901 16406
171.901 6846
171.901 648
171.945 16406
171.946 24
171.946 16406
171.946 10018
171.948 1403
172.01 16406
172.014 16406
172.014 5246
172.014 27
172.048 16406
172.048 16406
172.048 496
172.102 420
172.106 16406
172.106 16406
172.106 16406
172.108 15565
172.123 16406
172.123 1529
172.125 16406
172.125 16406
172.125 32
172.127 16406
172.127 4998
172.133 9646
172.135 16055
172.135 8957
172.137 16406
172.137 82
172.142 4010
172.142 5156
172.164 15892
172.167 16406
172.167 1517
172.17 7601
172.212 401
172.216 0
172.216 8894
172.22 16406
172.22 1133
172.223 16406
172.223 1522
172.223 7935
172.246 15474
172.248 10662
172.283 16406
172.286 16406
172.286 666
172.288 16406
172.288 30
172.288 2757
172.326 16406
172.326 30
172.328 16406
172.328 1517
172.329 8395
172.338 399
172.347 563
172.368 8979
172.368 8489
172.372 16406
172.372 30
172.372 16302
172.389 413
172.435 16406
172.435 30
172.435 1053
172.435 16406
172.435 30
172.435 5662
172.435 8973
172.435 7465
172.435 14860
172.483 447
172.498 1301
172.498 7140
172.5 9266
172.5 10480
172.502 401
172.502 7088
172.537 8979
172.538 8489
172.538 469
172.542 16406
172.542 30
172.543 4590
172.587 16406
172.587 30
172.589 12786
172.602 412
172.655 8379
172.655 16406
172.655 30
172.655 7445
172.674 423
172.69 16406
172.69 30
172.692 1053
172.692 16406
172.692 30
172.695 14366
172.751 8973
172.754 16406
172.754 1060
172.754 12777
172.798 16406
172.8 10162
172.837 14910
172.837 16406
172.837 3358
172.9 8979
172.902 16401
172.904 16406
172.904 4818
172.944 16406
172.944 1048
172.947 16406
172.947 30
172.948 1719
172.969 16406
172.969 30
172.97 12410
173.031 657
173.033 16406
173.033 344
173.035 16406
173.035 30
173.035 3167
173.05 16406
173.05 30
173.053 13726
173.091 8379
173.098 16406
173.098 7257
173.113 8379
173.115 16406
173.115 1523
173.117 4071
173.148 484
173.154 2573
173.156 16406
173.158 14386
173.2 16406
173.2 30
173.202 343
173.202 9996
173.203 6410
173.203 30
173.205 14512
173.207 0
173.207 0
173.207 0
173.207 0
173.228 446
173.242 16406
173.242 30
173.244 16170
173.264 8973
173.267 16406
173.267 2527
173.327 16406
173.329 9295
173.331 14057
173.35 16406
173.35 30
173.352 14666
173.389 8379
173.389 2856
173.391 6117
173.391 15262
173.404 411
173.431 8379
173.435 16406
173.435 4513
173.437 9166
173.497 16406
173.497 1048
173.5 16406
173.5 30
173.5 1053
173.504 16406
173.504 30
173.504 4164
173.527 16406
173.527 30
173.534 10098
173.566 16406
173.566 30
173.568 9997
173.572 8647
173.583 16406
173.584 8968
173.584 7484
173.614 16406
173.614 1048
173.617 16406
173.617 30
173.618 9240
173.649 758
173.649 16406
173.651 8968
173.651 7484
173.685 16406
173.686 14054
173.734 16406
173.734 30
173.734 1053
173.737 16406
173.737 30
173.737 16406
173.737 482
173.738 398
173.755 8979
173.755 2856
173.756 4609
173.758 9346
173.779 413
173.797 16406
173.797 344
173.799 16406
173.799 3232
173.823 16406
173.823 13198
173.825 3245
173.849 16406
173.851 8963
173.854 16406
173.854 7161
173.903 16406
173.903 344
173.905 16406
173.905 30
173.907 4360
174.003 16406
174.006 12871
174.007 16406
174.007 30
174.009 8009
174.009 27
174.032 16406
174.032 16406
174.032 496
174.058 420
174.061 8222
174.061 487
174.063 9246
174.063 14280
174.064 2126
174.064 500
174.064 583
174.069 6959
174.069 8973
174.073 8495
174.073 16406
174.073 30
174.075 1053
174.075 16406
174.075 30
174.077 1053
174.079 4353
174.081 16406
174.081 344
174.083 16406
174.083 1196
174.134 0
174.137 8838
174.149 16406
174.195 11854
174.264 16406
174.311 16406
174.311 20894
174.313 8699
174.316 16406
174.316 15807
174.318 16406
174.318 7161
174.318 175
174.321 15738
174.322 16406
174.322 10142
174.325 16406
174.325 671
174.325 16406
174.325 5591
174.328 4388
174.328 16406
174.328 30
174.329 10018
174.329 1083
174.351 1453
174.354 16406
174.354 30
174.356 16406
174.356 378
174.356 705
174.358 16406
174.358 1690
174.368 121
174.375 16406
174.375 9166
174.416 16406
174.416 1054
174.42 16406
174.42 16406
174.42 1134
174.421 1069
174.456 1433
174.46 16406
174.46 12266
174.504 16406
174.504 30
174.505 8693
174.508 16406
174.508 10012
174.508 560
174.545 8379
174.547 15738
174.547 705
174.551 16406
174.551 364
174.551 1386
174.566 16406
174.567 15740
174.567 711
174.608 16406
174.608 8701
174.61 16406
174.611 30
174.611 2872
174.612 254
174.653 16406
174.653 30
174.656 16406
174.656 372
174.656 16406
174.656 2862
174.658 775
174.672 8973
174.674 16406
174.674 2847
174.717 16406
174.717 16406
174.717 1531
174.718 16406
174.718 782
174.718 952
174.722 438
174.736 399
174.736 16406
174.736 30
174.738 10020
174.738 859
174.777 16406
174.777 1048
174.781 16406
174.781 30
174.783 7907
174.783 290
174.783 438
174.804 16406
174.804 30
174.804 16406
174.804 767
174.806 407
174.806 8864
174.806 554
174.846 8973
174.849 8489
174.849 16406
174.849 30
174.851 5051
174.851 514
174.856 477
174.864 444
174.864 16406
174.867 16406
174.867 38
174.884 6090
174.884 4284
174.886 12122
174.886 2946
174.886 1309
174.929 16406
174.929 30
174.931 16052
174.931 6410
174.933 347
174.952 16406
174.952 16406
174.952 1054
174.952 1450
174.952 724
174.992 0
174.992 127
174.992 3785
174.992 16406
174.994 16406
174.994 3178
175.009 0
175.038 8379
175.042 16406
175.042 13837
175.065 16406
175.065 1048
175.067 15738
175.069 705
175.069 3843
175.098 8973
175.1 16406
175.1 7471
175.119 8379
175.12 16406
175.12 1311
175.12 90
175.184 16406
175.186 16406
175.186 386
175.186 705
175.188 16302
175.194 411
175.226 16406
175.226 1048
175.228 16406
175.228 30
175.229 7736
175.248 16406
175.248 1523
175.251 14607
175.251 343
175.269 16406
175.269 16406
175.269 374
175.271 2132
175.271 486
175.317 16406
175.317 1048
175.32 16406
175.32 9672
175.325 433
175.334 16406
175.335 16406
175.335 30
175.34 418
175.38 16406
175.38 16406
175.38 10258
175.383 412
175.418 11414
175.421 16406
175.421 1523
175.423 16406
175.423 6048
175.423 460
175.424 443
175.452 393
175.461 15098
175.464 16406
175.464 9350
175.464 948
175.465 1334
175.483 16406
175.485 15740
175.486 711
175.516 467
175.531 8979
175.531 16406
175.532 7813
175.532 705
175.534 5736
175.534 142
175.567 8379
175.57 8379
175.57 16406
175.57 11064
175.572 4690
175.572 132
175.602 16406
175.602 30
175.605 11094
175.634 16406
175.634 30
175.634 8650
175.699 16406
175.699 30
175.699 1053
175.701 16406
175.701 9441
175.701 65
175.761 16406
175.761 30
175.761 15730
175.763 5922
175.785 16406
175.785 30
175.785 2856
175.785 6922
175.824 8379
175.827 15738
175.827 705
175.828 7821
175.866 16406
175.866 24
175.869 16406
175.869 8699
175.869 4197
175.87 303
175.91 16406
175.91 8960
175.912 4232
175.981 414
175.995 8379
175.995 16406
175.995 1428
175.997 14304
175.999 16406
175.999 30
175.999 926
176.002 27
176.026 16406
176.026 16406
176.026 496
176.048 8777
176.051 16406
176.051 1061
176.06 16406
176.06 30
176.062 1053
176.062 16406
176.062 30
176.065 16406
176.065 2078
176.067 16406
176.067 30
176.069 3956
176.08 16406
176.08 8968
176.081 2383
176.101 5142
176.101 8965
176.103 8971
176.103 9810
176.113 479
176.133 8092
176.133 727
176.133 31
176.141 8379
176.144 438
176.144 16406
176.144 1530
176.144 5325
176.185 16406
176.187 24
176.187 16406
176.187 1512
176.188 1317
176.192 0
176.192 138
176.192 2045
176.248 8379
176.251 16406
176.251 30
176.252 8966
176.252 16406
176.252 41
176.255 441
176.292 16406
176.292 30
176.295 14986
176.314 422
176.318 16406
176.318 30
176.319 15230
176.358 8979
176.358 16401
176.362 7986
176.398 8973
176.398 7465
176.4 16406
176.4 1511
176.403 16406
176.404 4167
176.427 15880
176.43 16406
176.43 5528
176.445 12466
176.445 9996
176.445 6410
176.445 1102
176.481 10020
176.483 6418
176.489 16406
176.489 9192
176.506 16406
176.506 30
176.509 14854
176.548 8379
176.548 16406
176.548 1054
176.553 16406
176.553 4889
176.568 8979
176.57 16406
176.57 641
176.589 8973
176.592 16406
176.592 2527
176.617 16406
176.617 12034
176.632 8379
176.632 16406
176.632 30
176.637 16406
176.637 8973
176.638 11446
176.676 16406
176.676 8968
176.679 8971
176.679 10331
176.689 515
176.699 16406
176.699 30
176.702 16406
176.702 30
176.734 8973
176.734 8495
176.738 16406
176.738 30
176.738 11302
176.793 8979
176.793 16406
176.793 1205
176.793 8973
176.793 16401
176.793 7484
176.803 16406
176.804 1048
176.805 8973
176.809 16406
176.809 1801
176.812 477
176.825 16406
176.825 344
176.827 8900
176.849 16406
176.849 30
176.851 8966
176.851 7478
176.87 16406
176.87 30
176.875 16406
176.875 294
176.914 16406
176.914 30
176.914 8966
176.916 16406
176.916 1942
176.931 8379
176.931 16406
176.931 865
176.975 16406
176.976 1048
177.012 16406
177.012 30
177.012 11740
177.019 8379
177.021 16406
177.021 1523
177.023 8264
177.04 8973
177.04 16401
177.043 6996
177.081 16406
177.083 16406
177.083 32
177.084 9568
177.13 16406
177.13 1515
177.13 1428
177.131 14978
177.131 3852
177.135 3126
177.156 505
177.165 411
177.177 16406
177.177 31796
177.236 439
177.236 8979
177.236 8489
177.236 16406
177.236 30
177.236 499
177.236 12204
177.236 15573
177.236 16406
177.236 871
177.245 400
177.253 16406
177.253 30
177.255 12166
177.296 16406
177.298 16406
177.298 1056
177.298 5912
177.305 0
177.305 0
177.315 8379
177.317 16406
177.317 30
177.319 8065
177.335 3977
177.337 16406
177.337 30
177.337 1053
177.339 7946
177.401 8490
177.403 8966
177.407 16406
177.407 11746
177.454 8973
177.454 16406
177.454 1023
177.467 16406
177.467 30
177.467 10003
177.469 8321
177.48 397
177.487 16406
177.49 16122
177.533 8379
177.535 16406
177.535 30
177.537 16406
177.537 2341
177.551 8379
177.553 8973
177.553 15506
177.575 16406
177.575 30
177.575 9722
177.627 16406
177.627 30
177.635 16406
177.635 2078
177.639 16406
177.639 30
177.639 2465
177.675 8979
177.675 16401
177.675 7178
177.7 8973
177.703 7471
177.703 16406
177.703 344
177.706 1407
177.73 16406
177.73 14046
177.765 16406
177.765 344
177.768 16406
177.768 16406
177.768 2556
177.769 2433
177.807 16406
177.807 1048
177.809 16406
177.809 500
177.811 6514
177.869 8379
177.869 16406
177.869 30
177.869 13085
177.87 445
177.897 16406
177.897 1054
177.897 16406
177.897 5906
177.916 16406
177.916 30
177.922 16406
177.922 30
178 8379
178.002 376
178.002 16406
178.002 30
178.008 16406
178.008 1345
178.008 27
178.03 16406
178.03 16406
178.03 496
178.055 420
178.057 16406
178.057 1524
178.057 16406
178.057 8933
178.059 16406
178.059 30
178.059 2896
178.063 16406
178.063 30
178.065 16406
178.065 6930
178.106 16406
178.106 30
178.106 16406
178.108 5622
178.128 8092
178.128 1041
178.128 31
178.148 8979
178.151 16406
178.151 9983
178.151 2155
178.193 16406
178.193 16406
178.193 4862
178.205 0
178.235 8979
178.237 16406
178.237 8958
178.24 6189
178.277 16406
178.277 8960
178.279 12316
178.298 8973
178.3 16406
178.3 11363
178.308 402
178.342 16406
178.342 30
178.344 16406
178.344 3922
178.385 16406
178.385 24
178.385 16406
178.386 1523
178.388 16406
178.388 2560
178.388 1192
178.428 16406
178.428 16406
178.428 4298
178.439 425
178.448 8979
178.45 16406
178.45 7465
178.515 16406
178.515 9910
178.533 16406
178.533 1529
178.535 8655
178.579 16406
178.579 13726
178.62 8979
178.62 16406
178.62 16406
178.621 12513
178.64 16406
178.64 8966
178.642 2665
178.684 8979
178.687 16406
178.687 15493
178.726 16406
178.726 1048
178.726 16406
178.726 2904
178.771 16406
178.771 16406
178.771 13698
178.812 16406
178.816 16406
178.816 2547
178.816 11753
178.832 8379
178.834 16406
178.834 8065
178.853 8979
178.853 4284
178.855 12122
178.855 8293
178.904 407
178.918 16406
178.918 30
178.92 16406
178.92 16406
178.92 5266
178.941 16406
178.941 12542
178.982 378
178.982 16406
178.982 24
178.984 16406
178.984 1054
178.987 16406
178.987 1054
178.987 2471
179 8979
179.003 16406
179.003 2841
179.032 16406
179.033 16406
179.033 1056
179.033 5724
179.047 411
179.089 16406
179.09 1055
179.09 16406
179.09 8964
179.093 361
179.131 16406
179.131 1048
179.134 16406
179.134 8544
179.155 16406
179.155 30
179.157 16406
179.157 30
179.173 16406
179.173 30
179.175 13858
179.216 16406
179.219 24
179.219 16406
179.219 2078
179.219 16406
179.219 968
179.258 12554
179.26 16406
179.26 13178
179.305 8979
179.305 7465
179.307 16406
179.307 1523
179.307 38
179.349 8979
179.351 16406
179.351 14309
179.369 16406
179.369 16406
179.369 30
179.41 16406
179.41 30
179.412 343
179.412 16406
179.412 4680
179.449 8979
179.451 16406
179.451 12297
179.516 388
179.516 16406
179.516 938
179.518 444
179.518 16406
179.518 17888
179.578 8979
179.58 16406
179.58 7409
179.642 16406
179.644 9974
179.689 16406
179.689 8650
179.727 8979
179.729 16406
179.729 77
179.769 16406
179.771 16406
179.771 734
179.835 16406
179.835 30
179.837 16406
179.837 3734
179.877 16406
179.877 18128
179.878 122
179.918 8379
179.921 16406
179.921 20947
180.009 1849
180.011 16406
180.011 16406
180.011 10465
180.016 4827
180.016 27
180.037 16406
180.037 16406
180.037 496
180.063 420
180.067 16406
180.067 1047
180.068 465
180.068 16406
180.068 1054
180.075 16406
180.075 35
180.078 16406
180.078 2078
180.078 16406
180.078 30
180.079 1053
180.082 422
180.087 16406
180.087 1054
180.088 16406
180.088 30
180.088 16406
180.088 305
180.11 8379
180.113 16406
180.113 30
180.113 343
180.115 16406
180.115 30
180.115 4791
180.12 0
180.12 407
180.123 8092
180.123 1045
180.123 31
180.146 496
180.156 16406
180.156 16406
180.156 8678
180.198 16406
180.198 938
180.199 7785
180.199 16406
180.199 30
180.201 7235
180.235 16406
180.235 30
180.237 16406
180.237 9601
180.237 3186
180.283 16406
180.283 30
180.283 1053
180.286 16406
180.286 30
180.286 9534
180.303 16406
180.305 16406
180.305 2614
180.307 524
180.369 16406
180.369 24
180.371 16406
180.371 11496
180.373 168
180.39 16406
180.39 30
180.39 1053
180.392 16406
180.392 30
180.392 5098
180.396 448
180.411 16406
180.411 30
180.413 16406
180.413 30
180.455 16406
180.455 11474
180.457 16406
180.457 3638
180.457 1221
180.477 412
180.52 16406
180.52 2856
180.521 5845
180.521 16406
180.522 7140
180.523 2857
180.525 5736
180.525 509
180.539 16406
180.539 16406
180.539 1048
180.54 16406
180.54 191
180.542 1210
180.584 16406
180.586 16406
180.586 9382
180.601 432
180.601 16406
180.601 8960
180.603 6808
180.624 16406
180.624 10906
180.646 16406
180.646 15230
180.664 8379
180.667 16406
180.667 30
180.667 12869
180.669 433
180.687 16406
180.687 30
180.689 11470
180.712 16406
180.712 30
180.712 10018
180.713 541
180.732 16406
180.733 8373
180.735 1622
180.747 453
180.751 8379
180.753 15738
180.755 705
180.755 3120
180.795 16406
180.795 30
180.795 1053
180.798 16406
180.798 30
180.798 2521
180.819 16406
180.819 30
180.823 16406
180.823 30
180.84 16406
180.84 30
180.842 13482
180.856 16406
180.856 30
180.859 9214
180.882 16406
180.882 30
180.885 16406
180.885 30
180.922 16406
180.922 30
180.925 16406
180.925 5332
180.925 66
180.944 8979
180.944 7140
180.945 9266
180.945 7465
180.986 8379
180.989 16406
180.989 30
180.989 774
180.991 308
180.991 15738
180.994 4757
181.032 16406
181.032 30
181.032 11424
181.034 422
181.034 1442
181.034 701
181.05 16406
181.05 30
181.05 8590
181.052 405
181.052 7478
181.07 8973
181.072 16406
181.072 967
181.114 16406
181.114 344
181.118 16406
181.118 30
181.118 5734
181.119 1343
181.141 426
181.141 16406
181.141 9910
181.182 16406
181.182 30
181.182 1053
181.183 16406
181.184 30
181.185 6206
181.185 481
181.22 16406
181.22 16400
181.221 11268
181.265 16406
181.267 1055
181.267 15738
181.269 3554
181.269 806
181.308 16406
181.308 30
181.31 15738
181.312 16406
181.312 650
181.312 2134
181.314 904
181.339 386
181.351 16406
181.351 16406
181.351 7926
181.416 16406
181.416 30
181.416 1053
181.417 15738
181.42 16406
181.42 4768
181.42 687
181.459 16406
181.459 344
181.462 16406
181.462 14080
181.497 5950
181.497 16406
181.5 16406
181.5 4966
181.567 8973
181.57 16406
181.57 13634
181.57 375
181.572 5873
181.604 16406
181.604 1054
181.606 15738
181.606 1175
181.608 13332
181.647 721
181.65 16406
181.65 23828
181.696 443
181.71 8379
181.713 16406
181.713 16406
181.713 372
181.713 711
181.714 3704
181.748 16406
181.751 24
181.751 16406
181.751 2078
181.752 4438
181.752 291
181.811 14589
181.811 16406
181.811 782
181.811 1102
181.817 16406
181.82 8701
181.82 16406
181.82 776
181.821 716
181.881 16406
181.883 23
181.886 16406
181.886 16406
181.886 767
181.886 637
181.887 16406
181.887 2196
181.887 869
181.938 446
181.945 8973
181.948 16406
181.948 8959
181.95 12507
181.95 1104
182.032 8058
182.032 27
182.058 16406
182.058 16406
182.058 496
182.078 428
182.104 16406
182.104 16406
182.104 32812
182.104 24276
182.106 37128
182.106 44268
182.107 17136
182.107 8221
182.117 8979
182.117 4010
182.117 5131
182.117 31
182.117 16406
182.117 5347
182.119 154
182.137 16406
182.139 16108
182.139 343
182.179 2677
182.182 16406
182.182 344
182.182 14740
182.184 1073
182.203 8973
182.207 16406
182.207 4308
182.207 127
182.254 16406
182.254 30
182.254 10003
182.254 16406
182.254 3161
182.265 8979
182.267 16406
182.267 8725
182.281 409
182.308 16406
182.31 16406
182.31 6058
182.31 156
182.331 16406
182.331 8960
182.334 7484
182.364 431
182.37 8979
182.373 16406
182.373 8306
182.373 416
182.379 16406
182.379 6050
182.415 16406
182.418 16406
182.418 12578
182.436 16406
182.437 16406
182.437 4062
182.485 563
182.499 8979
182.501 16406
182.501 1054
182.501 15738
182.503 6864
182.506 1006
182.543 16406
182.545 16406
182.545 1526
182.545 4306
182.546 1297
182.578 447
182.586 26
182.586 16406
182.586 24
182.588 16406
182.588 10018
182.589 575
182.65 16406
182.65 9997
182.653 16406
182.653 1521
182.655 8820
182.696 16406
182.696 30
182.696 16406
182.696 16483
182.696 217
182.736 16406
182.738 1061
182.738 16406
182.738 30
182.74 761
182.74 16030
182.742 705
182.742 397
182.801 16206
182.803 16406
182.803 16406
182.803 378
182.805 9266
182.805 1237
182.841 8379
182.845 16406
182.845 30
182.845 9330
182.846 588
182.859 439
182.865 16406
182.866 9879
182.867 5945
182.888 16406
182.888 1537
182.888 16406
182.888 944
182.888 1288
182.888 1376
182.948 16406
182.948 30
182.952 16406
182.952 1258
182.952 15916
182.954 1151
182.988 16406
182.99 16406
182.99 1532
182.99 4306
182.991 727
183.037 8979
183.04 16406
183.04 8950
183.04 6797
183.041 236
183.103 16406
183.104 30
183.107 16406
183.107 766
183.107 1341
183.107 16406
183.107 5736
183.108 651
183.14 16406
183.143 454
183.143 16406
183.143 8196
183.143 407
183.188 16406
183.188 16406
183.188 1524
183.191 415
183.222 16406
183.224 16406
183.224 114
183.247 8979
183.249 16406
183.249 7465
183.288 8379
183.291 16406
183.291 1530
183.291 7903
183.292 16406
183.292 1383
183.292 1014
183.334 16406
183.335 16406
183.335 380
183.337 10682
183.337 70
183.397 16406
183.397 1054
183.4 16406
183.4 7922
183.401 1071
183.402 3119
183.441 16406
183.442 1055
183.446 16406
183.446 8964
183.45 605
183.461 16406
183.461 35
183.463 16406
183.463 2880
183.463 262
183.502 8979
183.505 16406
183.505 16406
183.505 1039
183.505 1945
183.506 319
183.568 8979
183.57 16399
183.57 16406
183.57 776
183.571 784
183.571 1250
183.611 16406
183.611 8964
183.613 16406
183.613 9528
183.613 514
183.614 740
183.651 8379
183.653 16406
183.653 1054
183.656 16406
183.656 30
183.656 3008
183.716 8973
183.718 7471
183.718 16406
183.718 9350
183.721 1425
183.761 16406
183.761 1048
183.766 16406
183.766 30
183.766 16406
183.766 2188
183.766 1093
183.78 8379
183.78 8568
183.782 7838
183.782 14296
183.782 1394
183.801 16406
183.803 12230
183.865 8379
183.867 16406
183.867 16406
183.867 6163
183.868 775
183.908 8379
183.911 16406
183.911 16406
183.911 106
183.911 7140
183.911 201
183.996 16406
183.996 8968
183.999 16406
183.999 776
183.999 789
184.002 16406
184.002 2204
184.002 1379
184.002 27
184.037 16406
184.037 16406
184.037 496
184.08 16406
184.08 16406
184.08 32812
184.08 3962
184.08 12852
184.082 3554
184.082 32812
184.082 32502
184.082 11424
184.084 37794
184.084 20191
184.101 16406
184.103 8387
184.103 4625
184.115 8817
184.166 8979
184.185 0
184.188 16406
184.189 17445
184.19 33
184.208 8979
184.208 7465
184.21 10003
184.215 16406
184.215 1521
184.224 13138
184.26 16406
184.26 16406
184.26 10459
184.261 3776
184.331 16406
184.331 16406
184.331 5802
184.371 16406
184.371 16406
184.371 5482
184.373 16406
184.373 938
184.373 16406
184.373 350
184.376 16406
184.376 2701
184.378 2062
184.418 8979
184.423 16406
184.423 1529
184.43 16406
184.43 5262
184.432 16406
184.432 16406
184.432 30
184.444 441
184.466 16406
184.468 8974
184.472 16406
184.472 1536
184.472 4384
184.522 16406
184.522 8960
184.524 16406
184.524 1529
184.524 6277
184.535 419
184.539 444
184.561 16406
184.561 16406
184.561 7682
184.616 8979
184.616 16406
184.616 8951
184.625 16406
184.625 1412
184.665 8973
184.67 16406
184.67 8958
184.672 2246
184.696 429
184.757 16406
184.757 3205
184.823 16406
184.823 30
184.829 16406
184.829 20356
184.831 16406
184.831 11414
184.891 8979
184.896 16406
184.896 13049
184.922 16406
184.922 16406
184.922 8973
184.925 16406
184.925 1529
184.925 5918
184.927 70
184.944 454
184.955 9054
184.957 8979
184.957 16406
184.957 3549
185.024 693
185.03 16406
185.034 16406
185.034 1056
185.04 4840
185.049 16406
185.049 14986
185.061 8973
185.063 8964
185.065 14921
185.094 16406
185.094 16406
185.094 3028
185.094 5944
185.104 8973
185.104 16401
185.106 7484
185.112 630
185.148 8973
185.148 8964
185.151 16406
185.151 493
185.176 16406
185.176 10471
185.176 5973
185.188 0
185.188 0
185.188 1084
185.199 16406
185.199 8964
185.2 5488
185.204 0
185.228 408
185.246 445
185.265 16406
185.265 17132
185.288 112
185.288 22372
185.288 22372
185.288 4832
185.327 433
185.333 16406
185.333 8693
185.333 16406
185.333 30
185.334 9039
185.36 5070
185.36 402
185.363 8965
185.366 16406
185.366 9417
185.369 13676
185.371 8379
185.375 16406
185.375 30
185.375 8065
185.405 16406
185.405 30
185.406 16406
185.406 1054
185.406 9046
185.467 7174
185.47 16406
185.47 8966
185.472 16406
185.472 16406
185.472 7456
185.473 16406
185.473 632
185.476 16406
185.476 8489
185.478 6715
185.482 459
185.531 16406
185.531 16406
185.531 7018
185.627 16406
185.627 30
185.633 3517
185.636 402
185.642 16406
185.642 30
185.644 10003
185.647 16406
185.647 16406
185.647 1031
185.647 5428
185.681 8979
185.681 16173
185.711 16406
185.711 16436
185.713 16406
185.713 30
185.715 16406
185.715 2547
185.715 4921
185.778 16406
185.778 9214
185.829 16406
185.829 30
185.831 16406
185.831 32759
185.834 16406
185.834 32812
185.834 16351
185.837 16406
185.837 14566
185.871 402
185.913 6422
185.992 16406
185.992 12410
185.998 3413
186.004 27
186.025 16406
186.025 16406
186.025 496
186.055 420
186.06 16406
186.06 1515
186.064 16406
186.064 16406
186.064 586
186.067 16406
186.067 2078
186.069 13788
186.072 16406
186.072 4625
186.076 16406
186.076 9043
186.079 16406
186.079 16406
186.079 27982
186.08 4860
186.082 4134
186.085 16406
186.085 16406
186.085 28708
186.085 4081
186.088 16406
186.088 16406
186.088 28760
186.088 3407
186.091 16406
186.091 16406
186.091 29434
186.092 1495
186.095 16406
186.095 10463
186.097 16406
186.097 16406
186.097 1128
186.098 3392
186.098 9664
186.098 4284
186.1 12122
186.1 1524
186.1 2806
186.104 0
186.107 16406
186.107 30
186.107 8092
186.107 731
186.107 31
186.109 10154
186.152 10138
186.156 480
186.178 16406
186.178 1523
186.179 12333
186.193 16406
186.193 12730
186.218 16406
186.218 16406
186.218 30
186.235 16406
186.238 16406
186.238 1526
186.238 3317
186.254 10469
186.26 16406
186.26 1529
186.26 4476
186.278 16406
186.291 16406
186.291 302
186.299 16406
186.299 938
186.301 15506
186.343 16406
186.343 13482
186.364 16406
186.364 5210
186.366 4598
186.405 16406
186.405 30
186.407 16406
186.407 3546
186.452 16406
186.452 10478
186.453 3465
186.511 8973
186.515 16406
186.515 271
186.548 8979
186.552 16406
186.552 1017
186.635 16406
186.635 1529
186.639 8843
186.706 16406
186.706 938
186.71 16406
186.71 1060
186.71 9316
186.784 16406
186.784 8966
186.786 6294
186.832 8979
186.832 16406
186.832 4589
186.837 489
186.911 8973
186.915 15715
186.934 16406
186.934 1529
186.936 15799
186.959 8379
186.962 16406
186.962 1241
187.012 16406
187.012 938
187.012 8306
187.091 10882
187.093 16406
187.093 1523
187.095 6889
187.117 16406
187.119 14242
187.151 16406
187.151 8964
187.154 16406
187.154 16406
187.154 11003
187.157 16406
187.157 59
187.157 11424
187.158 2586
187.306 9430
187.306 8979
187.306 16406
187.306 7465
187.306 325
187.31 16406
187.31 1523
187.312 7467
187.315 16406
187.315 1529
187.315 9041
187.373 16406
187.375 16406
187.375 6806
187.38 16406
187.38 30
187.381 8966
187.383 16406
187.383 7466
187.385 16406
187.385 1054
187.388 16406
187.388 1522
187.391 15350
187.391 16406
187.391 1536
187.394 13444
187.423 422
187.494 14814
187.53 406
187.534 8979
187.536 16406
187.536 3649
187.561 16406
187.565 24
187.565 16406
187.565 1517
187.568 16406
187.568 9517
187.571 16406
187.572 16406
187.572 16406
187.573 16406
187.573 5430
187.6 8979
187.604 16406
187.604 3449
187.651 422
187.662 469
187.702 16406
187.702 1530
187.704 1133
187.731 16406
187.731 5689
187.734 5247
187.76 16406
187.762 24
187.766 16406
187.766 16406
187.766 12518
187.768 3931
187.818 16406
187.818 16406
187.818 2437
187.819 2342
187.86 13918
187.865 16406
187.865 16406
187.865 32758
187.867 16406
187.867 7111
187.87 16406
187.87 16406
187.87 2553
187.871 121
187.871 4616
187.908 2285
187.908 16406
187.908 16406
187.908 14438
187.978 412
187.988 16406
187.988 1529
187.99 8655
188.009 2285
188.009 27
188.031 16406
188.031 16406
188.031 496
188.057 0
188.06 16106
188.063 2220
188.063 16406
188.063 16406
188.063 2279
188.063 16406
188.063 11934
188.066 16406
188.066 16406
188.066 4674
188.066 9439
188.07 16406
188.07 7819
188.072 16406
188.072 1048
188.075 14729
188.081 16406
188.081 16406
188.081 8940
188.081 602
188.082 16406
188.082 15056
188.082 1180
188.085 16406
188.085 16406
188.085 15740
188.088 971
188.088 16406
188.088 5712
188.089 10694
188.089 2954
188.092 16406
188.092 15203
188.093 1293
188.096 16406
188.096 16406
188.096 15056
188.098 16406
188.098 1327
188.098 4557
188.101 16406
188.101 15610
188.102 11424
188.102 4982
188.102 152
188.102 9145
188.102 16406
188.102 659
188.104 10809
188.104 903
188.134 16406
188.136 11102
188.236 16406
188.236 945
188.238 6050
188.334 8973
188.334 7067
188.36 450
188.434 16406
188.436 3017
188.518 16406
188.518 351
188.52 16406
188.52 30
188.52 15034
188.522 447
188.561 8979
188.564 16406
188.564 77
188.603 16406
188.605 9880
188.607 5764
188.626 485
188.63 419
188.666 8379
188.668 16406
188.668 12869
188.668 1429
188.709 8979
188.711 7465
188.711 16406
188.711 1523
188.713 1379
188.713 1454
188.731 8379
188.731 16406
188.731 1524
188.732 1194
188.753 16406
188.756 16406
188.756 16406
188.756 16150
188.758 289
188.758 16406
188.758 8964
188.759 1450
188.759 638
188.855 5170
188.855 8614
188.94 8979
188.943 16406
188.943 15320
188.944 1330
188.966 16406
188.966 8974
188.968 8971
188.968 16406
188.968 15062
188.971 16406
188.971 8774
188.972 6228
188.972 1330
188.998 16406
189 16406
189 7498
189.002 52
189.053 8379
189.055 16406
189.055 1429
189.117 16406
189.117 30
189.117 16406
189.117 759
189.119 2872
189.119 16406
189.119 16406
189.119 4688
189.122 16406
189.122 5321
189.122 7847
189.123 735
189.157 16406
189.159 16406
189.159 734
189.198 8979
189.2 16406
189.2 1433
189.2 929
189.264 12986
189.266 14898
189.307 16406
189.31 16406
189.31 16406
189.31 1403
189.31 705
189.313 16406
189.313 32812
189.313 11667
189.314 1191
189.35 3089
189.35 9996
189.351 5712
189.353 698
189.353 15022
189.435 16406
189.437 10391
189.437 364
189.457 16406
189.459 8974
189.462 7478
189.498 8973
189.5 7465
189.5 16406
189.5 1511
189.502 1391
189.502 896
189.515 392
189.539 3413
189.539 1428
189.541 14978
189.541 16406
189.541 1610
189.568 16406
189.568 8960
189.569 7162
189.569 351
189.605 8979
189.607 16399
189.61 16406
189.61 1054
189.611 10508
189.615 0
189.648 10782
189.651 16406
189.651 8958
189.651 1084
189.651 510
189.681 479
189.695 16406
189.695 20648
189.71 16406
189.71 938
189.712 14670
189.713 865
189.753 8979
189.757 16406
189.757 16406
189.757 10734
189.757 624
189.826 8979
189.826 9996
189.828 6410
189.828 1054
189.83 16406
189.83 1529
189.832 7935
189.832 2216
189.865 8979
189.866 16406
189.866 16406
189.866 10734
189.867 624
189.879 122
189.899 16406
189.899 16406
189.899 20300
189.996 16406
189.997 5218
190.014 16406
190.016 16406
190.016 1530
190.019 2053
190.019 27
190.05 16406
190.05 16902
190.075 420
190.077 16406
190.077 1047
190.08 16406
190.08 30
190.082 1053
190.082 16406
190.082 30
190.083 1053
190.086 16406
190.086 1054
190.086 16406
190.087 1061
190.09 16406
190.09 30
190.09 1053
190.094 16406
190.094 16406
190.094 32782
190.094 11424
190.095 4982
190.095 16406
190.095 16406
190.095 16368
190.096 8306
190.096 8092
190.096 1045
190.096 31
190.098 16406
190.098 30
190.101 16406
190.101 10163
190.101 9353
190.104 16406
190.104 30
190.104 1053
190.107 16406
190.107 30
190.107 1053
190.11 16406
190.11 1054
190.113 16406
190.114 30
190.114 16406
190.114 2078
190.116 16406
190.116 30
190.117 14312
190.117 4180
190.12 16406
190.12 30
190.122 1053
190.122 16406
190.122 30
190.124 1053
190.124 16406
190.124 30
190.126 1053
190.126 16406
190.126 30
190.128 1053
190.128 16406
190.128 30
190.131 16406
190.131 15351
190.131 4165
190.132 16406
190.132 30
190.132 1053
190.135 16406
190.135 30
190.135 5760
190.137 12732
190.137 16406
190.137 30
190.141 16406
190.141 14373
190.144 16406
190.144 2070
190.145 7586
190.171 446
190.175 0
190.205 16406
190.205 30
190.205 16406
190.205 5426
190.303 16406
190.304 4334
190.353 16406
190.355 16406
190.355 734
190.365 24
190.454 16406
190.455 30
190.455 4326
190.501 8518
190.503 8379
190.503 16406
190.503 30
190.504 10049
190.518 320
190.584 16406
190.587 10538
190.651 16406
190.653 1055
190.653 16406
190.653 11176
190.735 379
190.737 16406
190.737 30
190.739 9590
190.8 8379
190.803 16406
190.803 30
190.803 11957
190.822 438
190.902 8379
190.904 14053
190.904 2856
190.905 5523
190.905 8973
190.908 16406
190.908 1054
190.908 8495
190.913 16406
190.914 16406
190.914 11081
190.914 13229
190.914 4553
190.914 16406
190.914 30
190.917 16406
190.917 2070
190.917 16406
190.919 5068
190.949 16406
190.949 16406
190.949 2106
191.017 5938
191.02 16406
191.02 30
191.02 1053
191.021 16406
191.021 30
191.021 2573
191.056 16406
191.056 13546
191.101 16406
191.101 15230
191.131 400
191.163 16406
191.163 8960
191.165 2351
191.205 16406
191.205 5646
191.207 8693
191.21 16406
191.21 30
191.21 16406
191.21 2856
191.21 3215
191.225 16406
191.227 15702
191.249 16406
191.249 30
191.252 16406
191.252 1524
191.252 16406
191.252 9881
191.255 5057
191.255 16406
191.255 30
191.257 902
191.257 16406
191.257 17454
191.259 437
191.259 7664
191.272 16406
191.272 30
191.272 8838
191.289 16406
191.289 12794
191.31 16406
191.313 8974
191.313 16406
191.313 8496
191.315 16406
191.315 15378
191.317 16406
191.317 36
191.331 16406
191.334 13965
191.334 16406
191.334 1529
191.336 7008
191.352 16406
191.354 9411
191.356 16406
191.356 30
191.356 16406
191.356 2078
191.358 16406
191.358 30
191.358 1712
191.397 16406
191.397 12852
191.398 3554
191.398 1374
191.422 16406
191.424 16406
191.424 38
191.438 16406
191.438 30
191.438 11226
191.464 16406
191.464 30
191.466 11658
191.503 16406
191.505 35
191.507 16406
191.507 2794
191.565 16406
191.567 16406
191.567 1298
191.632 16406
191.632 8960
191.634 3667
191.695 8379
191.698 16406
191.698 30
191.699 1992
191.716 8379
191.718 16406
191.718 489
191.759 16406
191.759 7932
191.761 10546
191.762 16406
191.762 30
191.763 4115
191.766 375
191.802 16406
191.803 1055
191.803 16406
191.804 30
191.806 1053
191.806 16406
191.806 30
191.806 967
191.852 8379
191.852 16406
191.852 30
191.852 3440
191.866 12405
191.868 5050
191.868 16406
191.868 30
191.87 737
191.87 7479
191.896 16406
191.897 1055
191.9 16406
191.9 12248
191.995 7926
191.997 16406
192 24
192 16406
192 10696
192.004 27
192.025 16406
192.025 16406
192.025 496
192.034 417
192.072 420
192.072 16406
192.072 16406
192.072 2086
192.072 7140
192.073 9266
192.073 35
192.073 16406
192.073 443
192.073 2078
192.073 14280
192.073 2126
192.073 30
192.073 1053
192.076 16406
192.079 16406
192.079 16406
192.079 16363
192.079 16406
192.082 16406
192.082 16406
192.082 7256
192.083 16406
192.083 1682
192.101 0
192.101 8979
192.102 16406
192.102 4589
192.104 8092
192.104 1076
192.184 5366
192.184 14970
192.186 6450
192.255 11430
192.257 16406
192.257 1523
192.257 8541
192.305 427
192.321 8568
192.323 3132
192.323 16406
192.323 3372
192.37 16406
192.371 16406
192.371 2098
192.398 16406
192.401 15182
192.427 475
192.465 16406
192.467 16406
192.467 1062
192.467 2389
192.515 16406
192.515 8968
192.515 6432
192.549 16406
192.552 16406
192.552 2482
192.613 2185
192.616 16406
192.616 1048
192.619 16406
192.619 15600
192.635 8973
192.639 16406
192.639 6795
192.656 16406
192.656 35
192.657 16406
192.657 30
192.677 16406
192.679 9542
192.698 16406
192.698 8960
192.706 7484
192.741 16406
192.743 8978
192.788 16406
192.788 8960
192.788 12316
192.801 16406
192.801 30
192.804 12034
192.813 454
192.848 16406
192.848 1055
192.85 16406
192.85 4220
192.898 16406
192.9 16406
192.9 6938
192.954 8379
192.957 16406
192.957 16406
192.957 2773
193.019 7558
193.022 16406
193.022 8958
193.022 9622
193.06 8379
193.063 16406
193.063 30
193.064 4437
193.095 393
193.107 16406
193.109 16178
193.166 8379
193.169 16406
193.169 30
193.169 12389
193.178 448
193.214 8379
193.214 16406
193.214 1054
193.216 16406
193.216 30
193.216 9157
193.25 290
193.255 16406
193.257 1061
193.257 16406
193.257 30
193.259 16406
193.26 2078
193.262 16406
193.262 30
193.262 4466
193.264 16406
193.264 16406
193.264 30
193.297 16406
193.3 9818
193.364 16406
193.364 30
193.365 1053
193.365 16406
193.365 30
193.367 1053
193.367 16406
193.367 30
193.37 15758
193.447 408
193.465 16406
193.465 1973
193.465 4263
193.468 16406
193.471 16406
193.471 32
193.471 16406
193.471 16406
193.471 8373
193.474 16406
193.474 1054
193.476 16406
193.476 5353
193.552 13881
193.555 16406
193.555 8335
193.617 16406
193.619 1061
193.619 16406
193.619 30
193.623 16406
193.623 16406
193.623 3482
193.623 7140
193.625 9266
193.625 10470
193.625 9946
193.626 453
193.698 16406
193.7 35
193.7 16406
193.7 7902
193.769 16406
193.771 1061
193.774 16406
193.774 9441
193.775 16406
193.777 16406
193.777 16406
193.777 4117
193.779 16406
193.779 16406
193.779 16333
193.78 6441
193.808 16406
193.81 16406
193.81 1662
193.908 10558
193.919 15386
193.919 10994
193.969 16406
193.969 1061
193.971 16406
193.971 30
193.971 6846
193.999 432
194.002 6610
194.005 27
194.02 744
194.027 16406
194.027 16406
194.027 496
194.053 8620
194.053 16406
194.053 1805
194.055 8495
194.061 16406
194.061 8956
194.064 16406
194.065 8789
194.065 8020
194.067 8979
194.071 16406
194.071 9989
194.073 16406
194.073 8958
194.073 13889
194.074 16406
194.074 14580
194.075 2450
194.077 8979
194.079 16399
194.079 16406
194.079 8312
194.083 16406
194.083 9988
194.087 16406
194.087 16406
194.087 6448
194.088 2478
194.088 8814
194.088 16406
194.088 5668
194.09 16406
194.09 8937
194.094 16406
194.094 16406
194.094 7499
194.094 4692
194.094 16406
194.094 1617
194.096 8489
194.1 16406
194.1 30
194.1 9997
194.102 16406
194.102 16406
194.102 1045
194.103 5402
194.103 13099
194.107 16406
194.107 16406
194.107 9987
194.108 9756
194.108 16406
194.108 4656
194.126 8379
194.126 11273
194.215 530
194.218 16406
194.218 30
194.22 16406
194.22 1854
194.309 410
194.318 11498
194.357 416
194.418 16406
194.418 30
194.419 2821
194.488 16406
194.49 8658
194.568 463
194.591 16406
194.591 30
194.591 2821
194.615 472
194.664 16406
194.664 12974
194.706 16406
194.706 30
194.707 1053
194.707 16406
194.707 30
194.709 4618
194.709 16406
194.709 1047
194.713 16406
194.713 1054
194.716 16406
194.716 30
194.716 16406
194.716 26903
194.717 16406
194.717 30
194.717 1053
194.72 16406
194.72 30
194.723 16406
194.723 32812
194.723 14994
194.724 16406
194.724 9709
194.727 16406
194.727 30
194.727 6107
194.728 16406
194.728 30
194.728 7140
194.729 3706
194.733 377
194.744 410
194.807 13942
194.842 398
194.907 16406
194.909 6590
194.913 409
194.957 441
195.003 8379
195.006 16406
195.006 30
195.006 16406
195.006 13677
195.068 16406
195.068 30
195.07 16302
195.098 917
195.1 16406
195.1 930
195.102 8495
195.102 16406
195.102 30
195.105 16406
195.105 2070
195.107 16406
195.107 30
195.107 16406
195.107 18807
195.13 16406
195.13 30
195.13 2856
195.132 7318
195.137 0
195.137 0
195.137 39
195.137 797
195.154 0
195.215 16406
195.215 30
195.216 10718
195.264 16406
195.264 24
195.267 16406
195.267 2553
195.267 5221
195.288 437
195.301 16406
195.301 30
195.301 10003
195.305 12777
195.342 16406
195.342 8568
195.344 7838
195.344 1806
195.371 8379
195.373 16406
195.373 8065
195.376 16406
195.376 938
195.376 16406
195.376 1521
195.378 5968
195.378 16406
195.379 8958
195.381 16406
195.381 16406
195.381 23817
195.382 1116
195.382 16406
195.382 30
195.385 16406
195.385 7041
195.46 16406
195.46 30
195.462 16406
195.462 414
195.56 13190
195.597 16406
195.599 16406
195.599 10886
195.64 16406
195.641 11478
195.661 16406
195.661 24
195.664 16406
195.664 8385
195.666 16406
195.666 30
195.666 2500
195.697 458
195.703 1285
195.707 16406
195.707 9086
195.753 16406
195.753 30
195.753 1053
195.755 16406
195.756 30
195.756 1073
195.79 16406
195.79 351
195.792 16406
195.792 30
195.792 731
195.811 16406
195.811 24
195.813 16406
195.813 36
195.853 8973
195.856 8489
195.856 16406
195.856 30
195.858 3975
195.907 16406
195.907 9403
195.91 16406
195.91 30
195.912 6637
195.94 16406
195.94 8960
195.94 10944
195.977 414
195.991 400
196.001 435
196.011 12638
196.014 16406
196.014 1523
196.018 4325
196.018 27
196.037 0
196.037 24
196.037 0
196.041 16406
196.041 16406
196.041 496
196.067 16406
196.067 422
196.067 772
196.067 14280
196.068 2126
196.068 1334
196.073 16406
196.073 16406
196.073 1532
196.076 16406
196.076 1608
196.084 16406
196.084 1054
196.086 16406
196.086 1054
196.086 16406
196.086 1522
196.089 16406
196.089 750
196.092 8973
196.092 16406
196.092 16406
196.092 1520
196.093 9053
196.095 15738
196.095 705
196.098 16406
196.098 782
196.098 10275
196.099 16406
196.099 387
196.099 16397
196.101 16406
196.101 1452
196.101 1339
196.105 16406
196.105 782
196.105 689
196.107 16406
196.107 9350
196.109 2562
196.109 16406
196.109 6206
196.112 16406
196.113 19360
196.113 94
196.114 16406
196.114 1142
196.116 8222
196.12 417
196.12 16406
196.12 16406
196.12 11763
196.12 16406
196.121 579
196.121 3080
196.121 14155
196.123 16406
196.123 61
196.123 1247
196.125 4010
196.125 4869
196.125 16406
196.125 782
196.125 776
196.127 16406
196.127 782
196.127 16406
196.127 849
196.129 16406
196.129 16406
196.129 2962
196.131 11512
196.131 16406
196.131 3345
196.135 81
196.135 4910
196.137 16406
196.137 3632
196.138 1295
196.195 0
196.231 8379
196.233 2396
196.325 16406
196.326 9598
196.365 486
196.426 16406
196.427 1325
196.525 8979
196.527 10315
196.527 1287
196.625 8379
196.627 408
196.627 12173
196.664 396
196.678 402
196.699 460
196.719 16406
196.719 7079
196.719 4306
196.72 708
196.76 16406
196.76 30
196.762 8693
196.762 15738
196.764 16406
196.764 1442
196.764 16406
196.764 666
196.767 16406
196.767 11617
196.767 4669
196.77 16406
196.77 6494
196.77 16406
196.77 15997
196.771 1405
196.824 16406
196.824 30
196.826 16406
196.826 1523
196.826 2880
196.827 449
196.871 510
196.903 432
196.911 16406
196.911 2856
196.911 8802
196.95 399
196.984 8379
196.986 15347
196.986 1367
197.016 16406
197.016 30
197.018 8590
197.02 403
197.022 29
197.022 16406
197.022 8495
197.025 6589
197.025 1116
197.025 14280
197.026 2126
197.026 30
197.026 9329
197.029 16406
197.029 16406
197.029 32741
197.031 14891
197.032 441
197.057 16406
197.057 8966
197.092 413
197.092 3781
197.156 11874
197.197 16406
197.197 30
197.2 16406
197.2 8253
197.2 454
197.237 399
197.265 16406
197.265 9997
197.267 16406
197.267 3991
197.267 1085
197.314 16406
197.314 16406
197.314 16406
197.314 57
197.314 1430
197.326 8979
197.329 410
197.329 16406
197.329 2653
197.35 16406
197.352 8968
197.352 16406
197.352 16406
197.352 7246
197.354 254
197.356 16406
197.356 16406
197.356 30
197.369 8979
197.371 16406
197.371 2471
197.371 110
197.392 16406
197.392 30
197.392 13538
197.412 8379
197.412 1428
197.414 7545
197.416 423
197.416 16406
197.416 7463
197.416 15730
197.419 713
197.419 16406
197.419 1521
197.421 6416
197.421 12491
197.423 189
197.427 385
197.433 424
197.433 8973
197.435 7465
197.435 16406
197.435 1524
197.437 16406
197.437 1528
197.437 11248
197.455 16406
197.455 30
197.457 16406
197.457 344
197.457 16406
197.457 1521
197.459 11370
197.459 900
197.499 16406
197.499 8960
197.499 1060
197.536 24
197.536 16406
197.536 1529
197.536 2131
197.536 1319
197.536 8379
197.536 16406
197.536 10209
197.553 0
197.564 16406
197.564 8960
197.566 12128
197.575 24
197.608 8379
197.611 16406
197.611 15421
197.612 701
197.618 419
197.647 381
197.65 16406
197.65 16406
197.65 1075
197.65 1396
197.679 473
197.694 456
197.701 450
197.713 8379
197.714 8979
197.716 16406
197.716 2444
197.726 382
197.726 420
197.75 16406
197.75 8960
197.75 1411
197.785 0
197.816 8379
197.819 8973
197.821 16406
197.821 1521
197.821 3026
197.848 413
197.848 16406
197.848 16406
197.848 5614
197.85 409
197.865 409
197.899 477
197.912 16406
197.912 30
197.914 15230
197.963 476
197.97 449
198.012 5858
198.018 16406
198.018 5323
198.021 2980
198.021 27
198.043 16406
198.043 16902
198.068 420
198.068 16406
198.068 1054
198.073 16406
198.073 1529
198.075 0
198.075 16406
198.075 579
198.078 16406
198.078 1054
198.078 9996
198.079 6410
198.079 30
198.079 16406
198.079 11027
198.082 16406
198.082 1529
198.082 6990
198.086 16406
198.086 1529
198.088 8092
198.088 1044
198.088 31
198.088 16406
198.088 782
198.09 776
198.093 8971
198.095 16406
198.095 9316
198.097 790
198.097 16406
198.097 8117
198.099 16406
198.099 408
198.099 1140
198.1 790
198.103 8972
198.103 15738
198.106 16406
198.106 1525
198.106 315
198.131 8973
198.133 16406
198.133 5979
198.206 24
198.221 466
198.232 16406
198.233 7906
198.309 16406
198.311 14110
198.362 319
198.408 16406
198.41 5224
198.41 455
198.414 16406
198.414 8846
198.46 563
198.465 8979
198.465 7779
198.469 16406
198.469 30
198.469 774
198.47 1358
198.501 430
198.509 16406
198.511 24
198.511 16406
198.511 782
198.512 222
198.586 16406
198.588 432
198.588 1061
198.588 14280
198.589 2126
198.589 30
198.589 13426
198.607 8379
198.609 16107
198.609 1360
198.61 16406
198.61 30
198.613 9965
198.616 16406
198.616 30
198.616 10474
198.65 8379
198.652 16406
198.652 8291
198.652 694
198.655 16406
198.655 2093
198.655 7279
198.656 5159
198.677 395
198.751 16406
198.751 9054
198.753 9590
198.8 16406
198.8 16406
198.801 9998
198.801 8342
198.804 16406
198.804 9350
198.804 1128
198.806 4036
198.806 11812
198.863 16406
198.863 14280
198.864 2126
198.864 374
198.864 711
198.866 1587
198.904 8973
198.906 16406
198.906 7813
198.906 705
198.911 16406
198.911 9982
198.911 7200
198.911 893
198.913 0
198.953 16406
198.953 9403
198.955 16406
198.955 30
198.955 11432
198.956 962
198.995 40
199.011 16406
199.014 15746
199.023 393
199.063 16406
199.065 11102
199.105 429
199.134 8973
199.138 16406
199.138 6345
199.138 7981
199.14 1027
199.14 16406
199.141 9983
199.142 15738
199.142 1251
199.146 16406
199.146 30
199.146 16406
199.146 83
199.149 15267
199.149 16406
199.149 16406
199.149 1042
199.151 16406
199.151 30
199.153 16406
199.153 1523
199.153 7164
199.156 16048
199.156 4284
199.158 2446
199.158 1452
199.183 8379
199.183 8979
199.185 8489
199.187 16406
199.187 30
199.187 4299
199.187 815
199.246 16406
199.248 8600
199.248 16406
199.248 60
199.311 406
199.317 443
199.333 16406
199.335 13922
199.391 404
199.418 16406
199.42 11102
199.463 8979
199.465 7465
199.465 1053
199.469 16406
199.47 30
199.47 768
199.471 898
199.506 8979
199.508 16027
199.508 401
199.511 16406
199.511 2093
199.511 8717
199.569 8979
199.569 7465
199.569 1053
199.571 16406
199.572 30
199.572 8590
199.572 12853
199.573 502
199.613 16406
199.616 16406
199.616 1214
199.616 705
199.618 15732
199.618 16406
199.618 658
199.62 16406
199.62 10009
199.62 9996
199.622 6406
199.622 6418
199.622 420
199.624 439
199.653 8973
199.655 16401
199.656 2195
199.68 435
199.702 24
199.721 0
199.738 16406
199.74 16102
199.74 1045
199.76 16406
199.762 16406
199.762 1146
199.764 15968
199.764 1428
199.765 14978
199.766 15706
199.766 2856
199.767 5250
199.767 330
199.769 16406
199.769 782
199.769 5712
199.77 10694
199.77 5767
199.77 1181
199.86 8979
199.86 8565
199.878 122
199.896 8973
199.896 16406
199.896 1428
199.897 6385
199.897 1181
199.9 5736
199.9 857
199.946 411
199.995 16406
199.997 16406
199.997 1062
199.997 4284
199.998 4675
200.001 14273
200.001 27
200.013 406
200.023 420
200.023 16406
200.023 16406
200.023 496
200.051 420
200.055 8222
200.055 16406
200.055 16406
200.055 2835
200.056 16406
200.056 8489
200.056 5104
200.058 455
200.059 13388
200.063 16406
200.063 16406
200.063 1522
200.063 16406
200.063 10464
200.065 16406
200.065 1140
200.07 16406
200.07 16406
200.07 32760
200.083 16406
200.083 16406
200.083 32796
200.083 16406
200.083 372
200.083 5760
200.084 413
200.084 3386
200.084 16406
200.084 30
200.084 1053
200.084 16406
200.084 30
200.088 16406
200.088 16406
200.088 12051
200.088 16406
200.088 1529
200.088 16406
200.088 9996
200.09 6410
200.09 14867
200.09 16406
200.09 16406
200.09 14681
200.09 16406
200.09 30
200.09 16406
200.09 385
200.09 1515
200.09 14623
200.09 449
200.116 8979
200.119 16406
200.119 265
200.136 436
200.215 16406
200.216 8846
200.276 395
200.316 16010
200.325 444
200.327 443
200.385 452
200.412 16406
200.412 8960
200.413 7616
200.48 415
200.505 2089
200.505 12852
200.507 3554
200.507 16406
200.507 11638
200.573 16406
200.573 10478
200.576 432
200.579 1585
200.62 476
200.639 16406
200.639 8960
200.64 2163
200.7 16406
200.7 8960
200.702 16406
200.702 5332
200.748 391
200.762 16406
200.762 30
200.762 465
200.767 16406
200.767 16406
200.767 21964
200.769 6522
200.782 16406
200.782 938
200.784 14786
200.804 5358
200.807 8973
200.807 16406
200.807 1046
200.808 1126
200.846 8979
200.849 7465
200.849 16406
200.85 1054
200.851 3029
200.895 24
200.914 16406
200.914 30
200.917 16406
200.917 9980
200.917 16406
200.917 7666
200.919 16206
200.92 16406
200.92 1312
200.948 440
200.959 16406
200.959 8952
200.96 10688
201.02 16406
201.02 30
201.023 16406
201.023 5934
201.063 16406
201.065 8658
201.074 436
201.108 8979
201.112 16406
201.112 16406
201.112 6386
201.114 432
201.114 16406
201.114 30
201.117 8065
201.121 16406
201.121 16406
201.121 32781
201.124 53
201.124 9996
201.125 6410
201.125 7478
201.129 16406
201.129 16406
201.129 8920
201.13 16406
201.13 4185
201.135 16406
201.135 10456
201.135 16406
201.135 1893
201.189 16406
201.189 30
201.191 10458
201.29 16406
201.29 5078
201.322 418
201.394 16406
201.397 6966
201.444 8979
201.444 8489
201.447 16406
201.447 30
201.448 7410
201.466 9110
201.468 16406
201.468 16406
201.468 1360
201.471 16406
201.471 30
201.471 439
201.53 16406
201.53 30
201.532 12786
201.551 424
201.551 16406
201.551 30
201.555 16406
201.555 2547
201.557 16406
201.557 13897
201.563 573
201.614 8979
201.618 16406
201.618 16406
201.618 32766
201.619 598
201.622 1280
201.622 1280
201.622 993
201.667 16406
201.667 10478
201.667 10942
201.699 3861
201.703 16406
201.703 1046
201.703 16406
201.703 2966
201.737 418
201.767 16406
201.767 415
201.767 30
201.771 16406
201.771 1524
201.772 10192
201.775 16406
201.775 30
201.778 16402
201.78 16406
201.78 1522
201.78 8269
201.78 24
201.782 16406
201.782 1529
201.782 5141
201.786 16406
201.786 3377
201.788 16406
201.788 1529
201.791 398
201.791 16406
201.791 9989
201.793 1907
201.793 16158
201.8 16406
201.801 30
201.803 1053
201.803 16406
201.803 30
201.807 16406
201.807 6926
201.838 438
201.84 414
201.85 16406
201.852 16406
201.852 7502
201.899 16406
201.899 8960
201.901 12260
201.906 0
201.907 0
201.918 16406
201.918 14920
201.919 1523
201.937 16406
201.937 8960
201.937 2107
201.975 1202
201.985 16406
201.985 30
201.985 9966
201.998 10182
202.001 27
202.008 393
202.026 373
202.026 16406
202.026 16902
202.047 397
202.052 420
202.052 4284
202.054 12122
202.054 16406
202.054 11963
202.057 16406
202.057 4451
202.058 16406
202.058 2230
202.058 8489
202.06 16406
202.06 16406
202.06 1613
202.062 16406
202.062 1055
202.066 16406
202.066 30
202.066 5712
202.068 3252
202.068 9149
202.068 16406
202.068 16406
202.068 3226
202.113 16406
202.113 16406
202.113 11504
202.113 7584
202.113 4802
202.113 16406
202.113 11642
202.113 5712
202.113 10694
202.113 15362
202.13 16406
202.13 11282
202.145 0
202.152 16406
202.152 16406
202.152 25373
202.154 7477
202.189 458
202.189 8979
202.192 16406
202.192 9741
202.204 530
202.215 16406
202.217 16406
202.217 38
202.235 16406
202.235 8960
202.235 6808
202.256 8979
202.259 16406
202.259 12297
202.277 385
202.334 436
202.334 16406
202.334 8967
202.334 16313
202.34 8379
202.344 16406
202.344 4569
202.362 8379
202.362 413
202.365 16406
202.365 8065
202.399 16406
202.402 16406
202.402 2370
202.422 389
202.43 436
202.458 435
202.467 450
202.498 8979
202.498 16406
202.498 4401
202.599 16406
202.599 30
202.599 3761
202.619 8379
202.622 16406
202.622 8065
202.647 12598
202.65 16406
202.65 1478
202.698 8979
202.701 16401
202.703 7234
202.736 449
202.761 24
202.761 0
202.761 52
202.767 8979
202.77 16406
202.77 1529
202.77 6990
202.773 3649
202.809 8979
202.811 16406
202.811 7221
202.896 10810
202.898 16134
202.914 188
202.914 156
202.958 8979
202.961 16406
202.961 17915
202.961 1577
203.002 8979
203.004 16406
203.005 15549
203.066 16406
203.071 16406
203.071 9382
203.072 446
203.102 16406
203.102 1048
203.105 16406
203.105 1530
203.107 7232
203.153 16406
203.153 8964
203.155 404
203.155 16406
203.156 1536
203.158 16406
203.158 5922
203.162 16406
203.162 12548
203.162 16100
203.162 16406
203.162 1530
203.165 16406
203.165 469
203.167 16406
203.167 1529
203.169 12983
203.171 16406
203.173 24
203.175 16406
203.175 3904
203.185 415
203.197 16406
203.197 16406
203.197 6178
203.215 16406
203.218 16406
203.218 5326
203.223 16406
203.223 18788
203.223 16406
203.224 1061
203.228 16406
203.228 16406
203.228 16406
203.23 16406
203.23 15506
203.236 16406
203.237 24
203.237 16406
203.237 36
203.25 121
203.25 456
203.26 8973
203.261 4247
203.265 16406
203.265 16406
203.265 16406
203.265 8646
203.282 16406
203.285 16406
203.285 1512
203.286 1031
203.3 463
203.303 16406
203.304 9996
203.305 6410
203.305 65
203.308 16406
203.308 6327
203.308 6030
203.319 449
203.366 8973
203.369 16406
203.369 1932
203.372 16406
203.372 1522
203.372 9069
203.396 418
203.404 12752
203.407 15884
203.477 444
203.486 444
203.499 471
203.505 16406
203.507 4146
203.517 16406
203.517 30
203.517 12786
203.548 390
203.55 441
203.558 8979
203.56 16406
203.56 10473
203.579 16406
203.581 10858
203.601 8379
203.603 16406
203.603 11017
203.665 7714
203.665 16406
203.667 16406
203.667 6962
203.69 386
203.693 436
203.693 426
203.707 16406
203.71 16406
203.71 16406
203.71 5344
203.713 16406
203.713 14449
203.713 6149
203.716 11266
203.748 16406
203.75 16406
203.751 15674
203.784 445
203.815 16406
203.817 16406
203.818 13650
203.855 16406
203.857 24
203.857 16406
203.857 9009
203.862 8979
203.862 16406
203.862 16406
203.862 1506
203.863 6840
203.877 16406
203.88 16406
203.88 38
203.905 8979
203.907 16406
203.907 2277
203.931 4061
203.931 16406
203.932 1046
203.932 7738
203.971 410
204.008 16406
204.01 1513
204.01 27
204.047 16406
204.047 16406
204.048 496
204.06 0
204.067 4010
204.067 4797
204.067 31
204.084 420
204.084 16406
204.084 20175
204.084 14280
204.085 11424
204.085 2387
204.088 16406
204.088 16406
204.088 32767
204.088 8234
204.091 1053
204.091 16406
204.091 30
204.091 11521
204.099 16406
204.099 1048
204.1 440
204.1 16406
204.1 3656
204.136 442
204.156 16406
204.156 30
204.156 343
204.159 16406
204.159 30
204.159 1915
204.161 400
204.188 375
204.218 16406
204.221 16406
204.221 6286
204.221 4121
204.266 16406
204.266 30
204.268 15550
204.301 16406
204.304 351
204.304 16406
204.304 30
204.307 8552
204.366 8973
204.369 16406
204.369 1054
204.369 16406
204.369 1522
204.371 4871
204.374 446
204.407 479
204.411 16406
204.411 16406
204.411 1517
204.413 10839
204.453 16406
204.453 344
204.455 16406
204.455 30
204.455 10940
204.516 16406
204.516 9991
204.519 16406
204.519 973
204.534 414
204.559 16406
204.559 1048
204.562 16406
204.562 30
204.562 11424
204.563 824
204.602 8379
204.608 16406
204.608 30
204.61 343
204.61 16406
204.61 30
204.611 1706
204.632 415
204.666 16406
204.666 30
204.669 11970
204.669 16406
204.669 30
204.67 1381
204.707 8379
204.71 16406
204.71 30
204.71 16406
204.71 4409
204.751 8379
204.753 16406
204.753 16406
204.753 461
204.773 392
204.79 418
204.815 16406
204.817 35
204.817 16406
204.817 1516
204.82 16406
204.82 4288
204.825 454
204.84 410
204.858 16406
204.858 16744
204.86 16406
204.86 522
204.864 401
204.899 8979
204.901 16406
204.901 14609
204.907 415
204.935 451
204.963 449
204.968 16406
204.968 30
204.968 15708
204.969 698
204.969 2547
204.971 14565
205.007 16406
205.007 30
205.007 1053
205.01 16406
205.01 30
205.01 2653
205.049 8973
205.049 7785
205.052 16406
205.052 30
205.052 4360
205.112 405
205.115 16406
205.115 30
205.117 16406
205.117 13886
205.157 16406
205.157 16406
205.157 1516
205.157 4748
205.195 459
205.198 16406
205.198 30
205.2 1053
205.2 16406
205.2 30
205.203 10794
205.231 407
205.267 16406
205.267 30
205.267 1053
205.27 16406
205.27 16406
205.27 1930
205.306 16406
205.309 16406
205.309 1846
205.309 2621
205.348 16406
205.348 16406
205.348 1042
205.351 3097
205.363 439
205.412 16406
205.412 30
205.415 8966
205.415 16406
205.415 1521
205.415 1014
205.454 432
205.454 8379
205.458 16406
205.458 30
205.459 11581
205.485 461
205.499 16406
205.499 30
205.501 442
205.501 1053
205.501 16406
205.501 30
205.504 1581
205.527 391
205.529 419
205.535 767
205.546 435
205.564 16406
205.564 1054
205.567 16406
205.567 30
205.567 3837
205.605 3621
205.607 16406
205.607 1054
205.609 16406
205.609 2370
205.648 8379
205.651 16406
205.651 30
205.654 16406
205.654 1054
205.654 1692
205.696 8973
205.698 8489
205.698 16406
205.698 30
205.701 14748
205.719 388
205.752 2661
205.756 16406
205.756 16406
205.756 10314
205.757 451
205.82 16406
205.82 1048
205.823 16406
205.823 30
205.823 13620
205.859 16406
205.859 344
205.863 16406
205.863 30
205.863 10151
205.865 5463
205.904 16406
205.904 30
205.904 16406
205.904 9806
206.002 16406
206.004 3901
206.008 16406
206.01 24
206.01 16406
206.01 664
206.016 7054
206.016 27
206.037 16406
206.037 16406
206.037 496
206.06 420
206.06 8379
206.064 16406
206.064 1054
206.067 16406
206.067 30
206.07 4010
206.07 4811
206.07 31
206.07 16406
206.07 11496
206.072 16406
206.072 585
206.074 8489
206.076 16406
206.076 1054
206.076 16406
206.076 1524
206.079 8971
206.08 2337
206.083 16406
206.083 30
206.088 16406
206.088 658
206.09 16406
206.09 30
206.092 10003
206.096 15418
206.099 16406
206.099 30
206.099 10472
206.104 16406
206.104 8334
206.107 16406
206.107 3835
206.114 8973
206.116 8964
206.118 16406
206.118 8979
206.119 1995
206.158 8973
206.161 16406
206.161 16400
206.161 8153
206.189 450
206.2 8973
206.204 16406
206.204 2032
206.206 16406
206.206 5761
206.241 476
206.266 16406
206.266 1055
206.266 16406
206.266 30
206.269 15312
206.301 388
206.305 8973
206.308 16406
206.308 8964
206.311 14461
206.349 16406
206.352 8963
206.352 16406
206.352 1065
206.355 2797
206.382 16406
206.384 9542
206.42 391
206.426 16406
206.428 16406
206.428 38
206.463 16406
206.465 8967
206.465 16406
206.465 1529
206.469 5526
206.489 409
206.491 383
206.497 16406
206.497 1061
206.5 16406
206.5 30
206.5 8964
206.502 543
206.565 8379
206.568 8379
206.568 16406
206.568 30
206.569 1053
206.569 16406
206.569 30
206.571 5940
206.596 371
206.606 11945
206.609 16406
206.609 1536
206.609 16406
206.609 2909
206.648 8379
206.651 16406
206.651 8379
206.651 9060
206.714 16406
206.717 16406
206.718 16406
206.718 666
206.718 2387
206.718 2975
206.726 420
206.755 8979
206.757 16406
206.757 16406
206.758 9507
206.758 399
206.758 1475
206.799 16406
206.8 1061
206.802 16406
206.802 30
206.802 16406
206.802 1048
206.804 15708
206.862 16406
206.864 1055
206.864 16406
206.864 30
206.867 16406
206.867 8303
206.867 4379
206.912 8979
206.912 7465
206.912 16406
206.912 1252
206.912 5576
206.952 8379
206.952 8973
206.955 8495
206.955 16406
206.956 30
206.956 3572
206.991 5712
206.991 10694
206.993 11234
207.013 16406
207.015 16406
207.015 38
207.055 8979
207.061 16406
207.061 16406
207.061 14149
207.134 413
207.134 8973
207.134 16401
207.135 16406
207.135 1536
207.135 9090
207.135 16406
207.135 16406
207.135 114
207.166 16406
207.167 1061
207.167 16406
207.167 30
207.169 7466
207.182 2061
207.182 7140
207.184 9266
207.184 16338
207.206 8379
207.209 16406
207.209 8065
207.227 8979
207.229 16406
207.229 585
207.247 16406
207.249 16406
207.249 38
207.289 6986
207.289 8379
207.291 16406
207.291 30
207.291 2312
207.312 8979
207.314 7465
207.314 16406
207.314 30
207.354 409
207.354 8379
207.354 16406
207.354 1937
207.354 16406
207.356 8974
207.356 7478
207.397 16406
207.4 9354
207.416 8379
207.419 16406
207.419 8065
207.467 16406
207.467 16406
207.467 19428
207.467 1653
207.501 8379
207.504 16406
207.504 30
207.504 16406
207.504 1516
207.507 11383
207.537 425
207.576 16406
207.576 16406
207.576 1526
207.576 16406
207.576 2084
207.576 3359
207.587 8973
207.587 5712
207.588 10511
207.61 16406
207.612 35
207.612 16406
207.612 30
207.646 398
207.651 16406
207.653 1055
207.655 16406
207.655 30
207.655 1053
207.655 2856
207.657 13550
207.657 30
207.657 4428
207.685 439
207.717 8379
207.72 16406
207.72 16406
207.72 9541
207.774 444
207.774 8379
207.777 16406
207.777 27207
207.78 411
207.809 8379
207.812 16406
207.812 30
207.812 16406
207.812 9429
207.863 8379
207.866 16406
207.866 16406
207.866 1048
207.868 9087
207.907 16406
207.911 16406
207.911 16150
207.992 16406
207.994 35
207.994 16406
207.994 1523
207.997 16406
208 5173
208 27
208.037 16406
208.037 16406
208.037 496
208.056 4010
208.056 5154
208.056 31
208.066 420
208.066 16406
208.066 5712
208.069 10694
208.069 31828
208.069 16406
208.069 16406
208.069 7140
208.073 19992
208.073 5664
208.073 32812
208.073 2535
208.073 24501
208.099 8379
208.102 16406
208.102 1054
208.102 16406
208.102 30
208.104 2820
208.135 0
208.143 16406
208.143 30
208.146 16406
208.146 3490
208.167 16406
208.167 30
208.167 16406
208.167 30
208.207 16406
208.207 30
208.21 16406
208.21 2078
208.213 16406
208.213 423
208.213 1054
208.213 3209
208.255 16406
208.255 16406
208.255 13190
208.291 8379
208.294 16406
208.294 30
208.294 6261
208.313 16406
208.313 8960
208.315 7484
208.336 411
208.35 8379
208.354 16406
208.354 10472
208.358 16406
208.358 303
208.397 3745
208.4 16406
208.4 1048
208.4 16406
208.4 30
208.401 440
208.401 6388
208.444 16406
208.445 8960
208.446 6808
208.455 421
208.455 406
208.464 16406
208.465 30
208.467 16406
208.467 30
208.481 465
208.481 16406
208.485 10858
208.505 16406
208.505 30
208.507 14290
208.548 8379
208.55 16406
208.55 30
208.553 436
208.553 16406
208.553 4277
208.591 8973
208.591 16406
208.591 10743
208.611 8379
208.616 16406
208.616 7069
208.633 16406
208.633 8966
208.634 7478
208.643 400
208.649 8379
208.653 16406
208.653 30
208.653 16406
208.653 2153
208.665 551
208.675 8379
208.678 16406
208.678 11393
208.697 5114
208.698 8379
208.701 11424
208.701 4982
208.701 1523
208.701 4440
208.704 16406
208.704 13670
208.704 431
208.721 16406
208.721 11470
208.763 8379
208.766 16406
208.766 16406
208.766 1054
208.766 5641
208.781 8379
208.785 16406
208.786 30
208.786 8065
208.791 0
208.791 0
208.791 39
208.791 1967
208.791 1330
208.804 8379
208.807 16406
208.807 30
208.807 7013
208.808 0
208.849 16406
208.849 1048
208.85 16406
208.85 1054
208.852 16406
208.853 30
208.854 5292
208.871 16406
208.871 6014
208.874 8626
208.889 436
208.909 8973
208.912 8489
208.914 16406
208.914 500
208.914 7510
208.933 16406
208.933 30
208.935 16406
208.935 30
208.975 8379
208.979 16406
208.979 30
208.98 15285
209.016 8973
209.02 16406
209.02 14935
209.079 8379
209.083 16406
209.083 30
209.085 16406
209.085 1025
209.123 8973
209.125 16406
209.125 4219
209.169 16406
209.169 9826
209.17 11450
209.209 8379
209.212 16406
209.212 30
209.213 4813
209.254 16406
209.255 30
209.255 5712
209.256 9142
209.296 16406
209.299 16366
209.306 413
209.315 9862
209.318 16406
209.318 30
209.318 4646
209.357 8379
209.36 16406
209.36 1523
209.364 4260
209.401 16406
209.401 30
209.404 1053
209.406 16406
209.406 3838
209.425 356
209.425 16406
209.425 30
209.427 9402
209.464 8973
209.474 16406
209.474 16406
209.474 431
209.533 8973
209.533 16406
209.536 16406
209.536 1943
209.57 8379
209.572 8973
209.572 16406
209.572 9218
209.575 468
209.585 26
209.614 8379
209.618 16406
209.618 9997
209.619 7686
209.682 16406
209.682 30
209.684 1053
209.684 16406
209.684 30
209.687 14686
209.717 16406
209.717 1048
209.719 16406
209.719 7792
209.765 16406
209.767 24
209.767 16406
209.767 2070
209.769 7772
209.796 423
209.8 8979
209.802 16406
209.802 585
209.849 16406
209.849 1048
209.851 16406
209.851 30
209.852 15180
209.879 122
209.892 16406
209.892 1048
209.895 16406
209.895 30
209.897 8300
209.916 16406
209.916 30
209.916 16406
209.916 30
209.954 375
209.979 16406
209.979 30
209.979 1053
209.982 16406
209.982 30
209.982 9046
209.998 16406
209.998 30
210.001 3761
210.001 27
210.023 16406
210.023 16406
210.023 496
210.045 0
210.049 420
210.049 16406
210.05 1047
210.052 9145
210.052 14280
210.054 2126
210.054 30
210.054 1053
210.054 16406
210.054 30
210.056 14321
210.057 10390
210.058 16406
210.058 30
210.058 1053
210.06 16406
210.06 9441
210.06 4499
210.064 16406
210.064 30
210.067 16406
210.067 30
210.084 16406
210.084 1048
210.086 16406
210.086 30
210.087 5292
210.105 8379
210.108 16406
210.108 489
210.149 16406
210.151 1055
210.151 16406
210.151 30
210.155 16406
210.155 5000
210.17 8973
210.172 8495
210.172 16406
210.172 30
210.174 499
210.174 7260
210.194 16406
210.194 1048
210.196 9324
210.234 16406
210.234 30
210.234 1053
210.236 16406
210.236 426
210.236 30
210.238 16406
210.238 6122
210.258 16406
210.258 30
210.258 1053
210.26 16406
210.261 30
210.261 8670
210.3 16406
210.3 30
210.3 1053
210.303 16406
210.303 30
210.305 16406
210.305 1521
210.305 5383
210.32 16406
210.32 30
210.32 10003
210.324 9901
210.361 8973
210.364 7785
210.364 9996
210.365 6410
210.365 30
210.367 484
210.367 8120
210.384 16406
210.387 16406
210.387 38
210.404 16406
210.404 30
210.404 9158
210.449 16406
210.449 938
210.452 16406
210.452 1536
210.452 14280
210.452 2126
210.452 1348
210.491 16406
210.491 24
210.493 16406
210.493 1523
210.494 5763
210.534 8973
210.537 16396
210.537 16406
210.537 1529
210.539 5586
210.597 9590
210.599 16406
210.599 30
210.601 16406
210.601 2390
210.64 16406
210.643 16406
210.643 5998
210.661 413
210.682 16406
210.682 1048
210.684 16406
210.684 30
210.684 2903
210.704 16406
210.704 30
210.707 10530
210.737 415
210.762 393
210.769 16406
210.769 938
210.772 16406
210.772 1054
210.772 11822
210.81 16406
210.81 30
210.813 1053
210.813 16406
210.813 30
210.815 14310
210.854 16406
210.854 30
210.854 1053
210.857 16406
210.857 30
210.857 3085
210.9 16406
210.9 938
210.9 8495
210.903 16406
210.903 30
210.903 2444
210.916 8379
210.919 16406
210.919 30
210.919 8065
210.936 471
210.936 8379
210.939 16406
210.939 30
210.939 7765
210.953 407
210.984 14642
210.986 16406
210.986 8379
210.986 16406
210.986 513
211.023 16406
211.024 30
211.024 1053
211.026 16406
211.026 30
211.026 3837
211.065 16406
211.065 344
211.068 16406
211.068 30
211.068 16406
211.068 1192
211.106 1273
211.109 16406
211.109 30
211.111 16406
211.111 7886
211.154 16406
211.154 1048
211.157 451
211.157 16406
211.157 30
211.157 16406
211.157 1992
211.194 8379
211.198 16406
211.198 16406
211.198 1524
211.198 1918
211.217 16406
211.217 30
211.219 16406
211.219 30
211.257 444
211.26 16406
211.26 30
211.263 16406
211.263 1524
211.265 8576
211.302 16406
211.302 344
211.304 16406
211.304 1054
211.307 16406
211.307 3684
211.334 16406
211.334 30
211.334 16406
211.334 3734
211.338 452
211.365 16406
211.365 16406
211.365 1290
211.409 16406
211.409 30
211.413 16406
211.413 1524
211.414 1111
211.453 16406
211.453 30
211.453 1053
211.455 16406
211.455 30
211.455 1053
211.458 16406
211.458 30
211.458 585
211.471 16406
211.471 30
211.473 11978
211.516 16406
211.516 30
211.519 16406
211.519 19792
211.535 16406
211.535 30
211.535 9722
211.582 16406
211.582 17696
211.602 16406
211.602 16406
211.602 30
211.632 16406
211.632 30
211.632 1053
211.635 16406
211.635 30
211.635 6038
211.664 8379
211.665 16406
211.665 8065
211.673 412
211.705 16406
211.705 344
211.707 16406
211.707 30
211.708 9568
211.749 8379
211.749 9996
211.751 6410
211.751 16406
211.751 11421
211.793 16406
211.793 1048
211.795 16406
211.795 30
211.795 5668
211.833 16406
211.833 30
211.835 1053
211.835 16406
211.835 30
211.837 16406
211.838 106
211.873 16406
211.873 938
211.876 16406
211.876 8598
211.934 16406
211.934 8966
211.934 7478
211.934 16406
211.934 8966
211.934 6426
212.009 16406
212.009 30
212.009 16406
212.009 1524
212.013 4308
212.013 27
212.031 423
212.035 16406
212.036 16406
212.036 496
212.047 429
212.059 420
212.059 8222
212.062 16406
212.062 1523
212.062 8777
212.067 8979
212.069 16406
212.069 6673
212.069 16406
212.069 1054
212.07 8092
212.07 1046
212.07 31
212.075 8979
212.077 7465
212.077 16406
212.077 1521
212.078 29
212.08 2884
212.087 9786
212.089 16406
212.089 944
212.091 11460
212.105 397
212.153 16406
212.153 30
212.153 16406
212.153 10465
212.153 6891
212.176 16406
212.176 30
212.179 16406
212.179 5746
212.217 13826
212.222 16406
212.222 16406
212.222 2546
212.225 2141
212.26 16406
212.26 10003
212.262 14789
212.287 16406
212.287 30
212.287 15722
212.288 721
212.325 16406
212.327 24
212.327 16406
212.327 3444
212.329 1644
212.329 1098
212.374 16406
212.374 13716
212.374 16406
212.374 3696
212.374 481
212.41 16406
212.41 8953
212.411 9503
212.431 15412
212.433 16406
212.433 782
212.433 278
212.471 16406
212.473 24
212.473 16406
212.473 5066
212.475 339
212.517 12090
212.519 16406
212.519 16406
212.519 3015
212.52 4253
212.52 313
212.537 16406
212.537 9910
212.595 8294
212.595 16406
212.595 1530
212.595 16406
212.595 7158
212.595 565
212.626 16406
212.626 30
212.626 11424
212.627 4982
212.627 774
212.627 733
212.635 428
212.67 16406
212.67 16406
212.67 10465
212.67 5734
212.671 998
212.712 5078
212.715 16406
212.716 13634
212.716 845
212.748 420
212.752 16406
212.752 344
212.754 16406
212.754 16406
212.754 67
212.754 722
212.793 16406
212.793 30
212.794 15724
212.794 1415
212.814 16406
212.814 254
212.816 16406
212.816 30
212.818 1065
212.861 16406
212.861 10003
212.861 8590
212.862 456
212.9 16406
212.9 10003
212.902 16406
212.902 7140
212.902 1529
212.931 443
212.939 444
212.945 16406
212.945 5712
212.945 12215
212.949 4819
212.962 436
212.962 16406
212.962 9872
212.964 6572
213.008 2856
213.008 13550
213.008 938
213.008 16406
213.008 774
213.01 784
213.01 4843
213.049 16406
213.049 8960
213.052 2856
213.052 13550
213.052 11028
213.094 8979
213.094 16406
213.094 15062
213.095 968
213.117 16406
213.117 17910
213.118 567
213.144 425
213.154 8379
213.154 8979
213.157 16406
213.157 2856
213.157 1092
213.197 10918
213.2 16406
213.2 16406
213.2 106
213.202 1445
213.204 7014
213.219 16406
213.219 8960
213.221 2880
213.221 1136
213.229 407
213.261 16406
213.261 30
213.264 9293
213.264 16406
213.264 1202
213.265 6742
213.265 1306
213.281 9394
213.284 16406
213.285 2210
213.286 433
213.331 16406
213.331 1048
213.334 16406
213.334 30
213.335 5058
213.336 1447
213.346 8379
213.35 16406
213.35 7922
213.35 171
213.366 16406
213.366 8947
213.366 5505
213.41 8358
213.414 16406
213.414 936
213.414 10011
213.415 902
213.435 16406
213.435 30
213.435 15722
213.436 721
213.474 16406
213.474 30
213.477 15738
213.477 1019
213.479 2423
213.497 8979
213.5 16406
213.5 6281
213.54 16406
213.54 13565
213.543 3198
213.585 16406
213.586 16406
213.586 10447
213.587 2904
213.596 426
213.626 16406
213.626 8960
213.627 282
213.646 16406
213.648 16406
213.648 38
213.68 0
213.689 16406
213.692 24
213.692 2856
213.692 13550
213.692 3638
213.693 639
213.731 16406
213.731 1054
213.732 15738
213.732 705
213.734 2145
213.76 464
213.794 16406
213.794 30
213.796 16406
213.796 378
213.796 705
213.798 1922
213.798 1380
213.815 8979
213.819 16406
213.819 2854
213.819 1012
213.859 16406
213.859 8960
213.861 8556
213.88 8379
213.884 16406
213.884 1524
213.884 2136
213.885 647
213.907 423
213.921 16406
213.921 9873
213.921 2878
213.923 657
213.989 428
214.018 16406
214.018 2856
214.018 13550
214.018 13134
214.018 27
214.048 9996
214.048 6410
214.048 16406
214.048 496
214.068 8814
214.075 420
214.075 2856
214.076 13550
214.076 16406
214.076 31844
214.076 32812
214.076 32812
214.076 9995
214.117 16406
214.118 16406
214.118 1054
214.12 16406
214.12 1798
214.145 0
214.159 12852
214.159 3554
214.159 30
214.159 1053
214.161 16406
214.161 500
214.163 8576
214.18 16406
214.18 30
214.182 16406
214.182 30
214.202 16406
214.202 8379
214.202 996
214.243 8379
214.246 16406
214.246 30
214.246 5941
214.267 16406
214.267 8960
214.268 7484
214.307 16406
214.308 24
214.317 2856
214.317 13550
214.317 9888
214.353 16406
214.353 1048
214.354 16406
214.354 30
214.354 11424
214.356 4982
214.356 244
214.362 24
214.394 16406
214.395 15230
214.414 16406
214.414 30
214.415 16406
214.415 30
214.445 444
214.458 16406
214.458 11170
214.46 11742
214.501 16406
214.501 30
214.501 1053
214.504 16406
214.504 30
214.506 16406
214.506 858
214.517 321
214.52 8979
214.522 16406
214.522 961
214.566 16406
214.566 30
214.569 16406
214.569 2070
214.571 16406
214.571 30
214.571 1533
214.586 16406
214.586 30
214.586 10850
214.637 16406
214.637 16406
214.637 5426
214.653 16406
214.653 1054
214.656 16406
214.656 642
214.68 3441
214.683 16406
214.683 16406
214.683 510
214.73 16406
214.73 16406
214.73 726
214.756 8379
214.758 16406
214.758 30
214.758 10829
214.779 430
214.798 8379
214.8 16406
214.801 26135
214.804 406
214.841 8379
214.844 16406
214.844 30
214.844 1053
214.846 16406
214.846 30
214.846 1072
214.865 16406
214.865 8960
214.865 7484
214.884 16406
214.884 1523
214.886 10861
214.927 4454
214.929 16406
214.929 14378
214.948 16406
214.948 15606
214.956 442
214.994 16406
214.994 16406
214.994 350
215.034 16406
215.034 9293
215.036 16406
215.036 7311
215.078 16406
215.078 30
215.078 8966
215.08 6802
215.097 16406
215.097 8960
215.098 2727
215.141 16406
215.141 1054
215.144 16406
215.144 5530
215.184 16406
215.184 1054
215.187 16406
215.187 16406
215.187 2306
215.215 16406
215.215 30
215.217 343
215.22 16406
215.22 30
215.223 222
215.248 16406
215.251 413
215.251 16406
215.251 38
215.289 16406
215.289 30
215.291 16406
215.291 1521
215.293 306
215.333 16406
215.336 16406
215.336 3015
215.337 11717
215.38 16406
215.38 30
215.38 1053
215.383 16406
215.383 8294
215.417 16406
215.417 1054
215.42 16406
215.42 16406
215.42 3866
215.454 8379
215.457 16406
215.457 1054
215.457 16406
215.457 2201
215.481 8379
215.483 16406
215.483 1523
215.483 6572
215.525 16406
215.525 30
215.525 8966
215.527 10562
215.568 16406
215.568 2938
215.57 16406
215.57 13046
215.61 16406
215.61 30
215.612 15794
215.632 16406
215.632 30
215.634 14102
215.68 8973
215.683 7471
215.683 16406
215.683 1290
215.72 16406
215.72 30
215.725 16406
215.725 1368
215.725 16406
215.725 1484
215.757 8379
215.757 16406
215.757 30
215.762 11713
215.782 16406
215.782 1523
215.783 14921
215.822 8379
215.825 16406
215.825 30
215.827 14721
215.865 16406
215.865 1048
215.868 16406
215.868 16406
215.868 300
215.901 415
215.909 413
215.909 16406
215.909 30
215.909 1053
215.911 16406
215.911 30
215.913 2277
215.98 2297
215.984 16406
215.984 30
215.986 1053
215.986 16406
215.986 30
215.989 13658
215.992 16406
215.992 30
215.996 10286
215.996 27
216.017 16406
216.017 16406
216.017 496
216.018 407
216.029 0
216.048 8092
216.048 728
216.048 31
216.052 16406
216.052 32812
216.052 34272
216.052 14946
216.052 429
216.081 16406
216.081 30
216.081 8964
216.083 15904
216.1 16406
216.1 1529
216.105 14915
216.14 16406
216.14 24
216.143 16406
216.143 1054
216.143 3599
216.163 8973
216.166 16406
216.166 7155
216.167 345
216.196 412
216.207 16406
216.209 24
216.211 16406
216.211 2555
216.211 3960
216.213 1175
216.249 16406
216.249 30
216.251 1053
216.251 16406
216.251 7922
216.253 1073
216.253 8592
216.253 307
216.287 16406
216.289 16406
216.289 3611
216.289 668
216.312 16406
216.315 15740
216.315 711
216.354 16406
216.354 8964
216.357 10564
216.402 16406
216.402 30
216.405 16406
216.405 9988
216.406 7556
216.41 429
216.441 16406
216.443 16406
216.443 5942
216.464 16406
216.464 8964
216.464 7162
216.466 347
216.508 16406
216.508 30
216.509 16406
216.509 782
216.509 5048
216.511 727
216.546 8379
216.55 16406
216.55 30
216.552 16406
216.552 8666
216.554 2772
216.554 39
216.588 2033
216.592 8973
216.592 16406
216.592 776
216.593 307
216.593 14483
216.626 435
216.632 8973
216.637 16406
216.637 782
216.637 16406
216.637 1428
216.638 7707
216.655 16406
216.655 8790
216.696 13594
216.698 15738
216.699 1011
216.699 16406
216.699 30
216.701 5727
216.701 1142
216.717 8379
216.721 16406
216.721 30
216.721 2202
216.722 327
216.761 16406
216.761 15426
216.78 8379
216.782 16406
216.782 5433
216.782 1101
216.822 1033
216.825 16406
216.825 15429
216.825 706
216.848 16406
216.85 15238
216.889 8973
216.891 16406
216.891 3279
216.952 16406
216.953 1048
216.953 16406
216.953 30
216.953 12116
216.972 8979
216.976 16406
216.976 5347
216.976 1339
217.016 8973
217.02 16406
217.02 782
217.02 301
217.022 16406
217.022 1054
217.023 8591
217.059 8973
217.059 8489
217.063 16406
217.063 30
217.065 8583
217.065 874
217.084 16406
217.084 30
217.085 15724
217.085 719
217.174 16406
217.174 30
217.174 16406
217.174 9990
217.174 108
217.174 16406
217.174 30
217.174 16406
217.174 782
217.174 301
217.174 76
217.181 401
217.21 16406
217.21 30
217.21 8590
217.212 1872
217.212 8775
217.219 399
217.251 14280
217.251 2126
217.251 30
217.253 16406
217.253 6457
217.253 878
217.295 8973
217.297 8495
217.299 16406
217.299 30
217.301 829
217.316 16406
217.316 30
217.319 15328
217.319 1115
217.346 6010
217.35 122
217.35 16406
217.35 7922
217.351 1073
217.351 11448
217.353 307
217.394 12472
217.394 16406
217.394 5066
217.394 1323
217.421 14332
217.425 16406
217.425 3136
217.425 1952
217.426 410
217.466 14102
217.469 16406
217.469 9350
217.469 13186
217.47 112
217.473 397
217.508 16406
217.508 30
217.509 16406
217.509 782
217.51 349
217.545 413
217.549 8379
217.553 16406
217.553 30
217.553 774
217.554 308
217.554 15738
217.556 400
217.556 6410
217.556 876
217.617 16406
217.617 9984
217.617 7720
217.617 16406
217.617 30
217.617 15230
217.655 16406
217.655 8960
217.656 5924
217.698 8979
217.7 16406
217.701 16406
217.701 3604
217.701 798
217.742 6550
217.744 16406
217.744 9086
217.767 16406
217.769 14862
217.808 16406
217.808 30
217.808 16406
217.808 1290
217.847 8973
217.851 16406
217.851 16406
217.851 1508
217.851 2903
217.852 1342
217.891 16406
217.891 938
217.891 1428
217.893 14978
217.893 1134
217.913 8973
217.916 16406
217.916 6475
217.965 385
217.976 16406
217.976 30
217.978 16406
217.978 2477
217.978 534
217.997 16406
218.001 3581
218.001 27
218.057 16406
218.058 16406
218.058 496
218.065 0
218.082 16406
218.082 16406
218.082 16406
218.082 25704
218.084 6538
218.084 32812
218.084 27209
218.085 16406
218.085 4010
218.085 5123
218.085 31
218.086 11798
218.099 407
218.128 16406
218.245 1061
218.245 16406
218.246 30
218.246 3461
218.246 8979
218.246 16406
218.246 7465
218.246 16406
218.246 8978
218.246 11424
218.247 4982
218.247 30
218.247 16406
218.247 10690
218.247 16406
218.247 16406
218.247 38
218.248 8973
218.248 5712
218.25 10694
218.25 3411
218.26 406
218.265 0
218.265 0
218.265 0
218.298 8973
218.298 5712
218.3 1753
218.3 16406
218.3 1515
218.302 16406
218.302 2095
218.33 447
218.34 16406
218.34 30
218.343 16406
218.343 8754
218.54 8979
218.54 16401
218.54 16406
218.54 8766
218.54 16406
218.54 1530
218.54 10451
218.54 8893
218.54 2856
218.542 13550
218.542 8960
218.542 6112
218.542 16406
218.542 8974
218.542 5918
218.542 16406
218.542 30
218.574 8973
218.576 16406
218.577 8543
218.592 9996
218.596 6410
218.596 1524
218.596 7140
218.596 8568
218.633 698
218.633 1528
218.633 337
218.633 14280
218.661 14280
218.662 5712
218.662 14280
218.662 17136
218.662 2856
218.662 5712
218.662 4284
218.662 5596
218.662 2183
218.681 433
218.681 16406
218.681 4284
218.683 11726
218.723 16406
218.725 24
218.725 16406
218.725 11016
218.766 8965
218.769 16406
218.769 16406
218.769 11211
218.829 2105
218.829 16406
218.829 6894
218.831 9856
218.833 16406
218.833 1523
218.835 16406
218.835 6119
218.837 2737
218.872 8379
218.872 8973
218.875 16406
218.875 4838
218.917 16406
218.92 35
218.92 16406
218.92 16406
218.92 3083
218.924 840
218.999 16406
218.999 1516
218.999 16406
219 1872
219 16406
219 16406
219 38
219.024 16406
219.026 24
219.026 16406
219.026 1523
219.027 2002
219.064 8379
219.067 8973
219.067 16406
219.067 1054
219.07 16406
219.07 1586
219.108 8973
219.111 16406
219.111 1054
219.111 12031
219.136 488
219.151 8379
219.188 8979
219.188 16406
219.188 8957
219.188 8181
219.193 8979
219.195 16406
219.195 9853
219.214 16406
219.216 24
219.216 16406
219.217 36
219.257 16406
219.26 24
219.26 16406
219.26 1054
219.263 779
219.3 7382
219.302 8379
219.302 16406
219.302 8379
219.304 8532
219.342 16406
219.345 945
219.345 16406
219.345 1529
219.347 6911
219.364 16406
219.366 16406
219.366 38
219.385 16406
219.385 9730
219.427 8973
219.43 7465
219.43 16406
219.43 1054
219.431 270
219.443 363
219.45 16406
219.452 12042
219.492 16406
219.492 8973
219.494 6663
219.513 8973
219.515 16406
219.515 7471
219.534 8979
219.536 16406
219.536 7729
219.543 887
219.681 16406
219.681 16406
219.681 1526
219.681 4690
219.681 8979
219.681 16406
219.681 7465
219.681 16406
219.681 1428
219.683 12054
219.683 16406
219.683 30
219.683 16406
219.683 10465
219.683 8583
219.708 16406
219.708 30
219.71 16406
219.71 1054
219.71 13370
219.746 163
219.748 8979
219.751 16406
219.752 8952
219.752 7135
219.791 12650
219.793 16406
219.793 1524
219.793 1679
219.916 121
219.916 16406
219.916 16406
219.916 10455
219.917 4409
219.917 16406
219.917 8955
219.917 7433
219.917 8973
219.917 1428
219.917 14978
219.917 7471
219.939 16406
219.941 16406
219.941 5378
220.004 8973
220.007 16406
220.007 8959
220.009 4502
220.009 27
220.019 0
220.022 9142
220.03 16406
220.03 16406
220.03 496
220.15 0
220.172 16406
220.172 32812
220.172 31416
220.174 850
220.174 32812
220.174 49980
220.177 11424
220.177 61404
220.177 5229
220.215 8979
220.218 16406
220.218 1054
220.22 16406
220.22 492
220.223 8019
220.238 448
220.259 16406
220.259 30
220.262 16406
220.262 1516
220.262 6892
220.294 8973
220.294 8489
220.294 16406
220.294 30
220.294 4784
220.324 16406
220.324 30
220.324 1053
220.328 16406
220.328 30
220.328 4778
220.336 444
220.366 8979
220.368 16401
220.371 16406
220.371 1529
220.371 7643
220.501 16406
220.501 30
220.501 16406
220.501 1523
220.501 6885
220.501 16406
220.501 16406
220.501 1486
220.501 12852
220.502 3554
220.502 1048
220.502 16406
220.502 1024
220.514 8379
220.519 16406
220.519 10472
220.521 14675
220.549 434
220.557 8379
220.561 16406
220.561 30
220.561 9137
220.581 16406
220.585 16406
220.585 2238
220.643 16406
220.643 30
220.643 16406
220.643 1054
220.643 4214
220.663 16406
220.663 1048
220.666 16406
220.666 30
220.666 1053
220.67 16406
220.67 780
220.711 16406
220.711 6012
220.713 16406
220.713 4088
220.749 16406
220.751 16406
220.751 8709
220.753 11239
220.883 16406
220.883 30
220.883 9966
220.883 15322
220.883 15758
220.883 8973
220.883 16401
220.883 8180
220.9 16406
220.9 30
220.903 16406
220.903 1054
220.906 16406
220.906 1798
220.922 16406
220.922 30
220.923 8782
220.962 4830
220.965 16406
220.965 8967
220.966 16406
220.966 5093
221.015 16406
221.015 30
221.015 1053
221.015 16406
221.015 30
221.015 6602
221.051 16406
221.051 30
221.051 1053
221.054 16406
221.054 500
221.054 15588
221.086 0
221.09 8973
221.092 16406
221.092 6107
221.099 9162
221.112 16406
221.114 14674
221.154 16406
221.157 14674
221.196 16406
221.198 16406
221.2 11270
221.239 16406
221.24 24
221.242 16406
221.242 1844
221.242 44
221.265 457
221.283 16406
221.283 30
221.285 15418
221.314 431
221.351 16406
221.351 16406
221.351 6742
221.391 16406
221.391 30
221.393 9214
221.409 406
221.434 16406
221.434 30
221.436 14478
221.495 8379
221.498 16406
221.498 30
221.499 14965
221.533 397
221.561 16406
221.561 30
221.563 13726
221.603 16406
221.603 30
221.606 12222
221.647 16406
221.647 30
221.649 12034
221.687 0
221.695 16406
221.698 14110
221.751 8973
221.753 16406
221.753 3091
221.796 16406
221.796 30
221.799 11470
221.836 16406
221.839 15238
221.886 16406
221.886 938
221.889 16406
221.889 1529
221.889 3018
221.972 8379
221.972 8979
221.972 7465
221.972 15341
222.007 8379
222.009 6721
222.009 27
222.03 16406
222.03 16406
222.03 496
222.058 8770
222.06 16406
222.062 1061
222.07 16406
222.07 30
222.073 16406
222.073 16406
222.073 2078
222.073 1053
222.075 16406
222.075 30
222.077 1053
222.079 16406
222.079 1054
222.079 16406
222.079 30
222.081 1053
222.081 16406
222.081 30
222.083 8548
222.115 16406
222.117 8701
222.117 16406
222.117 30
222.119 5975
222.193 16406
222.193 938
222.193 16406
222.193 344
222.193 66
222.202 16406
222.202 30
222.204 8693
222.204 15215
222.265 16406
222.265 30
222.267 1053
222.267 16406
222.267 30
222.268 13050
222.302 16406
222.302 30
222.302 16406
222.302 1048
222.303 5536
222.335 9118
222.335 31
222.353 16406
222.353 30
222.355 16406
222.355 4298
222.361 0
222.363 0
222.373 16406
222.373 30
222.375 16406
222.375 16406
222.376 12362
222.414 16406
222.414 30
222.414 1053
222.414 16406
222.414 30
222.414 1053
222.414 8568
222.415 7838
222.415 30
222.415 14366
222.417 432
222.417 16406
222.417 30
222.417 343
222.421 16406
222.421 30
222.421 10472
222.424 10218
222.459 8379
222.462 16406
222.462 1530
222.463 2692
222.499 8379
222.501 8973
222.504 16406
222.504 1698
222.564 16406
222.564 1048
222.568 16406
222.568 30
222.568 7792
222.607 16406
222.607 1523
222.607 10729
222.65 16406
222.65 30
222.652 16406
222.652 338
222.652 6058
222.716 16406
222.716 16406
222.716 5990
222.762 8973
222.766 16406
222.766 1587
222.8 16406
222.8 1054
222.802 16406
222.802 3086
222.865 16406
222.865 30
222.865 1053
222.868 16406
222.868 30
222.871 8538
222.878 529
222.907 16406
222.907 9984
222.907 12796
222.95 16406
222.95 30
222.952 16406
222.952 1523
222.952 6433
222.976 452
222.976 292
223.013 16406
223.013 1048
223.013 11424
223.014 4982
223.014 30
223.017 16406
223.017 1054
223.019 2359
223.077 8379
223.077 16406
223.077 14280
223.077 2126
223.077 7229
223.099 16406
223.1 16406
223.1 2541
223.102 5039
223.165 16406
223.165 1054
223.165 16406
223.167 1061
223.167 16406
223.167 30
223.169 5042
223.205 2741
223.207 16406
223.207 344
223.207 16406
223.207 30
223.21 15936
223.248 16406
223.248 938
223.249 16406
223.249 11474
223.255 164
223.31 8973
223.31 8495
223.312 16406
223.312 30
223.314 1053
223.314 16406
223.314 30
223.316 1469
223.353 16406
223.353 30
223.355 1053
223.355 16406
223.355 30
223.357 1053
223.357 16406
223.357 30
223.359 3481
223.413 361
223.417 8379
223.419 16406
223.419 30
223.421 16406
223.421 9165
223.46 10522
223.462 16406
223.462 30
223.465 8693
223.465 16406
223.466 30
223.466 5259
223.507 16406
223.507 16406
223.507 1054
223.511 16406
223.511 5258
223.566 16406
223.566 8960
223.569 16406
223.569 1536
223.574 5386
223.604 16406
223.604 1048
223.606 16406
223.606 16064
223.652 16406
223.656 16406
223.656 1525
223.656 16406
223.656 1223
223.716 9898
223.718 16406
223.718 1046
223.721 16406
223.721 30
223.721 5126
223.76 16406
223.762 16406
223.762 1056
223.762 16406
223.762 1372
223.779 445
223.801 16406
223.801 30
223.803 1053
223.803 16406
223.803 30
223.805 1053
223.805 5712
223.805 10694
223.805 30
223.807 341
223.87 8379
223.872 16406
223.872 30
223.872 1053
223.874 16406
223.875 30
223.875 9777
223.893 438
223.908 8979
223.91 8489
223.91 16406
223.91 30
223.913 16246
223.994 16406
223.996 24
223.996 16406
223.996 1517
224 16406
224 4801
224 27
224.021 16406
224.021 16406
224.021 496
224.052 420
224.052 16406
224.052 16406
224.052 25704
224.053 7047
224.053 16406
224.053 5219
224.053 16406
224.053 30
224.053 1053
224.053 7140
224.054 9266
224.054 30
224.054 10246
224.054 52
224.057 16406
224.057 344
224.059 16406
224.059 30
224.059 5320
224.099 8973
224.099 8489
224.102 16406
224.102 30
224.102 499
224.102 9578
224.143 16406
224.143 30
224.144 11226
224.165 16406
224.165 8960
224.166 7484
224.209 16406
224.209 30
224.21 1053
224.211 16406
224.211 30
224.214 16406
224.214 1054
224.214 661
224.248 16406
224.248 30
224.249 16406
224.249 8678
224.294 16406
224.294 9910
224.314 136
224.316 16406
224.316 30
224.316 16306
224.329 5760
224.329 3054
224.362 16406
224.363 1055
224.365 16406
224.365 30
224.365 1053
224.365 16406
224.365 30
224.367 3167
224.399 16406
224.399 30
224.401 16406
224.401 1523
224.404 16406
224.404 1522
224.404 11193
224.462 8979
224.462 8489
224.464 16406
224.464 30
224.464 1053
224.466 16406
224.466 30
224.466 2089
224.507 16406
224.507 16406
224.507 2437
224.508 16406
224.508 4119
224.548 2973
224.548 15708
224.55 698
224.55 344
224.55 16406
224.55 30
224.552 11756
224.593 8379
224.593 16406
224.593 30
224.594 2688
224.594 448
224.614 16406
224.614 938
224.616 16406
224.616 194
224.653 16406
224.656 16406
224.656 1245
224.656 7140
224.658 6535
224.667 396
224.699 16406
224.699 8952
224.7 16406
224.7 1580
224.739 16406
224.741 11234
224.752 479
224.766 16406
224.766 16406
224.766 2042
224.773 400
224.805 11857
224.807 16406
224.807 1529
224.807 16406
224.807 1529
224.809 2632
224.818 402
224.849 16406
224.849 16406
224.849 8866
224.909 16406
224.909 1048
224.911 16406
224.911 1054
224.911 16406
224.911 30
224.915 5368
224.954 16406
224.954 30
224.958 16406
224.958 1523
224.958 12769
225.02 16406
225.02 30
225.02 1053
225.023 16406
225.023 30
225.025 15362
225.059 410
225.066 16406
225.066 30
225.068 16406
225.069 7814
225.104 8379
225.106 16406
225.106 30
225.106 1053
225.109 16406
225.109 30
225.109 1316
225.168 16406
225.172 16406
225.172 8701
225.172 1787
225.175 5777
225.21 16406
225.21 30
225.213 16406
225.213 1517
225.216 16406
225.216 4607
225.251 13710
225.253 8959
225.253 16406
225.254 10105
225.267 563
225.317 16406
225.317 8960
225.319 16406
225.319 7080
225.359 16406
225.359 30
225.362 16406
225.362 10465
225.363 7719
225.403 8973
225.403 16134
225.405 16406
225.405 30
225.405 4847
225.465 8973
225.465 16406
225.468 16406
225.468 16406
225.468 3036
225.468 1164
225.506 8379
225.509 16406
225.509 14589
225.552 16406
225.552 8960
225.554 15004
225.616 8379
225.619 16406
225.619 1515
225.619 16406
225.619 13152
225.62 2021
225.659 16406
225.659 30
225.659 16406
225.659 24436
225.699 16406
225.699 30
225.703 16406
225.703 8810
225.721 16406
225.721 30
225.722 12730
225.764 8379
225.767 16406
225.767 30
225.767 4284
225.768 12122
225.768 329
225.808 16406
225.808 8693
225.81 16406
225.81 30
225.81 7291
225.813 438
225.85 6530
225.852 16406
225.852 336
225.854 16406
225.854 3696
225.894 16406
225.894 1523
225.894 7467
225.896 1355
225.914 16406
225.914 30
225.916 16406
225.916 30
225.978 16406
225.978 30
225.98 8966
225.98 16406
225.98 1522
225.983 6222
226.002 8490
226.005 27
226.026 16406
226.026 16406
226.026 496
226.059 8777
226.062 16406
226.062 8974
226.064 8816
226.07 16406
226.07 30
226.07 8966
226.072 8972
226.104 8971
226.142 9051
226.213 16406
226.284 16406
226.284 32
226.289 3660
226.311 16406
226.311 30
226.313 16406
226.313 12778
226.315 16406
226.315 16406
226.315 32
226.324 4010
226.324 4811
226.324 31
226.331 14080
226.333 16406
226.333 30
226.333 1053
226.336 16406
226.336 30
226.336 499
226.338 7504
226.338 9996
226.34 6410
226.34 938
226.34 7785
226.342 16406
226.342 30
226.346 13251
226.346 16406
226.346 30
226.348 8966
226.35 16406
226.35 1529
226.35 5895
226.35 16406
226.35 30
226.355 16406
226.355 1515
226.357 7193
226.366 16406
226.366 16406
226.366 32
226.369 16406
226.369 3942
226.369 1623
226.395 0
226.404 16406
226.406 35
226.406 16406
226.406 7140
226.408 9266
226.408 2078
226.41 1053
226.41 1009
226.446 6190
226.449 16406
226.449 1530
226.452 16406
226.452 1529
226.452 269
226.488 8979
226.49 16406
226.49 3593
226.513 16406
226.513 12852
226.515 3554
226.515 38
226.552 16406
226.555 8968
226.555 16406
226.555 10463
226.557 6123
226.617 16406
226.619 1055
226.619 16406
226.619 30
226.621 16406
226.621 864
226.662 16406
226.662 1061
226.662 16406
226.662 30
226.664 499
226.664 16340
226.703 4702
226.705 8973
226.708 16406
226.708 16406
226.708 3014
226.709 2738
226.769 16406
226.769 16744
226.77 1059
226.77 16406
226.77 30
226.772 3119
226.812 16406
226.814 16406
226.814 19423
226.816 4995
226.85 8379
226.852 16406
226.852 30
226.852 10472
226.854 8964
226.854 5929
226.87 386
226.916 16406
226.918 351
226.918 16406
226.918 30
226.92 16260
226.992 16406
226.993 1055
226.993 16406
226.993 30
226.993 14936
226.996 563
227.002 8979
227.005 8489
227.005 16406
227.005 14310
227.066 16406
227.066 1055
227.069 16406
227.069 30
227.069 15744
227.11 16406
227.113 447
227.113 1061
227.113 16406
227.113 30
227.116 480
227.116 16002
227.15 16406
227.15 12852
227.152 3554
227.152 2294
227.214 16406
227.214 13490
227.214 6030
227.217 16406
227.217 1522
227.217 8922
227.25 16406
227.253 16406
227.253 16406
227.253 3338
227.278 530
227.298 16406
227.298 1061
227.301 16406
227.301 9441
227.301 818
227.345 7890
227.348 16406
227.348 1530
227.35 549
227.365 8973
227.365 16406
227.365 7471
227.435 16406
227.435 1061
227.435 16406
227.435 30
227.435 16406
227.435 1048
227.435 2547
227.447 8379
227.451 16406
227.451 8967
227.451 8152
227.492 16406
227.494 12362
227.517 8379
227.519 16406
227.519 30
227.519 8065
227.528 402
227.557 16406
227.558 351
227.558 16406
227.558 30
227.56 16406
227.56 948
227.603 3637
227.606 16406
227.606 16406
227.606 1524
227.607 7280
227.633 8379
227.636 16406
227.636 1524
227.636 3074
227.667 16406
227.669 16406
227.669 38
227.704 16406
227.706 16406
227.706 8968
227.708 12288
227.72 497
227.749 16406
227.749 1055
227.751 16406
227.751 30
227.753 15124
227.792 16406
227.795 8978
227.814 8973
227.817 16406
227.817 7471
227.825 413
227.834 8379
227.834 9996
227.836 6410
227.836 10472
227.836 1138
227.853 16406
227.856 1061
227.856 16406
227.856 30
227.857 16406
227.857 558
227.863 8973
227.863 8964
227.866 14921
227.896 9010
227.898 16406
227.898 1524
227.898 3383
227.92 16406
227.922 16406
227.922 358
228.005 8379
228.008 16406
228.008 10472
228.011 6403
228.011 27
228.032 16406
228.032 16406
228.032 496
228.042 432
228.06 420
228.06 8965
228.097 16406
228.097 407
228.097 8966
228.097 16406
228.097 11026
228.097 16406
228.097 1529
228.097 16406
228.097 1529
228.101 16406
228.101 16406
228.101 9830
228.101 4877
228.101 16406
228.101 30
228.101 9158
228.101 8973
228.101 5712
228.102 2777
228.102 16406
228.102 30
228.102 8788
228.135 16406
228.135 30
228.136 9534
228.152 8973
228.155 16406
228.155 7471
228.188 435
228.196 16406
228.197 8790
228.216 8379
228.22 16406
228.22 30
228.22 8065
228.261 16406
228.263 16406
228.263 22376
228.272 0
228.272 39
228.274 112
228.283 16406
228.283 9534
228.304 16406
228.304 30
228.306 16406
228.306 30
228.317 0
228.319 8092
228.319 1042
228.319 31
228.368 16406
228.368 1048
228.37 16406
228.37 30
228.37 1053
228.373 16406
228.373 30
228.373 3731
228.409 16406
228.411 35
228.411 16406
228.411 9866
228.413 14014
228.458 16406
228.458 1048
228.46 16406
228.46 30
228.462 16406
228.462 808
228.517 16406
228.517 30
228.52 16406
228.52 16406
228.52 2390
228.559 8973
228.561 7463
228.561 16406
228.561 1512
228.564 16406
228.564 1067
228.564 3074
228.602 12898
228.604 16406
228.604 1524
228.604 8957
228.608 15817
228.642 16406
228.643 8782
228.665 8965
228.667 16406
228.667 774
228.667 6735
228.711 16406
228.711 16406
228.711 22180
228.751 16406
228.753 1055
228.753 16406
228.753 13808
228.773 16406
228.773 10294
228.816 16406
228.816 9293
228.82 16363
228.836 16406
228.836 10474
228.849 16406
228.849 30
228.851 16406
228.851 30
228.903 16406
228.903 16406
228.903 19172
228.914 0
228.922 16406
228.923 14618
228.929 420
228.964 8379
228.964 14280
228.965 2126
228.965 30
228.967 16406
228.967 1522
228.967 340
228.985 8973
228.987 16406
228.987 6231
228.995 40
229.009 16406
229.009 16436
229.052 16406
229.052 30
229.054 16406
229.054 1054
229.057 16406
229.057 2306
229.09 12366
229.093 15462
229.115 16406
229.115 30
229.115 16406
229.115 30
229.15 8979
229.153 7465
229.153 16406
229.153 1054
229.155 16406
229.155 1930
229.201 16406
229.201 30
229.203 16406
229.203 1523
229.203 11453
229.242 16406
229.243 9991
229.244 2956
229.252 30
229.267 16406
229.267 8960
229.267 7484
229.278 24
229.306 16406
229.306 16406
229.306 1054
229.306 1053
229.309 16406
229.309 30
229.309 341
229.317 410
229.347 2661
229.349 16406
229.349 25028
229.351 409
229.369 8973
229.369 16406
229.369 1907
229.411 319
229.411 8379
229.414 16406
229.414 18615
229.434 16406
229.436 8790
229.458 16406
229.458 16436
229.497 16406
229.497 1055
229.499 16406
229.499 30
229.499 9997
229.501 5157
229.517 16406
229.517 8966
229.518 2853
229.54 400
229.564 16406
229.564 16406
229.564 9444
229.564 1707
229.584 16406
229.584 8966
229.585 6614
229.606 16406
229.606 30
229.606 8966
229.608 7478
229.646 16406
229.646 938
229.648 443
229.648 8964
229.648 16406
229.648 11564
229.69 16406
229.69 30
229.693 1053
229.693 16406
229.693 30
229.695 16002
229.713 16406
229.713 30
229.713 8958
229.715 8182
229.73 8379
229.734 16406
229.734 16406
229.734 16406
229.735 8061
229.774 8379
229.774 11424
229.776 4982
229.776 1054
229.776 9996
229.777 6410
229.777 30
229.778 7421
229.817 16406
229.817 30
229.817 16406
229.817 1524
229.819 9064
229.839 13289
229.843 16406
229.843 10470
229.845 2058
229.853 416
229.862 165
229.878 121
229.889 16406
229.889 16406
229.889 1054
229.889 5712
229.89 6774
229.915 16406
229.917 16406
229.917 114
229.948 16406
229.948 6773
229.95 7735
229.981 387
230.008 410
230.011 16406
230.011 8966
230.015 8738
230.015 27
230.035 16406
230.035 16406
230.035 496
230.064 420
230.066 8372
230.068 8979
230.07 8489
230.076 16018
230.08 16406
230.08 30
230.08 343
230.082 16406
230.083 30
230.085 10151
230.091 8901
230.094 16406
230.094 30
230.101 16406
230.101 1054
230.103 13238
230.116 16406
230.118 16406
230.118 1056
230.12 8036
230.182 16406
230.185 16406
230.185 1055
230.185 10003
230.187 7465
230.187 16406
230.189 12117
230.2 470
230.226 16406
230.226 30
230.229 16406
230.229 344
230.229 1053
230.231 16406
230.231 30
230.231 6560
230.24 409
230.268 16406
230.268 30
230.268 14280
230.269 2126
230.269 1048
230.269 10744
230.314 16406
230.314 30
230.314 8092
230.314 1077
230.314 8966
230.318 16406
230.318 1536
230.318 5888
230.353 16406
230.353 1048
230.355 16406
230.355 1054
230.359 16406
230.359 6232
230.362 415
230.374 563
230.396 8979
230.398 16406
230.398 1054
230.399 7465
230.399 15250
230.437 16406
230.439 14443
230.441 16406
230.441 45
230.483 16406
230.483 1048
230.486 16406
230.486 30
230.486 3843
230.502 16406
230.502 12606
230.543 8973
230.545 7465
230.545 458
230.547 16406
230.547 10457
230.548 2524
230.567 16406
230.567 30
230.57 16406
230.57 30
230.61 16406
230.61 938
230.613 8495
230.613 16406
230.613 30
230.614 5641
230.651 16406
230.651 8968
230.654 16406
230.654 1521
230.654 4161
230.693 16406
230.693 24
230.695 16406
230.695 7124
230.723 396
230.735 16406
230.735 24
230.737 16406
230.737 3928
230.778 13538
230.782 16406
230.782 8953
230.782 9907
230.822 16406
230.822 1048
230.825 16406
230.825 30
230.827 10424
230.829 476
230.842 387
230.855 393
230.863 8973
230.865 8489
230.87 16406
230.87 3468
230.905 16406
230.905 1048
230.907 16406
230.908 30
230.908 1687
230.91 7262
230.954 16406
230.954 16406
230.954 18232
230.993 16406
230.993 30
230.993 16170
230.995 405
231.035 16406
231.035 344
231.038 16406
231.038 16212
231.077 16406
231.078 30
231.08 16406
231.08 344
231.08 787
231.098 16406
231.098 24
231.101 16406
231.101 168
231.141 16406
231.143 12982
231.184 16406
231.184 8974
231.187 15186
231.21 403
231.227 16406
231.229 16406
231.229 3874
231.248 16406
231.25 12794
231.289 16406
231.291 9034
231.332 8973
231.338 16406
231.338 8958
231.338 8964
231.339 6849
231.373 8979
231.375 16406
231.375 5153
231.418 16406
231.419 16406
231.42 32
231.42 10884
231.428 457
231.46 16406
231.46 30
231.462 15230
231.464 398
231.48 1025
231.48 15405
231.483 12611
231.515 458
231.525 16406
231.527 13358
231.567 16406
231.568 14674
231.612 16406
231.612 30
231.614 11846
231.626 464
231.631 16406
231.631 9786
231.666 465
231.698 16406
231.698 30
231.7 11282
231.704 418
231.716 16406
231.718 12794
231.748 16406
231.75 11854
231.801 440
231.801 8379
231.801 16406
231.801 8197
231.867 8973
231.869 16406
231.87 1054
231.872 16167
231.907 408
231.909 8379
231.911 16406
231.911 30
231.911 3308
231.946 419
232.012 8379
232.012 16406
232.012 30
232.012 14213
232.012 27
232.033 16406
232.033 16902
232.041 407
232.065 16406
232.065 16406
232.065 32812
232.065 17136
232.066 43783
232.1 16406
232.1 16406
232.1 3170
232.136 424
232.14 466
232.164 441
232.164 16406
232.167 8968
232.167 16406
232.167 6516
232.233 422
232.233 392
232.233 16406
232.233 30
232.233 8966
232.233 7366
232.248 16406
232.248 5712
232.25 10694
232.25 7126
232.309 4010
232.309 5161
232.318 16406
232.318 8960
232.32 16406
232.32 9468
232.324 419
232.357 16406
232.357 8973
232.359 14371
232.385 452
232.395 0
232.399 16406
232.399 30
232.401 16406
232.401 1517
232.401 10707
232.453 385
232.459 424
232.464 8965
232.464 16406
232.464 774
232.467 16406
232.467 7647
232.477 402
232.504 16406
232.504 30
232.507 16406
232.507 7626
232.518 417
232.528 435
232.548 16406
232.55 16406
232.55 707
232.55 7821
232.613 16406
232.613 10478
232.616 16406
232.616 938
232.646 413
232.655 16406
232.655 30
232.656 8693
232.658 16406
232.658 9359
232.696 10550
232.698 8379
232.698 16406
232.698 30
232.701 7321
232.74 16406
232.74 30
232.74 10098
232.761 8379
232.765 16406
232.765 344
232.767 7751
232.803 16406
232.807 16406
232.807 16406
232.807 4410
232.825 444
232.857 8379
232.86 8979
232.86 16406
232.86 9080
232.889 16406
232.89 11046
232.895 437
232.909 481
232.909 8979
232.912 16406
232.912 7465
232.942 432
232.96 16406
232.96 16406
232.96 11424
232.961 4982
232.961 1131
232.963 356
233.009 432
233.018 16406
233.018 10478
233.022 16406
233.022 6594
233.022 1385
233.062 16406
233.065 16406
233.065 17244
233.118 428
233.118 16406
233.118 1523
233.118 7467
233.118 16406
233.118 1529
233.118 7461
233.162 410
233.166 16406
233.168 16406
233.168 16406
233.168 5218
233.212 8979
233.212 398
233.215 16406
233.215 3648
233.215 5712
233.216 10694
233.216 1522
233.218 8099
233.222 401
233.252 15302
233.255 16406
233.255 16406
233.255 3009
233.255 4094
233.286 374
233.314 16406
233.314 5067
233.316 8979
233.316 11424
233.318 4982
233.318 9112
233.358 16406
233.358 8693
233.361 16406
233.361 30
233.361 12743
233.395 16406
233.395 938
233.398 16406
233.398 1529
233.398 12852
233.399 3554
233.399 1431
233.405 434
233.465 16406
233.465 1227
233.468 16406
233.468 11064
233.47 6787
233.505 456
233.51 16406
233.51 17454
233.513 16406
233.513 5264
233.517 69
233.55 16406
233.551 24
233.554 16406
233.554 9355
233.554 109
233.595 16406
233.595 938
233.597 15582
233.614 16406
233.614 30
233.617 16406
233.617 30
233.645 414
233.655 16406
233.658 24
233.658 16406
233.658 9988
233.66 5382
233.699 16406
233.7 30
233.702 16406
233.702 8302
233.717 450
233.764 8379
233.767 8973
233.767 16406
233.767 1529
233.77 16406
233.77 579
233.77 4322
233.782 440
233.807 16406
233.811 945
233.811 16406
233.811 8350
233.813 7610
233.851 8979
233.854 16406
233.854 16128
233.856 145
233.89 8979
233.892 16406
233.892 641
233.959 16406
233.969 449
234.029 16406
234.052 2245
234.121 16406
234.125 16406
234.125 9267
234.128 13869
234.128 27
234.151 16406
234.151 16406
234.151 496
234.179 420
234.179 16406
234.179 14280
234.182 2126
234.182 31868
234.182 16406
234.182 32812
234.184 16406
234.184 87
234.184 16406
234.184 16406
234.184 16482
234.184 18564
234.186 14143
234.186 49180
234.186 66
234.186 24276
234.186 1428
234.186 15374
234.193 448
234.212 16406
234.216 16406
234.216 16406
234.216 2906
234.283 16406
234.286 16406
234.287 14834
234.296 8379
234.298 8379
234.298 16406
234.299 30
234.3 1053
234.3 6776
234.3 0
234.304 8842
234.362 16406
234.362 1061
234.365 16406
234.365 30
234.367 432
234.367 16406
234.367 5878
234.38 451
234.404 16406
234.406 24
234.406 16406
234.406 10457
234.407 7601
234.453 8379
234.453 2856
234.455 13550
234.455 1061
234.457 16406
234.457 30
234.457 2256
234.48 16406
234.481 10482
234.512 8979
234.512 16401
234.513 7478
234.553 2033
234.555 8973
234.557 16406
234.558 16406
234.558 1504
234.558 7293
234.586 416
234.616 16406
234.616 16406
234.616 32
234.618 16406
234.618 5780
234.629 454
234.649 0
234.654 400
234.662 12710
234.665 16406
234.665 8953
234.665 16406
234.665 311
234.671 0
234.699 12236
234.703 16406
234.703 1523
234.704 16406
234.704 1522
234.704 818
234.767 8379
234.771 16406
234.771 30
234.771 8966
234.772 390
234.775 16406
234.775 5813
234.787 16406
234.789 13114
234.81 8379
234.813 16406
234.813 30
234.814 8065
234.852 8973
234.854 7471
234.854 16406
234.854 1054
234.856 16406
234.857 4750
234.897 16406
234.897 1428
234.898 9054
234.915 16406
234.917 373
234.917 24
234.917 16406
234.917 36
234.936 16406
234.938 10106
234.947 8379
234.949 16406
234.949 8769
234.967 436
235.004 401
235.007 16406
235.007 1048
235.009 16406
235.009 30
235.011 16406
235.011 1748
235.068 8379
235.07 16406
235.07 30
235.072 16406
235.072 12925
235.086 401
235.102 16406
235.105 8974
235.105 16406
235.105 3014
235.126 416
235.149 3585
235.152 16406
235.152 16406
235.152 6626
235.178 427
235.195 16406
235.195 11234
235.216 16406
235.217 16406
235.217 38
235.257 8979
235.259 16406
235.259 16393
235.261 9790
235.302 16406
235.303 351
235.303 16406
235.304 30
235.306 11560
235.365 16406
235.365 35
235.368 16406
235.368 1054
235.37 16406
235.37 1054
235.37 5418
235.407 16406
235.409 401
235.409 16406
235.409 6318
235.451 384
235.454 16406
235.456 1055
235.458 16406
235.458 30
235.458 12492
235.513 8379
235.515 8973
235.519 16406
235.519 1054
235.52 16406
235.52 138
235.539 16406
235.539 1530
235.541 7658
235.549 399
235.554 8979
235.557 16406
235.557 6469
235.598 16406
235.6 351
235.6 16406
235.6 30
235.604 9868
235.641 16406
235.644 14242
235.664 16406
235.667 16406
235.667 38
235.704 16406
235.706 1055
235.706 16406
235.706 30
235.708 1053
235.708 16406
235.708 30
235.71 4672
235.74 420
235.746 441
235.754 16406
235.754 30
235.754 1053
235.758 16406
235.758 30
235.76 12110
235.761 448
235.791 16406
235.792 16310
235.811 16406
235.813 16406
235.813 38
235.856 16406
235.859 16406
235.859 15906
235.864 16406
235.866 12794
235.919 16406
235.923 9411
235.925 16406
235.925 10472
235.928 4279
236.004 16406
236.004 1054
236.007 16406
236.007 30
236.011 8106
236.011 27
236.032 16406
236.032 16406
236.032 496
236.069 16406
236.069 16406
236.069 2476
236.069 16406
236.069 30
236.072 16406
236.072 1523
236.076 16406
236.076 1529
236.078 5619
236.081 16406
236.081 30
236.083 16406
236.083 1806
236.083 777
236.085 16406
236.085 5773
236.086 9311
236.086 1200
236.089 16406
236.089 30
236.091 15174
236.101 418
236.11 8379
236.112 16406
236.112 930
236.114 7165
236.156 16406
236.156 8693
236.158 16406
236.158 13182
236.159 1094
236.216 16406
236.216 30
236.218 8693
236.218 16406
236.218 30
236.221 13605
236.224 106
236.253 458
236.261 16406
236.263 9411
236.265 16406
236.265 10472
236.266 3177
236.266 1074
236.28 1021
236.282 15738
236.282 2856
236.283 6410
236.285 1297
236.293 422
236.299 8092
236.299 731
236.299 31
236.301 16406
236.304 24
236.306 16406
236.306 36
236.347 16406
236.347 7703
236.348 11261
236.368 16406
236.368 30
236.369 16406
236.369 30
236.386 4065
236.389 16406
236.389 9070
236.408 8390
236.41 16406
236.41 6633
236.41 1450
236.431 16406
236.431 11790
236.454 16406
236.454 30
236.456 16406
236.456 30
236.496 16406
236.496 5712
236.497 4386
236.518 16406
236.518 30
236.518 15722
236.518 1041
236.524 436
236.56 16406
236.56 30
236.56 8590
236.562 8174
236.601 5712
236.601 2667
236.604 16406
236.604 16406
236.604 1401
236.665 7954
236.667 16406
236.667 1036
236.669 16406
236.669 1514
236.669 5002
236.67 434
236.67 1319
236.684 388
236.703 8678
236.705 16406
236.705 12222
236.75 8379
236.753 16406
236.753 15423
236.753 567
236.818 16406
236.818 16406
236.818 3645
236.82 16406
236.82 467
236.858 16406
236.858 30
236.858 1053
236.862 16406
236.862 30
236.862 16406
236.862 90
236.862 873
236.899 8379
236.899 15738
236.902 705
236.902 15397
236.949 410
236.967 16406
236.967 30
236.969 16406
236.969 372
236.971 1735
236.971 16406
236.971 30
236.973 1156
236.973 718
237.033 16406
237.033 344
237.033 16406
237.033 30
237.033 15047
237.033 57
237.05 16406
237.05 30
237.052 16406
237.052 9328
237.054 1203
237.073 16406
237.073 30
237.075 10020
237.075 295
237.119 16406
237.119 30
237.124 1053
237.124 16406
237.124 500
237.126 8312
237.163 8379
237.168 16406
237.168 19429
237.17 8936
237.18 435
237.185 16406
237.185 10662
237.197 8965
237.199 16406
237.199 6277
237.199 1231
237.253 8379
237.269 8379
237.314 8965
237.367 454
237.367 8979
237.392 419
237.41 16406
237.434 16406
237.434 14578
237.437 16406
237.437 2092
237.437 15840
237.473 355
237.473 16406
237.473 16406
237.473 4574
237.473 4284
237.474 12122
237.474 12918
237.474 16406
237.474 1428
237.475 13990
237.475 16406
237.475 342
237.475 14280
237.476 690
237.476 16406
237.476 15234
237.476 11424
237.478 433
237.478 4982
237.478 182
237.478 15643
237.478 648
237.478 16406
237.478 4284
237.479 4227
237.479 7765
237.497 8379
237.499 16406
237.499 782
237.499 770
237.501 6572
237.517 8973
237.523 16406
237.523 4915
237.541 16406
237.541 30
237.543 16406
237.543 30
237.584 16406
237.584 24
237.586 16406
237.586 782
237.586 759
237.588 16406
237.588 782
237.588 665
237.589 841
237.605 8973
237.605 8495
237.608 15842
237.656 16406
237.656 9991
237.659 16406
237.659 2477
237.697 16406
237.697 16406
237.697 19736
237.736 16406
237.736 30
237.739 16406
237.74 15766
237.776 16406
237.776 30
237.776 15715
237.778 1042
237.778 16406
237.778 3392
237.794 432
237.817 16406
237.819 24
237.819 16406
237.819 9350
237.82 755
237.839 16406
237.839 774
237.841 15670
237.888 16406
237.888 1055
237.888 16406
237.888 13634
237.888 1143
237.9 402
237.92 426
237.93 16406
237.93 1046
237.936 16406
237.936 30
237.941 1053
237.941 16406
237.941 4486
238.004 434
238.011 16406
238.011 1048
238.013 15738
238.015 9266
238.015 880
238.017 4905
238.017 27
238.039 16406
238.039 16406
238.039 496
238.048 459
238.053 390
238.066 420
238.07 16406
238.07 16406
238.07 31836
238.07 967
238.07 15708
238.071 698
238.071 5189
238.071 16406
238.071 27653
238.071 20938
238.138 438
238.138 8379
238.138 16406
238.138 1054
238.138 16406
238.138 8517
238.139 16406
238.139 30
238.139 11226
238.182 16406
238.183 30
238.183 2856
238.184 13550
238.184 7362
238.189 434
238.223 16406
238.225 1061
238.225 16406
238.225 1516
238.227 9684
238.267 16406
238.267 1048
238.27 16406
238.27 13996
238.293 9145
238.331 16406
238.331 8960
238.334 16406
238.334 9600
238.365 0
238.373 16406
238.373 1048
238.376 16406
238.376 14804
238.416 16406
238.416 8379
238.418 16406
238.418 1157
238.436 16406
238.436 938
238.436 2856
238.437 10338
238.46 388
238.502 16406
238.502 16406
238.502 4284
238.503 12122
238.503 574
238.545 16406
238.545 30
238.545 1053
238.547 16406
238.548 30
238.548 10550
238.585 16406
238.587 8968
238.587 16406
238.587 1521
238.589 4837
238.594 449
238.598 422
238.65 16406
238.65 12852
238.652 3554
238.652 16406
238.652 2210
238.695 16406
238.695 30
238.695 1053
238.698 16406
238.698 30
238.698 13370
238.735 10586
238.737 6874
238.737 16406
238.737 30
238.738 3657
238.788 431
238.805 16406
238.805 30
238.805 1053
238.808 16406
238.808 30
238.808 2856
238.809 10626
238.84 16406
238.84 24
238.843 16406
238.843 1523
238.843 874
238.884 16406
238.884 30
238.886 16406
238.886 1508
238.886 10716
238.891 419
238.906 452
238.947 16406
238.948 9999
238.951 417
238.951 16406
238.951 1529
238.951 3609
238.955 435
238.988 16406
238.988 30
238.992 16406
238.992 6122
239.034 16406
239.035 30
239.035 16406
239.035 1517
239.036 5875
239.097 16406
239.098 1048
239.101 16406
239.101 30
239.103 14184
239.141 16406
239.141 30
239.143 16406
239.143 8998
239.187 16406
239.187 1523
239.191 16406
239.191 8445
239.249 16406
239.249 30
239.249 343
239.252 16406
239.252 30
239.252 1053
239.254 16406
239.254 30
239.254 6880
239.263 463
239.268 367
239.291 16406
239.291 30
239.293 1053
239.293 16406
239.293 30
239.296 499
239.296 12336
239.307 407
239.334 7158
239.338 16406
239.338 1048
239.338 12852
239.339 3554
239.339 30
239.339 154
239.373 416
239.395 16406
239.398 16406
239.398 18565
239.4 4781
239.44 16406
239.44 30
239.442 16406
239.442 1523
239.446 16406
239.446 1029
239.46 414
239.483 16406
239.483 30
239.483 1053
239.487 16406
239.487 7278
239.526 16406
239.526 30
239.529 8970
239.548 383
239.551 16406
239.551 30
239.551 14854
239.588 16406
239.588 8952
239.591 16406
239.591 2896
239.619 431
239.634 16406
239.634 30
239.636 16406
239.636 1523
239.636 6245
239.679 438
239.696 16406
239.696 8693
239.699 16406
239.699 30
239.699 9303
239.736 8973
239.739 9415
239.739 16406
239.739 30
239.741 12562
239.779 8379
239.782 16406
239.782 30
239.785 16406
239.785 1054
239.785 4513
239.822 16406
239.822 30
239.822 11414
239.825 383
239.845 16406
239.845 30
239.848 16406
239.848 30
239.878 120
239.89 16406
239.89 1054
239.89 16406
239.89 30
239.892 16406
239.892 3002
239.963 666
239.989 8973
239.991 4999
239.995 8965
239.998 16406
239.998 944
239.998 16406
239.998 1529
240.003 5546
240.003 27
240.025 16406
240.025 16406
240.025 496
240.049 16406
240.049 16406
240.049 8777
240.05 8979
240.054 16406
240.054 1529
240.068 16393
240.07 15878
240.07 2856
240.071 13550
240.071 344
240.071 7465
240.073 6809
240.075 16406
240.077 16406
240.077 32
240.077 5020
240.098 8979
240.1 16128
240.1 9996
240.101 4523
240.162 8979
240.164 16128
240.164 8379
240.167 8379
240.167 12993
240.206 8979
240.209 16406
240.209 16128
240.21 6727
240.247 8979
240.249 16401
240.251 16406
240.251 250
240.281 0
240.286 0
240.289 8092
240.289 1045
240.289 31
240.315 16406
240.316 1055
240.316 16406
240.316 30
240.319 16406
240.319 6260
240.348 418
240.355 8379
240.357 16406
240.357 8967
240.36 16406
240.36 5060
240.368 448
240.399 16406
240.399 10011
240.401 16406
240.401 492
240.401 3074
240.419 479
240.441 5712
240.441 10694
240.443 8568
240.443 4546
240.463 16406
240.466 14280
240.466 2126
240.466 38
240.476 421
240.506 8973
240.51 16406
240.51 1060
240.515 16406
240.515 1054
240.515 13041
240.548 2856
240.548 13550
240.551 9158
240.551 16406
240.551 30
240.554 16406
240.554 2070
240.557 16406
240.557 1530
240.557 2805
240.612 16406
240.614 16406
240.614 1531
240.616 2856
240.616 13550
240.616 2401
240.632 16406
240.634 16406
240.634 8958
240.637 7756
240.637 16406
240.637 576
240.64 16406
240.64 8958
240.64 7826
240.697 16406
240.699 351
240.699 16406
240.699 8964
240.702 8504
240.702 4868
240.704 16406
240.704 30
240.704 16406
240.704 30
240.719 8973
240.719 16406
240.721 13947
240.721 440
240.741 10962
240.741 5476
240.743 16406
240.743 9756
240.762 15490
240.765 16406
240.765 12178
240.782 16406
240.784 16406
240.784 10005
240.786 470
240.786 2856
240.786 13550
240.786 10891
240.796 412
240.804 16406
240.806 2856
240.806 13550
240.806 1762
240.847 16406
240.85 422
240.85 16406
240.85 9289
240.85 14655
240.868 10252
240.874 16406
240.874 10450
240.877 7316
240.883 5712
240.883 3261
240.885 16406
240.885 835
240.895 2081
240.898 16406
240.898 6786
240.932 16406
240.932 14280
240.933 2126
240.933 38
240.955 16406
240.955 1054
240.959 16406
240.959 7542
240.975 442
240.997 16406
240.998 416
240.998 8968
241 16406
241 1135
241.001 2722
241.016 16406
241.02 16406
241.02 12774
241.028 430
241.062 16406
241.062 8373
241.062 16406
241.062 2554
241.066 2454
241.081 8379
241.083 16406
241.083 8065
241.103 16406
241.103 1523
241.105 14809
241.146 8379
241.148 8973
241.151 16406
241.151 1054
241.151 6878
241.155 455
241.163 434
241.168 8379
241.168 16406
241.168 1523
241.17 6572
241.181 16406
241.183 14618
241.23 16406
241.232 16406
241.232 32
241.234 16406
241.234 1888
241.273 16406
241.275 16406
241.275 1532
241.277 8952
241.279 389
241.316 16406
241.319 16406
241.319 16406
241.319 4342
241.338 8973
241.34 16406
241.34 5479
241.381 8973
241.384 16406
241.384 7459
241.384 11033
241.385 8215
241.4 8379
241.4 16406
241.4 7013
241.416 423
241.443 16406
241.445 24
241.445 16406
241.445 1523
241.447 7699
241.464 16406
241.464 14280
241.465 2126
241.465 38
241.488 16406
241.488 8964
241.489 3795
241.533 15646
241.535 16406
241.535 8262
241.548 8973
241.551 16406
241.551 7471
241.565 406
241.567 533
241.571 16406
241.572 8790
241.614 388
241.614 8979
241.617 16406
241.617 1054
241.619 16406
241.619 8049
241.657 16406
241.657 12230
241.7 16406
241.702 35
241.702 16406
241.702 4674
241.74 8379
241.743 16406
241.743 2745
241.77 16406
241.772 15238
241.804 3873
241.807 16406
241.807 30
241.807 14958
241.848 16406
241.85 16406
241.85 32
241.852 16406
241.852 2076
241.864 16406
241.864 9542
241.87 404
241.882 435
241.913 8973
241.915 16406
241.915 6332
241.918 16406
241.918 7157
241.933 16406
241.935 13678
241.939 465
241.991 434
241.999 8379
241.999 16406
241.999 30
242 1053
242.002 16406
242.002 30
242.006 752
242.006 27
242.052 16406
242.052 16406
242.052 496
242.077 16406
242.077 16406
242.077 32812
242.077 14280
242.077 34077
242.104 16406
242.106 16406
242.106 1306
242.106 6922
242.136 419
242.148 16406
242.148 16406
242.148 1266
242.151 16406
242.151 1594
242.169 16406
242.169 30
242.171 10098
242.212 16406
242.217 1061
242.219 16406
242.219 30
242.219 7222
242.232 16406
242.232 8960
242.234 7484
242.276 432
242.276 8979
242.279 16406
242.279 15437
242.283 397
242.295 8979
242.297 16406
242.298 8537
242.302 4010
242.302 5135
242.302 31
242.323 434
242.339 12170
242.342 16406
242.342 30
242.342 10422
242.38 8379
242.38 16406
242.381 1054
242.383 16406
242.383 30
242.383 6017
242.415 473
242.428 16406
242.428 8964
242.428 4228
242.446 8379
242.447 16406
242.447 7257
242.494 16406
242.495 30
242.495 16406
242.495 1290
242.533 8379
242.535 8973
242.537 16406
242.537 1060
242.537 11948
242.572 8979
242.574 16085
242.618 8379
242.62 16406
242.62 11017
242.663 16406
242.663 30
242.664 16406
242.664 162
242.687 16406
242.687 30
242.687 16406
242.687 350
242.723 16406
242.724 24
242.726 16406
242.726 920
242.766 16406
242.768 16406
242.768 1056
242.768 16406
242.768 1054
242.769 2847
242.788 16406
242.788 30
242.79 9534
242.825 378
242.825 121
242.831 16406
242.831 30
242.833 16406
242.833 16406
242.833 4138
242.871 16406
242.871 30
242.873 1053
242.873 16406
242.873 30
242.875 6226
242.885 397
242.915 16406
242.915 1054
242.917 16406
242.917 1958
242.953 8979
242.957 16406
242.957 16406
242.957 49
242.981 8973
242.981 16406
242.981 7471
243.001 432
243.023 16406
243.023 30
243.025 1053
243.025 16406
243.025 1714
243.064 16406
243.064 1054
243.067 16406
243.067 30
243.067 1053
243.069 16406
243.069 30
243.069 717
243.07 367
243.103 381
243.106 8973
243.108 7785
243.108 16406
243.108 30
243.111 9812
243.157 382
243.157 16406
243.158 1048
243.158 16406
243.158 1024
243.16 422
243.16 409
243.214 16406
243.216 16406
243.216 13518
243.256 16406
243.256 30
243.256 15418
243.3 16406
243.3 8966
243.302 8362
243.324 16406
243.324 8959
243.325 3480
243.371 16406
243.371 16406
243.371 1518
243.371 8074
243.429 16406
243.429 1048
243.433 16406
243.433 84
243.449 16406
243.449 30
243.451 16406
243.451 30
243.483 16406
243.485 16406
243.485 7446
243.536 16406
243.538 16406
243.538 3043
243.538 4489
243.599 16406
243.599 9997
243.602 16406
243.602 492
243.602 3644
243.641 16406
243.641 30
243.642 1053
243.642 16406
243.642 30
243.645 453
243.656 386
243.662 8979
243.664 7465
243.664 16406
243.664 30
243.68 456
243.685 8979
243.685 4284
243.687 12122
243.687 4721
243.688 466
243.722 408
243.725 16406
243.725 30
243.725 1053
243.728 16406
243.728 7222
243.746 16406
243.746 30
243.748 1053
243.748 16406
243.748 30
243.75 264
243.791 16406
243.791 30
243.791 1053
243.794 16406
243.794 30
243.794 264
243.833 16406
243.833 1054
243.835 16406
243.835 5962
243.898 8979
243.901 16406
243.901 9988
243.903 13619
243.918 16406
243.918 8966
243.919 6238
243.973 418
243.985 16406
243.985 16406
243.985 3028
243.986 4308
244.002 4330
244.004 15094
244.005 27
244.039 16406
244.039 16406
244.039 496
244.068 439
244.085 16406
244.085 32812
244.085 15820
244.085 16406
244.085 40970
244.11 16406
244.113 16406
244.113 5246
244.117 410
244.141 387
244.153 16406
244.153 30
244.156 16406
244.156 3546
244.216 16406
244.22 414
244.22 8968
244.22 16406
244.22 6460
244.26 16406
244.262 10350
244.279 8092
244.279 748
244.279 8379
244.283 15738
244.283 705
244.285 7164
244.285 930
244.326 8379
244.329 16406
244.329 14909
244.355 0
244.362 420
244.365 8379
244.367 8979
244.37 16406
244.37 7779
244.37 5734
244.372 702
244.411 16406
244.412 16406
244.412 1509
244.413 8779
244.451 8604
244.454 16406
244.454 7922
244.454 1207
244.464 435
244.495 8973
244.495 11424
244.496 4982
244.496 2624
244.496 308
244.516 16406
244.518 16102
244.518 104
244.586 16406
244.586 938
244.589 16406
244.589 16406
244.589 2422
244.628 16406
244.628 30
244.63 16092
244.63 483
244.66 423
244.665 8222
244.669 9246
244.675 16406
244.675 7786
244.682 459
244.709 8973
244.711 16406
244.711 11816
244.711 139
244.749 8379
244.753 16406
244.753 30
244.753 5058
244.755 536
244.788 8973
244.791 16406
244.791 8958
244.793 1682
244.84 16406
244.843 16406
244.843 3120
244.843 1027
244.907 16406
244.911 16406
244.911 15696
244.913 859
244.941 8979
244.943 16406
244.943 1440
244.943 546
244.964 16406
244.967 9034
245.031 8216
245.034 8966
245.034 16406
245.034 1522
245.035 4230
245.035 311
245.071 16406
245.071 9403
245.073 10181
245.118 16406
245.118 30
245.12 16406
245.12 1524
245.121 6000
245.154 446
245.177 16406
245.177 8960
245.178 16406
245.178 1391
245.221 16406
245.222 1048
245.224 16406
245.224 500
245.224 8590
245.225 76
245.265 16406
245.266 16406
245.266 1056
245.266 10011
245.269 65
245.326 16406
245.329 9301
245.329 16406
245.329 1189
245.33 2471
245.33 1397
245.334 404
245.368 8979
245.368 11424
245.369 4314
245.369 9580
245.372 13242
245.372 738
245.407 428
245.433 16406
245.433 938
245.435 16406
245.436 350
245.436 16406
245.436 1529
245.437 2131
245.437 624
245.473 16406
245.475 16406
245.475 3036
245.475 2856
245.477 11438
245.477 947
245.499 462
245.519 16406
245.52 16406
245.52 20458
245.521 6396
245.528 438
245.561 8979
245.563 16406
245.563 8489
245.563 7162
245.565 841
245.582 8973
245.582 16406
245.582 4284
245.583 2871
245.583 345
245.607 16406
245.607 8960
245.609 2295
245.627 8979
245.627 1428
245.629 14978
245.629 1957
245.668 16406
245.668 1048
245.671 16406
245.671 10482
245.673 723
245.697 16406
245.697 344
245.7 16406
245.7 12996
245.702 417
245.715 507
245.731 8979
245.734 16406
245.734 7465
245.773 16406
245.774 944
245.777 16406
245.777 7464
245.815 5950
245.817 8973
245.817 16406
245.817 3638
245.819 452
245.819 8048
245.86 12426
245.862 16406
245.862 4846
245.87 434
245.882 16406
245.884 8961
245.884 8187
245.924 16406
245.924 10457
245.925 15730
245.925 331
245.927 4593
246.016 16406
246.016 1048
246.016 8590
246.018 8324
246.018 8826
246.018 27
246.039 16406
246.039 16406
246.039 496
246.068 420
246.073 8222
246.073 8536
246.076 8973
246.076 8495
246.085 16406
246.087 16406
246.087 2086
246.1 16406
246.1 1054
246.102 16406
246.102 30
246.102 1053
246.104 16406
246.104 30
246.107 8966
246.107 16406
246.11 16406
246.11 32
246.11 8538
246.115 16406
246.115 30
246.117 8958
246.117 16406
246.119 126
246.136 8979
246.136 14280
246.137 2126
246.137 1040
246.137 6719
246.183 16406
246.183 16406
246.183 1546
246.183 8102
246.2 8379
246.2 8973
246.202 13890
246.222 8973
246.224 16406
246.224 1963
246.244 16406
246.244 938
246.247 8965
246.247 2566
246.264 8379
246.266 16406
246.266 8065
246.268 16406
246.268 2798
246.27 6390
246.27 0
246.274 8853
246.285 8379
246.288 16406
246.288 30
246.289 1992
246.33 16406
246.33 351
246.333 16406
246.333 30
246.335 13384
246.35 16406
246.351 16406
246.351 38
246.366 16406
246.368 16406
246.368 7446
246.392 8379
246.395 16406
246.395 1524
246.395 498
246.416 16406
246.416 30
246.42 8966
246.42 7478
246.431 471
246.436 16406
246.438 16406
246.438 8386
246.48 8379
246.483 16406
246.483 30
246.483 9997
246.485 10826
246.5 8379
246.503 16406
246.503 8073
246.522 8379
246.525 16406
246.525 30
246.527 11337
246.552 400
246.562 8979
246.565 437
246.565 8489
246.567 16406
246.567 30
246.567 1053
246.57 16406
246.57 30
246.57 3029
246.583 8379
246.587 16406
246.587 30
246.587 4757
246.631 16406
246.631 1061
246.633 16406
246.633 30
246.636 10418
246.651 8379
246.651 16406
246.651 1428
246.652 6637
246.67 16406
246.67 16406
246.67 1994
246.673 419
246.709 416
246.714 16406
246.717 16406
246.717 32
246.719 16406
246.719 4332
246.734 5902
246.734 16406
246.734 30
246.737 9678
246.776 16406
246.777 351
246.779 16406
246.78 30
246.781 8684
246.8 16406
246.802 16406
246.802 38
246.842 16406
246.842 1061
246.844 16406
246.844 30
246.844 5286
246.867 16406
246.867 30
246.868 402
246.868 16406
246.868 30
246.905 16406
246.905 11424
246.906 4982
246.906 678
246.937 0
246.94 0
246.949 16406
246.949 8701
246.952 16406
246.952 30
246.954 10731
246.994 4282
246.994 16406
246.994 1054
246.997 16406
246.997 30
246.998 6110
247.033 8379
247.036 16406
247.036 1054
247.036 8113
247.077 8973
247.077 8489
247.082 16406
247.082 30
247.082 6100
247.099 16406
247.099 30
247.101 16406
247.101 30
247.139 16406
247.139 1055
247.142 16406
247.142 3788
247.175 472
247.182 16406
247.185 16406
247.185 11386
247.186 6542
247.222 5712
247.222 10694
247.223 35
247.223 16406
247.223 1516
247.227 2191
247.248 16406
247.25 16406
247.25 38
247.31 8973
247.313 8489
247.315 16406
247.315 30
247.315 6608
247.33 468
247.33 8973
247.333 16401
247.333 4284
247.334 3200
247.374 16406
247.376 13302
247.417 16406
247.421 16406
247.421 16406
247.421 1702
247.515 8379
247.515 16406
247.515 30
247.515 16406
247.515 1054
247.515 15417
247.524 16406
247.524 9996
247.526 6410
247.526 32
247.526 12332
247.566 16406
247.566 1061
247.569 16406
247.569 30
247.569 1053
247.57 16406
247.57 975
247.57 580
247.581 386
247.61 16406
247.61 351
247.612 16406
247.612 30
247.612 10884
247.631 16406
247.631 938
247.633 15506
247.672 16406
247.674 1061
247.674 16406
247.674 30
247.677 11490
247.716 482
247.716 16406
247.716 1061
247.718 16406
247.718 1054
247.722 16406
247.722 30
247.722 2277
247.731 8379
247.731 16406
247.731 1524
247.733 2698
247.781 16406
247.781 24
247.783 16406
247.783 1054
247.785 15368
247.822 16406
247.825 16406
247.825 5566
247.844 397
247.867 16406
247.868 1055
247.868 16406
247.868 30
247.871 1053
247.871 16406
247.871 3224
247.908 16406
247.91 1055
247.91 16406
247.91 30
247.912 499
247.912 6326
247.956 389
247.956 563
247.968 453
247.999 16406
247.999 1055
248.001 16406
248.001 30
248.004 16406
248.004 8958
248.009 16406
248.009 1440
248.009 27
248.031 16406
248.031 16406
248.031 496
248.043 385
248.06 420
248.06 16406
248.06 16406
248.06 32758
248.062 16406
248.062 16406
248.062 488
248.078 8979
248.081 16406
248.081 3837
248.099 16406
248.1 3256
248.102 13188
248.118 464
248.139 439
248.178 8979
248.178 16399
248.178 4172
248.178 16406
248.178 8960
248.178 5548
248.184 450
248.207 16406
248.207 30
248.207 1053
248.209 455
248.209 16406
248.209 500
248.209 547
248.251 6494
248.253 16406
248.253 21008
248.269 4010
248.269 5127
248.269 31
248.316 8979
248.319 16406
248.319 1529
248.321 16406
248.321 5374
248.336 8973
248.336 16406
248.337 8487
248.344 453
248.351 434
248.376 16406
248.376 8960
248.378 16320
248.418 8979
248.421 16406
248.421 8489
248.421 13370
248.456 340
248.461 8979
248.461 7465
248.463 16406
248.463 1054
248.466 7842
248.525 8979
248.527 16406
248.527 1054
248.529 392
248.529 13473
248.548 8379
248.55 16406
248.55 8065
248.569 8379
248.571 16406
248.571 2689
248.573 417
248.612 8973
248.615 16406
248.615 8965
248.616 6940
248.632 2089
248.632 8973
248.635 16406
248.635 5411
248.677 16406
248.677 30
248.679 10003
248.681 13661
248.701 16406
248.701 16178
248.746 16406
248.746 16366
248.786 16406
248.786 30
248.79 16406
248.79 14638
248.831 16406
248.831 30
248.833 16406
248.833 5802
248.868 8979
248.872 455
248.872 7465
248.876 16406
248.876 1522
248.876 925
248.899 466
248.934 5170
248.936 16406
248.936 30
248.939 16406
248.939 1054
248.939 3209
248.96 491
248.973 382
248.977 16406
248.977 8960
248.98 7052
249.022 16406
249.024 24
249.024 16406
249.024 3552
249.081 16406
249.081 24
249.084 16406
249.084 1697
249.085 10157
249.122 8979
249.127 16406
249.127 5341
249.14 386
249.165 16406
249.166 16406
249.166 8630
249.23 16406
249.23 30
249.233 16406
249.233 13698
249.275 16406
249.277 13170
249.316 16406
249.316 30
249.319 16406
249.319 6930
249.379 16406
249.38 30
249.382 16406
249.382 2547
249.382 9113
249.425 16406
249.425 10478
249.427 4970
249.462 424
249.466 16406
249.466 30
249.469 16406
249.469 2547
249.469 3904
249.532 16406
249.532 16406
249.532 8566
249.57 16406
249.57 938
249.572 16406
249.573 5270
249.586 423
249.615 8973
249.615 7785
249.618 16406
249.618 30
249.618 6296
249.68 8379
249.683 16406
249.683 16406
249.683 8113
249.722 16406
249.722 1048
249.724 16406
249.724 8544
249.765 16406
249.765 16406
249.765 7362
249.828 8979
249.831 16406
249.831 16406
249.831 7569
249.872 16406
249.872 30
249.874 8966
249.874 1428
249.875 14978
249.876 12038
249.878 122
249.913 16406
249.913 30
249.916 16406
249.916 7926
249.999 16406
249.999 30
250.003 16406
250.004 12138
250.004 27
250.02 403
250.025 16406
250.026 16406
250.026 496
250.066 420
250.07 16406
250.07 759
250.073 16406
250.073 7957
250.075 422
250.075 16406
250.075 25727
250.081 16406
250.081 32812
250.081 15069
250.081 1305
250.083 8978
250.083 16406
250.083 1529
250.085 11497
250.112 16406
250.112 21080
250.124 449
250.148 16406
250.148 1048
250.151 16406
250.151 30
250.152 7284
250.215 16406
250.215 30
250.218 16406
250.218 9350
250.22 5405
250.22 1202
250.254 410
250.26 16406
250.26 16406
250.26 13134
250.266 8640
250.266 509
250.29 476
250.312 16406
250.312 938
250.312 8568
250.313 7838
250.313 7582
250.335 0
250.342 16406
250.342 8960
250.343 5736
250.343 160
250.36 16406
250.36 8960
250.362 7484
250.374 430
250.42 16406
250.42 30
250.422 16406
250.422 412
250.422 1054
250.424 16406
250.424 1054
250.425 3913
250.434 422
250.445 3877
250.447 16406
250.447 16406
250.447 11542
250.488 16406
250.49 11234
250.499 16406
250.499 8966
250.5 7164
250.5 343
250.555 16406
250.555 16406
250.555 14206
250.572 8379
250.575 16406
250.575 30
250.575 774
250.577 683
250.595 8979
250.595 16406
250.595 1393
250.617 8979
250.62 16406
250.62 7465
250.636 8979
250.64 412
250.64 16406
250.64 7922
250.64 596
250.642 4308
250.642 1383
250.652 16406
250.652 16406
250.652 30
250.682 16406
250.682 9873
250.682 1450
250.683 337
250.702 16406
250.703 15614
250.768 8979
250.768 16406
250.768 16406
250.768 14581
250.787 463
250.787 16406
250.787 10850
250.809 16406
250.809 8658
250.821 362
250.833 16406
250.833 10478
250.833 5734
250.835 260
250.845 427
250.85 13798
250.853 15738
250.853 705
250.855 8362
250.897 16406
250.897 30
250.899 1053
250.899 16406
250.899 15118
250.915 8379
250.918 16406
250.918 8065
250.94 8979
250.942 16406
250.942 8203
250.942 683
250.981 16406
250.981 1048
250.981 14280
250.982 2126
250.982 30
250.984 16406
250.984 782
250.984 4571
250.986 834
250.999 8379
251.002 5712
251.002 10694
251.002 9350
251.002 676
251.003 7574
251.046 16406
251.046 30
251.048 16406
251.048 6078
251.048 705
251.049 8854
251.064 8606
251.067 16406
251.067 6494
251.067 1373
251.078 8379
251.081 16406
251.081 8705
251.082 426
251.131 16406
251.133 16406
251.133 374
251.133 12114
251.135 901
251.153 16406
251.153 8966
251.155 7478
251.194 8379
251.198 16406
251.198 16406
251.198 405
251.213 16406
251.213 938
251.215 14201
251.215 1334
251.24 16406
251.24 30
251.243 16406
251.243 3866
251.259 16406
251.259 7421
251.259 2878
251.259 853
251.279 16406
251.279 30
251.281 9402
251.3 16406
251.3 8960
251.301 7164
251.301 349
251.321 16406
251.321 30
251.323 16406
251.323 482
251.368 16406
251.368 938
251.369 8495
251.372 16406
251.372 14477
251.408 16406
251.408 1048
251.409 16406
251.409 30
251.41 10011
251.41 1382
251.449 16406
251.449 14901
251.452 16406
251.452 782
251.454 6403
251.471 16406
251.471 10478
251.472 2880
251.472 181
251.515 16406
251.515 30
251.515 8590
251.517 405
251.517 16406
251.517 782
251.52 402
251.52 1565
251.557 16406
251.557 8952
251.557 2878
251.557 826
251.56 420
251.576 397
251.578 16406
251.578 30
251.578 8592
251.581 1403
251.587 435
251.597 383
251.597 16406
251.597 30
251.599 15982
251.642 16406
251.642 30
251.642 16406
251.642 766
251.644 553
251.653 370
251.663 16406
251.663 14854
251.704 16406
251.704 1048
251.707 16406
251.707 30
251.711 13611
251.711 1166
251.726 405
251.738 422
251.747 16406
251.749 16406
251.749 16406
251.749 4333
251.75 28
251.769 16406
251.769 8960
251.772 3987
251.784 409
251.81 2897
251.812 16406
251.812 16406
251.812 7900
251.814 891
251.831 16406
251.833 16406
251.833 38
251.875 416
251.875 8685
251.877 8958
251.877 16406
251.877 9350
251.879 113
251.9 13462
251.903 16406
251.903 2982
251.94 16406
251.94 1048
251.94 1428
251.942 14978
251.942 10368
251.951 433
252 16406
252 30
252.003 16406
252.003 1523
252.006 4873
252.006 27
252.027 16406
252.027 16406
252.027 496
252.092 420
252.092 8215
252.092 16406
252.092 8857
252.092 16406
252.092 32812
252.092 7140
252.093 8534
252.093 16406
252.093 1048
252.093 8979
252.093 13667
252.131 16406
252.134 10005
252.136 16406
252.136 7923
252.175 16406
252.175 30
252.175 8583
252.178 12853
252.178 1129
252.216 16406
252.218 1061
252.218 16406
252.218 30
252.221 15711
252.221 4259
252.222 847
252.256 0
252.26 9148
252.26 16406
252.263 1055
252.263 16406
252.263 500
252.266 5258
252.266 401
252.314 16406
252.314 16406
252.314 35
252.314 8973
252.314 16406
252.314 782
252.314 1342
252.344 11042
252.348 16406
252.348 12870
252.348 589
252.366 8379
252.369 16406
252.369 8065
252.388 16406
252.391 8968
252.393 415
252.43 16406
252.432 351
252.432 16406
252.432 16406
252.432 2327
252.436 1327
252.436 1168
252.472 16406
252.472 1055
252.474 16406
252.474 5736
252.474 148
252.515 418
252.516 16406
252.518 1055
252.518 16406
252.518 776
252.52 307
252.52 16406
252.52 30
252.521 403
252.557 16406
252.56 1055
252.56 16406
252.56 500
252.562 9542
252.562 385
252.581 16406
252.583 8968
252.583 7484
252.597 435
252.6 16406
252.602 10294
252.646 16406
252.651 16406
252.651 8066
252.665 15286
252.668 16406
252.668 1151
252.668 34
252.685 8379
252.687 16406
252.687 628
252.729 8379
252.734 16406
252.734 11440
252.734 546
252.751 8973
252.753 16406
252.753 7143
252.753 357
252.794 8973
252.796 7465
252.796 16406
252.796 7164
252.798 497
252.815 16406
252.817 479
252.817 16108
252.817 343
252.825 122
252.857 16406
252.857 30
252.859 1053
252.859 16406
252.859 30
252.861 6479
252.861 1092
252.899 16406
252.902 16406
252.902 17899
252.903 1178
252.94 8973
252.94 1428
252.977 453
252.977 7067
252.977 16406
252.977 30
252.977 9422
252.977 16406
252.977 30
252.977 16406
252.978 35
252.986 16406
252.988 8974
252.988 409
253.029 8973
253.029 4284
253.031 8252
253.031 15738
253.033 2126
253.033 1195
253.048 16406
253.049 16406
253.049 32
253.049 33
253.068 8973
253.071 16406
253.071 2868
253.071 760
253.114 16406
253.114 938
253.116 16406
253.116 16406
253.116 1792
253.116 150
253.137 534
253.154 8979
253.157 8489
253.157 16406
253.157 7918
253.197 413
253.197 16406
253.199 8701
253.201 16406
253.201 30
253.201 9979
253.212 0
253.212 0
253.212 39
253.212 128
253.212 22372
253.212 7896
253.214 14476
253.214 20938
253.215 12935
253.229 0
253.232 293
253.24 16406
253.241 35
253.241 16406
253.241 2070
253.243 7972
253.243 274
253.251 408
253.263 16406
253.265 16406
253.265 43
253.285 8379
253.287 15738
253.289 1108
253.316 463
253.326 16107
253.327 1354
253.33 16406
253.33 30
253.33 5058
253.331 1447
253.365 427
253.414 436
253.414 16406
253.417 24
253.417 16406
253.417 36
253.42 16406
253.42 13106
253.42 15738
253.422 16406
253.422 10003
253.422 75
253.432 16406
253.433 16406
253.433 38
253.443 396
253.474 12098
253.477 16406
253.477 10012
253.478 831
253.497 8973
253.499 16406
253.499 6783
253.499 717
253.523 451
253.538 16406
253.54 1061
253.54 16406
253.54 30
253.541 11433
253.541 1214
253.583 8979
253.584 15837
253.586 16406
253.586 9532
253.586 391
253.624 8979
253.626 16406
253.626 16352
253.626 618
253.647 8379
253.647 16406
253.647 10008
253.649 286
253.687 16406
253.689 16406
253.689 2573
253.689 1198
253.73 8973
253.732 16406
253.732 16406
253.732 7108
253.734 1248
253.798 8973
253.798 16406
253.798 2563
253.801 557
253.839 16406
253.84 24
253.84 16406
253.84 10018
253.842 331
253.881 793
253.883 15637
253.883 16406
253.883 2204
253.885 4951
253.885 222
253.901 408
253.924 10912
253.926 15844
254.011 16406
254.012 16406
254.014 416
254.014 12022
254.014 27
254.021 380
254.035 459
254.078 417
254.126 440
254.254 4010
254.254 4113
254.254 716
254.254 31
254.268 16406
254.268 16406
254.268 496
254.293 440
254.311 420
254.311 16406
254.311 16406
254.311 31821
254.313 16406
254.313 16406
254.313 32759
254.313 16406
254.313 2856
254.315 13550
254.315 32812
254.315 44268
254.316 17136
254.316 20467
254.352 8979
254.354 16406
254.354 1440
254.354 169
254.415 16406
254.415 30
254.417 8964
254.418 7424
254.481 16406
254.483 8968
254.483 2727
254.501 16406
254.506 9974
254.533 16406
254.537 11854
254.587 8973
254.59 16406
254.59 1060
254.59 10410
254.591 1080
254.65 8379
254.653 8979
254.653 16399
254.655 6219
254.693 8379
254.696 16406
254.696 8393
254.736 16406
254.739 16406
254.739 4578
254.739 1188
254.74 854
254.8 16406
254.802 16406
254.802 32
254.804 15396
254.82 448
254.846 16406
254.849 16406
254.849 922
254.882 4158
254.886 16406
254.886 557
254.886 9351
254.889 11218
254.946 435
254.952 16406
254.952 16406
254.952 32
254.955 16406
254.955 1136
254.955 8979
254.957 8964
254.957 14601
254.959 343
254.973 16406
254.975 12163
254.975 6997
255.015 16406
255.017 12174
255.04 16406
255.042 16406
255.042 38
255.052 404
255.08 8379
255.083 15738
255.084 705
255.084 16406
255.084 8932
255.087 16406
255.087 1847
255.088 7897
255.088 1342
255.119 8979
255.122 16406
255.122 15343
255.124 808
255.124 14676
255.126 978
255.183 16406
255.186 16406
255.186 9705
255.186 1352
255.189 16406
255.189 6783
255.189 3554
255.191 1181
255.206 16406
255.208 10350
255.222 563
255.234 453
255.25 16406
255.25 30
255.252 8592
255.252 403
255.256 16406
255.256 1529
255.256 7843
255.256 1145
255.258 16406
255.258 30
255.258 7908
255.26 8524
255.26 16406
255.26 9506
255.262 1141
255.287 399
255.29 16406
255.29 1048
255.292 16406
255.292 6869
255.294 1149
255.294 4401
255.333 8979
255.335 16406
255.335 16406
255.335 364
255.337 704
255.339 4492
255.374 333
255.374 12852
255.375 3255
255.375 1352
255.377 8590
255.397 8979
255.399 7465
255.399 13162
255.439 8379
255.441 8979
255.441 16406
255.441 1048
255.444 10826
255.482 16406
255.484 16406
255.484 9070
255.521 349
255.55 16406
255.55 1048
255.552 16406
255.554 14324
255.586 8979
255.586 460
255.588 16406
255.588 667
255.588 416
255.59 15221
255.633 16406
255.633 938
255.635 16406
255.635 8568
255.637 7838
255.637 32
255.638 16406
255.638 2022
255.638 1159
255.652 8979
255.655 16406
255.655 782
255.656 3460
255.681 412
255.721 16406
255.721 30
255.721 16406
255.721 767
255.723 310
255.723 15744
255.762 16406
255.763 30
255.763 10003
255.765 15353
255.782 16406
255.784 16406
255.784 38
255.823 16406
255.825 16406
255.825 1519
255.825 1391
255.827 81
255.857 440
255.867 16406
255.87 16406
255.87 10028
255.87 3320
255.87 660
255.916 501
255.937 16406
255.94 16406
255.94 1529
255.941 4819
255.994 0
255.994 8979
255.995 7465
255.995 135
255.995 1113
255.998 16406
255.998 162
256.002 27
256.037 16406
256.037 16406
256.037 496
256.081 16406
256.081 16406
256.081 32812
256.081 17136
256.082 15676
256.082 36025
256.083 16406
256.083 10530
256.114 16406
256.114 8955
256.116 16406
256.116 2893
256.165 16406
256.165 344
256.165 12852
256.167 3554
256.167 8928
256.207 8973
256.209 16406
256.209 967
256.23 8979
256.232 16406
256.232 7597
256.249 4010
256.249 4812
256.249 31
256.27 16406
256.27 16406
256.27 1048
256.272 15124
256.313 16406
256.315 16406
256.315 9438
256.335 0
256.377 16406
256.377 30
256.38 16406
256.38 1524
256.38 16406
256.38 464
256.42 16406
256.42 30
256.422 15418
256.451 463
256.466 16406
256.466 9996
256.467 6410
256.467 11218
256.468 7838
256.495 442
256.506 16406
256.508 24
256.508 16406
256.508 1258
256.51 6780
256.549 16406
256.55 8701
256.55 16406
256.55 30
256.553 6971
256.591 430
256.591 16406
256.591 8693
256.593 11775
256.625 907
256.64 16406
256.64 16406
256.64 14450
256.675 8979
256.675 14280
256.677 2126
256.677 14929
256.717 16406
256.717 8960
256.719 847
256.738 414
256.762 16406
256.762 16406
256.762 1042
256.764 9114
256.782 16406
256.782 30
256.785 16406
256.785 30
256.797 16406
256.799 428
256.799 13866
256.847 16406
256.847 16406
256.849 3365
256.888 4041
256.891 16406
256.891 30
256.893 16406
256.893 5362
256.896 16406
256.896 1048
256.899 16406
256.899 648
256.955 16406
256.957 24
256.957 16406
256.957 1523
256.959 3186
256.998 16406
257 16406
257 14769
257 93
257.032 16406
257.032 1054
257.032 11424
257.034 4982
257.034 2334
257.113 450
257.113 398
257.113 8979
257.113 16406
257.113 1054
257.113 16406
257.113 1529
257.113 7546
257.124 16406
257.124 8966
257.126 6614
257.137 398
257.168 16406
257.168 30
257.171 16406
257.171 1524
257.171 2991
257.208 8379
257.211 16406
257.211 1524
257.211 3506
257.23 16406
257.23 8960
257.232 7484
257.296 16314
257.334 422
257.334 8973
257.334 16406
257.334 1529
257.334 6872
257.338 8979
257.341 16406
257.341 1529
257.341 15924
257.343 5056
257.379 8979
257.383 16406
257.383 1529
257.383 16118
257.395 438
257.422 8973
257.422 14280
257.423 2126
257.423 27
257.467 16406
257.467 30
257.469 16406
257.469 16406
257.469 5078
257.484 8379
257.487 16406
257.487 8964
257.487 9359
257.529 15314
257.531 16406
257.531 8958
257.532 6434
257.535 24
257.548 8379
257.552 0
257.552 16406
257.552 1523
257.553 6572
257.566 16406
257.566 30
257.566 8568
257.567 2282
257.615 16406
257.615 1048
257.615 8979
257.617 7465
257.619 16406
257.619 1521
257.619 2568
257.634 16406
257.634 15926
257.683 16406
257.684 10003
257.686 16406
257.686 1657
257.699 8979
257.699 15708
257.701 698
257.701 7465
257.721 6870
257.723 16406
257.723 1515
257.724 9105
257.746 16406
257.749 12230
257.785 16406
257.785 30
257.788 16406
257.788 10448
257.788 1587
257.854 13093
257.857 16406
257.857 10465
257.858 14160
257.875 16406
257.875 8960
257.879 8124
257.913 8979
257.916 16406
257.916 16406
257.916 1045
257.997 16406
257.997 16406
257.997 11976
257.997 4328
257.997 7140
257.997 3418
257.999 27
258.013 457
258.02 16406
258.02 16406
258.02 496
258.027 489
258.046 420
258.049 16406
258.049 9287
258.052 8495
258.057 16406
258.057 30
258.06 16406
258.06 16406
258.06 3102
258.069 16406
258.069 16406
258.069 12891
258.07 5123
258.09 16406
258.09 938
258.09 16406
258.09 1529
258.092 16406
258.092 1299
258.14 432
258.148 16406
258.151 16406
258.151 1056
258.151 16406
258.151 782
258.152 4095
258.152 745
258.218 24
258.219 433
258.219 16406
258.219 1054
258.219 16406
258.219 30
258.219 11432
258.219 463
258.219 16406
258.219 30
258.219 9402
258.235 16406
258.237 16406
258.237 38
258.244 0
258.248 9168
258.255 16406
258.255 463
258.255 16406
258.255 8754
258.297 10953
258.3 16406
258.3 7922
258.3 479
258.302 16406
258.302 1529
258.302 2765
258.32 16406
258.32 11414
258.339 8379
258.339 8973
258.341 8306
258.357 320
258.382 16406
258.382 30
258.386 16406
258.386 782
258.386 16406
258.387 6394
258.407 8379
258.41 16406
258.41 30
258.41 7162
258.411 67
258.451 16406
258.451 30
258.453 16406
258.453 9988
258.453 2856
258.455 4644
258.488 16406
258.488 1048
258.491 16406
258.491 30
258.491 4306
258.492 1259
258.497 424
258.533 16406
258.535 24
258.535 16406
258.535 1054
258.537 15458
258.537 258
258.555 415
258.576 16406
258.576 9403
258.578 16406
258.578 30
258.578 1450
258.578 835
258.616 8379
258.618 16406
258.618 17089
258.619 427
258.661 8379
258.664 16406
258.664 16406
258.664 4353
258.682 8973
258.685 16406
258.685 7155
258.685 345
258.704 16406
258.704 8955
258.705 1450
258.705 1255
258.746 16406
258.748 14110
258.765 8379
258.767 16406
258.767 1993
258.791 16406
258.791 8964
258.791 655
258.83 8379
258.83 5712
258.832 3261
258.832 16406
258.832 1529
258.834 4987
258.834 1069
258.893 8966
258.895 12636
258.897 16406
258.897 2210
258.897 1283
258.914 0
258.94 16406
258.94 16406
258.94 1054
258.943 12862
258.969 407
258.98 16406
258.98 8952
258.981 15738
258.981 939
258.985 391
258.995 40
259.021 367
259.044 16406
259.044 6366
259.046 14722
259.067 16406
259.067 8966
259.069 6294
259.105 391
259.128 8973
259.131 16406
259.131 14371
259.17 16406
259.171 30
259.172 16406
259.172 5426
259.214 16406
259.214 30
259.216 16406
259.216 6457
259.216 1122
259.28 16406
259.282 24
259.282 16406
259.282 1523
259.284 6421
259.284 1063
259.32 16406
259.32 938
259.322 16406
259.322 11850
259.367 16406
259.367 1048
259.369 16406
259.369 7284
259.375 25
259.39 415
259.428 16406
259.428 1048
259.43 16406
259.43 13338
259.43 254
259.47 16406
259.47 16406
259.47 7682
259.513 8379
259.515 16406
259.515 14296
259.516 566
259.529 190
259.529 157
259.576 8379
259.579 16406
259.579 16406
259.579 12177
259.579 665
259.62 16406
259.62 938
259.62 8964
259.622 16406
259.622 2408
259.666 16406
259.666 8966
259.669 16406
259.669 782
259.671 1565
259.702 24
259.721 0
259.725 422
259.726 8379
259.728 16406
259.728 24299
259.729 1189
259.77 16406
259.772 24
259.772 16406
259.772 1523
259.773 10698
259.773 36
259.833 16406
259.835 16406
259.835 11509
259.835 966
259.838 386
259.876 16406
259.878 16406
259.878 13318
259.878 122
259.879 1169
259.907 460
259.917 16406
259.917 16402
259.919 14462
259.981 16406
259.981 30
259.983 10662
260.002 8979
260.003 7465
260.007 3385
260.007 27
260.012 416
260.028 16406
260.028 16902
260.062 420
260.062 16406
260.062 16406
260.062 2071
260.066 16406
260.069 16406
260.069 16406
260.069 2086
260.069 1053
260.075 16406
260.077 10005
260.077 16406
260.077 1054
260.08 16406
260.08 1054
260.083 16406
260.083 1529
260.083 12829
260.086 16406
260.086 2352
260.097 16406
260.1 1061
260.102 16406
260.102 13482
260.152 16406
260.152 938
260.154 8487
260.154 16406
260.154 30
260.156 12925
260.216 16406
260.216 30
260.217 1053
260.217 16406
260.217 500
260.22 14704
260.239 9173
260.246 16406
260.248 35
260.248 16406
260.248 10472
260.25 3575
260.272 425
260.3 16406
260.302 1055
260.302 16406
260.302 30
260.304 4408
260.356 8973
260.356 8495
260.359 16406
260.359 30
260.359 12110
260.367 16406
260.367 16406
260.367 30
260.391 16406
260.391 14234
260.428 8979
260.431 16406
260.431 9513
260.431 16406
260.431 1526
260.456 497
260.473 16406
260.473 30
260.476 8693
260.476 16406
260.476 30
260.478 8175
260.515 10174
260.517 16406
260.518 7350
260.557 16406
260.557 30
260.559 16406
260.559 2606
260.58 16406
260.58 30
260.582 16406
260.582 30
260.617 0
260.617 125
260.622 16406
260.622 13106
260.632 0
260.671 16406
260.671 1040
260.674 16406
260.674 30
260.676 15188
260.707 16406
260.707 7140
260.709 9266
260.709 8574
260.755 16406
260.755 30
260.755 1053
260.757 16406
260.757 16310
260.796 601
260.796 8379
260.798 16406
260.798 30
260.801 12081
260.814 16406
260.814 938
260.816 16406
260.816 758
260.856 16406
260.859 1055
260.859 16406
260.859 30
260.859 1399
260.903 16406
260.903 24
260.905 16406
260.905 1523
260.905 13903
260.922 397
260.943 400
260.943 16406
260.943 30
260.945 396
260.945 16406
260.945 1524
260.945 2427
260.964 16406
260.966 13170
261.004 423
261.01 16406
261.012 24
261.012 16406
261.012 2800
261.052 5994
261.055 393
261.055 8973
261.055 16406
261.055 12484
261.057 1968
261.08 16406
261.08 30
261.08 9778
261.116 16406
261.116 30
261.119 16406
261.119 30
261.158 8973
261.16 16406
261.16 7459
261.16 3689
261.198 16406
261.201 16406
261.201 11504
261.201 5992
261.24 8979
261.242 16406
261.242 8161
261.284 16406
261.284 30
261.284 1053
261.287 395
261.287 16406
261.287 30
261.287 829
261.305 434
261.327 16406
261.327 30
261.327 9997
261.33 7331
261.348 16406
261.35 14298
261.374 471
261.412 16406
261.414 351
261.414 16406
261.414 30
261.417 6052
261.453 8973
261.455 8489
261.458 16406
261.458 8356
261.497 16406
261.497 8960
261.499 15324
261.512 476
261.563 16406
261.565 16406
261.565 1525
261.565 7511
261.604 381
261.604 16406
261.604 344
261.607 16406
261.607 30
261.609 15264
261.639 418
261.658 16406
261.658 1048
261.661 16406
261.661 30
261.663 459
261.663 16406
261.663 16406
261.663 10656
261.699 16406
261.702 16406
261.702 12102
261.752 618
261.759 3917
261.764 16406
261.764 16406
261.764 11370
261.815 16406
261.817 16406
261.817 1050
261.824 1059
261.826 16406
261.826 1054
261.826 4588
261.859 16406
261.859 30
261.862 16406
261.862 1517
261.862 9526
261.865 16406
261.865 17129
261.904 16406
261.905 8701
261.905 16406
261.906 424
261.906 30
261.907 4659
262.003 16406
262.005 573
262.009 16406
262.013 16406
262.013 358
262.013 27
262.022 453
262.036 16406
262.036 16406
262.036 496
262.062 420
262.068 16406
262.068 9715
262.074 16406
262.074 16406
262.074 32740
262.074 8964
262.074 16406
262.074 73
262.074 14123
262.076 3344
262.076 5712
262.077 426
262.077 10694
262.077 1529
262.08 16406
262.08 6798
262.081 16406
262.081 2333
262.133 16406
262.133 30
262.133 16406
262.133 16406
262.133 2822
262.16 8973
262.162 16406
262.162 16406
262.162 5008
262.162 848
262.201 16406
262.201 30
262.204 8966
262.204 12852
262.205 3554
262.205 4386
262.236 8092
262.236 1082
262.268 16406
262.268 938
262.272 16406
262.272 17451
262.273 898
262.295 1773
262.295 5712
262.298 10694
262.298 16406
262.298 6825
262.298 778
262.315 0
262.354 16406
262.354 16406
262.354 1518
262.354 7162
262.355 997
262.415 16406
262.415 1048
262.419 16406
262.419 16406
262.419 4192
262.435 16406
262.435 14280
262.436 2126
262.436 1506
262.436 5734
262.437 425
262.437 76
262.481 485
262.485 9500
262.487 16406
262.487 782
262.487 770
262.489 16406
262.489 2210
262.489 554
262.512 8379
262.515 16406
262.515 7164
262.515 930
262.521 5982
262.521 16406
262.521 15050
262.566 8979
262.57 16406
262.57 16406
262.57 14924
262.571 249
262.574 388
262.596 8973
262.598 16406
262.598 13503
262.598 841
262.629 3253
262.629 2856
262.631 13550
262.631 13190
262.672 16406
262.672 30
262.674 16406
262.674 15694
262.674 232
262.708 428
262.714 8379
262.717 16406
262.717 16406
262.717 1025
262.777 8979
262.777 8568
262.779 7838
262.779 1054
262.781 14657
262.822 16406
262.822 16406
262.822 3028
262.822 4306
262.824 1159
262.863 8379
262.866 16406
262.866 12206
262.866 1096
262.876 407
262.89 405
262.917 16406
262.917 16406
262.917 1517
262.917 2879
262.918 1276
262.969 16406
262.971 24
262.971 16406
262.971 782
262.973 7436
262.973 657
263.037 8973
263.04 16406
263.04 16406
263.041 3226
263.041 1370
263.054 419
263.064 433
263.07 16406
263.07 16406
263.07 1517
263.07 4308
263.071 1408
263.101 16406
263.101 16406
263.101 3029
263.102 866
263.141 16406
263.141 13546
263.144 430
263.184 8979
263.185 16406
263.186 16406
263.186 677
263.238 121
263.238 16406
263.238 8963
263.238 16406
263.238 5066
263.238 243
263.251 405
263.265 458
263.267 8979
263.27 16406
263.27 25721
263.271 783
263.289 16406
263.292 16310
263.32 0
263.32 0
263.32 0
263.332 8698
263.334 8973
263.334 16406
263.334 1529
263.336 4987
263.336 994
263.375 8973
263.378 16406
263.378 16776
263.378 89
263.417 16406
263.417 30
263.42 16406
263.42 12465
263.421 1450
263.459 16406
263.462 14618
263.479 8379
263.481 16406
263.481 6861
263.481 1233
263.507 443
263.512 404
263.524 16406
263.524 30
263.526 10003
263.526 16406
263.526 1523
263.528 7843
263.528 189
263.571 16406
263.572 16406
263.572 2541
263.574 6175
263.597 466
263.599 8379
263.601 16406
263.601 4569
263.613 432
263.636 16406
263.639 16406
263.639 38
263.673 16406
263.675 24
263.675 16406
263.675 664
263.678 16406
263.678 16406
263.678 3041
263.679 1067
263.679 7405
263.722 415
263.728 16406
263.728 30
263.728 8590
263.73 1442
263.73 13397
263.781 16406
263.781 8960
263.784 16406
263.784 3638
263.784 1347
263.822 16406
263.824 16406
263.824 10471
263.824 5734
263.826 944
263.864 8379
263.867 8973
263.867 9996
263.869 6410
263.869 16406
263.869 1528
263.869 1054
263.87 462
263.891 390
263.891 417
263.928 8379
263.931 8979
263.931 16406
263.931 9982
263.935 15098
263.935 16406
263.935 2092
263.935 1221
263.944 534
263.991 8979
263.993 7465
263.996 12786
263.996 27
264.018 16406
264.018 16406
264.018 496
264.044 420
264.046 540
264.046 16406
264.046 774
264.052 16406
264.052 10277
264.052 1428
264.053 420
264.053 14978
264.053 16406
264.053 32798
264.053 12059
264.055 16406
264.055 14912
264.056 6687
264.058 16406
264.058 16406
264.058 4685
264.061 16406
264.061 16406
264.061 30
264.099 16406
264.101 8968
264.103 16406
264.103 1522
264.103 5156
264.119 8379
264.122 8979
264.122 16406
264.122 1428
264.123 6976
264.142 8979
264.144 8964
264.144 7527
264.164 16406
264.166 16406
264.166 38
264.184 15310
264.186 16406
264.187 8967
264.188 4869
264.223 459
264.226 0
264.229 4010
264.229 4113
264.229 751
264.249 16406
264.251 10005
264.252 16406
264.252 1054
264.255 12539
264.293 16406
264.296 16406
264.296 11504
264.296 106
264.332 361
264.335 16406
264.335 1046
264.335 9996
264.337 6410
264.337 3890
264.353 455
264.398 8979
264.4 16406
264.4 1529
264.4 9858
264.44 8379
264.443 16406
264.443 1530
264.443 1996
264.483 16406
264.483 12042
264.554 208
264.558 16406
264.558 16406
264.558 2429
264.56 4351
264.591 16406
264.592 24
264.595 16406
264.595 1054
264.595 3523
264.634 16406
264.634 938
264.636 16406
264.636 7150
264.7 16406
264.702 16406
264.702 1062
264.702 16406
264.702 2078
264.704 5334
264.717 489
264.729 16406
264.731 1536
264.731 16406
264.731 6747
264.782 8979
264.785 16406
264.785 8568
264.786 7838
264.786 32
264.789 11655
264.855 16406
264.857 1536
264.857 16406
264.857 1536
264.86 2984
264.879 8379
264.879 8973
264.881 16406
264.881 3634
264.93 8979
264.932 7465
264.936 16406
264.936 1522
264.936 14086
264.988 408
264.999 16406
264.999 10005
265.002 16406
265.002 1048
265.003 6661
265.038 16406
265.04 16406
265.04 11826
265.057 8379
265.059 16406
265.059 1756
265.083 9190
265.086 16406
265.086 7254
265.102 8379
265.105 16406
265.105 423
265.105 1524
265.108 1006
265.13 412
265.143 8379
265.145 8973
265.147 16406
265.147 1529
265.148 2886
265.166 16406
265.168 9166
265.189 8979
265.191 16406
265.191 1522
265.193 5973
265.232 16406
265.232 16406
265.232 1234
265.276 478
265.302 8379
265.305 16406
265.305 30
265.305 16406
265.305 10466
265.31 16406
265.31 3026
265.31 16406
265.31 10139
265.312 16406
265.312 16406
265.312 11424
265.312 2432
265.332 16406
265.334 16406
265.335 4858
265.379 16406
265.382 16406
265.382 10480
265.384 16406
265.384 9036
265.384 7870
265.386 0
265.386 126
265.386 286
265.397 408
265.402 0
265.421 8379
265.423 16406
265.423 30
265.424 3572
265.429 8973
265.429 1428
265.431 14978
265.431 7479
265.465 8965
265.466 16406
265.468 11699
265.479 8979
265.483 16406
265.483 7465
265.549 16406
265.552 16406
265.552 1062
265.554 16406
265.554 2554
265.555 3165
265.558 397
265.57 8979
265.573 16406
265.573 1713
265.594 2601
265.594 8379
265.597 16406
265.597 30
265.597 5493
265.634 8979
265.636 16406
265.636 8489
265.638 16406
265.638 1522
265.638 3577
265.699 16406
265.702 16406
265.702 10005
265.702 5479
265.745 8379
265.747 16406
265.747 12465
265.785 16406
265.785 1054
265.787 16406
265.787 4402
265.85 448
265.85 8379
265.85 7140
265.852 9266
265.852 8761
265.892 16406
265.892 24
265.892 16406
265.892 6240
265.935 16406
265.936 16406
265.936 7070
265.998 12250
266.001 27
266.023 16406
266.023 16406
266.023 496
266.051 420
266.051 8222
266.054 16406
266.054 16406
266.054 1415
266.058 16406
266.058 16406
266.058 8674
266.058 16406
266.058 7710
266.061 16406
266.061 16406
266.061 32760
266.062 126
266.066 16406
266.066 16406
266.066 32677
266.067 163
266.067 16406
266.067 6867
266.069 16406
266.069 8379
266.071 16406
266.071 1054
266.072 8445
266.1 446
266.105 8973
266.108 16406
266.108 15067
266.149 16406
266.149 30
266.152 16406
266.152 1524
266.152 359
266.21 425
266.218 8965
266.221 16406
266.221 4979
266.224 4010
266.224 4846
266.242 388
266.26 8979
266.263 16406
266.263 8725
266.302 8973
266.304 16406
266.304 11795
266.365 16406
266.365 30
266.365 16406
266.365 1046
266.375 465
266.404 1489
266.404 9996
266.406 6410
266.406 343
266.409 16406
266.409 30
266.409 3151
266.446 8979
266.446 475
266.449 16406
266.45 8105
266.501 16406
266.501 1048
266.501 16406
266.501 30
266.503 7284
266.543 503
266.554 16406
266.557 16406
266.557 16406
266.557 6605
266.557 16406
266.557 4199
266.622 16406
266.622 1048
266.622 16406
266.622 30
266.624 12924
266.649 16406
266.649 1048
266.651 16406
266.651 7416
266.704 16406
266.704 344
266.707 16406
266.707 10884
266.756 456
266.767 8979
266.769 16406
266.769 16406
266.769 49
266.81 16406
266.81 30
266.812 16406
266.812 3790
266.854 16406
266.856 8963
266.856 16406
266.856 7913
266.857 563
266.906 0
266.918 16406
266.918 16406
266.918 5106
266.925 416
266.946 436
266.96 16406
266.96 938
266.964 16406
266.964 5966
266.972 479
267 317
267.004 16406
267.004 1523
267.005 16406
267.006 32812
267.006 1445
267.065 8379
267.068 16406
267.068 13725
267.11 8979
267.11 7465
267.112 2856
267.112 13550
267.112 1516
267.112 234
267.114 16406
267.114 16400
267.116 16406
267.116 10486
267.116 5992
267.212 15070
267.214 8379
267.216 16406
267.216 1054
267.216 9996
267.218 6410
267.218 30
267.218 16406
267.218 6365
267.229 407
267.235 427
267.301 16406
267.301 30
267.304 16406
267.304 16406
267.304 2078
267.305 16406
267.305 1515
267.308 16406
267.308 16406
267.308 14881
267.308 2689
267.311 431
267.318 425
267.374 403
267.374 8979
267.374 7465
267.374 16406
267.374 1054
267.374 1989
267.408 8379
267.411 16406
267.411 10321
267.416 0
267.416 0
267.449 8379
267.451 16406
267.451 30
267.451 16406
267.451 1054
267.453 6901
267.516 16406
267.516 30
267.517 343
267.52 16406
267.52 16406
267.52 32766
267.521 68
267.521 16406
267.522 11424
267.523 4982
267.523 16493
267.523 5289
267.555 8979
267.557 16406
267.557 5893
267.655 16406
267.657 5462
267.666 16406
267.666 9872
267.668 6572
267.702 401
267.705 16406
267.708 35
267.708 16406
267.708 1054
267.709 10550
267.728 445
267.757 464
267.762 16406
267.762 30
267.764 343
267.764 11424
267.765 4982
267.765 30
267.765 1595
267.769 16406
267.769 16406
267.769 8379
267.769 16406
267.769 30
267.772 16406
267.772 16406
267.772 8019
267.773 16406
267.773 16406
267.773 1112
267.855 8379
267.857 16406
267.857 14777
267.897 8979
267.9 16406
267.9 9157
267.908 433
267.922 386
267.948 16406
267.948 1530
267.948 15930
267.984 16406
267.984 30
267.984 8966
267.986 7478
268.037 8979
268.037 14149
268.037 27
268.059 414
268.059 16406
268.059 16902
268.088 16406
268.088 16406
268.088 32235
268.088 17136
268.089 15676
268.089 4917
268.089 16406
268.089 1054
268.091 16406
268.093 16406
268.093 32
268.093 4284
268.094 5226
268.097 16406
268.097 10940
268.1 16406
268.1 1141
268.1 16406
268.1 1054
268.104 7465
268.104 5712
268.105 10694
268.107 16406
268.107 32
268.109 11962
268.112 16406
268.112 1140
268.115 16406
268.115 10463
268.118 16406
268.118 9053
268.122 16406
268.122 1529
268.124 16406
268.124 579
268.127 16406
268.127 1529
268.129 16406
268.129 967
268.132 16406
268.132 1529
268.132 16406
268.132 191
268.135 16406
268.135 8489
268.136 16406
268.137 10472
268.139 16139
268.141 16406
268.141 7098
268.141 10042
268.147 16406
268.147 30
268.147 12852
268.148 1250
268.208 416
268.218 16406
268.218 30
268.22 10003
268.22 9148
268.22 8265
268.257 436
268.261 8379
268.261 16406
268.262 5001
268.295 0
268.3 8979
268.3 16406
268.3 4213
268.364 16406
268.366 16406
268.366 922
268.407 16406
268.409 13922
268.45 16406
268.453 13170
268.515 16406
268.515 8964
268.517 5168
268.556 16406
268.558 16178
268.575 411
268.599 8379
268.601 8973
268.601 16406
268.601 6078
268.618 446
268.663 8979
268.665 16406
268.665 14873
268.705 5358
268.705 468
268.709 16406
268.709 30
268.709 9526
268.747 408
268.749 437
268.752 16406
268.755 11478
268.794 0
268.794 128
268.794 2479
268.812 8379
268.814 16406
268.814 4625
268.858 16406
268.86 16406
268.86 1062
268.86 1261
268.897 13046
268.901 16406
268.901 1523
268.901 13317
268.901 476
268.964 16406
268.964 16406
268.964 1525
268.966 8263
269.005 8379
269.009 16406
269.009 30
269.009 12709
269.048 8973
269.051 16406
269.051 16406
269.051 4887
269.113 8973
269.115 8964
269.117 16406
269.117 2297
269.143 462
269.155 8979
269.157 16406
269.157 397
269.196 8973
269.199 16406
269.199 6851
269.228 404
269.26 501
269.26 16406
269.26 2725
269.263 16406
269.263 5231
269.266 412
269.302 8379
269.304 16406
269.304 10003
269.306 16406
269.306 1529
269.307 2900
269.318 424
269.346 16406
269.349 16406
269.349 10886
269.36 563
269.41 1497
269.413 16406
269.413 10003
269.415 16406
269.415 1529
269.416 4274
269.445 462
269.456 8979
269.46 16406
269.46 16406
269.46 9513
269.462 16406
269.462 16406
269.462 15807
269.463 16406
269.463 583
269.463 16406
269.463 1008
269.498 417
269.51 392
269.557 15634
269.56 8973
269.561 16406
269.561 1399
269.601 8379
269.604 8979
269.604 16406
269.604 16406
269.605 17966
269.646 8979
269.646 16406
269.646 341
269.695 8379
269.697 8973
269.697 16406
269.697 1529
269.7 16406
269.7 16406
269.7 1559
269.712 416
269.721 422
269.728 5322
269.73 16406
269.73 3446
269.746 452
269.818 8379
269.821 16406
269.821 16406
269.821 8601
269.858 16406
269.861 16406
269.861 16406
269.861 18486
269.863 16406
269.863 16406
269.863 3100
269.864 16406
269.864 1026
269.878 121
269.893 397
269.913 448
269.937 421
269.96 14726
269.997 476
270.015 16406
270.015 30
270.017 12222
270.019 27
270.041 16406
270.041 16902
270.069 420
270.071 8222
270.073 9246
270.074 16406
270.074 30
270.074 1053
270.083 16406
270.083 30
270.083 7273
270.086 507
270.086 16406
270.086 30
270.087 8693
270.089 16406
270.089 30
270.092 16406
270.092 16406
270.092 9312
270.094 16406
270.094 30
270.096 16406
270.096 658
270.1 16406
270.1 30
270.1 1053
270.102 16406
270.102 30
270.102 1053
270.106 16406
270.106 30
270.106 16216
270.108 16406
270.108 1529
270.108 15075
270.11 10142
270.112 16406
270.112 1061
270.112 5773
270.114 16406
270.114 30
270.114 15865
270.116 15717
270.119 16406
270.119 14315
270.121 16406
270.121 16406
270.121 3035
270.121 3277
270.123 16406
270.123 16332
270.123 7140
270.125 9266
270.125 16406
270.125 74
270.125 16406
270.125 7140
270.126 1132
270.193 15258
270.212 0
270.216 9148
270.251 404
270.295 16406
270.295 3950
270.335 397
270.363 436
270.371 402
270.395 16406
270.396 5838
270.459 16406
270.461 12606
270.52 423
270.559 8973
270.562 15903
270.566 16406
270.566 16406
270.566 162
270.573 422
270.607 16406
270.607 30
270.609 1053
270.609 16406
270.609 30
270.615 16406
270.615 16406
270.615 32757
270.615 560
270.691 16406
270.691 8870
270.711 433
270.715 16406
270.715 30
270.715 16010
270.742 458
270.756 417
270.756 16406
270.756 8962
270.76 16406
270.76 16406
270.76 12510
270.799 16406
270.799 1048
270.801 8460
270.864 2349
270.864 8379
270.867 16406
270.867 16406
270.867 32758
270.869 10390
270.869 16406
270.869 7479
270.935 479
270.948 16406
270.951 16406
270.951 15098
271.012 8979
271.012 8489
271.015 16406
271.015 30
271.015 1053
271.018 16406
271.018 30
271.018 7273
271.02 16406
271.02 30
271.02 8094
271.02 10398
271.022 16406
271.023 30
271.024 874
271.063 414
271.069 390
271.092 427
271.103 16406
271.103 30
271.103 16406
271.103 6046
271.134 432
271.139 16406
271.139 30
271.139 9534
271.161 16406
271.161 30
271.165 16406
271.165 16406
271.165 9321
271.167 16406
271.167 30
271.167 16406
271.167 6579
271.177 563
271.18 409
271.2 439
271.23 447
271.247 8973
271.252 16406
271.252 5712
271.252 2783
271.252 5586
271.311 16406
271.311 1048
271.313 16406
271.313 30
271.316 416
271.316 16406
271.316 1054
271.319 16406
271.319 16406
271.319 5036
271.321 16406
271.321 30
271.321 16406
271.321 30
271.346 441
271.412 16406
271.412 4358
271.417 16406
271.417 8960
271.417 1428
271.418 411
271.418 359
271.447 16406
271.449 425
271.449 1055
271.449 16406
271.449 16406
271.45 5265
271.453 16406
271.453 10108
271.455 16406
271.455 16406
271.455 1871
271.455 5743
271.458 16406
271.458 30
271.458 6793
271.498 449
271.547 3493
271.549 15542
271.584 438
271.612 8379
271.615 16406
271.615 30
271.617 8966
271.62 16406
271.62 1529
271.62 15270
271.623 16406
271.623 30
271.625 7078
271.625 16406
271.625 2430
271.651 16406
271.651 1048
271.654 16406
271.654 30
271.656 10512
271.656 4284
271.657 12122
271.658 9872
271.658 6572
271.675 16406
271.675 1054
271.679 16406
271.679 30
271.681 16406
271.682 15352
271.682 16406
271.682 2448
271.686 417
271.695 16406
271.695 30
271.697 16406
271.697 30
271.707 471
271.716 16406
271.716 30
271.718 408
271.718 16406
271.718 1368
271.72 16406
271.72 30
271.722 1239
271.722 16406
271.722 30
271.724 13829
271.726 4654
271.726 16406
271.726 30
271.728 16406
271.728 2078
271.728 16406
271.728 1054
271.731 16406
271.731 30
271.731 10472
271.733 16406
271.733 1911
271.738 16406
271.738 15328
271.738 16406
271.738 8379
271.738 564
271.747 433
271.755 405
271.755 410
271.778 8379
271.781 16406
271.781 30
271.781 8966
271.786 14357
271.802 16406
271.802 1054
271.802 16406
271.804 781
271.823 13462
271.825 16406
271.825 30
271.827 2981
271.845 16406
271.846 9534
271.905 8379
271.908 16406
271.908 30
271.909 5001
271.996 16406
272 9034
272 27
272.021 16406
272.021 16406
272.021 496
272.048 8408
272.052 16406
272.052 1523
272.054 8777
272.054 16406
272.054 1716
272.056 16406
272.056 4442
272.058 1386
272.058 16406
272.059 10463
272.061 16406
272.062 15156
272.062 5858
272.064 16406
272.064 8480
272.1 412
272.1 16406
272.1 30
272.103 16406
272.103 3102
272.2 8979
272.202 14957
272.209 8092
272.209 1051
272.209 31
272.253 16406
272.256 16406
272.256 12214
272.256 4530
272.297 445
272.315 16406
272.315 9997
272.317 12407
272.354 16406
272.354 1048
272.394 16406
272.394 30
272.394 4087
272.4 8379
272.404 16406
272.404 30
272.404 16406
272.404 7041
272.439 8379
272.441 16406
272.441 2125
272.464 16406
272.464 30
272.464 8966
272.466 7478
272.507 16406
272.507 944
272.509 16406
272.509 6204
272.547 8979
272.549 16406
272.549 8956
272.551 7319
272.613 16406
272.616 16406
272.616 16406
272.616 3024
272.616 3483
272.656 16406
272.659 16406
272.66 10474
272.662 120
272.696 8379
272.698 8973
272.7 16406
272.7 1528
272.7 8096
272.762 16406
272.766 16406
272.766 10467
272.766 4341
272.807 16406
272.807 1048
272.807 16406
272.807 5912
272.848 16406
272.848 8953
272.848 14071
272.897 8979
272.9 16406
272.9 16406
272.9 6817
272.918 456
272.939 464
272.951 462
272.951 8979
272.953 8489
272.953 9996
272.955 6410
272.955 30
272.955 14686
272.976 409
272.978 504
273.009 386
273.018 16406
273.057 422
273.058 16406
273.058 7290
273.058 4998
273.058 447
273.058 8379
273.061 16406
273.061 30
273.064 16406
273.064 9278
273.064 2304
273.102 16406
273.102 30
273.104 16406
273.104 9882
273.127 453
273.132 394
273.139 442
273.143 460
273.145 439
273.169 16406
273.169 16406
273.169 7077
273.17 5767
273.197 404
273.2 0
273.2 128
273.2 3787
273.209 404
273.209 16406
273.209 30
273.211 10003
273.211 5712
273.213 6445
273.217 0
273.227 388
273.239 419
273.278 16406
273.278 439
273.278 448
273.278 1055
273.278 16406
273.278 30
273.278 16406
273.278 1999
273.278 906
273.318 16406
273.322 11424
273.323 4982
273.323 1266
273.323 13974
273.329 387
273.353 448
273.359 16406
273.361 16406
273.361 1526
273.362 5122
273.396 364
273.396 16406
273.396 30
273.399 16406
273.399 1054
273.401 416
273.401 16406
273.401 990
273.421 385
273.445 381
273.454 454
273.465 16406
273.465 1048
273.467 16406
273.467 16252
273.498 16406
273.498 16406
273.498 16924
273.532 409
273.548 8973
273.551 16393
273.551 16406
273.551 1529
273.552 644
273.563 429
273.584 0
273.616 16406
273.619 24
273.621 16406
273.621 1054
273.623 16406
273.623 1054
273.623 5988
273.643 422
273.651 16406
273.651 30
273.653 16406
273.653 16406
273.653 1262
273.698 1909
273.7 8973
273.7 16406
273.7 1522
273.704 16406
273.704 1522
273.705 403
273.705 2334
273.727 443
273.746 440
273.765 16406
273.765 9997
273.769 16406
273.769 13883
273.809 16406
273.809 16406
273.809 16406
273.809 3714
273.849 16406
273.851 16406
273.851 12202
273.881 16406
273.883 8978
273.916 16406
273.916 8960
273.916 7484
273.979 2733
273.979 12852
273.981 3554
273.981 16406
273.981 9998
273.997 7174
274 27
274.021 16406
274.021 16902
274.062 420
274.065 16406
274.065 16406
274.065 2078
274.068 16406
274.068 30
274.07 1053
274.073 16406
274.073 30
274.077 16406
274.077 16406
274.077 32767
274.077 4641
274.08 583
274.08 16406
274.08 30
274.083 8206
274.083 16406
274.083 30
274.087 16406
274.087 9007
274.087 14673
274.103 8379
274.106 16406
274.106 344
274.109 16406
274.109 30
274.109 6107
274.15 16406
274.15 30
274.15 8693
274.153 15459
274.204 8842
274.212 16406
274.217 16406
274.217 15154
274.254 8379
274.256 16406
274.257 16406
274.257 837
274.275 0
274.299 16406
274.299 1048
274.304 16406
274.304 30
274.306 6344
274.362 8979
274.364 7779
274.368 16406
274.368 16406
274.368 344
274.37 7778
274.406 16406
274.406 30
274.408 16406
274.408 15578
274.448 16406
274.448 9997
274.452 16167
274.491 16406
274.491 30
274.491 8782
274.512 16406
274.512 8960
274.512 7140
274.513 344
274.553 11058
274.556 16406
274.556 1046
274.556 16406
274.556 30
274.558 6354
274.618 16406
274.618 30
274.618 1053
274.621 16406
274.621 9441
274.622 8527
274.653 8379
274.657 16406
274.657 30
274.657 343
274.658 16406
274.658 10807
274.705 16406
274.706 30
274.706 1053
274.708 16406
274.708 30
274.709 13294
274.766 8379
274.769 16406
274.769 1054
274.769 16406
274.769 9965
274.812 16406
274.812 30
274.814 16406
274.814 15522
274.852 16406
274.852 30
274.855 16406
274.855 13942
274.898 16406
274.898 8966
274.899 973
274.915 8973
274.918 16406
274.918 7471
274.958 16406
274.958 1048
274.961 16406
274.961 30
274.963 15876
275.002 16406
275.002 30
275.004 16406
275.004 16150
275.069 16406
275.069 30
275.071 8964
275.071 16406
275.071 1523
275.073 7407
275.108 16406
275.108 1048
275.112 16406
275.112 16406
275.113 432
275.145 420
275.148 16406
275.148 1048
275.151 16406
275.151 500
275.151 8450
275.194 422
275.214 15938
275.216 1515
275.216 16406
275.216 1054
275.219 16406
275.219 1054
275.221 4220
275.262 16406
275.262 30
275.263 1053
275.263 16406
275.263 1054
275.265 16406
275.265 2410
275.279 16406
275.28 30
275.28 10286
275.287 419
275.3 10390
275.302 16406
275.302 6054
275.313 366
275.313 443
275.323 16406
275.323 30
275.323 10474
275.364 16406
275.364 30
275.367 16406
275.367 344
275.367 8740
275.381 408
275.383 8973
275.385 476
275.385 16406
275.385 3599
275.405 16406
275.407 16406
275.407 38
275.45 16406
275.45 30
275.453 401
275.454 16406
275.454 11027
275.456 10221
275.473 426
275.477 508
275.491 8973
275.494 16406
275.494 8675
275.502 418
275.506 426
275.514 8973
275.517 16406
275.517 7471
275.535 16406
275.535 8782
275.537 423
275.552 16406
275.552 30
275.555 16406
275.555 30
275.569 383
275.578 16406
275.578 1523
275.58 9357
275.59 395
275.594 395
275.6 16406
275.6 30
275.6 16406
275.6 30
275.64 10925
275.642 410
275.642 16406
275.642 6159
275.668 16406
275.668 30
275.668 8966
275.671 7478
275.674 394
275.68 384
275.682 16406
275.682 30
275.682 10098
275.699 454
275.703 16406
275.703 8960
275.705 563
275.705 7484
275.717 389
275.747 16406
275.747 210
275.75 16406
275.75 20684
275.776 16406
275.776 11790
275.786 417
275.812 16406
275.812 1048
275.815 16406
275.815 8412
275.831 16406
275.831 1040
275.835 12848
275.854 8379
275.857 16406
275.857 30
275.857 8065
275.896 8379
275.9 16406
275.9 30
275.9 10472
275.902 16406
275.902 4119
275.918 16406
275.918 30
275.918 13106
275.984 16406
275.984 1048
275.986 16406
275.986 30
275.986 7848
276.005 16406
276.008 2397
276.008 27
276.02 419
276.026 385
276.029 16406
276.029 16406
276.029 496
276.059 8408
276.059 9246
276.062 16406
276.062 1054
276.062 16406
276.063 30
276.066 16406
276.066 1054
276.066 16406
276.066 2078
276.068 16406
276.068 30
276.068 8964
276.07 16406
276.07 10552
276.073 16406
276.073 8210
276.078 397
276.09 16406
276.092 11798
276.094 16406
276.096 15001
276.096 1450
276.118 398
276.132 444
276.152 8379
276.155 16406
276.155 938
276.157 16406
276.158 1047
276.158 11687
276.159 358
276.175 437
276.196 0
276.199 8834
276.216 16406
276.218 1055
276.218 16406
276.218 30
276.221 15717
276.221 1184
276.238 392
276.257 16406
276.26 1055
276.26 16406
276.26 30
276.262 16406
276.262 760
276.264 414
276.264 829
276.298 397
276.3 11362
276.304 16406
276.304 1523
276.304 11424
276.305 4982
276.305 7820
276.305 414
276.316 359
276.368 16406
276.37 1055
276.37 16406
276.37 30
276.373 16406
276.373 753
276.373 800
276.373 441
276.397 16406
276.397 1048
276.4 16406
276.4 30
276.4 14288
276.401 56
276.407 499
276.437 418
276.45 440
276.451 8979
276.455 16406
276.455 17914
276.455 7031
276.514 8973
276.517 16406
276.517 16406
276.517 7489
276.518 735
276.532 421
276.557 16406
276.559 16406
276.559 32
276.561 2075
276.561 16406
276.561 30
276.563 4294
276.563 729
276.6 16406
276.601 16406
276.601 16469
276.601 1292
276.612 458
276.628 381
276.665 16406
276.667 8974
276.667 421
276.67 16406
276.67 782
276.67 9337
276.67 1094
276.707 16406
276.709 35
276.713 16406
276.713 16406
276.713 3632
276.713 1043
276.717 392
276.75 16406
276.75 30
276.752 8966
276.752 16406
276.752 4950
276.792 8379
276.794 16406
276.794 3999
276.794 975
276.814 16406
276.814 7140
276.815 9266
276.815 32
276.815 33
276.852 16406
276.854 16406
276.854 352
276.854 8568
276.855 7838
276.855 344
276.855 1130
276.855 1036
276.899 16406
276.901 8974
276.904 16406
276.904 2078
276.904 2252
276.904 302
276.921 8973
276.921 16406
276.921 782
276.922 213
276.963 16406
276.965 1061
276.965 16406
276.965 7164
276.967 707
277.005 16406
277.007 16406
277.007 16406
277.007 1890
277.007 212
277.008 4490
277.051 16406
277.051 16406
277.051 15416
277.052 763
277.07 8379
277.071 16113
277.073 921
277.112 8379
277.115 16406
277.115 30
277.115 15716
277.116 838
277.134 16406
277.134 8107
277.135 892
277.154 16406
277.156 16406
277.156 38
277.197 16406
277.199 1055
277.199 16406
277.199 30
277.2 16406
277.2 753
277.2 460
277.225 8379
277.225 16406
277.227 1568
277.276 16406
277.279 16406
277.279 8310
277.283 8979
277.285 16027
277.285 1347
277.307 16406
277.308 16406
277.309 43
277.346 16406
277.349 16406
277.349 21060
277.415 16406
277.415 944
277.415 14664
277.415 941
277.415 16406
277.415 16406
277.415 43
277.448 16406
277.448 8974
277.451 16406
277.451 1529
277.451 11362
277.453 1330
277.5 16406
277.5 1061
277.502 16406
277.502 30
277.502 1053
277.504 16406
277.504 30
277.504 1157
277.505 529
277.538 16406
277.54 8974
277.54 5674
277.56 8973
277.56 7465
277.562 16406
277.562 36
277.607 16406
277.607 16406
277.607 16406
277.607 32
277.608 515
277.646 16406
277.646 1061
277.648 16406
277.648 30
277.648 8584
277.649 547
277.695 16406
277.697 351
277.697 16406
277.697 30
277.699 10012
277.699 8725
277.7 1286
277.751 14251
277.751 16406
277.753 16406
277.753 2437
277.815 16406
277.815 24
277.817 16406
277.817 10317
277.819 1911
277.819 273
277.858 8379
277.86 16406
277.86 35
277.863 16406
277.863 1046
277.863 3204
277.905 16406
277.905 35
277.908 16406
277.908 1523
277.908 9947
277.909 1347
278.005 8379
278.007 5725
278.011 8379
278.011 7140
278.012 9266
278.015 2000
278.015 27
278.093 27
278.195 9147
278.227 387
278.242 388
278.299 16406
278.299 16406
278.299 496
278.323 403
278.323 16406
278.323 16406
278.323 25704
278.326 7108
278.326 49218
278.326 15799
278.326 19992
278.328 41412
278.328 39984
278.33 21420
278.33 61404
278.33 2856
278.33 5712
278.331 55692
278.331 2719
278.349 8379
278.351 4008
278.351 16406
278.351 1523
278.353 8609
278.413 16406
278.413 30
278.416 1053
278.416 16406
278.416 30
278.418 1053
278.418 16406
278.418 30
278.42 2973
278.449 392
278.452 16406
278.452 1054
278.454 16406
278.454 7730
278.498 16406
278.498 1048
278.501 16406
278.501 30
278.502 5028
278.512 417
278.566 16406
278.566 1048
278.569 16406
278.569 30
278.569 499
278.571 13282
278.606 16406
278.609 16406
278.609 5302
278.615 400
278.649 16406
278.649 16406
278.649 868
278.651 12108
278.68 436
278.707 389
278.713 16406
278.713 1048
278.716 16406
278.716 30
278.716 499
278.719 16406
278.719 338
278.758 16406
278.758 30
278.76 16406
278.76 1524
278.76 9384
278.799 16406
278.799 1048
278.802 16406
278.802 30
278.802 5348
278.861 16406
278.864 16406
278.864 14646
278.898 431
278.903 8379
278.906 16406
278.906 30
278.908 16406
278.908 3469
278.939 431
278.948 6618
278.951 16406
278.951 30
278.951 16406
278.951 1282
278.958 436
279.014 16406
279.014 30
279.016 8966
279.016 16406
279.016 8090
279.019 465
279.062 16406
279.062 1048
279.064 16406
279.064 6476
279.071 394
279.097 7086
279.099 16406
279.099 14622
279.137 378
279.141 16406
279.141 30
279.141 9534
279.161 16406
279.162 30
279.162 16406
279.163 35
279.172 415
279.204 16406
279.204 1048
279.207 16406
279.207 30
279.207 11176
279.252 16406
279.252 30
279.253 16406
279.253 1252
279.256 4015
279.266 8379
279.269 16406
279.269 30
279.271 2124
279.309 8379
279.312 16406
279.312 13141
279.353 8973
279.355 8964
279.359 16406
279.359 30
279.363 13333
279.375 413
279.375 404
279.416 16406
279.416 8373
279.419 436
279.419 16406
279.419 6295
279.458 16406
279.458 30
279.46 16406
279.46 8378
279.499 395
279.503 16406
279.504 30
279.504 1053
279.506 16406
279.506 30
279.506 4966
279.569 16406
279.569 1048
279.569 16406
279.569 30
279.571 9164
279.59 16406
279.59 1523
279.59 7467
279.592 1355
279.609 16406
279.609 30
279.611 16406
279.611 30
279.616 427
279.651 9994
279.654 16406
279.654 16406
279.654 6742
279.706 0
279.709 407
279.72 16406
279.72 30
279.72 10003
279.723 8489
279.725 16406
279.725 30
279.725 4854
279.727 0
279.745 8379
279.748 16406
279.748 30
279.748 8966
279.749 16406
279.749 1536
279.749 2370
279.761 460
279.8 16406
279.802 1055
279.802 7140
279.802 9266
279.802 30
279.804 9352
279.822 16406
279.822 30
279.824 15362
279.867 16406
279.867 30
279.869 1053
279.879 123
279.879 16406
279.879 6150
279.901 16406
279.901 30
279.901 1053
279.905 16406
279.905 30
279.905 15682
279.973 437
279.979 16406
279.981 1055
279.981 16406
279.981 30
279.984 1053
279.984 16406
279.984 30
279.986 1522
279.986 6695
279.986 27
280.007 16406
280.007 16406
280.007 496
280.038 420
280.042 8222
280.044 16406
280.044 10270
280.057 16406
280.057 30
280.06 16406
280.06 16406
280.06 3021
280.062 4352
280.067 16406
280.067 1054
280.067 16406
280.067 30
280.068 499
280.068 16406
280.068 1528
280.072 5085
280.072 16406
280.072 30
280.076 9339
280.077 15372
280.08 16406
280.08 30
280.08 1053
280.083 16406
280.083 30
280.083 12852
280.085 3554
280.085 10457
280.087 16406
280.087 4021
280.089 16406
280.089 30
280.091 16406
280.091 550
280.093 16406
280.093 1529
280.096 16406
280.096 7004
280.099 16406
280.099 7925
280.1 6165
280.103 16406
280.103 15042
280.118 399
280.133 427
280.163 16406
280.163 344
280.163 8568
280.164 7838
280.164 30
280.164 1539
280.189 4010
280.189 5159
280.208 16406
280.208 938
280.212 16406
280.212 1529
280.212 1194
280.228 413
280.251 16406
280.251 30
280.253 16406
280.253 1523
280.253 5193
280.275 0
280.298 505
280.314 16406
280.317 16406
280.317 7690
280.36 16406
280.36 30
280.36 8966
280.362 3473
280.389 0
280.389 16150
280.389 1230
280.398 8379
280.399 16406
280.399 1524
280.399 2002
280.405 0
280.44 460
280.453 445
280.464 16406
280.464 30
280.466 16406
280.466 1524
280.466 6996
280.5 426
280.505 16406
280.505 5712
280.507 10694
280.507 32
280.507 9700
280.549 401
280.549 16406
280.549 30
280.553 9293
280.553 10855
280.577 564
280.615 8379
280.615 8973
280.615 14280
280.615 2126
280.615 1529
280.615 6271
280.632 10342
280.632 8973
280.634 5911
280.658 16406
280.658 30
280.658 8838
280.696 16406
280.698 16406
280.698 3798
280.737 8379
280.739 16406
280.739 997
280.76 8973
280.762 16401
280.762 7484
280.792 432
280.8 564
280.804 8979
280.806 16406
280.806 12429
280.846 8379
280.846 8973
280.85 16406
280.85 1529
280.85 1570
280.885 388
280.888 16406
280.889 8790
280.932 16406
280.935 14862
280.955 16406
280.955 30
280.955 16406
280.955 30
280.966 473
280.979 491
281.016 16406
281.016 1055
281.019 16406
281.019 30
281.019 16406
281.019 4004
281.058 8979
281.061 16406
281.061 5661
281.104 16406
281.106 24
281.106 16406
281.106 1054
281.109 3147
281.141 417
281.166 16406
281.166 8960
281.168 16406
281.168 1529
281.169 1388
281.217 8979
281.221 16406
281.221 1529
281.221 12058
281.252 16406
281.252 1047
281.256 16406
281.256 30
281.256 16406
281.256 2078
281.258 16406
281.258 30
281.26 8957
281.262 16406
281.262 2956
281.262 8472
281.267 407
281.274 456
281.316 16406
281.316 35
281.319 10718
281.331 423
281.34 400
281.356 16406
281.357 30
281.358 16406
281.358 1517
281.358 1362
281.402 16406
281.405 16406
281.405 16406
281.405 2807
281.405 3192
281.463 12522
281.467 8959
281.467 16406
281.467 1522
281.468 6361
281.48 535
281.503 16406
281.503 8967
281.506 16406
281.507 7854
281.51 16406
281.51 1522
281.51 2660
281.549 16406
281.551 16406
281.552 9014
281.552 3493
281.613 16406
281.616 16406
281.616 6242
281.657 16406
281.658 16406
281.658 8954
281.659 8910
281.661 467
281.68 8979
281.682 16406
281.682 2653
281.701 16406
281.701 30
281.702 16406
281.702 30
281.744 470
281.751 456
281.763 10442
281.768 16406
281.768 16406
281.768 3474
281.802 16406
281.804 10005
281.804 16406
281.804 1529
281.806 11764
281.848 16406
281.848 8373
281.851 12207
281.851 16406
281.851 30
281.856 16406
281.856 30
281.856 16406
281.856 30
281.858 4182
281.858 12262
281.891 8979
281.893 16406
281.893 661
281.978 16406
281.978 30
281.978 1053
281.981 16406
281.981 30
281.981 1769
281.996 3413
282.001 27
282.013 397
282.022 16406
282.023 16406
282.023 496
282.088 420
282.091 16406
282.091 16406
282.091 16406
282.092 16355
282.109 16406
282.111 16406
282.111 16406
282.111 32
282.114 434
282.114 16367
282.116 16406
282.116 16406
282.116 32
282.119 16406
282.119 30
282.119 16345
282.126 425
282.132 403
282.132 16406
282.133 16406
282.133 32
282.133 16406
282.133 30
282.135 16367
282.135 16406
282.136 409
282.141 16406
282.141 16406
282.141 32
282.141 14280
282.142 2072
282.142 16406
282.144 16406
282.144 32
282.144 7140
282.146 9266
282.146 30
282.148 16374
282.152 16406
282.152 16406
282.152 16406
282.152 32
282.155 451
282.155 16406
282.155 398
282.155 16406
282.157 16406
282.157 1056
282.157 803
282.213 0
282.213 9172
282.213 16406
282.213 6402
282.255 8979
282.255 8489
282.257 16406
282.257 12486
282.295 16406
282.295 1055
282.298 16406
282.298 30
282.298 1079
282.298 121
282.36 16406
282.36 24
282.363 16406
282.363 1523
282.363 5575
282.434 16406
282.434 16406
282.434 1529
282.434 1490
282.446 8979
282.446 7465
282.448 16406
282.448 1054
282.448 1581
282.497 16406
282.498 10005
282.498 8647
282.516 409
282.553 8979
282.555 16406
282.555 7973
282.588 458
282.615 8979
282.615 8489
282.618 16406
282.618 30
282.618 4590
282.658 8379
282.661 16406
282.661 8761
282.677 415
282.702 16406
282.704 16406
282.704 3554
282.707 391
282.766 16406
282.767 24
282.767 16406
282.767 1523
282.769 564
282.769 3806
282.808 8973
282.811 8489
282.811 16406
282.811 5668
282.876 433
282.876 398
282.876 16406
282.876 16406
282.876 5998
282.915 11470
282.917 16406
282.917 7485
282.922 3534
282.936 409
282.959 11414
282.959 16406
282.959 1517
282.961 11327
282.999 8379
283.003 16406
283.003 16406
283.003 1048
283.005 16406
283.005 6935
283.007 427
283.097 16406
283.097 16406
283.097 3366
283.111 16406
283.111 16406
283.111 1062
283.113 406
283.113 499
283.113 16406
283.113 14994
283.116 8004
283.116 16406
283.116 30
283.118 11423
283.118 2988
283.128 8979
283.129 7465
283.129 8858
283.134 455
283.195 418
283.214 8602
283.216 16406
283.216 8470
283.218 16406
283.218 7974
283.255 16406
283.257 16406
283.257 2802
283.32 16406
283.32 444
283.32 351
283.32 16406
283.32 30
283.32 4568
283.32 16406
283.32 30
283.32 13142
283.363 436
283.363 16406
283.366 8968
283.366 5924
283.374 395
283.405 8973
283.409 7785
283.409 16406
283.409 30
283.41 10144
283.411 8964
283.414 16406
283.414 6335
283.414 16406
283.416 16406
283.416 3037
283.418 16406
283.418 11252
283.429 16406
283.429 9014
283.51 417
283.513 8979
283.515 16406
283.516 4401
283.54 406
283.555 8206
283.557 16406
283.557 1524
283.557 6876
283.596 8979
283.598 16406
283.598 16406
283.598 9499
283.6 16406
283.6 8205
283.602 16406
283.602 30
283.602 8073
283.62 398
283.661 8979
283.661 16406
283.661 297
283.687 576
283.708 16406
283.708 13914
283.718 421
283.747 16406
283.749 24
283.749 16406
283.749 1505
283.751 16406
283.751 16406
283.751 1428
283.752 1545
283.755 16406
283.755 10462
283.756 11789
283.756 16406
283.756 30
283.758 1523
283.758 1100
283.848 416
283.848 10934
283.897 396
283.898 16406
283.899 23
283.899 16406
283.899 1375
283.902 16406
283.902 30
283.902 16406
283.902 9997
283.904 9914
283.904 13740
283.907 16406
283.907 2759
283.91 446
283.993 401
283.998 13210
284.001 2661
284.004 27
284.025 16406
284.025 16406
284.025 496
284.051 420
284.055 8215
284.058 9246
284.06 16406
284.06 1054
284.062 456
284.065 16406
284.065 30
284.065 1053
284.065 5712
284.067 10694
284.067 1523
284.081 16406
284.082 585
284.084 16406
284.084 8964
284.087 16406
284.089 1545
284.089 13015
284.092 16406
284.092 782
284.092 776
284.094 8020
284.094 8973
284.096 16405
284.103 430
284.103 9528
284.105 8979
284.107 290
284.107 416
284.107 16406
284.107 667
284.107 7551
284.109 1354
284.109 16406
284.109 30
284.112 391
284.112 768
284.114 16406
284.114 968
284.114 8954
284.117 7551
284.119 16406
284.119 665
284.125 16406
284.125 16406
284.125 11711
284.127 16406
284.127 411
284.127 1527
284.127 16406
284.127 782
284.13 16406
284.13 15795
284.132 16406
284.132 10201
284.134 206
284.136 16406
284.136 1060
284.138 16406
284.138 768
284.14 16406
284.14 658
284.142 9272
284.143 403
284.145 16406
284.145 1056
284.15 16406
284.151 16406
284.151 658
284.151 389
284.151 14362
284.151 13606
284.166 391
284.18 389
284.18 8819
284.193 434
284.213 13190
284.239 395
284.246 434
284.246 16406
284.249 8963
284.249 288
284.271 410
284.276 423
284.321 395
284.347 16406
284.349 8282
284.388 406
284.41 8966
284.41 8568
284.411 7532
284.411 16406
284.411 776
284.413 4306
284.413 617
284.444 401
284.471 8979
284.473 16027
284.473 463
284.515 16406
284.515 8968
284.516 471
284.564 431
284.578 409
284.578 16406
284.58 8974
284.58 2721
284.6 16406
284.605 13592
284.605 2859
284.622 481
284.648 422
284.664 16406
284.667 9411
284.669 16406
284.669 30
284.669 2195
284.67 410
284.693 432
284.703 16406
284.705 16406
284.705 170
284.763 422
284.77 437
284.77 16406
284.773 8972
284.773 1031
284.784 457
284.816 16406
284.816 16406
284.816 1062
284.817 1452
284.817 402
284.857 16406
284.859 16406
284.859 9702
284.9 16406
284.902 16406
284.902 2176
284.902 1275
284.963 8979
284.965 16406
284.966 16406
284.966 5720
284.967 711
284.967 7164
284.968 1018
285.006 16406
285.009 16406
285.009 16874
285.009 643
285.049 16406
285.049 30
285.052 16406
285.052 23599
285.052 683
285.054 15197
285.116 16406
285.117 16406
285.117 8284
285.119 1183
285.155 8979
285.155 8568
285.157 7838
285.157 16406
285.157 6083
285.159 575
285.2 8979
285.202 16406
285.202 1452
285.202 105
285.204 16406
285.204 7922
285.204 120
285.204 2880
285.206 498
285.264 16406
285.264 938
285.267 16406
285.267 16406
285.267 84
285.267 6690
285.267 595
285.305 8979
285.307 16401
285.309 16406
285.309 7540
285.309 635
285.327 8979
285.329 16406
285.329 1529
285.329 703
285.33 102
285.35 16406
285.352 16406
285.352 38
285.355 16406
285.355 10478
285.356 589
285.411 16406
285.411 944
285.415 16406
285.415 4493
285.415 9826
285.416 1212
285.455 16406
285.456 30
285.458 16406
285.458 344
285.461 16406
285.461 1522
285.461 4659
285.463 842
285.496 16406
285.497 35
285.5 16406
285.5 1054
285.5 8981
285.501 526
285.538 8979
285.542 16406
285.542 3217
285.56 8973
285.563 16406
285.563 7155
285.563 345
285.604 16406
285.606 16406
285.606 16406
285.606 4354
285.606 1269
285.646 8979
285.648 16401
285.648 16406
285.648 1290
285.65 6654
285.65 1013
285.713 16406
285.713 1061
285.717 16406
285.717 30
285.717 9733
285.718 11619
285.754 16406
285.754 9997
285.756 8489
285.758 16406
285.758 782
285.758 777
285.758 539
285.817 16406
285.817 35
285.819 16406
285.82 1054
285.822 16406
285.822 1172
285.822 1351
285.86 16406
285.86 351
285.862 411
285.862 16406
285.862 30
285.862 15716
285.864 1081
285.902 8979
285.904 16401
285.904 16406
285.904 1828
285.906 387
285.906 6724
285.935 458
285.956 458
285.968 422
286.001 413
286.001 8979
286.005 9073
286.009 8979
286.009 9996
286.01 6410
286.015 15313
286.015 27
286.104 409
286.174 4010
286.174 4846
286.216 405
286.245 0
286.256 417
286.268 16406
286.268 16902
286.293 16406
286.293 16406
286.293 32258
286.293 14280
286.294 2126
286.294 32812
286.295 42840
286.297 18564
286.297 61404
286.297 11424
286.299 49980
286.299 39984
286.3 21420
286.3 2856
286.3 61404
286.3 2856
286.301 2856
286.305 58548
286.305 2856
286.305 27280
286.306 6886
286.311 16406
286.311 7942
286.318 410
286.348 444
286.348 16406
286.35 16406
286.35 1486
286.413 15982
286.417 16406
286.417 14562
286.422 380
286.429 387
286.457 16406
286.46 16406
286.46 3498
286.462 445
286.487 388
286.497 16406
286.5 16406
286.5 1062
286.501 6150
286.566 16406
286.567 1054
286.568 16406
286.568 30
286.568 14366
286.605 396
286.605 8979
286.607 7465
286.607 16406
286.607 1523
286.609 9705
286.648 8973
286.648 16406
286.648 8965
286.65 5680
286.682 389
286.714 389
286.714 16406
286.714 344
286.718 16406
286.718 1054
286.718 16406
286.718 30
286.719 4436
286.745 401
286.747 391
286.749 425
286.754 16406
286.756 1055
286.756 16406
286.756 30
286.759 14560
286.797 16406
286.799 1055
286.799 16406
286.799 30
286.801 10424
286.84 16406
286.84 11610
286.86 8973
286.862 16406
286.862 7471
286.902 11047
286.907 16406
286.907 30
286.908 16406
286.908 1524
286.91 11151
286.948 16406
286.951 16406
286.951 16406
286.951 4278
286.972 429
286.989 16406
286.989 13490
286.996 456
286.996 434
287.013 16406
287.016 24
287.016 16406
287.016 36
287.054 16406
287.057 16406
287.057 16406
287.057 5218
287.069 396
287.095 16406
287.098 1061
287.098 16406
287.098 30
287.099 15494
287.118 378
287.137 8973
287.139 7465
287.139 10856
287.161 16406
287.164 24
287.164 16406
287.164 36
287.181 391
287.193 0
287.193 134
287.193 637
287.195 450
287.233 0
287.234 16406
287.234 30
287.234 16406
287.234 1054
287.234 1053
287.234 16406
287.234 30
287.234 1413
287.235 431
287.245 15731
287.248 16406
287.248 30
287.248 7293
287.29 16406
287.292 13678
287.294 16406
287.297 1061
287.297 16406
287.297 30
287.297 641
287.354 16406
287.354 344
287.356 16406
287.356 11372
287.417 16406
287.417 1048
287.425 16406
287.425 30
287.425 14936
287.438 421
287.447 8379
287.447 16406
287.447 4284
287.448 12122
287.448 7229
287.461 420
287.503 16406
287.505 16406
287.505 9435
287.506 444
287.506 6933
287.542 425
287.563 16406
287.566 16406
287.566 1050
287.566 15694
287.571 421
287.581 439
287.596 432
287.608 16406
287.61 10005
287.61 16406
287.61 5047
287.634 387
287.65 9126
287.65 8334
287.654 16406
287.654 30
287.655 13998
287.659 405
287.711 423
287.716 16406
287.716 24
287.718 16406
287.718 16406
287.718 2020
287.744 478
287.756 16406
287.758 1055
287.758 16406
287.758 30
287.76 16406
287.76 4192
287.799 16406
287.802 1061
287.802 16406
287.802 30
287.804 16406
287.804 4562
287.842 8973
287.844 16406
287.844 1343
287.897 16406
287.897 16406
287.897 38
287.897 8973
287.897 16406
287.897 6607
287.906 16406
287.909 16406
287.909 38
287.911 0
287.978 16406
287.98 8701
287.982 16406
287.982 30
287.982 343
287.985 16406
287.985 30
287.985 14280
287.986 321
287.986 27
288.007 16406
288.008 16406
288.008 496
288.04 420
288.04 16406
288.04 9866
288.042 16406
288.042 1521
288.044 8504
288.044 9996
288.046 6410
288.046 1529
288.046 6521
288.048 8964
288.051 16406
288.051 1522
288.051 16406
288.051 8500
288.056 15708
288.056 698
288.056 16406
288.056 6014
288.056 16406
288.056 1536
288.06 13297
288.061 16406
288.061 1529
288.065 12971
288.065 16406
288.068 16406
288.068 2878
288.118 8973
288.118 16406
288.118 8964
288.118 16406
288.118 16406
288.118 1821
288.118 16406
288.118 130
288.163 16406
288.165 8968
288.165 0
288.17 16406
288.17 8960
288.17 4010
288.17 5191
288.206 8979
288.208 16406
288.208 8959
288.208 583
288.211 16406
288.211 1524
288.211 3359
288.249 16406
288.251 16406
288.251 9999
288.252 8249
288.27 16406
288.27 11234
288.272 0
288.272 39
288.274 112
288.339 16406
288.339 8966
288.339 16406
288.339 494
288.339 8979
288.339 16406
288.339 9988
288.339 8167
288.372 16406
288.372 8973
288.374 2094
288.398 15921
288.4 16406
288.4 523
288.429 16406
288.432 8968
288.432 16406
288.432 1529
288.433 4529
288.483 16406
288.485 951
288.485 16406
288.485 1054
288.488 16406
288.488 76
288.545 6450
288.548 16406
288.548 16406
288.548 13538
288.588 8979
288.591 16406
288.591 8959
288.591 16406
288.591 584
288.591 4478
288.633 8979
288.637 16406
288.637 16395
288.637 14544
288.674 16406
288.676 15558
288.696 16406
288.7 16406
288.7 38
288.706 51
288.706 24
288.716 8979
288.716 8964
288.719 7659
288.724 0
288.739 13854
288.742 16406
288.742 1524
288.742 1095
288.782 16406
288.782 8966
288.783 16406
288.785 10598
288.802 16406
288.805 15370
288.844 16406
288.847 16406
288.847 10942
288.849 16406
288.849 9991
288.85 6453
288.91 16406
288.91 938
288.913 0
288.913 16406
288.913 1054
288.914 16406
288.914 1529
288.914 3414
288.953 16406
288.953 16406
288.953 10466
288.955 3401
288.955 51
288.955 24
288.961 392
288.971 0
288.996 40
288.996 16406
288.996 16400
288.997 13900
289.006 458
289.008 431
289.014 8979
289.017 16406
289.017 7465
289.033 16406
289.033 16400
289.034 2939
289.06 387
289.08 425
289.08 8979
289.085 16406
289.085 10463
289.087 8500
289.098 8973
289.098 7465
289.101 16406
289.101 1524
289.101 2941
289.145 8973
289.147 7465
289.147 16406
289.148 16406
289.148 2538
289.149 8160
289.186 8973
289.188 7465
289.188 8966
289.19 16406
289.19 1529
289.19 7593
289.202 408
289.223 377
289.23 16406
289.232 16406
289.232 11985
289.232 2182
289.256 381
289.271 8979
289.273 16406
289.273 3969
289.279 1280
289.279 1280
289.279 578
289.279 0
289.279 0
289.279 39
289.279 70
289.296 25
289.297 30
289.304 471
289.314 16406
289.316 16406
289.317 8442
289.318 415
289.323 24
289.335 16406
289.335 13922
289.356 430
289.379 16406
289.381 8968
289.381 11424
289.382 4982
289.382 876
289.394 0
289.394 139
289.394 2302
289.415 7434
289.418 16406
289.418 8710
289.426 386
289.446 320
289.446 16406
289.448 15426
289.485 16406
289.485 16406
289.485 1851
289.488 15939
289.488 863
289.55 16406
289.554 16406
289.554 16406
289.554 894
289.592 8973
289.594 16406
289.594 7415
289.634 406
289.635 8973
289.636 16406
289.636 8489
289.636 4784
289.652 421
289.664 537
289.698 8979
289.698 16406
289.701 16406
289.701 57
289.729 435
289.735 400
289.742 16406
289.743 8968
289.743 2351
289.779 422
289.783 8973
289.785 16406
289.785 8959
289.786 5630
289.847 16406
289.85 16406
289.851 15218
289.878 122
289.891 6658
289.893 16406
289.893 10858
289.932 8216
289.935 16406
289.935 14376
289.997 14694
290.001 27
290.023 16406
290.023 16902
290.056 420
290.059 16406
290.059 9503
290.059 8777
290.061 8979
290.063 16406
290.063 1529
290.067 16406
290.067 579
290.067 8489
290.072 16406
290.072 10003
290.075 16406
290.076 1522
290.076 16406
290.076 4890
290.078 16406
290.078 1913
290.104 16406
290.104 938
290.106 16406
290.106 1054
290.108 16406
290.108 1529
290.108 462
290.146 8979
290.149 16406
290.149 16406
290.149 6253
290.158 433
290.164 9169
290.169 450
290.19 456
290.19 8979
290.192 16406
290.192 3405
290.215 16406
290.215 16406
290.215 30
290.254 8973
290.257 16134
290.26 16406
290.26 11803
290.296 8973
290.299 6444
290.299 16406
290.299 30
290.301 15289
290.339 8379
290.339 16406
290.339 2501
290.362 16406
290.362 8966
290.365 7478
290.399 8979
290.403 7465
290.403 16406
290.403 1517
290.405 16406
290.405 2031
290.446 16406
290.446 30
290.446 1053
290.449 16406
290.449 30
290.452 11358
290.489 16406
290.489 30
290.491 12166
290.511 8979
290.515 16406
290.515 7465
290.516 419
290.539 482
290.551 3161
290.554 16406
290.554 8955
290.556 16406
290.556 10457
290.556 2117
290.618 13398
290.621 16406
290.621 1524
290.621 16406
290.622 10124
290.626 428
290.659 16406
290.662 16406
290.662 4301
290.662 16406
290.662 1524
290.663 1332
290.701 16406
290.701 344
290.705 16406
290.705 16406
290.705 4896
290.745 380
290.766 8379
290.768 16406
290.768 938
290.77 8964
290.77 16406
290.77 1536
290.772 1520
290.805 417
290.812 16406
290.812 30
290.815 8966
290.815 16406
290.815 1529
290.815 5895
290.851 8379
290.854 16406
290.854 16406
290.854 7981
290.873 420
290.917 16406
290.917 938
290.919 16406
290.919 19768
290.958 16406
290.962 16406
290.962 16406
290.962 3902
291.004 16406
291.004 16406
291.004 16406
291.005 2021
291.064 16406
291.064 1048
291.066 16406
291.066 16406
291.066 2688
291.094 428
291.107 8979
291.11 16401
291.11 16406
291.11 665
291.112 8965
291.112 1583
291.15 8979
291.152 7465
291.152 16406
291.152 1518
291.155 8686
291.155 1485
291.215 8979
291.218 16406
291.218 30555
291.256 8979
291.259 16406
291.259 16406
291.259 8885
291.3 8979
291.304 16406
291.304 10470
291.305 11445
291.314 428
291.365 16406
291.365 938
291.368 16406
291.368 1060
291.371 16406
291.371 1529
291.372 1208
291.384 392
291.409 16406
291.409 8960
291.411 16406
291.411 1536
291.411 13922
291.453 16406
291.454 16406
291.454 1054
291.455 6526
291.496 16406
291.496 8960
291.497 2107
291.513 16406
291.515 16406
291.515 38
291.536 491
291.556 1569
291.558 16406
291.558 16406
291.558 2856
291.56 7599
291.56 8885
291.602 8973
291.606 15551
291.608 16406
291.608 16406
291.608 8384
291.662 16406
291.662 30
291.665 1053
291.665 16406
291.665 30
291.666 16406
291.666 482
291.669 413
291.693 462
291.706 8379
291.708 16406
291.708 30
291.708 8964
291.711 16406
291.711 1529
291.711 1627
291.714 398
291.714 16406
291.715 8968
291.715 3479
291.725 469
291.747 12038
291.75 16406
291.75 30
291.75 8964
291.754 16406
291.754 11028
291.754 1873
291.787 8979
291.789 16406
291.79 16406
291.79 9261
291.817 16406
291.817 11094
291.832 8979
291.834 16406
291.834 7465
291.872 8973
291.876 16406
291.876 16406
291.876 7143
291.899 16406
291.899 930
291.899 7793
291.901 7751
291.92 8379
291.92 16406
291.92 1515
291.924 16406
291.924 7624
291.982 16406
291.982 9730
291.994 0
292.005 16406
292.005 30
292.009 7522
292.009 27
292.016 461
292.031 16406
292.031 16406
292.031 496
292.066 420
292.066 7140
292.069 9266
292.069 16406
292.069 32751
292.071 13144
292.075 16406
292.075 16406
292.075 25999
292.08 443
292.087 16406
292.088 4284
292.089 7138
292.113 16406
292.113 30
292.116 15418
292.151 8379
292.154 16406
292.154 30
292.154 343
292.156 16406
292.156 9979
292.16 9150
292.164 458
292.197 16406
292.197 9534
292.217 16406
292.253 16406
292.253 38
292.253 0
292.31 16406
292.31 30
292.352 8966
292.398 8971
292.422 8979
292.445 16406
292.445 5373
292.448 16406
292.448 30
292.448 1053
292.451 440
292.451 16406
292.451 1531
292.453 16406
292.453 13844
292.455 16406
292.455 1100
292.455 16406
292.455 1529
292.457 16406
292.457 16406
292.458 32758
292.458 13033
292.461 16406
292.461 3169
292.462 1288
292.468 429
292.473 8979
292.479 16406
292.479 16406
292.479 7757
292.515 16406
292.515 30
292.517 16406
292.517 7550
292.581 16406
292.581 9997
292.584 16406
292.584 8619
292.621 16406
292.621 8978
292.644 16406
292.644 30
292.646 11094
292.658 396
292.685 16406
292.685 30
292.685 7140
292.687 9266
292.687 782
292.687 3613
292.689 901
292.727 396
292.75 16406
292.75 30
292.752 16406
292.752 1054
292.752 8981
292.754 714
292.783 402
292.795 16406
292.795 30
292.797 1053
292.797 16406
292.797 30
292.798 3616
292.798 1190
292.834 16406
292.836 24
292.836 16406
292.836 1523
292.837 7089
292.839 74
292.917 407
292.917 8379
292.917 16406
292.917 30
292.917 16406
292.917 4033
292.943 16406
292.944 30
292.944 15732
292.945 90
292.984 16406
292.986 16406
292.986 5622
293.048 16406
293.048 1046
293.05 15738
293.05 12122
293.052 1453
293.096 16406
293.096 30
293.098 16406
293.098 768
293.098 551
293.137 16406
293.137 1529
293.139 16406
293.139 944
293.141 5572
293.141 108
293.197 8379
293.2 16176
293.2 16406
293.2 697
293.201 616
293.201 5893
293.24 16406
293.24 30
293.242 16406
293.242 6130
293.257 500
293.283 8379
293.285 16406
293.285 22583
293.286 949
293.359 16406
293.359 4158
293.359 16406
293.359 13644
293.359 1219
293.385 8973
293.385 7465
293.387 16406
293.387 15732
293.388 445
293.423 726
293.433 16406
293.434 344
293.436 459
293.436 16406
293.436 8592
293.437 252
293.445 451
293.452 16406
293.452 1146
293.455 7471
293.455 7857
293.495 8379
293.499 16406
293.499 30
293.499 8568
293.5 7838
293.5 4367
293.501 391
293.512 398
293.562 16406
293.562 30
293.564 8590
293.564 1442
293.566 16406
293.566 4157
293.603 16406
293.603 7351
293.606 16406
293.606 1046
293.606 5470
293.607 616
293.647 16406
293.647 30
293.649 16406
293.649 6760
293.649 1195
293.687 16406
293.689 8790
293.709 8973
293.712 16406
293.712 7471
293.756 16406
293.756 30
293.756 8590
293.76 16406
293.76 9274
293.817 16406
293.817 1048
293.817 16406
293.817 13620
293.859 16406
293.859 9983
293.862 16406
293.862 12957
293.9 8379
293.903 16406
293.904 16406
293.904 11274
293.905 119
294.002 16406
294.002 30
294.004 697
294.009 16406
294.009 30
294.009 8966
294.015 2909
294.015 27
294.037 16406
294.038 16406
294.038 496
294.082 432
294.103 0
294.106 121
294.12 420
294.124 16406
294.124 16406
294.126 16406
294.126 32
294.131 16353
294.14 455
294.151 0
294.154 4010
294.154 4862
294.164 16406
294.164 16406
294.164 9084
294.169 16406
294.169 7346
294.169 16406
294.169 16406
294.169 9037
294.172 16406
294.172 3861
294.172 3559
294.175 16406
294.175 6135
294.175 16406
294.175 30
294.177 9102
294.199 16406
294.201 483
294.201 24
294.201 14280
294.203 2126
294.203 1340
294.203 10834
294.282 16406
294.282 938
294.284 441
294.285 16406
294.285 9995
294.285 1000
294.287 426
294.306 16406
294.306 9997
294.308 16406
294.308 667
294.361 15930
294.363 16406
294.363 30
294.363 8354
294.412 408
294.412 16406
294.412 30
294.416 8964
294.427 16406
294.427 1054
294.434 2987
294.438 406
294.455 8979
294.456 7465
294.456 12852
294.458 3554
294.458 1522
294.458 4930
294.508 16406
294.508 30
294.508 8964
294.512 16406
294.512 4576
294.548 16406
294.548 30
294.553 9534
294.585 16406
294.585 10003
294.591 15409
294.607 16406
294.607 389
294.607 8960
294.609 10248
294.657 484
294.66 16406
294.66 16406
294.66 6798
294.665 461
294.668 8979
294.67 16217
294.729 16406
294.729 938
294.735 16406
294.735 6830
294.757 16406
294.758 16406
294.758 13658
294.76 10354
294.797 16406
294.797 938
294.8 16406
294.8 1529
294.802 5895
294.876 16406
294.876 30
294.883 16406
294.883 1513
294.886 16406
294.886 1529
294.886 4107
294.904 8973
294.907 7465
294.907 16406
294.907 1054
294.909 13996
294.961 16406
294.961 8966
294.963 16406
294.963 1052
294.964 2611
295.009 8979
295.012 16406
295.012 8489
295.014 16406
295.014 1521
295.014 1062
295.016 3353
295.048 458
295.052 8979
295.056 16406
295.056 23975
295.094 8973
295.098 16406
295.098 16406
295.098 3439
295.162 8979
295.166 16393
295.169 16406
295.169 14922
295.189 399
295.211 16406
295.211 16406
295.211 15522
295.245 8979
295.248 16406
295.248 14985
295.295 492
295.309 10862
295.313 16406
295.318 16406
295.318 1523
295.322 7209
295.329 410
295.351 16406
295.351 938
295.354 16406
295.354 13730
295.396 427
295.415 8379
295.418 16406
295.418 9287
295.418 16406
295.418 6244
295.461 8379
295.465 16406
295.465 30
295.465 16406
295.465 344
295.466 3154
295.501 8379
295.503 8973
295.509 16406
295.509 17453
295.51 6481
295.542 368
295.562 14694
295.564 16406
295.564 8958
295.566 16406
295.566 822
295.609 16406
295.611 24
295.611 16406
295.611 1523
295.613 8979
295.613 5838
295.65 16406
295.65 8693
295.652 16406
295.652 1530
295.654 7859
295.707 458
295.715 16406
295.718 16406
295.718 32
295.718 16406
295.718 11955
295.72 13219
295.757 8379
295.759 16406
295.759 8573
295.779 12378
295.782 16406
295.782 1530
295.782 2565
295.814 16406
295.814 16406
295.814 2553
295.816 15499
295.845 16406
295.845 11790
295.863 8979
295.865 16406
295.865 7465
295.915 16406
295.915 1523
295.915 2856
295.916 4611
295.916 16406
295.916 1529
295.917 6841
295.98 16406
295.98 24
295.982 16406
295.982 9613
295.984 376
295.984 16406
295.984 5917
295.987 27
296.007 0
296.007 16406
296.007 16406
296.007 496
296.051 420
296.054 16406
296.054 16406
296.054 16406
296.054 15422
296.054 3428
296.057 16406
296.057 1529
296.057 16406
296.057 15380
296.057 13518
296.057 52
296.058 16406
296.059 1061
296.059 8979
296.062 7935
296.062 8971
296.064 8867
296.077 406
296.089 456
296.1 16406
296.102 16406
296.102 16406
296.102 6966
296.119 8973
296.122 16406
296.122 13187
296.149 8833
296.165 16406
296.167 9880
296.169 16406
296.169 8108
296.169 2225
296.184 383
296.184 16406
296.186 14994
296.206 16406
296.208 13358
296.252 16406
296.255 1055
296.255 16406
296.255 30
296.255 2339
296.269 453
296.269 16406
296.271 11666
296.314 16406
296.315 16406
296.315 8686
296.363 16406
296.367 16406
296.367 7634
296.397 16406
296.399 16406
296.399 38
296.42 8379
296.423 16406
296.423 3065
296.461 8979
296.463 16406
296.463 7459
296.466 11033
296.466 7833
296.495 14143
296.498 16406
296.498 30
296.498 1060
296.547 16406
296.549 16406
296.549 9989
296.551 16406
296.551 1054
296.552 7207
296.61 16406
296.612 8972
296.612 16406
296.612 1845
296.614 2948
296.632 460
296.653 16406
296.656 10005
296.656 16406
296.656 3543
296.691 385
296.695 8379
296.698 16406
296.698 30
296.698 16406
296.698 1081
296.722 433
296.761 8973
296.764 16406
296.764 1054
296.766 12727
296.783 16406
296.783 938
296.784 15506
296.824 8379
296.827 16406
296.827 1529
296.829 16042
296.846 8379
296.848 16406
296.848 8065
296.888 16406
296.89 24
296.89 16406
296.89 10451
296.892 5483
296.932 16406
296.937 16406
296.937 1062
296.937 8594
296.973 16406
296.975 13114
296.995 8973
296.998 16401
296.998 1975
297.037 1857
297.041 16406
297.042 16406
297.042 11496
297.044 4736
297.054 432
297.058 455
297.079 16406
297.082 16406
297.082 5622
297.101 403
297.113 16406
297.115 16406
297.115 11826
297.165 8379
297.168 16406
297.168 16406
297.168 10903
297.169 2803
297.211 16406
297.213 16406
297.213 3122
297.229 8979
297.231 16401
297.231 7478
297.273 8979
297.273 16406
297.273 585
297.313 585
297.32 8979
297.32 7465
297.323 386
297.323 16406
297.323 16406
297.324 2078
297.324 2973
297.357 8979
297.359 16406
297.359 9665
297.401 16406
297.403 16406
297.403 9758
297.465 431
297.465 16406
297.467 16406
297.467 16406
297.467 330
297.503 16406
297.505 8846
297.549 8973
297.552 16406
297.552 8965
297.552 8971
297.555 11403
297.613 16406
297.618 16406
297.618 16406
297.618 6910
297.654 8379
297.657 16406
297.657 14909
297.685 484
297.703 16406
297.705 16406
297.705 9006
297.735 16406
297.736 14110
297.784 8979
297.787 0
297.787 16406
297.788 5717
297.788 127
297.788 2442
297.804 0
297.804 475
297.827 8973
297.83 16406
297.83 5347
297.846 8979
297.848 16406
297.848 5153
297.85 415
297.877 436
297.891 8979
297.894 16406
297.894 2897
297.937 16406
297.937 16406
297.937 2990
297.975 16406
297.975 1048
297.977 16406
297.977 4596
297.984 463
297.997 13390
298 6786
298 27
298.022 16406
298.022 16902
298.049 420
298.05 8379
298.054 8979
298.054 8489
298.061 8979
298.064 16406
298.064 32812
298.064 8011
298.071 8379
298.071 16406
298.071 15434
298.082 8973
298.084 16406
298.084 16406
298.084 243
298.112 433
298.158 4010
298.158 5126
298.158 31
298.158 8979
298.158 16406
298.158 16406
298.158 1237
298.158 8242
298.19 8979
298.192 7465
298.192 16406
298.192 1523
298.195 4309
298.232 8379
298.236 16406
298.236 344
298.237 16023
298.245 0
298.27 391
298.298 16406
298.298 30
298.301 16406
298.301 1054
298.301 16406
298.301 1930
298.341 8979
298.341 16399
298.378 16406
298.378 5084
298.38 8979
298.383 16406
298.383 1529
298.383 7460
298.385 8312
298.406 458
298.425 16406
298.425 938
298.427 8814
298.451 16406
298.451 938
298.453 15506
298.489 8979
298.489 16401
298.493 16406
298.493 1536
298.493 1319
298.521 449
298.531 8979
298.533 16406
298.533 15925
298.559 444
298.595 8979
298.598 16406
298.598 29615
298.637 8973
298.639 16406
298.639 16406
298.639 13591
298.682 16406
298.682 938
298.684 402
298.684 431
298.687 16406
298.687 1529
298.689 13923
298.722 16406
298.722 8964
298.723 2667
298.729 463
298.744 16406
298.744 16406
298.745 30
298.76 475
298.769 412
298.782 16406
298.784 16406
298.784 11222
298.784 6838
298.83 16406
298.832 35
298.832 16406
298.832 9988
298.834 1859
298.897 8973
298.898 11679
298.901 16406
298.901 10478
298.903 8762
298.925 409
298.935 8979
298.937 16401
298.939 16406
298.939 1529
298.941 3882
298.98 16406
298.982 24
298.982 16406
298.982 10457
298.984 3840
299.045 8965
299.049 16406
299.049 16406
299.049 11385
299.049 3183
299.065 8379
299.065 16406
299.065 2125
299.079 375
299.085 8979
299.088 16406
299.088 1529
299.088 6662
299.153 7122
299.155 16406
299.155 936
299.158 16406
299.158 1523
299.158 6143
299.18 8379
299.182 16406
299.182 30
299.182 369
299.185 8964
299.185 14679
299.202 402
299.239 16406
299.239 16406
299.239 10451
299.239 6097
299.279 16406
299.281 10482
299.3 8979
299.302 16406
299.302 7465
299.312 399
299.331 397
299.342 16406
299.344 24
299.344 16406
299.344 1054
299.346 499
299.346 11458
299.385 16406
299.386 8964
299.388 16406
299.388 1073
299.388 5037
299.451 16406
299.451 30
299.453 8966
299.453 16406
299.453 1529
299.455 7211
299.481 456
299.49 8379
299.492 16406
299.492 1054
299.496 16406
299.496 30
299.498 8837
299.536 16406
299.538 16406
299.538 15962
299.599 8979
299.602 16406
299.602 16406
299.602 6441
299.643 16406
299.643 8960
299.645 412
299.645 16406
299.645 1527
299.647 7727
299.683 16406
299.684 35
299.684 1428
299.687 14978
299.687 1523
299.687 15269
299.728 16406
299.728 30
299.73 8782
299.751 16406
299.751 1222
299.754 16406
299.754 1536
299.754 9872
299.776 431
299.793 8973
299.793 16406
299.793 8947
299.795 8086
299.797 467
299.834 16406
299.834 8953
299.836 15763
299.874 9158
299.877 122
299.877 16406
299.877 2850
299.896 13918
299.899 16406
299.899 2526
299.941 16406
299.944 16406
299.944 16406
299.944 3025
299.944 906
300 400
300.004 16406
300.004 30
300.009 6150
300.009 27
300.031 16406
300.031 16406
300.031 496
300.057 420
300.057 16406
300.057 1047
300.06 16406
300.06 30
300.06 1053
300.062 16406
300.062 30
300.062 14320
300.065 16406
300.065 16406
300.065 11422
300.065 16406
300.065 10735
300.092 16406
300.092 30
300.092 13670
300.096 16406
300.096 8960
300.098 7484
300.117 439
300.136 0
300.138 9168
300.151 8379
300.154 16406
300.154 30
300.156 16406
300.156 16406
300.156 57
300.215 5122
300.217 16406
300.217 1518
300.221 16406
300.221 16406
300.221 134
300.26 16406
300.26 9403
300.263 16406
300.263 30
300.265 16406
300.265 3113
300.3 8379
300.303 16406
300.303 1054
300.306 16406
300.306 30
300.306 7953
300.327 40
300.327 1250
300.327 1250
300.327 1250
300.327 1250
300.327 1215
300.341 408
300.364 967
300.364 121
300.364 27
300.364 8973
300.367 16401
300.37 16406
300.37 11536
300.38 375
300.405 220
300.405 68
300.405 153
300.407 16406
300.41 8968
300.41 16406
300.41 8660
300.451 16406
300.451 1048
300.454 16406
300.454 30
300.454 15556
300.46 423
300.466 24
300.515 16406
300.515 1048
300.516 16406
300.517 30
300.518 462
300.518 16406
300.518 1936
300.519 439
300.544 432
300.556 16406
300.556 30
300.559 1053
300.559 16406
300.559 16406
300.559 7514
300.602 16406
300.602 30
300.602 1053
300.605 16406
300.605 30
300.607 16406
300.607 670
300.664 16406
300.664 9403
300.666 434
300.666 16406
300.666 30
300.669 16406
300.669 3014
300.671 16406
300.671 4425
300.706 398
300.728 8379
300.73 16406
300.73 30
300.733 16406
300.733 5161
300.748 16406
300.748 9872
300.748 6572
300.78 16406
300.78 433
300.78 30
300.783 1053
300.783 16406
300.783 30
300.785 7354
300.82 16406
300.82 30
300.82 16406
300.82 30
300.856 8379
300.858 8979
300.86 16406
300.86 7840
300.896 16406
300.896 938
300.898 16406
300.898 7394
300.916 409
300.941 8973
300.944 16406
300.944 2659
300.965 16406
300.965 30
300.965 16406
300.965 30
300.992 434
301.007 16406
301.007 30
301.007 16406
301.007 16086
301.046 16406
301.047 15947
301.048 8581
301.056 425
301.086 16406
301.088 8790
301.101 403
301.104 401
301.107 395
301.111 16406
301.111 930
301.114 15514
301.156 16406
301.156 30
301.156 2856
301.158 13550
301.158 8942
301.196 16406
301.198 16406
301.198 7746
301.261 8973
301.264 8495
301.264 16406
301.264 30
301.266 499
301.266 16406
301.266 1404
301.275 432
301.275 422
301.294 404
301.305 8379
301.307 396
301.307 16406
301.307 30
301.31 438
301.31 15961
301.318 393
301.346 3001
301.349 8973
301.349 16406
301.349 8958
301.35 10179
301.38 458
301.388 16406
301.388 30
301.388 7140
301.389 6530
301.392 382
301.397 444
301.413 16406
301.413 8960
301.415 8368
301.442 412
301.455 16406
301.455 24
301.457 16406
301.457 1523
301.457 15651
301.498 16406
301.498 30
301.499 456
301.499 1053
301.499 16406
301.499 30
301.501 11922
301.54 16406
301.54 1523
301.54 9357
301.542 385
301.542 425
301.563 16406
301.563 30
301.563 8966
301.564 7478
301.581 420
301.606 8379
301.606 16406
301.606 1054
301.609 16406
301.609 30
301.611 388
301.611 7145
301.645 401
301.645 8973
301.648 16406
301.648 16406
301.648 9267
301.667 391
301.688 16406
301.688 30
301.688 11602
301.696 16406
301.696 1041
301.698 16406
301.698 30
301.7 2910
301.751 8973
301.753 8489
301.755 16406
301.755 30
301.755 2856
301.756 12136
301.774 388
301.774 396
301.815 16406
301.819 16406
301.819 666
301.819 16406
301.819 1054
301.822 1113
301.847 16406
301.847 30
301.847 1053
301.85 16406
301.85 30
301.85 1053
301.852 16406
301.852 30
301.852 152
301.9 16406
301.9 1048
301.904 16406
301.904 30
301.904 1053
301.904 16406
301.904 30
301.906 2979
301.994 0
301.994 126
301.994 357
301.999 8973
301.999 8568
302.001 3895
302.007 16406
302.007 30
302.011 16406
302.011 1523
302.013 6941
302.013 27
302.039 16406
302.039 16406
302.039 496
302.068 420
302.068 16406
302.068 16406
302.07 31876
302.07 32812
302.07 19992
302.071 12820
302.071 11399
302.116 16406
302.116 30
302.118 1053
302.118 16406
302.118 30
302.118 1053
302.12 16406
302.121 30
302.122 1845
302.133 8092
302.133 1078
302.162 16406
302.162 30
302.162 1053
302.164 16406
302.164 30
302.164 16406
302.165 1048
302.166 3543
302.2 13018
302.202 16406
302.202 16406
302.202 1516
302.203 7684
302.292 16406
302.292 1048
302.292 16406
302.292 30
302.292 9441
302.293 12105
302.309 16406
302.309 30
302.311 1053
302.311 16406
302.311 30
302.314 1045
302.314 16406
302.314 30
302.316 3489
302.35 16406
302.35 30
302.352 1053
302.352 16406
302.352 30
302.353 9158
302.381 563
302.391 16406
302.392 12926
302.4 409
302.416 16406
302.416 30
302.418 16406
302.418 30
302.454 5382
302.456 16406
302.456 4614
302.458 16406
302.458 9778
302.5 16406
302.5 1048
302.503 16406
302.503 30
302.503 9441
302.506 3268
302.521 16406
302.521 30
302.521 8970
302.569 8490
302.572 16406
302.572 10460
302.574 7488
302.6 16406
302.6 344
302.604 16406
302.604 30
302.604 16406
302.605 5028
302.649 16406
302.649 30
302.651 1053
302.651 16406
302.651 30
302.653 7654
302.689 4702
302.691 8379
302.691 16406
302.691 30
302.693 2528
302.712 16406
302.714 16406
302.714 38
302.757 16406
302.757 1048
302.76 16406
302.76 30
302.76 9441
302.762 5093
302.799 16406
302.799 30
302.801 1053
302.801 16406
302.801 30
302.803 15306
302.821 403
302.827 538
302.858 414
302.864 16406
302.864 938
302.866 8495
302.866 16406
302.866 10961
302.904 16406
302.904 30
302.904 1053
302.906 440
302.906 16406
302.906 30
302.909 16406
302.909 7006
302.957 16406
302.957 30
302.957 1053
302.957 16406
302.957 1054
302.957 16406
302.957 30
302.957 2165
302.978 494
303.014 16406
303.014 30
303.014 1053
303.017 16406
303.017 30
303.017 16406
303.017 1234
303.032 16406
303.032 9730
303.057 16406
303.057 9715
303.058 6729
303.096 16406
303.096 8955
303.099 16406
303.099 6653
303.126 407
303.139 16406
303.14 16406
303.14 114
303.177 445
303.177 16406
303.177 13539
303.177 2904
303.191 0
303.191 129
303.191 1388
303.197 8973
303.201 16406
303.201 16406
303.201 9587
303.207 0
303.245 16406
303.248 1055
303.248 16406
303.248 7416
303.255 435
303.288 8379
303.29 9561
303.29 16406
303.29 1523
303.293 16406
303.293 1529
303.293 3409
303.334 16406
303.336 16406
303.336 16338
303.346 422
303.399 436
303.399 16406
303.399 8790
303.399 16406
303.399 16406
303.399 546
303.436 16406
303.439 1055
303.439 16406
303.439 30
303.439 15932
303.447 436
303.48 8379
303.483 16406
303.483 16406
303.483 1401
303.488 386
303.492 437
303.499 404
303.545 8973
303.548 16406
303.548 8489
303.55 9441
303.55 9793
303.554 401
303.586 16406
303.588 1055
303.588 16406
303.588 9441
303.59 3888
303.594 0
303.594 2359
303.601 395
303.63 16406
303.633 24
303.633 16406
303.633 1524
303.635 12774
303.671 7434
303.674 16406
303.674 1523
303.674 2328
303.697 431
303.697 16406
303.699 16406
303.7 38
303.714 455
303.718 433
303.739 16406
303.739 30
303.743 16406
303.743 2078
303.746 16406
303.746 530
303.783 16406
303.783 8960
303.785 16406
303.785 3647
303.821 16406
303.821 8960
303.822 3047
303.843 16406
303.846 24
303.846 16406
303.846 36
303.88 8973
303.882 16406
303.882 8809
303.885 16406
303.885 12652
303.896 434
303.92 436
303.965 423
303.973 398
303.981 16406
303.981 30
303.981 565
303.994 16406
303.996 16406
303.996 10474
303.999 4578
303.999 27
304.02 16406
304.02 16406
304.02 496
304.034 438
304.045 8777
304.05 16406
304.05 30
304.051 1053
304.056 414
304.056 8979
304.06 16406
304.06 7383
304.061 16406
304.061 1523
304.061 15549
304.067 6483
304.067 16406
304.067 30
304.069 16406
304.069 7394
304.1 16406
304.1 30
304.103 16406
304.103 16406
304.103 3028
304.103 519
304.12 16406
304.121 14407
304.121 239
304.13 8092
304.13 748
304.154 412
304.163 8979
304.167 16406
304.167 16406
304.167 1045
304.181 440
304.182 8979
304.184 476
304.184 16406
304.184 6225
304.206 0
304.206 16406
304.208 15835
304.208 616
304.219 413
304.247 16406
304.247 344
304.25 16406
304.25 14324
304.287 16406
304.288 16406
304.288 678
304.313 16406
304.313 8964
304.315 434
304.315 7480
304.357 16406
304.357 30
304.359 16406
304.36 23981
304.36 296
304.397 8979
304.4 434
304.4 16406
304.4 8950
304.401 24
304.401 7562
304.405 5809
304.427 456
304.439 8379
304.441 16406
304.441 6760
304.441 470
304.445 563
304.462 8979
304.462 11424
304.464 4982
304.464 7465
304.505 16406
304.505 8955
304.507 8965
304.507 16406
304.507 782
304.51 5614
304.526 492
304.547 16406
304.547 30
304.551 16406
304.551 16406
304.551 4305
304.552 319
304.552 558
304.552 394
304.568 16406
304.569 8790
304.575 431
304.611 16406
304.611 30
304.614 16406
304.614 1524
304.616 735
304.631 3629
304.634 16406
304.634 12568
304.635 274
304.641 39
304.641 0
304.653 16406
304.655 16406
304.656 4814
304.659 0
304.667 432
304.701 16406
304.701 938
304.704 16406
304.704 776
304.704 313
304.706 16406
304.706 1529
304.708 3558
304.708 743
304.716 16406
304.716 117
304.719 16406
304.719 2210
304.719 1034
304.724 409
304.761 8379
304.763 15738
304.765 705
304.765 16406
304.765 7041
304.781 16406
304.781 10003
304.783 16406
304.783 16406
304.783 372
304.783 910
304.849 8979
304.852 16406
304.852 16406
304.852 2962
304.854 5445
304.893 16406
304.893 16406
304.893 1522
304.895 15722
304.895 1277
304.897 3725
304.935 16406
304.935 16406
304.935 11385
304.936 5539
304.952 16406
304.952 30
304.952 12542
304.974 8973
304.976 16406
304.976 7471
305.017 16406
305.02 16406
305.02 1514
305.02 8590
305.021 976
305.021 8355
305.039 16406
305.039 8955
305.041 12081
305.041 645
305.085 16406
305.085 16406
305.085 20342
305.087 4444
305.145 16406
305.147 16406
305.148 3035
305.148 11439
305.149 795
305.164 16406
305.164 30
305.167 16100
305.167 343
305.185 8379
305.188 8973
305.188 16406
305.188 5066
305.19 1117
305.229 8979
305.231 16406
305.231 12861
305.249 16406
305.251 13170
305.318 16406
305.318 16406
305.318 10459
305.319 5734
305.319 1380
305.358 16406
305.358 16406
305.358 2550
305.403 16406
305.403 16406
305.403 1522
305.405 4308
305.405 1347
305.467 16406
305.469 16406
305.469 10467
305.471 4453
305.505 8979
305.508 16406
305.508 16406
305.508 7496
305.51 422
305.551 16406
305.551 7479
305.551 8590
305.554 418
305.554 7536
305.613 16406
305.613 8960
305.615 1060
305.615 16406
305.615 1529
305.617 6415
305.618 928
305.635 8979
305.637 15738
305.637 1260
305.678 16406
305.681 16406
305.681 4115
305.681 30
305.72 16306
305.723 16406
305.723 782
305.723 9319
305.724 944
305.763 16406
305.765 16406
305.765 10737
305.765 177
305.828 8379
305.83 16406
305.83 30
305.83 16406
305.83 5029
305.867 8379
305.87 16406
305.87 8966
305.871 16406
305.871 2204
305.871 762
305.922 16406
305.922 1529
305.924 8590
305.924 14693
305.926 339
305.967 402
305.989 386
306.001 16406
306.001 16406
306.001 10459
306.004 6597
306.004 27
306.028 16406
306.028 16406
306.028 496
306.055 420
306.058 8965
306.058 16406
306.058 16406
306.058 19992
306.058 12766
306.058 3250
306.06 16406
306.06 579
306.064 16406
306.064 16406
306.064 16011
306.083 16406
306.083 4284
306.085 12122
306.085 16406
306.085 838
306.103 16406
306.103 24
306.105 16406
306.105 36
306.121 0
306.124 8832
306.148 16406
306.148 16406
306.149 16406
306.149 1270
306.179 16406
306.181 16122
306.21 16406
306.21 30
306.213 16406
306.213 30
306.231 8973
306.234 16406
306.234 13055
306.252 16406
306.252 12918
306.258 435
306.272 460
306.283 413
306.295 8379
306.298 16406
306.298 1054
306.298 16406
306.298 30
306.3 1184
306.318 16406
306.318 35
306.32 16406
306.32 1524
306.32 679
306.332 408
306.34 8973
306.342 16406
306.342 7471
306.38 16406
306.383 16406
306.383 1054
306.385 10990
306.398 495
306.398 421
306.425 8979
306.429 16406
306.429 16406
306.429 11893
306.465 8979
306.468 16401
306.468 16406
306.468 1529
306.47 9975
306.495 460
306.53 8379
306.535 16406
306.535 16406
306.535 1517
306.535 6550
306.547 437
306.575 16406
306.575 8966
306.578 16406
306.578 1134
306.582 447
306.592 0
306.592 3237
306.595 16406
306.595 8956
306.596 4800
306.596 398
306.639 16406
306.639 30
306.639 9997
306.642 16406
306.642 1099
306.65 399
306.675 445
306.679 16406
306.682 16406
306.682 1532
306.684 411
306.684 5680
306.691 446
306.734 409
306.745 16406
306.747 16406
306.747 10467
306.75 8665
306.789 16406
306.789 1054
306.789 16406
306.789 6846
306.83 8979
306.83 16401
306.832 15186
306.896 16406
306.897 30
306.898 1053
306.898 16406
306.9 16002
306.93 443
306.936 8973
306.936 2856
306.938 13550
306.938 1054
306.94 417
306.94 12595
306.979 16406
306.979 1054
306.982 16406
306.982 30
306.983 4025
307.046 16406
307.046 30
307.049 16406
307.049 5238
307.088 16406
307.09 16406
307.09 3742
307.148 8379
307.151 16406
307.151 30
307.153 16406
307.153 85
307.195 16406
307.195 8966
307.198 5542
307.202 410
307.234 16406
307.234 35
307.237 16406
307.237 10464
307.237 254
307.314 16406
307.314 16406
307.314 1498
307.314 5274
307.342 10008
307.345 16406
307.345 8824
307.359 469
307.382 8973
307.383 8957
307.386 16406
307.386 6883
307.386 281
307.411 436
307.427 392
307.45 16406
307.45 1376
307.453 16406
307.453 10716
307.479 8379
307.483 16406
307.483 16406
307.483 3657
307.532 8979
307.535 16406
307.535 16406
307.535 12833
307.598 8979
307.598 14280
307.6 2126
307.6 1054
307.6 16406
307.6 492
307.602 10915
307.629 414
307.636 16406
307.636 16406
307.636 3029
307.636 2294
307.641 422
307.684 16406
307.685 8960
307.687 16406
307.687 10972
307.69 392
307.748 16406
307.748 938
307.751 16406
307.751 1529
307.751 13171
307.764 433
307.779 8979
307.782 16406
307.782 26175
307.833 3729
307.836 16406
307.836 1048
307.836 8979
307.838 9139
307.852 500
307.892 463
307.896 405
307.896 8979
307.899 16406
307.899 16406
307.899 15089
307.923 428
307.94 8379
307.976 16406
307.977 410
307.977 1054
307.977 16406
307.977 7709
307.99 380
308.004 8973
308.013 8139
308.013 27
308.026 437
308.036 16406
308.036 16406
308.036 496
308.047 427
308.061 16406
308.062 16406
308.062 2476
308.064 16406
308.064 30
308.064 8958
308.066 399
308.066 6694
308.066 16406
308.066 1054
308.072 16406
308.072 10005
308.075 16406
308.075 7381
308.078 16406
308.078 1054
308.078 14411
308.08 3342
308.112 16406
308.112 23524
308.119 9147
308.151 16406
308.153 442
308.153 16406
308.153 5058
308.217 15142
308.219 16406
308.219 12394
308.23 524
308.231 433
308.257 16406
308.257 1048
308.259 16406
308.259 15124
308.274 420
308.302 16406
308.302 30
308.302 9997
308.305 16406
308.305 1529
308.305 4111
308.363 5158
308.365 16406
308.365 1054
308.365 16406
308.365 30
308.368 11306
308.376 0
308.376 0
308.376 0
308.417 442
308.417 8379
308.417 15708
308.417 0
308.417 129
308.417 17376
308.418 698
308.418 30
308.418 1053
308.418 16406
308.419 500
308.419 6299
308.431 451
308.433 268
308.433 0
308.452 16406
308.452 1054
308.454 16406
308.454 30
308.454 14366
308.496 428
308.514 16406
308.515 16406
308.515 2072
308.516 16406
308.516 30
308.516 347
308.556 16406
308.557 1061
308.557 16406
308.557 30
308.56 16406
308.56 1930
308.598 16406
308.598 126
308.601 16406
308.601 30
308.603 399
308.603 13546
308.665 16406
308.665 30
308.665 1053
308.667 16406
308.667 30
308.667 10662
308.673 434
308.694 436
308.706 422
308.712 16406
308.712 16406
308.712 11490
308.715 10134
308.738 451
308.747 2445
308.75 16406
308.75 1054
308.75 16406
308.75 30
308.753 9130
308.812 16406
308.812 1048
308.812 16406
308.812 30
308.816 1053
308.816 16406
308.816 2604
308.856 16406
308.856 30
308.858 16406
308.858 20244
308.9 16406
308.9 30
308.9 16406
308.9 1524
308.902 4552
308.925 123
308.963 16406
308.963 17460
308.965 1053
308.965 16406
308.965 30
308.967 4290
309.002 403
309.007 16406
309.007 1926
309.007 16406
309.007 30
309.009 343
309.011 14308
309.026 395
309.047 16406
309.047 1054
309.049 16406
309.049 30
309.049 1522
309.051 8173
309.06 419
309.096 391
309.112 16406
309.112 30
309.114 1053
309.114 16406
309.114 30
309.117 1053
309.117 16406
309.117 30
309.118 3725
309.145 432
309.163 16406
309.163 16406
309.163 17480
309.166 464
309.197 16406
309.197 1061
309.199 16406
309.199 30
309.199 9290
309.248 458
309.263 16406
309.263 30
309.265 1053
309.265 16406
309.265 30
309.267 433
309.267 16406
309.267 5502
309.271 423
309.274 453
309.301 8379
309.304 16406
309.304 30
309.304 1053
309.307 16406
309.307 30
309.307 7709
309.346 16406
309.347 1061
309.347 16406
309.347 30
309.349 12110
309.412 16406
309.412 2974
309.415 16406
309.415 30
309.415 1053
309.418 16406
309.418 30
309.418 3873
309.459 16406
309.459 30
309.462 16406
309.462 16406
309.462 1638
309.497 16406
309.498 30
309.5 8966
309.5 16406
309.5 3822
309.534 467
309.554 406
309.561 16406
309.563 1055
309.563 16406
309.563 30
309.565 1053
309.565 16406
309.565 30
309.568 8188
309.606 16406
309.607 30
309.607 1053
309.61 16406
309.61 30
309.61 10474
309.646 16406
309.648 16406
309.648 11450
309.697 16406
309.697 8960
309.699 9526
309.702 16406
309.702 30
309.705 5988
309.75 394
309.75 16406
309.75 1054
309.753 16406
309.753 30
309.753 1053
309.756 16406
309.756 30
309.756 2973
309.817 289
309.819 16406
309.819 1046
309.819 11424
309.821 4982
309.821 30
309.821 16406
309.821 4122
309.862 16406
309.863 30
309.864 1053
309.864 16406
309.864 30
309.867 16406
309.867 2870
309.879 123
309.901 16406
309.901 7442
309.905 16406
309.905 14182
309.997 16406
309.999 24
309.999 16406
309.999 350
310.001 1053
310.004 16406
310.004 30
310.007 14908
310.007 27
310.03 16406
310.03 16406
310.03 496
310.056 420
310.056 16406
310.056 774
310.056 8568
310.057 7838
310.057 1520
310.057 16406
310.059 8515
310.059 15390
310.062 16406
310.062 262
310.066 16406
310.066 30
310.066 9997
310.067 16406
310.067 1054
310.069 16406
310.069 4464
310.072 16406
310.072 30
310.072 15230
310.115 8092
310.115 1078
310.121 8979
310.121 8489
310.125 16406
310.125 30
310.125 2856
310.126 7155
310.126 1056
310.159 16406
310.159 30
310.161 16406
310.162 774
310.162 12188
310.163 230
310.186 0
310.2 8979
310.2 2856
310.201 4609
310.204 16406
310.204 10472
310.204 3819
310.27 16406
310.27 30
310.272 16406
310.272 15062
310.275 921
310.29 8979
310.293 16406
310.293 2095
310.294 587
310.307 8979
310.309 16406
310.309 6775
310.309 719
310.357 8979
310.359 16406
310.359 18201
310.359 351
310.395 16406
310.395 5712
310.397 3830
310.413 8379
310.417 16406
310.417 8009
310.418 84
310.459 16406
310.461 16406
310.461 16856
310.461 473
310.499 16406
310.501 16406
310.501 1970
310.503 7162
310.503 1437
310.529 16406
310.531 12884
310.531 635
310.569 8379
310.572 16406
310.572 30
310.572 8065
310.605 16406
310.608 351
310.608 16406
310.608 30
310.608 15716
310.61 1081
310.65 16406
310.652 1061
310.652 16406
310.652 30
310.654 7149
310.654 1230
310.713 1129
310.713 11424
310.714 4901
310.717 15738
310.717 705
310.719 16406
310.719 1048
310.719 2804
310.757 16406
310.757 16406
310.757 1042
310.758 11746
310.801 16406
310.801 344
310.804 16406
310.804 7556
310.811 427
310.837 427
310.85 384
310.865 16406
310.865 344
310.867 16406
310.868 9997
310.87 8869
310.884 16406
310.886 10397
310.887 1430
310.889 390
310.904 16406
310.906 15732
310.906 719
310.948 10414
310.948 16406
310.948 1523
310.95 12803
310.95 355
310.959 496
310.977 399
310.982 396
310.996 438
311.012 16406
311.014 16406
311.014 16406
311.014 1896
311.014 218
311.016 8558
311.022 402
311.05 446
311.053 16406
311.055 35
311.055 16406
311.055 1523
311.058 12073
311.098 16406
311.098 35
311.101 16406
311.101 11448
311.102 963
311.114 475
311.169 16406
311.171 16406
311.171 16406
311.171 5068
311.173 875
311.196 0
311.196 139
311.196 5264
311.196 16406
311.198 35
311.198 16406
311.198 1523
311.198 14476
311.198 19740
311.2 9940
311.2 846
311.2 19740
311.2 15542
311.254 16406
311.255 16406
311.255 1062
311.258 7034
311.268 508
311.272 503
311.277 16406
311.279 10397
311.279 113
311.313 16406
311.315 16406
311.315 6242
311.339 16406
311.341 9918
311.362 16406
311.363 16406
311.363 38
311.375 396
311.433 489
311.436 16406
311.436 1048
311.438 16406
311.438 500
311.441 16406
311.441 14897
311.442 8915
311.461 16406
311.461 390
311.461 2148
311.463 16406
311.463 4868
311.471 446
311.48 16406
311.482 420
311.482 15182
311.504 16406
311.505 16108
311.505 343
311.512 411
311.529 16406
311.531 10106
311.572 16406
311.573 24
311.575 16406
311.575 1524
311.575 5660
311.576 619
311.596 0
311.596 114
311.596 1965
311.609 445
311.609 16406
311.611 1055
311.611 16406
311.611 30
311.613 774
311.613 308
311.613 16406
311.613 975
311.615 1450
311.615 801
311.653 365
311.658 16406
311.658 16406
311.658 1428
311.66 14978
311.66 7924
311.66 142
311.67 414
311.684 459
311.695 404
311.698 16406
311.701 11824
311.701 1319
311.717 16406
311.719 16102
311.72 349
311.738 401
311.738 16406
311.739 14674
311.741 725
311.758 16406
311.76 14412
311.76 291
311.763 440
311.779 16406
311.779 4284
311.781 12122
311.781 32
311.781 33
311.801 16406
311.803 14680
311.803 154
311.849 16406
311.849 32812
311.849 1368
311.849 4304
311.885 361
311.887 16406
311.887 1046
311.887 16406
311.887 30
311.889 12866
311.889 961
311.93 8979
311.932 8489
311.934 16406
311.934 30
311.937 16406
311.937 50
311.995 8379
311.995 16406
311.995 30
311.998 16406
311.998 30
311.998 15738
312 705
312.002 10773
312.002 27
312.023 16406
312.023 16406
312.023 496
312.055 16406
312.055 16406
312.055 32812
312.055 1685
312.061 16406
312.061 16406
312.061 1054
312.063 16406
312.063 10470
312.063 9996
312.065 6410
312.065 4897
312.065 7490
312.067 16406
312.067 30
312.067 2554
312.079 16406
312.079 9974
312.099 16406
312.099 16400
312.099 41
312.106 0
312.109 4010
312.109 5129
312.109 31
312.12 8379
312.122 399
312.122 16406
312.123 30
312.123 4569
312.148 405
312.162 8979
312.165 16406
312.165 8803
312.165 16406
312.165 30
312.168 4868
312.172 413
312.172 430
312.182 8979
312.182 7779
312.186 16406
312.186 9436
312.234 428
312.252 16406
312.255 16406
312.255 18616
312.271 436
312.29 16406
312.293 16406
312.293 1062
312.295 16406
312.296 2682
312.333 442
312.333 390
312.337 16406
312.34 16406
312.34 1514
312.341 16406
312.341 2606
312.365 458
312.387 389
312.399 5758
312.404 16406
312.404 10159
312.406 16406
312.406 884
312.408 4507
312.444 8379
312.449 16406
312.449 30
312.451 1053
312.451 16406
312.451 30
312.454 12221
312.457 457
312.474 0
312.478 467
312.486 16406
312.486 30
312.488 16406
312.488 4123
312.488 16406
312.488 30
312.49 2432
312.516 444
312.552 8379
312.554 16406
312.554 30
312.555 1053
312.558 16406
312.559 30
312.559 14101
312.599 407
312.599 8379
312.607 16406
312.607 30
312.609 1053
312.615 16406
312.615 30
312.616 8461
312.626 390
312.633 16406
312.633 27848
312.651 385
312.663 16406
312.663 11798
312.699 16406
312.699 30
312.704 420
312.705 16406
312.705 1054
312.705 16406
312.705 15090
312.732 416
312.764 16406
312.764 30
312.766 8966
312.766 16406
312.767 7394
312.807 8379
312.81 16406
312.81 1530
312.813 16406
312.813 5353
312.851 16406
312.851 30
312.853 16406
312.853 1515
312.853 6817
312.874 390
312.889 16406
312.891 15370
312.908 16406
312.91 16406
312.91 38
312.952 8379
312.956 16406
312.956 30
312.956 16406
312.956 9997
312.958 4350
313.017 16406
313.017 30
313.017 343
313.021 16406
313.021 15696
313.057 8979
313.059 16406
313.059 16406
313.059 5633
313.103 8973
313.106 16401
313.107 16406
313.107 4580
313.119 390
313.167 16406
313.169 16406
313.169 14326
313.218 16406
313.218 16310
313.231 8973
313.233 16406
313.233 7471
313.27 2249
313.272 16406
313.272 16406
313.272 9166
313.318 16406
313.318 1061
313.32 16406
313.32 30
313.323 6150
313.368 390
313.38 16406
313.38 30
313.38 1053
313.384 16406
313.384 30
313.384 16406
313.384 614
313.439 16406
313.439 1061
313.439 16406
313.439 30
313.439 5850
313.464 16406
313.466 35
313.466 16406
313.466 1054
313.468 7974
313.529 16406
313.53 35
313.53 16406
313.53 1054
313.532 12730
313.572 1757
313.574 16406
313.574 344
313.577 16406
313.577 30
313.577 16406
313.577 1100
313.613 16406
313.616 16406
313.616 9411
313.616 3008
313.618 390
313.679 16406
313.679 30
313.681 1053
313.681 16406
313.681 30
313.685 16406
313.685 2554
313.685 2789
313.728 16406
313.728 1048
313.73 16406
313.73 15876
313.767 16406
313.768 16406
313.768 14082
313.809 16406
313.809 7173
313.81 8407
313.828 16406
313.831 16406
313.831 38
313.843 398
313.853 404
313.853 435
313.869 8379
313.872 16406
313.872 1054
313.872 16406
313.872 30
313.873 5641
313.89 390
313.915 16406
313.915 16900
313.917 388
313.917 16406
313.917 30
313.921 2301
313.95 382
313.961 382
313.965 291
313.997 8979
314 16406
314 8489
314.001 9441
314.005 5651
314.005 27
314.039 16406
314.039 16406
314.039 496
314.054 421
314.087 362
314.1 420
314.1 2856
314.102 13550
314.102 9715
314.104 411
314.104 16406
314.104 1336
314.104 8092
314.104 713
314.104 31
314.107 16406
314.107 1521
314.12 16406
314.122 15038
314.126 16406
314.126 7514
314.13 425
314.13 430
314.13 16406
314.13 1530
314.138 16406
314.138 782
314.139 7911
314.14 8856
314.143 410
314.146 16406
314.146 1528
314.149 14970
314.15 352
314.15 69
314.153 16406
314.153 16406
314.153 451
314.156 15742
314.159 16406
314.159 16406
314.159 2210
314.16 515
314.172 16406
314.172 30
314.175 16406
314.175 782
314.175 13616
314.177 619
314.185 418
314.21 16406
314.213 16406
314.213 11456
314.213 1151
314.226 388
314.228 409
314.231 14050
314.235 16406
314.235 1452
314.235 971
314.252 16406
314.254 9730
314.282 410
314.296 16406
314.298 24
314.298 15708
314.299 698
314.299 1054
314.299 6130
314.302 807
314.339 16406
314.339 16406
314.339 1062
314.342 6132
314.342 122
314.36 412
314.38 13975
314.383 16406
314.383 8966
314.385 4757
314.398 430
314.442 411
314.447 16406
314.449 16406
314.449 2445
314.449 13317
314.451 70
314.454 421
314.487 16406
314.489 16406
314.491 1117
314.528 10362
314.532 16406
314.532 30
314.533 11440
314.533 631
314.558 386
314.582 396
314.594 16406
314.596 16406
314.596 386
314.598 9266
314.598 3256
314.6 322
314.622 417
314.637 410
314.637 16406
314.64 16406
314.64 1062
314.642 11844
314.643 671
314.667 450
314.67 396
314.676 394
314.68 10586
314.683 16406
314.683 12876
314.684 907
314.743 439
314.743 16406
314.746 35
314.746 14280
314.747 2126
314.747 1054
314.747 1428
314.749 6132
314.75 198
314.764 16406
314.766 16406
314.766 32
314.768 33
314.785 16406
314.787 9918
314.828 469
314.83 16406
314.831 1054
314.833 16406
314.833 30
314.835 15730
314.835 2135
314.837 311
314.872 16406
314.874 16406
314.874 32
314.876 13648
314.915 16406
314.917 35
314.919 16406
314.919 1523
314.919 2807
314.922 966
314.978 16406
314.981 8974
314.981 16406
314.981 2880
314.984 595
315.022 16406
315.022 9974
315.062 16406
315.064 13170
315.13 16406
315.131 35
315.134 16406
315.134 1516
315.134 11375
315.135 490
315.171 16406
315.173 16406
315.173 11456
315.174 1339
315.212 16406
315.214 35
315.214 14280
315.216 2126
315.216 2547
315.216 4639
315.218 987
315.263 390
315.279 16406
315.281 16406
315.281 32
315.284 12144
315.326 11530
315.329 16406
315.329 1523
315.331 8519
315.331 703
315.341 10948
315.343 16406
315.345 1123
315.361 16406
315.363 16406
315.363 38
315.387 10146
315.39 16406
315.39 1523
315.39 11367
315.392 122
315.431 16406
315.433 1055
315.436 16406
315.436 7916
315.436 469
315.453 8979
315.456 7465
315.458 16406
315.458 30
315.479 16406
315.481 14994
315.514 390
315.514 8973
315.516 16406
315.516 7459
315.518 16406
315.518 5090
315.558 16406
315.561 8974
315.561 8494
315.567 16406
315.569 8974
315.569 276
315.619 13094
315.622 16406
315.622 11131
315.623 87
315.662 16406
315.664 16406
315.664 2183
315.664 460
315.724 16406
315.728 16406
315.728 6186
315.767 16406
315.768 16406
315.768 1050
315.768 88
315.773 390
315.847 16406
315.849 35
315.851 16406
315.851 7922
315.852 800
315.852 2458
315.871 16406
315.871 15362
315.913 454
315.915 439
315.923 8379
315.928 16406
315.928 11025
315.931 424
315.985 379
316.005 15234
316.007 16406
316.007 5290
316.011 27
316.032 16406
316.032 16406
316.032 496
316.056 420
316.059 8222
316.062 8966
316.062 5712
316.063 10586
316.067 16406
316.07 8701
316.072 16406
316.072 30
316.076 434
316.076 9287
316.083 8495
316.085 16406
316.085 30
316.085 16406
316.088 16406
316.088 8290
316.09 10003
316.09 8495
316.094 16406
316.094 30
316.094 1053
316.097 16406
316.097 2473
316.1 8909
316.1 31
316.1 5964
316.108 16406
316.108 8701
316.11 14839
316.127 396
316.151 11758
316.153 8371
316.153 16406
316.153 30
316.156 1364
316.185 0
316.222 16406
316.224 8701
316.226 16406
316.226 30
316.226 6595
316.261 16406
316.262 1061
316.262 450
316.264 16406
316.264 30
316.264 5662
316.294 16406
316.296 16178
316.331 394
316.365 16406
316.367 1055
316.367 16406
316.367 30
316.369 8168
316.371 396
316.402 403
316.43 16406
316.43 1055
316.434 16406
316.434 30
316.434 10612
316.448 8979
316.45 16406
316.45 7465
316.476 432
316.513 8379
316.515 378
316.515 16406
316.515 1054
316.517 16406
316.517 9441
316.519 8971
316.522 366
316.522 16406
316.522 4311
316.522 2475
316.543 330
316.56 8379
316.566 16406
316.566 30
316.568 15021
316.581 411
316.606 4854
316.609 16406
316.609 1516
316.612 16406
316.612 9456
316.64 425
316.652 470
316.665 16406
316.665 24
316.667 16406
316.667 1512
316.67 16406
316.67 4486
316.683 434
316.699 420
316.699 416
316.709 16406
316.709 1516
316.712 16406
316.712 15596
316.73 16406
316.73 30
316.732 13858
316.75 16406
316.75 30
316.753 16406
316.753 30
316.755 440
316.76 409
316.791 8379
316.794 16406
316.794 30
316.794 4004
316.814 16406
316.814 30
316.816 16406
316.816 30
316.836 16406
316.836 1523
316.838 8793
316.854 16406
316.856 24
316.856 16406
316.856 36
316.897 16406
316.899 8974
316.901 16406
316.901 1529
316.903 16406
316.903 10154
316.903 6591
316.961 8979
316.961 7779
316.964 391
316.964 16406
316.964 30
316.966 14380
316.984 16406
316.984 30
316.986 9158
317.005 8379
317.009 16406
317.009 30
317.011 8065
317.022 421
317.041 414
317.047 399
317.049 8973
317.053 390
317.053 16406
317.053 2443
317.053 7903
317.056 16406
317.056 30
317.056 3492
317.084 522
317.093 8379
317.093 16406
317.093 4757
317.11 8979
317.113 16406
317.113 7465
317.152 456
317.152 444
317.155 8379
317.157 8973
317.159 16406
317.159 1528
317.159 16406
317.159 4496
317.172 440
317.195 390
317.197 16406
317.197 1061
317.199 442
317.199 16406
317.199 30
317.201 15682
317.208 416
317.226 443
317.231 408
317.241 440
317.241 8979
317.243 16406
317.243 6225
317.26 8379
317.263 16406
317.263 1515
317.265 449
317.265 6580
317.306 16406
317.308 16406
317.308 1056
317.308 13620
317.309 413
317.309 409
317.312 448
317.355 16406
317.355 1055
317.355 16406
317.355 30
317.355 1053
317.355 16406
317.355 30
317.355 5236
317.36 384
317.394 405
317.405 425
317.41 11874
317.413 16406
317.413 30
317.415 440
317.415 1053
317.415 16406
317.415 30
317.417 8966
317.417 2797
317.423 431
317.453 16406
317.453 30
317.453 343
317.457 16406
317.457 30
317.457 1053
317.458 16406
317.458 30
317.458 2931
317.462 16406
317.462 938
317.462 9754
317.469 440
317.495 5198
317.498 16406
317.498 8960
317.498 2315
317.516 16406
317.517 14242
317.52 413
317.535 24
317.552 0
317.559 8379
317.563 16406
317.563 30
317.563 15585
317.584 385
317.603 8379
317.605 16406
317.605 7893
317.608 16406
317.608 30
317.608 1057
317.629 407
317.642 416
317.648 8973
317.651 7785
317.651 16406
317.651 30
317.653 438
317.653 10145
317.654 425
317.654 2140
317.685 422
317.696 16406
317.696 30
317.7 11038
317.711 8979
317.711 14280
317.713 2126
317.713 1054
317.713 14469
317.73 480
317.734 396
317.75 192
317.75 14280
317.751 2126
317.751 944
317.753 8489
317.755 16406
317.755 30
317.755 6285
317.757 414
317.817 16406
317.817 1055
317.82 16406
317.82 30
317.82 1053
317.822 16406
317.822 30
317.822 6552
317.861 16406
317.863 35
317.863 16406
317.863 563
317.867 16406
317.867 30
317.867 7873
317.88 16406
317.88 8782
317.901 8379
317.903 16406
317.903 30
317.903 8065
317.946 16406
317.946 30
317.948 8966
317.948 220
318.017 15118
318.017 16406
318.017 30
318.017 10482
318.017 27
318.038 16406
318.038 16406
318.038 496
318.062 16406
318.062 16406
318.062 32226
318.062 17136
318.063 15676
318.063 61404
318.063 4284
318.063 2991
318.091 0
318.095 9261
318.114 8379
318.118 16406
318.118 30
318.118 16406
318.118 5712
318.119 6217
318.134 8973
318.137 16406
318.137 3599
318.146 16406
318.146 35
318.147 16406
318.147 30
318.199 16406
318.199 1048
318.202 16406
318.202 16406
318.202 7012
318.237 24
318.264 8979
318.266 16406
318.266 8803
318.268 16406
318.268 5752
318.307 16406
318.307 344
318.309 16406
318.309 30
318.311 1053
318.311 16406
318.311 30
318.313 5376
318.349 16406
318.351 16406
318.351 16406
318.351 330
318.359 319
318.411 16406
318.412 8738
318.415 16406
318.415 16082
318.459 16406
318.459 30
318.459 1053
318.461 16406
318.461 30
318.461 15682
318.499 16406
318.499 4284
318.501 5715
318.501 16406
318.501 1105
318.563 5418
318.565 16406
318.565 30
318.567 16406
318.567 1524
318.567 14336
318.608 16406
318.608 30
318.608 1053
318.61 16406
318.61 7730
318.648 16406
318.65 1055
318.65 16406
318.65 3656
318.71 8973
318.712 16406
318.712 11927
318.755 16406
318.755 30
318.759 16406
318.759 2230
318.797 16406
318.797 30
318.8 14478
318.862 16406
318.865 16406
318.865 8498
318.905 16406
318.905 1048
318.908 16406
318.908 5104
318.914 0
318.947 16406
318.95 16406
318.95 2556
318.95 3151
318.995 40
319.009 16406
319.01 24
319.01 16406
319.01 11481
319.012 5073
319.052 8573
319.052 514
319.054 8185
319.054 5712
319.056 10694
319.056 5712
319.057 10492
319.096 16406
319.099 24
319.099 16406
319.099 8965
319.1 4016
319.143 16406
319.143 10098
319.162 16406
319.165 16406
319.165 38
319.206 16406
319.206 16406
319.206 24812
319.247 16406
319.247 1048
319.251 16406
319.251 16406
319.251 6636
319.267 16406
319.267 8782
319.308 16406
319.308 1048
319.311 16406
319.311 30
319.313 6532
319.33 16406
319.33 30
319.33 14046
319.352 16406
319.352 8952
319.354 7492
319.392 16406
319.394 12738
319.418 16406
319.418 30
319.418 16406
319.418 30
319.458 8379
319.461 16406
319.461 30
319.461 1053
319.463 16406
319.463 30
319.463 11657
319.502 15553
319.505 16406
319.505 16406
319.505 8327
319.545 16406
319.545 30
319.545 10662
319.565 16406
319.565 30
319.567 16406
319.567 30
319.585 16406
319.585 30
319.585 10098
319.608 16406
319.611 24
319.611 16406
319.611 36
319.627 8379
319.63 16406
319.63 30
319.63 2124
319.648 16406
319.651 16406
319.651 38
319.694 16406
319.694 30
319.696 10850
319.702 24
319.715 6362
319.715 9996
319.716 6410
319.716 10082
319.722 0
319.734 16406
319.737 12550
319.745 16406
319.745 30
319.747 9997
319.747 6447
319.777 16406
319.779 14054
319.798 12602
319.8 16222
319.842 8379
319.845 16406
319.845 16406
319.845 9297
319.863 8973
319.865 16406
319.865 7471
319.878 122
319.886 16406
319.886 16406
319.886 1054
319.886 14874
319.906 16406
319.906 30
319.909 16406
319.909 30
319.991 16406
319.991 30
319.992 1053
319.992 16406
319.992 30
319.995 16406
319.995 2547
319.995 5780
319.998 16406
319.998 30
320.002 8431
320.002 27
320.016 411
320.023 16406
320.023 16406
320.023 496
320.051 420
320.051 16406
320.051 16406
320.051 32812
320.051 19992
320.051 1565
320.062 16406
320.062 30
320.062 1053
320.064 16406
320.064 1054
320.067 16406
320.067 30
320.069 372
320.069 16406
320.069 2856
320.07 13550
320.07 4547
320.072 7465
320.072 11282
320.077 16406
320.079 8968
320.079 2727
320.09 5760
320.09 2332
320.09 1201
320.102 16406
320.103 30
320.103 15738
320.105 705
320.116 416
320.119 7190
320.121 16406
320.121 30
320.124 16406
320.124 10778
320.124 997
320.129 16406
320.131 13734
320.16 435
