0 0
0.003009 0
0.005395 0
0.008098 0
0.010267 0
0.012089 625
0.014677 1302
0.032182 0
0.035473 1177
0.055629 0
0.055729 0
0.06072 0
0.061588 0
0.065148 0
0.067138 0
0.076739 0
0.080405 0
0.080858 0
0.0809 0
0.083537 0
0.083602 0
0.10719 0
0.132957 0
0.133028 0
0.135851 0
0.175216 0
0.178108 0
0.197955 0
0.199953 0
0.237387 0
0.237836 0
0.253552 0
0.255892 0
0.281902 0
0.28477 0
0.320141 0
0.321825 0
0.323011 0
0.341445 0
0.34278 0
0.367915 0
0.368845 0
0.405573 0
0.409169 0
0.413235 0
0.423594 0
0.425025 0
0.465612 0
0.468254 0
0.471828 0
0.471927 0
0.507695 0
0.511979 0
0.512052 0
0.513697 0
0.55295 0
0.556314 0
0.557695 0
0.559083 0
0.570435 0
0.57322 0
0.623122 0
0.626349 0
0.627625 0
0.638894 0
0.643934 0
0.658487 0
0.660521 0
0.703271 0
0.705532 0
0.70742 0
0.721505 0
0.723883 0
0.72748 0
0.772833 0
0.774572 0
0.774642 0
0.784994 0
0.78745 0
0.830091 0
0.831866 0
0.831934 0
0.861522 0
0.863891 0
0.873526 0
0.875355 0
0.915858 0
0.917731 0
0.944676 0
0.947022 0
0.964615 0
0.967398 0
1.00156 0
1.00495 0
1.01944 0
1.02228 0
1.06481 0
1.08994 0
1.09013 0
1.09158 0
1.09384 0
1.09613 0
1.10837 0
1.10984 0
1.16041 0
1.16174 0
1.16353 0
1.16761 0
1.16979 0
1.17121 0
1.19611 0
1.1963 0
1.23393 0
1.23656 0
1.23856 0
1.23865 0
1.25496 0
1.25761 0
1.31014 0
1.31022 0
1.31029 0
1.33343 0
1.33379 0
1.33382 0
1.33913 0
1.34259 0
1.34459 0
1.38296 0
1.38611 0
1.38788 0
1.43202 0
1.43484 0
1.43619 0
1.43629 0
1.47062 0
1.4734 0
1.47455 0
1.47462 0
1.53123 0
1.56133 0
1.56512 0
1.56724 0
1.57526 0
1.62852 0
1.63061 0
1.63067 0
1.63191 0
1.66086 0
1.66277 0
1.66506 0
1.70692 0
1.70804 0
1.70809 0
1.71032 0
1.71037 0
1.75219 0
1.77535 0
1.77733 0
1.77737 0
1.80997 0
1.81194 0
1.81203 0
1.81293 0
1.86214 0
1.8635 0
1.89728 0
1.89867 0
1.92634 0
1.9285 0
1.9867 0
1.98679 0
1.98835 0
2.01014 1302
2.01514 0
2.01707 625
2.02188 0
2.03635 0
2.0399 1177
2.06112 0
2.06223 0
2.06424 0
2.06595 0
2.06873 0
2.11195 0
2.19388 0
2.19397 0
2.19588 0
2.19595 0
2.19829 0
2.24061 0
2.2407 0
2.24231 0
2.24236 0
2.25631 0
2.26002 0
2.29961 0
2.30153 0
2.30182 0
2.30483 0
2.32789 0
2.32984 0
2.36799 0
2.38606 0
2.38888 0
2.40558 0
2.40879 0
2.41543 0
2.45248 0
2.45559 0
2.47207 0
2.47219 0
2.49071 0
2.49221 0
2.53443 0
2.53677 0
2.53986 0
2.53993 0
2.54283 0
2.56011 0
2.56181 0
2.59995 0
2.60145 0
2.62027 0
2.62347 0
2.65035 0
2.68526 0
2.68742 0
2.68749 0
2.72845 0
2.73014 0
2.77312 0
2.77523 0
2.77743 0
2.81466 0
2.81761 0
2.83293 0
2.83635 0
2.8548 0
2.85865 0
2.9012 0
2.90294 0
2.90454 0
2.91801 0
2.95874 0
2.95922 0
2.96122 0
2.96314 0
2.98918 0
2.99116 0
3.02496 0
3.02763 0
3.02771 0
3.06997 0
3.07205 0
3.11386 0
3.11394 0
3.1173 0
3.16468 0
3.16796 0
3.19742 0
3.19898 0
3.21983 0
3.21991 0
3.22227 0
3.25955 0
3.26087 0
3.3035 0
3.36859 0
3.37089 0
3.37095 0
3.40818 0
3.41034 0
3.4549 0
3.45769 0
3.4601 0
3.51742 0
3.52195 0
3.57862 0
3.58017 0
3.60205 0
3.60358 0
3.66521 0
3.66747 0
3.70542 0
3.70967 0
3.71172 0
3.75004 0
3.75223 0
3.75392 0
3.75398 0
3.81581 0
3.8181 0
3.85573 0
3.85894 0
3.89954 0
3.90218 0
3.99927 0
4.00299 0
4.00498 1302
4.01272 0
4.01561 0
4.017 625
4.0362 0
4.03927 1177
4.06755 0
4.06945 0
4.07668 0
4.07673 0
4.07792 0
4.078 35
4.08052 0
4.08171 0
4.08407 0
4.08646 0
4.08856 0
4.11406 0
4.12 0
4.13471 0
4.13679 0
4.16576 0
4.16593 0
4.20633 0
4.23319 0
4.23391 0
4.24209 0
4.2451 0
4.29553 0
4.29843 0
4.30072 0
4.30778 0
4.30965 0
4.31351 0
4.31366 0
4.33223 0
4.33587 0
4.352 0
4.3545 0
4.37336 80
4.37535 0
4.37741 0
4.38951 0
4.39123 0
4.39188 0
4.39199 35
4.39388 0
4.43779 0
4.44184 0
4.44198 0
4.44433 0
4.46404 0
4.46612 0
4.50117 0
4.50323 0
4.50328 0
4.50447 0
4.5215 0
4.52346 0
4.54303 0
4.545 0
4.54689 0
4.59111 0
4.59379 0
4.59497 0
4.63358 0
4.67185 0
4.67453 0
4.71183 0
4.71268 0
4.75802 0
4.76023 0
4.7603 0
4.79701 0
4.79882 0
4.83016 0
4.83197 0
4.86851 0
4.87066 0
4.88404 0
4.88413 0
4.90737 0
4.92303 0
4.92649 0
4.94636 0
4.94963 0
4.98062 0
4.99011 0
4.99335 0
5.01046 0
5.01055 0
5.03324 0
5.03498 0
5.05186 0
5.05504 0
5.07578 0
5.07591 0
5.07871 0
5.12804 0
5.13011 0
5.13021 0
5.13372 0
5.14504 0
5.14674 0
5.18139 0
5.18331 0
5.20245 0
5.20488 0
5.24432 0
5.24695 0
5.26756 0
5.26767 0
5.30927 0
5.30935 0
5.35654 0
5.35661 0
5.35898 0
5.36092 0
5.3727 0
5.37291 0
5.37342 0
5.41815 0
5.41907 0
5.43733 0
5.46495 0
5.46506 0
5.50181 0
5.50388 0
5.50397 0
5.50503 0
5.53512 0
5.54804 0
5.55035 0
5.57528 89
5.59133 0
5.59152 0
5.59497 0
5.59754 0
5.59852 0
5.63518 0
5.6509 0
5.65283 0
5.69415 0
5.696 0
5.73696 0
5.73841 0
5.95486 0
5.9549 0
5.95825 0
5.95831 0
5.95834 0
5.95838 0
6.00035 1302
6.01248 0
6.01589 0
6.01593 0
6.0221 0
6.03111 0
6.03112 0
6.03112 0
6.03131 0
6.03311 0
6.03313 0
6.03315 0
6.03315 0
6.03315 0
6.03405 0
6.03406 0
6.03408 0
6.03772 625
6.05959 0
6.06276 1177
6.11116 0
6.11217 0
6.11234 0
6.11249 0
6.12941 0
6.13209 0
6.16321 0
6.16505 0
6.1651 0
6.16645 0
6.18693 0
6.18827 0
6.20599 0
6.20684 0
6.2479 0
6.25001 0
6.25101 0
6.26919 0
6.27141 0
6.33029 0
6.35493 0
6.35784 0
6.36005 0
6.37832 0
6.41783 0
6.42044 0
6.42368 0
6.42761 0
6.42948 0
6.46049 0
6.46258 0
6.46446 0
6.50644 0
6.50879 0
6.51018 0
6.51025 0
6.5518 0
6.55187 0
6.55319 0
6.57409 0
6.57417 0
6.61159 0
6.61168 0
6.61424 0
6.6143 0
6.6158 0
6.66034 0
6.66265 0
6.66595 0
6.66605 0
6.68521 0
6.68715 0
6.71714 0
6.71929 0
6.72181 0
6.72308 0
6.76314 0
6.76479 0
6.76703 0
6.76891 0
6.80486 0
6.80735 0
6.80903 0
6.81298 0
6.82396 0
6.82676 0
6.87728 0
6.87867 0
6.87874 0
6.87995 0
6.89872 0
6.90102 0
6.93199 0
6.93367 0
6.93553 0
6.95241 0
6.95455 0
7 0
7.00305 0
7.00587 0
7.04711 0
7.04921 0
7.0522 0
7.05226 0
7.08296 0
7.08389 1302
7.08502 0
7.11276 0
7.11396 0
7.12769 0
7.14448 0
7.14768 0
7.21457 0
7.23579 0
7.23779 0
7.26217 0
7.26225 0
7.29258 0
7.29399 0
7.33189 0
7.34087 0
7.34288 0
7.34432 0
7.38308 0
7.3853 0
7.42487 0
7.42771 0
7.46849 0
7.4692 0
7.49461 0
7.49653 0
7.5126 0
7.52703 0
7.52956 0
7.53098 0
7.58042 0
7.58253 0
7.58369 0
7.61695 0
7.6186 0
7.62437 0
7.64402 0
7.67967 0
7.71842 0
7.7205 0
7.72297 0
7.76563 0
7.78407 0
7.78679 0
7.82716 0
7.86969 0
7.87227 0
7.94209 0
7.94439 0
8.0005 0
8.00254 0
8.00476 625
8.0243 0
8.02708 1177
8.05495 0
8.05664 0
8.06102 0
8.06109 0
8.0637 0
8.06657 0
8.06865 0
8.10374 0
8.10652 0
8.16788 0
8.1712 0
8.21278 0
8.21397 0
8.21506 0
8.23466 0
8.25257 0
8.25463 0
8.25855 0
8.29689 0
8.30049 0
8.31715 0
8.32079 0
8.32182 0
8.3281 1302
8.3601 0
8.36123 0
8.36388 0
8.36476 0
8.36483 0
8.37851 89
8.40152 0
8.40358 0
8.40492 0
8.42782 0
8.46948 0
8.47138 0
8.47382 0
8.51618 0
8.51873 0
8.55207 0
8.55723 0
8.55926 0
8.61899 0
8.62005 0
8.62219 0
8.6379 0
8.64028 0
8.6423 0
8.68182 0
8.6843 0
8.70202 0
8.70494 0
8.74585 0
8.74888 0
8.78728 0
8.78824 0
8.7904 0
8.79275 0
8.85142 0
8.85447 0
8.85739 0
8.85892 0
8.89597 0
8.89936 0
8.90063 0
8.93708 0
8.94029 0
8.94498 0
9.00151 0
9.00476 0
9.00754 0
9.0076 0
9.00963 0
9.04301 0
9.04697 0
9.04884 0
9.05097 0
9.0861 0
9.08917 0
9.09278 0
9.14946 0
9.15182 0
9.15657 0
9.19438 0
9.19653 0
9.19787 0
9.23649 0
9.23782 0
9.23965 0
9.23973 0
9.30328 0
9.30591 0
9.30652 0
9.30842 0
9.34487 0
9.347 0
9.34896 0
9.34902 0
9.35163 0
9.39141 0
9.3956 0
9.39731 0
9.39909 0
9.42759 0
9.42948 0
9.43131 0
9.44855 0
9.45055 0
9.45201 0
9.48929 0
9.49144 0
9.49545 0
9.4955 0
9.49763 0
9.53599 0
9.53694 0
9.55646 0
9.55943 0
9.59807 0
9.6001 0
9.60227 0
9.60364 0
9.64356 0
9.6466 0
9.64935 0
9.6494 0
9.70743 0
9.71023 0
9.71239 0
9.71406 0
9.7493 0
9.7507 0
9.75261 0
9.75446 0
9.78265 0
9.78359 0
9.79247 0
9.79248 0
9.80087 0
9.80304 0
9.80439 0
9.86661 0
9.8716 0
9.87339 0
9.87875 0
9.90077 0
9.90311 0
9.9067 0
9.90801 0
9.9097 0
9.92539 0
9.92715 0
9.92883 0
9.93837 0
9.94028 0
10.0079 0
10.0129 0
10.0147 625
10.0344 0
10.0371 1177
10.0574 0
10.0629 0
10.0656 0
10.0668 0
10.0668 0
10.0668 0
10.0713 0
10.0733 0
10.0767 0
10.0806 0
10.082 0
10.115 0
10.1181 0
10.1546 0
10.1575 0
10.1582 0
10.1806 0
10.1829 0
10.223 0
10.2251 0
10.2265 0
10.2406 0
10.2456 0
10.2481 0
10.266 0
10.2679 0
10.2679 0
10.3079 0
10.3101 0
10.3234 1302
10.3254 0
10.3272 0
10.3557 0
10.357 35
10.384 0
10.387 0
10.4338 0
10.4371 0
10.4724 0
10.4745 0
10.4745 0
10.4746 0
10.5373 0
10.5396 0
10.5767 0
10.5787 0
10.5787 0
10.5814 0
10.6262 0
10.6279 0
10.6299 0
10.6649 0
10.6668 0
10.6847 0
10.6859 0
10.7103 0
10.7123 0
10.7141 0
10.7499 0
10.7525 0
10.7697 0
10.7698 0
10.8158 0
10.8187 0
10.8589 0
10.8612 0
10.8632 0
10.867 0
10.8671 0
10.9091 0
10.9124 0
10.9221 0
10.924 0
10.9979 0
10.9998 0
11.0306 0
11.0307 0
11.0782 0
11.0816 0
11.0833 0
11.1336 0
11.1357 0
11.137 0
11.1836 0
11.1855 0
11.2223 0
11.2254 0
11.2829 0
11.2845 0
11.2863 0
11.3502 0
11.3719 0
11.3735 0
11.3736 0
11.3749 0
11.3871 0
11.3891 0
11.3903 0
11.4375 0
11.4402 0
11.4513 0
11.4535 0
11.4735 0
11.4772 0
11.5207 0
11.5236 0
11.5708 0
11.5709 0
11.5824 0
11.5845 0
11.6342 0
11.6372 0
11.6688 0
11.6689 0
11.6707 0
11.7355 0
11.7382 0
11.7762 0
11.7786 0
11.7786 0
11.8256 0
11.827 0
11.862 0
11.8649 0
11.8649 0
11.8667 0
11.8668 0
11.8681 0
11.8824 0
11.8842 0
11.9252 0
11.927 0
12.0197 0
12.0227 0
12.0227 0
12.0245 625
12.045 0
12.048 1177
12.0742 0
12.0763 0
12.0796 0
12.0797 0
12.0797 0
12.0832 0
12.0832 0
12.0833 0
12.0865 0
12.0865 0
12.0866 0
12.0872 0
12.0873 0
12.0885 0
12.0886 0
12.0947 0
12.0968 0
12.119 0
12.1602 0
12.162 0
12.2332 0
12.2358 0
12.2382 0
12.264 0
12.2676 0
12.2694 0
12.3093 0
12.3133 0
12.3134 0
12.3179 1302
12.3496 0
12.3758 0
12.3762 0
12.4166 0
12.4183 0
12.4183 0
12.4362 0
12.4363 0
12.4583 0
12.4594 0
12.4815 0
12.4836 0
12.523 0
12.5264 0
12.5265 0
12.5265 0
12.5278 0
12.5658 0
12.5701 0
12.5846 0
12.5876 0
12.5904 0
12.635 0
12.6364 0
12.6801 0
12.6843 0
12.6843 0
12.7367 0
12.7393 0
12.7812 0
12.7836 0
12.8202 0
12.8224 0
12.8846 0
12.8871 0
12.9383 0
12.9384 0
12.9389 0
12.9705 0
12.9949 0
13.0444 0
13.0483 0
13.0483 0
13.0868 0
13.0869 0
13.1251 0
13.1272 0
13.129 0
13.1291 0
13.1464 0
13.1805 0
13.1825 0
13.1855 0
13.2243 0
13.2263 0
13.2279 0
13.2645 0
13.2646 0
13.2672 0
13.2697 0
13.3336 0
13.3367 0
13.3395 0
13.3411 0
13.3412 0
13.3725 89
13.3769 0
13.3792 0
13.3816 0
13.3831 0
13.3885 0
13.3898 35
13.4393 0
13.4471 0
13.4497 0
13.4817 0
13.4818 0
13.4818 0
13.4834 0
13.5319 0
13.5351 0
13.538 0
13.5967 0
13.6007 0
13.6149 0
13.6318 0
13.6333 0
13.6334 0
13.6349 0
13.6349 0
13.6577 0
13.6963 0
13.6993 0
13.6994 0
13.7015 0
13.7016 0
13.7379 0
13.7398 0
13.7399 0
13.7425 0
13.7828 0
13.7842 0
13.8328 0
13.8329 0
13.8351 0
13.9103 0
13.9128 0
13.9149 0
13.915 0
13.9165 0
13.9166 0
13.9272 0
14.0163 0
14.0163 0
14.0204 0
14.0226 625
14.0424 0
14.0458 1177
14.0732 0
14.0775 0
14.0776 0
14.081 0
14.0827 0
14.0866 0
14.0936 0
14.096 0
14.0961 0
14.099 0
14.099 0
14.1014 0
14.1044 0
14.1046 0
14.107 0
14.107 0
14.1316 0
14.1344 0
14.1685 0
14.1686 0
14.2237 0
14.2269 0
14.2908 0
14.3132 1302
14.3192 0
14.3193 0
14.3445 0
14.3526 0
14.355 0
14.355 0
14.3575 0
14.3576 0
14.3577 0
14.3866 0
14.3892 0
14.4004 0
14.4006 0
14.4028 0
14.4029 0
14.4039 0
14.4069 0
14.4071 0
14.4513 0
14.5184 0
14.5224 0
14.5259 0
14.5714 0
14.6264 0
14.6766 0
14.7284 0
14.7688 0
14.7867 0
14.7867 0
14.7909 0
14.8221 0
14.8251 0
14.8681 0
14.876 0
14.8773 0
14.8773 0
14.9094 0
14.9264 0
14.928 0
14.9681 0
14.9682 0
14.9844 0
14.9845 0
15.0188 0
15.0216 0
15.0217 0
15.0228 0
15.0249 0
15.028 0
15.0387 0
15.0492 0
15.0592 0
15.0667 0
15.0703 0
15.0703 0
15.0722 0
15.0773 0
15.1137 0
15.1219 0
15.1308 0
15.1338 0
15.134 0
15.1364 0
15.1922 0
15.2062 0
15.2086 0
15.2097 0
15.2098 0
15.2896 0
15.293 0
15.2944 0
15.3147 0
15.3174 0
15.4168 0
15.4184 0
15.4666 0
15.557 0
15.5571 0
15.5578 0
15.5579 0
15.584 0
15.5868 0
15.5894 0
15.5931 0
15.5954 0
15.6223 0
15.6253 0
15.6277 0
15.6449 0
15.6483 0
15.6491 0
15.6745 0
15.7045 0
15.7073 0
15.7074 0
15.7088 0
15.7334 0
15.7717 0
15.7718 0
15.8464 0
15.8483 0
15.8734 0
15.8763 0
15.9366 0
15.9384 0
15.9412 0
15.9425 0
15.9426 0
15.9966 0
16.0015 0
16.0036 0
16.0037 0
16.0063 625
16.0271 0
16.0299 1177
16.0557 0
16.0583 0
16.0644 0
16.0644 0
16.0645 0
16.068 0
16.0707 0
16.0726 0
16.0727 0
16.0754 0
16.0778 0
16.08 0
16.0827 0
16.0827 0
16.0845 0
16.0857 0
16.0857 0
16.0858 0
16.0903 0
16.0904 0
16.0908 0
16.0908 0
16.0921 0
16.1346 0
16.1679 0
16.2694 0
16.3083 1302
16.3241 0
16.3268 0
16.3694 0
16.3708 35
16.3742 0
16.3743 0
16.3754 0
16.3755 0
16.4042 0
16.4072 0
16.4087 0
16.4108 0
16.4799 0
16.4823 0
16.5228 0
16.5229 0
16.5439 0
16.5909 0
16.591 0
16.6266 0
16.6305 0
16.635 0
16.6731 0
16.6744 0
16.7139 0
16.7187 0
16.7246 0
16.7304 0
16.7367 0
16.7416 0
16.7532 0
16.7839 0
16.8126 0
16.8126 0
16.8128 0
16.825 0
16.8269 0
16.8288 0
16.8315 0
16.8678 0
16.8838 0
16.8838 0
16.8858 0
16.9255 0
16.942 0
16.9421 0
16.9451 0
16.9459 0
16.9698 0
16.9733 0
16.9744 0
16.9769 0
17.0116 0
17.0123 0
17.0227 0
17.0278 0
17.0278 0
17.0293 0
17.0293 0
17.0306 0
17.0335 0
17.0356 0
17.0759 0
17.0794 0
17.0812 0
17.0983 0
17.1005 0
17.1192 0
17.1805 0
17.1805 0
17.182 0
17.1843 0
17.186 0
17.195 0
17.2539 0
17.2736 0
17.2848 0
17.2848 0
17.3457 0
17.3457 0
17.3458 0
17.3458 0
17.3858 0
17.3859 0
17.4242 0
17.4466 0
17.4467 0
17.4482 0
17.4674 0
17.4674 0
17.469 0
17.5121 0
17.5122 0
17.5145 0
17.5339 0
17.5341 28
17.5436 0
17.5579 0
17.5622 0
17.5622 0
17.5959 0
17.6007 0
17.6014 0
17.6195 0
17.6246 0
17.6246 0
17.6334 0
17.6638 0
17.6639 0
17.664 0
17.6978 0
17.6979 0
17.7152 0
17.7153 0
17.7192 0
17.7203 0
17.7505 92
17.7661 0
17.7662 0
17.7692 0
17.7709 0
17.7728 0
17.8159 0
17.8528 0
17.8547 0
17.9335 0
17.9368 0
17.9397 0
17.9397 0
17.9397 0
17.941 0
18.0014 0
18.0043 0
18.0068 0
18.0068 0
18.0084 625
18.0586 0
18.0611 1177
18.1021 0
18.1031 0
18.1034 0
18.1035 0
18.1055 0
18.1056 0
18.1073 0
18.1073 0
18.1189 0
18.1189 0
18.1314 0
18.1616 0
18.1709 0
18.1709 0
18.1923 1243
18.1924 1047
18.1951 0
18.197 0
18.2325 0
18.2429 0
18.2626 0
18.2654 0
18.2665 0
18.3038 1302
18.3124 0
18.3357 0
18.3628 42
18.3891 0
18.3908 0
18.4167 0
18.4167 0
18.422 0
18.4221 0
18.4222 0
18.4721 0
18.4769 0
18.4792 0
18.5179 0
18.5196 0
18.5707 0
18.5724 0
18.5759 0
18.576 0
18.577 0
18.6642 0
18.6678 0
18.6709 0
18.6725 0
18.6725 0
18.6739 0
18.7199 0
18.7215 0
18.7229 0
18.793 0
18.7946 0
18.797 0
18.8009 0
18.801 0
18.8026 0
18.8037 0
18.8038 0
18.8088 0
18.8088 0
18.8094 0
18.8158 0
18.8182 0
18.8497 0
18.8967 43
18.9162 0
18.9278 0
18.9664 0
18.9681 0
18.9704 0
18.9704 0
18.9729 0
18.976 0
18.9947 0
19.0131 0
19.0156 0
19.0156 0
19.0795 0
19.0822 0
19.0824 0
19.0839 0
19.085 0
19.0885 0
19.0897 0
19.0898 0
19.0922 0
19.0954 0
19.0967 0
19.0977 0
19.0977 0
19.1006 0
19.103 0
19.1046 0
19.1233 0
19.1248 0
19.1271 0
19.1299 0
19.1318 0
19.1319 0
19.1349 0
19.1987 0
19.2233 0
19.3674 0
19.3738 0
19.377 0
19.3792 0
19.3792 0
19.3792 0
19.4162 0
19.4175 0
19.4175 0
19.4634 0
19.4658 0
19.4659 0
19.4685 0
19.4972 0
19.4972 0
19.4991 0
19.5254 0
19.5254 0
19.5274 0
19.5557 0
19.569 0
19.5724 0
19.5739 0
19.574 0
19.5756 0
19.5765 0
19.5784 0
19.5797 0
19.5821 0
19.5842 0
19.5855 0
19.621 0
19.623 0
19.7017 0
19.7018 28
19.7142 0
19.7165 0
19.7182 0
19.7182 0
19.7212 0
19.7423 0
19.7633 0
19.7648 0
19.766 0
19.7952 0
19.7971 0
19.8194 0
19.8226 0
19.8624 0
19.866 0
19.8685 0
19.8686 0
19.8706 0
19.8707 0
19.8732 0
19.9197 0
19.952 0
19.9541 0
19.9561 0
19.9584 0
19.9906 0
19.9924 0
20.0191 0
20.0231 0
20.0248 625
20.0563 0
20.0591 1177
20.0767 0
20.1049 0
20.1071 0
20.1071 0
20.1072 0
20.1085 0
20.1085 0
20.1085 0
20.1107 0
20.1108 0
20.1109 0
20.1128 0
20.1129 0
20.1129 0
20.1138 0
20.1162 0
20.1195 0
20.1225 0
20.1225 0
20.1254 0
20.1254 0
20.1255 0
20.127 0
20.1271 0
20.1288 0
20.1289 0
20.1316 0
20.1317 0
20.1317 0
20.1333 0
20.1334 0
20.1363 0
20.1364 0
20.1389 0
20.1389 0
20.139 0
20.1409 0
20.141 0
20.1503 0
20.2495 0
20.2838 0
20.2981 1302
20.3357 0
20.3474 0
20.3501 0
20.4136 0
20.4514 0
20.4538 0
20.5111 0
20.5291 0
20.5322 0
20.5353 29
20.5742 0
20.5742 0
20.6164 0
20.6192 0
20.6193 0
20.6724 0
20.677 0
20.6783 0
20.6784 0
20.7156 0
20.7176 0
20.7465 0
20.7569 0
20.7703 0
20.8303 0
20.832 0
20.8344 0
20.8361 0
20.8691 0
20.871 0
20.8733 0
20.8769 0
20.8923 0
20.8959 0
20.9093 0
20.9123 0
20.9167 0
20.9171 0
20.9172 0
20.919 0
20.9487 0
20.9491 0
20.9696 0
20.9926 0
20.9927 0
20.9948 0
21.0101 0
21.0127 0
21.0157 0
21.0617 0
21.0658 0
21.0679 0
21.1276 0
21.1309 0
21.1311 0
21.1856 0
21.1875 0
21.1924 0
21.204 0
21.2067 0
21.2635 0
21.2672 0
21.2699 0
21.3116 0
21.3144 0
21.3161 0
21.3737 89
21.3902 0
21.4034 0
21.4043 35
21.4287 0
21.4313 0
21.4313 0
21.4664 0
21.4697 0
21.4697 0
21.5125 0
21.5156 0
21.5156 0
21.565 0
21.5675 0
21.6167 0
21.6197 0
21.7018 0
21.7186 0
21.724 0
21.7249 0
21.819 0
21.8221 0
21.8306 0
21.8341 0
21.8649 0
21.8676 0
21.8944 0
21.9127 0
21.9169 0
21.917 0
21.9186 0
21.9186 0
22.0103 0
22.0145 0
22.0238 0
22.0255 625
22.0426 0
22.0454 0
22.0481 1177
22.0699 0
22.0711 0
22.0711 0
22.0729 0
22.0773 0
22.0774 0
22.0804 0
22.082 0
22.082 0
22.082 0
22.0855 0
22.0855 0
22.0917 0
22.0918 0
22.0928 0
22.0929 0
22.0953 0
22.0953 0
22.0953 0
22.0978 0
22.0995 0
22.1014 0
22.1015 0
22.1034 0
22.105 0
22.1071 0
22.1507 0
22.1508 0
22.1648 0
22.1668 0
22.229 0
22.2309 0
22.2765 0
22.2798 0
22.2935 1302
22.3165 0
22.3166 0
22.318 0
22.3259 0
22.3271 35
22.3741 0
22.3759 0
22.3922 0
22.4177 0
22.4438 0
22.4449 0
22.4626 0
22.5298 0
22.5299 0
22.5739 0
22.5772 0
22.579 0
22.5999 0
22.612 0
22.6144 0
22.6157 0
22.6554 0
22.6568 0
22.7182 0
22.7204 0
22.7218 0
22.7692 0
22.7718 0
22.7732 0
22.7921 0
22.8052 0
22.8053 0
22.807 0
22.8698 0
22.8711 0
22.8754 0
22.893 0
22.8931 0
22.8956 0
22.916 0
22.9178 0
22.9544 0
22.9569 0
22.9569 0
22.9576 0
22.9985 0
23.001 0
23.018 0
23.0213 0
23.0225 0
23.0646 0
23.0661 0
23.0695 0
23.0711 0
23.1068 0
23.1186 0
23.1196 0
23.1679 0
23.1727 0
23.1728 0
23.211 0
23.213 0
23.2728 0
23.2746 0
23.3189 0
23.3205 0
23.3219 0
23.3668 0
23.3678 0
23.4314 0
23.4332 0
23.4353 0
23.466 0
23.4704 0
23.4705 0
23.5083 0
23.5103 0
23.512 0
23.5923 0
23.5939 0
23.5968 0
23.5982 0
23.6159 0
23.6174 0
23.6191 0
23.6192 0
23.6212 0
23.6577 0
23.6607 0
23.6625 0
23.7451 0
23.7484 0
23.75 0
23.7624 0
23.7645 0
23.7658 0
23.787 0
23.8134 0
23.8159 0
23.8172 0
23.8811 0
23.8841 0
23.8843 0
23.8869 0
23.889 0
23.8904 0
23.9776 0
23.9797 0
24.0011 0
24.0035 0
24.0054 625
24.0257 0
24.0286 1177
24.0547 0
24.0586 0
24.0605 0
24.0645 0
24.0646 0
24.0673 0
24.0674 0
24.0711 0
24.0711 0
24.0741 0
24.0742 0
24.0742 0
24.0748 0
24.0749 0
24.0773 0
24.0799 0
24.08 0
24.0813 0
24.0814 0
24.0847 0
24.0866 0
24.0866 0
24.0886 0
24.0887 0
24.1611 0
24.2028 0
24.214 0
24.2159 0
24.2563 0
24.2579 0
24.2884 1302
24.3204 0
24.3291 0
24.3309 0
24.4254 0
24.4278 0
24.5242 0
24.593 0
24.5954 0
24.6362 0
24.6375 0
24.6375 0
24.6409 0
24.6409 0
24.644 0
24.644 0
24.6454 0
24.6455 0
24.6472 0
24.6472 0
24.6505 0
24.6516 0
24.6518 0
24.6652 0
24.6675 0
24.6676 0
24.6693 0
24.6694 0
24.6767 1243
24.6767 711
24.7426 0
24.746 0
24.746 0
24.7471 0
24.7488 0
24.7488 0
24.784 0
24.8154 0
24.8489 42
24.8717 0
24.8808 0
24.8899 0
24.8917 0
24.913 0
24.9328 0
24.9351 0
24.9604 0
25.027 0
25.0293 0
25.0304 0
25.0305 0
25.0617 0
25.064 0
25.0662 0
25.103 0
25.1053 0
25.1053 0
25.1688 0
25.1705 0
25.212 0
25.2121 0
25.2139 0
25.2139 0
25.2461 0
25.2672 0
25.2698 0
25.3186 0
25.323 0
25.325 0
25.3607 0
25.3626 0
25.4015 0
25.4032 0
25.4057 0
25.4535 0
25.4879 0
25.4898 0
25.5187 0
25.5187 0
25.5207 0
25.5221 0
25.5542 0
25.5562 0
25.5848 0
25.6376 0
25.6377 0
25.6401 0
25.6586 0
25.6586 0
25.6616 0
25.7031 0
25.705 0
25.7086 0
25.7321 0
25.7632 0
25.7676 0
25.7677 0
25.7704 0
25.8104 0
25.8105 0
25.8119 0
25.8339 0
25.8608 0
25.8639 0
25.8649 0
25.9191 0
25.9219 0
25.9227 0
25.981 0
25.9839 0
25.9997 0
26.0021 0
26.0039 625
26.0127 0
26.0234 0
26.0259 1177
26.0516 0
26.0549 0
26.0595 0
26.064 0
26.0654 0
26.0679 0
26.0713 0
26.0745 0
26.0746 0
26.0746 0
26.0776 0
26.0817 0
26.0818 0
26.0827 0
26.0828 0
26.0843 0
26.0872 0
26.0872 0
26.0873 0
26.0881 0
26.0908 0
26.0908 0
26.0908 0
26.0929 0
26.0947 0
26.0947 0
26.1162 0
26.1162 0
26.1204 0
26.1339 0
26.1616 0
26.189 0
26.2399 0
26.2409 0
26.2832 1302
26.3143 0
26.3218 0
26.3255 0
26.4101 0
26.4107 0
26.4199 0
26.4199 0
26.4218 0
26.4689 0
26.5145 0
26.5171 0
26.5188 0
26.5668 0
26.568 0
26.6653 0
26.6672 0
26.6714 0
26.7583 0
26.7608 0
26.7957 0
26.7988 0
26.8053 0
26.8054 0
26.8054 0
26.806 0
26.8061 0
26.8096 0
26.8096 0
26.8977 0
26.901 0
26.9745 0
26.9777 0
26.9788 0
26.9788 0
26.9807 0
26.9833 0
26.9849 0
26.985 0
26.9875 0
26.9876 0
26.9905 0
26.9905 0
27.0058 0
27.0098 0
27.0234 0
27.0234 0
27.0237 0
27.1121 0
27.1194 0
27.1999 0
27.2348 0
27.2368 0
27.2407 0
27.2439 0
27.244 0
27.2463 0
27.2464 0
27.2489 0
27.2509 0
27.2945 0
27.3658 0
27.4252 0
27.4288 0
27.4309 0
27.433 0
27.438 0
27.4381 0
27.4394 0
27.4415 0
27.4458 0
27.4458 0
27.4474 0
27.4503 0
27.4579 0
27.458 0
27.458 0
27.4593 0
27.4618 0
27.4619 0
27.464 0
27.5029 1243
27.503 1127
27.5251 0
27.662 0
27.6767 42
27.6914 0
27.7252 0
27.7253 0
27.7281 0
27.731 0
27.731 0
27.7329 0
27.7346 0
27.7347 0
27.7373 0
27.8244 0
27.8256 0
27.8329 0
27.9129 0
27.9885 0
27.9913 0
27.9932 0
27.9949 0
28.0126 0
28.0152 0
28.0192 0
28.0209 625
28.0414 0
28.0438 1177
28.0707 0
28.0726 0
28.0774 0
28.08 0
28.0833 0
28.0879 0
28.0913 0
28.0913 0
28.0932 0
28.0933 0
28.095 0
28.0951 0
28.0986 0
28.0987 0
28.1005 0
28.103 0
28.1052 0
28.1063 0
28.1064 0
28.11 0
28.1111 0
28.1132 0
28.1185 0
28.1192 0
28.1193 0
28.1196 0
28.1231 0
28.1236 0
28.1264 0
28.1264 0
28.1264 0
28.1279 0
28.1306 0
28.1307 0
28.1325 0
28.1325 0
28.1326 0
28.1349 0
28.1572 0
28.1595 0
28.2234 0
28.2259 0
28.2671 0
28.2788 1302
28.3105 0
28.3106 0
28.3118 35
28.3128 0
28.3157 0
28.3525 0
28.4129 0
28.4151 0
28.4899 0
28.5136 0
28.594 0
28.63 0
28.6696 0
28.672 0
28.7162 0
28.7336 0
28.7349 0
28.7879 0
28.7885 0
28.8696 0
28.872 0
28.9042 0
28.9074 0
28.9086 0
28.9778 0
28.9799 0
28.98 0
28.9819 0
29.0552 0
29.0577 0
29.0591 0
29.0968 0
29.1191 0
29.1223 0
29.1231 0
29.1658 0
29.1689 0
29.2219 0
29.2246 0
29.2264 0
29.2276 0
29.2301 0
29.2326 0
29.2327 0
29.2346 0
29.2367 0
29.2368 0
29.2887 39
29.289 24
29.3085 0
29.3108 0
29.3128 0
29.3158 0
29.3159 0
29.3159 0
29.3302 0
29.337 0
29.3564 0
29.3569 0
29.4238 0
29.4263 0
29.4266 0
29.4682 0
29.4691 0
29.4692 0
29.5026 0
29.5053 0
29.5075 0
29.5346 0
29.5658 0
29.5687 0
29.569 0
29.5691 0
29.571 0
29.5951 0
29.5966 0
29.6115 0
29.614 0
29.652 0
29.6542 0
29.6559 0
29.6579 0
29.6826 0
29.6873 0
29.69 0
29.715 0
29.7189 0
29.7203 0
29.722 0
29.744 0
29.7458 0
29.7566 0
29.7593 0
29.7594 0
29.7809 0
29.7828 0
29.8291 0
29.8319 0
29.8326 0
29.8668 0
29.8669 0
29.8689 0
29.8784 0
29.9098 0
29.9119 0
29.9144 0
29.9145 0
30.0096 0
30.014 0
30.0161 0
30.0197 0
30.0216 625
30.0413 0
30.0441 1177
30.069 0
30.0712 0
30.0798 0
30.0845 0
30.0846 0
30.0854 0
30.0883 0
30.092 0
30.0937 0
30.0938 0
30.0957 0
30.0957 0
30.0958 0
30.099 0
30.1024 0
30.1044 0
30.1045 0
30.1073 0
30.1089 0
30.1089 0
30.1105 0
30.1126 0
30.1209 0
30.1231 0
30.186 0
30.2249 0
30.2299 0
30.2745 1302
30.2925 0
30.2961 0
30.2974 0
30.3062 0
30.3097 0
30.3336 0
30.3918 0
30.3949 0
30.4813 0
30.4846 0
30.4862 0
30.53 0
30.5763 0
30.5786 0
30.5787 0
30.5804 0
30.6754 0
30.7263 0
30.738 0
30.7392 0
30.7448 0
30.7449 0
30.7458 0
30.7474 0
30.7497 0
30.751 0
30.7536 0
30.7559 0
30.7968 0
30.8419 0
30.8675 0
30.9126 0
30.9155 0
30.9173 0
30.9187 0
30.9188 0
30.9202 0
30.9203 0
30.9249 0
30.925 0
30.9259 0
30.926 0
30.9288 0
30.9305 0
30.9305 0
30.9651 0
30.9686 0
30.9709 0
30.9709 0
30.9729 0
31.04 0
31.0419 0
31.0419 0
31.042 0
31.0453 0
31.0477 0
31.05 0
31.1486 0
31.2085 0
31.2483 0
31.322 0
31.3249 0
31.3301 0
31.3597 0
31.3659 0
31.3703 0
31.3721 0
31.3722 0
31.3723 0
31.3753 0
31.378 0
31.3781 0
31.3792 0
31.4305 0
31.4658 0
31.4659 0
31.4688 0
31.4689 0
31.47 0
31.47 0
31.4749 0
31.475 0
31.4753 0
31.4779 0
31.4791 0
31.4826 0
31.4838 0
31.4838 0
31.4862 0
31.5389 0
31.5679 0
31.6198 1243
31.6198 711
31.6632 1243
31.6645 0
31.6648 0
31.6673 0
31.7661 0
31.7678 0
31.7862 0
31.7863 0
31.7887 0
31.8145 0
31.8175 0
31.8188 42
31.8189 0
31.8541 0
31.8769 0
31.8786 0
31.9105 0
31.9129 0
32.0105 0
32.0269 0
32.027 0
32.0289 0
32.029 0
32.0323 0
32.0338 625
32.0543 0
32.0569 1177
32.1169 0
32.1198 0
32.1226 0
32.1249 0
32.125 0
32.1274 0
32.1304 0
32.1325 0
32.1326 0
32.1343 0
32.1376 0
32.139 0
32.1391 0
32.1418 0
32.1419 0
32.1419 0
32.1438 0
32.1458 0
32.148 0
32.151 0
32.1539 0
32.1581 0
32.1595 0
32.1613 0
32.1637 0
32.1672 0
32.1684 0
32.1711 0
32.1746 0
32.1746 0
32.1766 0
32.1766 0
32.1786 0
32.1813 0
32.1814 0
32.1829 0
32.1832 0
32.1852 0
32.1853 0
32.1881 0
32.192 0
32.192 0
32.2357 0
32.2601 0
32.2685 1302
32.3136 0
32.3136 0
32.3137 0
32.3195 0
32.3216 0
32.3789 0
32.3812 0
32.4488 0
32.4504 0
32.4828 0
32.5183 0
32.5202 0
32.5202 0
32.6171 0
32.6675 0
32.6697 0
32.6727 0
32.7275 0
32.7665 0
32.8185 0
32.8214 0
32.8631 0
32.8632 0
32.9175 0
32.9185 0
32.9186 0
32.9201 0
32.9675 0
32.969 0
33.0466 0
33.0484 0
33.0498 0
33.0498 0
33.0649 0
33.0681 0
33.1149 0
33.118 0
33.1207 0
33.1216 0
33.1217 0
33.1217 0
33.1238 0
33.1834 0
33.1864 0
33.1882 0
33.2165 0
33.2185 0
33.2209 0
33.2359 0
33.266 0
33.2682 0
33.2698 1243
33.2699 711
33.271 0
33.2724 0
33.2748 0
33.2763 0
33.2764 0
33.279 0
33.2819 0
33.2819 0
33.284 0
33.2841 0
33.3211 0
33.3312 0
33.3633 0
33.3634 0
33.3661 0
33.4261 0
33.4269 0
33.44 42
33.4912 0
33.4976 0
33.4998 0
33.5113 0
33.5138 0
33.5151 0
33.5171 0
33.5412 0
33.5748 0
33.5789 0
33.5801 0
33.6001 0
33.602 0
33.6292 0
33.6299 0
33.6299 0
33.635 0
33.6358 0
33.6682 0
33.6699 0
33.7151 0
33.7171 0
33.7224 0
33.7232 0
33.7325 0
33.7357 0
33.7375 0
33.79 0
33.792 0
33.8105 0
33.8135 0
33.8161 0
33.8185 0
33.821 0
33.8234 0
33.8235 0
33.8265 0
33.8289 0
33.832 0
33.8321 0
33.8342 0
33.8343 0
33.836 0
33.8361 0
33.8391 0
33.9136 0
33.9278 0
33.9279 0
33.9279 0
33.9279 0
33.9279 0
33.9458 0
34.0116 0
34.0158 0
34.0176 625
34.0377 0
34.0408 1177
34.0653 0
34.068 0
34.0729 0
34.0729 0
34.0777 0
34.0802 0
34.0802 0
34.0808 0
34.0808 0
34.0859 0
34.0888 0
34.0925 0
34.0978 0
34.0979 0
34.0979 0
34.0999 0
34.1 0
34.1037 0
34.1038 0
34.1038 0
34.1071 0
34.1072 0
34.1072 0
34.1091 0
34.1092 0
34.1107 0
34.1359 0
34.1768 0
34.2128 0
34.2371 0
34.263 1302
34.295 0
34.296 35
34.3048 1243
34.3049 583
34.337 0
34.3635 0
34.3919 0
34.3946 0
34.4131 0
34.4148 0
34.4518 0
34.4543 0
34.4543 0
34.4778 42
34.478 0
34.5154 0
34.5202 0
34.5418 0
34.5588 0
34.5626 0
34.5626 0
34.5641 0
34.6213 0
34.6242 0
34.6254 0
34.6255 0
34.627 0
34.6642 0
34.6671 0
34.7097 0
34.7099 0
34.7128 0
34.7189 0
34.7745 0
34.7778 0
34.797 0
34.8135 0
34.8159 0
34.8179 0
34.8566 0
34.8594 0
34.8595 0
34.9199 0
34.92 0
34.9233 0
34.9862 0
34.9879 0
35.0119 0
35.015 0
35.0705 0
35.0734 0
35.0758 0
35.096 0
35.1131 0
35.1155 0
35.1629 0
35.166 0
35.2213 0
35.2215 0
35.2226 0
35.2237 0
35.265 0
35.2669 0
35.267 0
35.3052 0
35.3082 0
35.3686 0
35.3711 0
35.3711 0
35.3739 0
35.4157 0
35.4172 0
35.4533 0
35.4556 0
35.4557 0
35.5172 0
35.5211 0
35.5606 0
35.5641 0
35.5642 0
35.6076 0
35.61 0
35.6876 0
35.6897 0
35.711 0
35.7141 0
35.7392 0
35.7393 0
35.8222 0
35.8252 0
35.8271 0
35.8474 0
35.8499 0
35.8638 0
35.9261 0
35.9262 0
35.9282 0
35.9319 0
35.9335 0
35.982 0
35.9987 0
36.0172 0
36.0204 0
36.0223 625
36.0431 0
36.046 1177
36.0689 0
36.0721 0
36.0722 0
36.0743 0
36.0743 0
36.0783 0
36.0809 0
36.0831 0
36.0833 0
36.0849 0
36.0873 0
36.0897 0
36.0898 0
36.0926 0
36.0927 0
36.0927 0
36.0947 0
36.0948 0
36.095 0
36.096 0
36.096 0
36.0988 0
36.0988 0
36.1002 0
36.1003 0
36.1024 0
36.1043 0
36.144 0
36.2438 0
36.2588 1302
36.2903 0
36.3055 0
36.3071 0
36.3933 0
36.4546 0
36.464 0
36.4659 0
36.4687 0
36.564 0
36.5758 0
36.6213 0
36.6242 0
36.6264 0
36.6284 0
36.6309 0
36.6331 0
36.6343 0
36.6757 0
36.6788 0
36.6809 0
36.6854 0
36.7327 0
36.7351 0
36.7375 0
36.7546 0
36.7572 0
36.7596 0
36.8286 0
36.8314 0
36.9175 0
36.9192 0
36.9987 0
37.0024 0
37.0082 0
37.0082 0
37.0117 0
37.0527 0
37.116 0
37.1161 0
37.1225 0
37.1226 0
37.1813 0
37.1813 0
37.1872 0
37.1873 0
37.1882 0
37.2118 0
37.2149 0
37.2691 0
37.271 0
37.3373 0
37.3374 0
37.3745 0
37.3777 0
37.4152 0
37.4153 0
37.4172 0
37.4641 0
37.4675 0
37.5202 0
37.5203 0
37.5238 0
37.5438 0
37.5461 0
37.587 0
37.59 0
37.59 0
37.6289 0
37.6306 0
37.6572 0
37.6586 0
37.6587 0
37.6707 0
37.6932 0
37.6947 0
37.716 0
37.7183 0
37.7871 0
37.7902 0
37.7935 0
37.7959 0
37.796 0
37.799 0
37.8015 0
37.8015 0
37.8047 0
37.8453 0
37.8453 0
37.848 0
37.9439 0
38.0238 0
38.0238 0
38.0238 0
38.0238 0
38.0238 0
38.0238 0
38.0441 0
38.0493 0
38.0529 0
38.0545 1284
38.0865 0
38.089 625
38.109 0
38.1119 1162
38.1748 0
38.1825 0
38.1889 0
38.1889 0
38.1891 0
38.1903 0
38.1904 0
38.1917 0
38.1967 0
38.1968 0
38.1986 0
38.1986 0
38.1987 0
38.2727 0
38.4132 0
38.4523 0
38.552 0
38.5767 0
38.6759 0
38.679 0
38.681 0
38.823 0
38.8816 0
38.9399 0
38.9432 0
38.9453 0
38.9772 0
39.0383 1284
39.069 0
39.0691 0
39.0703 0
39.0712 0
39.1493 0
39.2359 0
39.2973 0
39.3439 0
39.3642 0
39.3677 0
39.4086 0
39.4087 0
39.4413 0
39.4753 0
39.5324 0
39.5325 0
39.5759 89
39.5764 39
39.5916 0
39.5927 35
39.5979 0
39.5979 0
39.6194 674
39.6195 3019
39.6601 0
39.6601 0
39.6636 0
39.6637 0
39.7349 0
39.7916 0
39.8537 0
39.8787 0
39.9387 0
39.9388 0
39.94 0
39.9496 0
39.9748 0
39.9896 0
40.0434 0
40.0665 0
40.0894 0
40.0915 0
40.1291 0
40.1345 625
40.1551 0
40.158 1302
40.189 0
40.1902 35
40.192 1177
40.2143 0
40.2153 0
40.2178 0
40.218 0
40.2197 0
40.2198 0
40.2217 0
40.2217 0
40.2218 0
40.2218 0
40.2256 0
40.2257 0
40.2275 0
40.2276 0
40.2276 0
40.2295 0
40.2295 0
40.2296 0
40.2308 0
40.3147 0
40.3169 0
40.4158 0
40.4158 0
40.4209 0
40.4242 0
40.4446 0
40.4647 0
40.4753 0
40.4754 0
40.4755 0
40.4782 0
40.4782 0
40.4783 0
40.4799 0
40.5154 0
40.5179 0
40.5179 0
40.518 0
40.5209 0
40.5209 0
40.521 0
40.5709 0
40.5724 0
40.5725 0
40.5756 0
40.5757 0
40.5793 0
40.5794 0
40.5795 0
40.6213 1243
40.6213 1250
40.6213 1250
40.6213 299
40.6414 42
40.6735 0
40.6744 0
40.7422 0
40.7446 0
40.788 0
40.7881 0
40.7899 0
40.7923 42
40.832 0
40.8607 0
40.8627 0
40.9142 0
40.9174 0
40.9191 0
40.9454 0
40.9591 0
40.9609 0
41.0379 0
41.0694 0
41.0695 0
41.071 0
41.1101 0
41.112 0
41.166 0
41.1716 0
41.1717 0
41.1749 0
41.1779 0
41.18 0
41.1801 0
41.1818 0
41.2493 0
41.2494 0
41.262 0
41.265 0
41.3279 0
41.3546 0
41.3547 0
41.3578 0
41.3608 0
41.3608 0
41.361 0
41.3659 0
41.3674 0
41.3897 0
41.3904 0
41.41 0
41.4322 0
41.4788 0
41.4789 0
41.479 0
41.482 0
41.4915 0
41.4915 0
41.4931 0
41.4949 0
41.5144 0
41.5155 0
41.5577 0
41.5626 0
41.5632 0
41.5632 0
41.5638 0
41.5744 0
41.5759 0
41.5792 0
41.6199 0
41.6214 0
41.6241 0
41.6267 0
41.6618 0
41.6655 0
41.6691 0
41.7136 0
41.7137 0
41.7157 0
41.7451 674
41.7451 2964
41.749 0
41.7507 0
41.7693 0
41.785 0
41.8163 0
41.8724 0
41.8754 0
41.9251 0
41.9281 0
41.9297 0
41.9805 0
41.9831 0
41.9847 0
42.0033 0
42.0056 0
42.0056 0
42.0073 625
42.0284 0
42.0314 1177
42.0564 0
42.0585 0
42.0665 0
42.0682 0
42.0754 0
42.0772 0
42.0773 0
42.0811 0
42.0812 0
42.0812 0
42.0842 0
42.0874 0
42.0936 0
42.0937 0
42.0937 0
42.0978 0
42.0979 0
42.0979 0
42.1198 0
42.1198 0
42.1198 0
42.1329 0
42.1517 0
42.1526 1302
42.154 0
42.1837 0
42.2022 0
42.2248 0
42.227 0
42.272 0
42.3557 0
42.3558 0
42.3558 0
42.3558 0
42.3791 0
42.3792 0
42.3803 0
42.3897 0
42.3983 0
42.4179 0
42.4207 0
42.4608 0
42.4619 0
42.5145 0
42.5173 0
42.5293 0
42.5586 0
42.5587 0
42.5733 90
42.5744 0
42.5886 0
42.5889 0
42.622 0
42.6237 0
42.6626 0
42.6927 0
42.7075 0
42.7478 1243
42.7479 1250
42.7479 1250
42.7479 291
42.7685 42
42.7773 0
42.779 0
42.7806 0
42.8106 0
42.8121 0
42.837 0
42.8761 0
42.8776 0
42.8797 0
42.9256 42
42.9405 0
42.9436 0
42.9437 0
42.966 0
43.0268 0
43.0285 0
43.0286 0
43.0889 0
43.0889 0
43.0938 0
43.0967 0
43.0967 0
43.0989 0
43.1033 0
43.1033 0
43.1036 0
43.1437 0
43.191 0
43.1916 0
43.2184 0
43.268 0
43.2681 0
43.2719 0
43.2719 0
43.3156 0
43.3157 0
43.376 0
43.3782 0
43.4222 0
43.4248 0
43.4258 0
43.4259 0
43.4289 0
43.4324 0
43.4541 0
43.4542 0
43.4573 0
43.46 0
43.4601 0
43.4623 0
43.5549 0
43.5692 0
43.5896 0
43.6167 0
43.6188 0
43.6486 0
43.6698 0
43.6699 0
43.6725 0
43.6751 0
43.6886 0
43.7714 0
43.7739 0
43.8202 0
43.8203 0
43.8241 0
43.8242 0
43.8258 0
43.8278 0
43.8279 0
43.8618 0
43.862 0
43.8649 0
43.8649 0
43.9242 0
43.9265 0
43.9283 0
43.9498 0
43.9499 0
43.9757 0
43.994 0
43.9964 0
44.0056 0
44.0084 0
44.01 625
44.022 0
44.0303 0
44.033 1177
44.0569 0
44.0591 0
44.0671 0
44.0736 0
44.0791 0
44.0817 0
44.0846 0
44.0846 0
44.086 0
44.0902 0
44.0903 0
44.0903 0
44.0904 0
44.0934 0
44.0971 0
44.0971 0
44.0972 0
44.0992 0
44.0993 0
44.1023 0
44.1024 0
44.1058 0
44.1079 0
44.1112 0
44.1112 0
44.1113 0
44.1135 0
44.1154 0
44.1166 0
44.1167 0
44.1167 0
44.1482 1302
44.1703 0
44.1727 0
44.1789 0
44.2459 0
44.3148 0
44.3176 0
44.3194 0
44.3209 0
44.3348 0
44.3793 0
44.3816 0
44.3854 0
44.3862 0
44.4136 0
44.4156 0
44.4184 0
44.4206 0
44.4403 0
44.4418 0
44.4649 0
44.4684 0
44.4699 0
44.5042 0
44.5077 0
44.5183 0
44.5224 0
44.5637 0
44.5651 0
44.5684 0
44.628 0
44.6716 0
44.6735 0
44.6735 0
44.7188 0
44.7376 0
44.7696 0
44.7731 89
44.7745 0
44.7895 35
44.7991 0
44.8014 0
44.8397 0
44.8408 0
44.883 0
44.8868 0
44.9429 0
44.9458 0
44.9919 0
44.9938 0
44.9958 0
45.0317 0
45.0357 0
45.0372 0
45.0389 0
45.0578 0
45.1331 0
45.1367 0
45.1607 0
45.1661 0
45.1662 0
45.168 0
45.1697 0
45.1716 0
45.1717 0
45.1973 0
45.2647 0
45.2662 0
45.2899 0
45.2924 0
45.3189 0
45.3236 0
45.3263 0
45.3291 0
45.3308 0
45.3309 0
45.3329 0
45.3352 0
45.3372 0
45.3416 0
45.3416 0
45.3663 0
45.373 0
45.3742 0
45.3816 0
45.3839 0
45.4064 0
45.4189 0
45.4218 0
45.4245 0
45.4256 0
45.4277 0
45.5025 0
45.5047 0
45.6033 0
45.7886 0
45.7888 0
45.7899 0
45.79 0
45.79 0
45.79 0
45.79 0
45.8172 0
45.8206 0
45.8483 0
45.8515 0
45.8543 0
45.8568 0
45.8568 0
45.8593 0
45.8627 0
45.8664 0
45.8664 0
45.8692 0
45.8707 0
45.8733 0
45.876 0
45.8781 0
45.8808 0
45.883 0
45.89 0
45.8907 0
45.8927 0
45.9861 0
46.0202 0
46.0246 0
46.0264 625
46.0488 0
46.0519 1177
46.0764 0
46.0781 0
46.0804 0
46.0834 0
46.0862 0
46.0863 0
46.0888 0
46.0889 0
46.0894 0
46.0894 0
46.0908 0
46.0908 0
46.0949 0
46.095 0
46.0979 0
46.098 0
46.098 0
46.0986 0
46.0987 0
46.1037 0
46.1038 0
46.1055 0
46.1056 0
46.1083 0
46.1083 0
46.1118 0
46.1119 0
46.1126 0
46.1156 0
46.1158 0
46.1178 0
46.1179 0
46.1195 0
46.1196 0
46.1216 0
46.1239 0
46.1258 0
46.1259 0
46.1259 0
46.1431 1302
46.1676 0
46.1684 0
46.1745 0
46.1759 35
46.1801 0
46.2775 0
46.2776 0
46.3783 0
46.3802 0
46.4322 0
46.506 0
46.506 0
46.5089 0
46.577 0
46.5802 0
46.615 0
46.6566 0
46.6574 0
46.7208 0
46.723 0
46.7248 0
46.7612 0
46.7633 0
46.8038 0
46.8728 0
46.8735 0
46.9181 0
46.92 0
46.972 0
46.9743 0
47.0276 0
47.0278 0
47.0663 0
47.0688 0
47.1534 0
47.1723 0
47.174 0
47.2144 0
47.2184 0
47.2185 0
47.2547 0
47.2574 0
47.2575 0
47.311 0
47.319 0
47.3191 0
47.3191 0
47.3203 0
47.3246 0
47.3379 0
47.3746 0
47.3748 0
47.4221 0
47.4222 0
47.4258 0
47.4274 0
47.4652 0
47.4653 0
47.5157 0
47.5185 0
47.5359 29
47.5504 0
47.5688 0
47.5713 0
47.6131 0
47.6166 0
47.6446 0
47.6447 0
47.6469 0
47.6749 0
47.6783 0
47.6797 0
47.7355 0
47.7386 0
47.7412 0
47.7661 0
47.7684 0
47.7701 0
47.8133 0
47.8153 0
47.8154 0
47.8169 0
47.874 0
47.8765 0
47.9184 0
48.0002 0
48.0018 0
48.0019 0
48.0056 0
48.0071 625
48.0266 0
48.0296 1177
48.0583 0
48.0589 0
48.0615 0
48.0642 0
48.0668 0
48.0668 0
48.0703 0
48.0728 0
48.0776 0
48.0777 0
48.0793 0
48.0794 0
48.0829 0
48.0835 0
48.0836 0
48.0851 0
48.0852 0
48.0852 0
48.1034 0
48.105 0
48.1382 1302
48.1638 0
48.169 0
48.1904 0
48.1937 0
48.1949 0
48.2312 674
48.2314 4080
48.2508 0
48.2533 0
48.2719 0
48.2957 0
48.3525 0
48.3556 0
48.3557 0
48.3593 0
48.3626 0
48.4238 0
48.431 0
48.4337 0
48.4337 0
48.5063 0
48.5084 0
48.51 0
48.5524 0
48.5543 0
48.5543 0
48.557 0
48.557 0
48.5585 0
48.5586 0
48.5599 0
48.6509 0
48.6631 0
48.666 0
48.6675 0
48.6994 0
48.7016 0
48.7648 0
48.7673 0
48.7694 0
48.7694 0
48.7705 0
48.7706 0
48.7718 0
48.8075 0
48.8098 0
48.8109 0
48.8497 0
48.8533 0
48.8543 0
48.8565 0
48.8592 0
48.8593 0
48.86 0
48.86 0
48.8625 0
48.8625 0
48.8967 43
48.8995 0
48.9129 0
48.9152 0
48.9642 0
48.9667 0
48.9682 0
48.9683 0
48.9948 0
49.027 0
49.0291 0
49.0309 0
49.0324 0
49.0649 0
49.0676 0
49.0694 0
49.0717 0
49.1078 0
49.1088 0
49.1113 0
49.1714 0
49.1738 0
49.1744 0
49.2135 0
49.2156 0
49.2175 0
49.2349 1243
49.2349 1250
49.2349 1250
49.2349 1171
49.2506 0
49.2556 42
49.256 0
49.2573 0
49.2573 0
49.2592 0
49.2702 0
49.3188 0
49.3202 0
49.3225 0
49.3243 0
49.3624 0
49.3652 0
49.3669 0
49.4065 0
49.4084 0
49.4084 0
49.4098 0
49.4779 0
49.4809 0
49.4828 0
49.5144 0
49.5162 0
49.519 0
49.5191 0
49.5325 0
49.534 0
49.5416 0
49.5748 0
49.5759 0
49.5811 0
49.6165 0
49.6265 0
49.6311 0
49.6318 0
49.6355 0
49.6377 0
49.6378 0
49.6389 0
49.6604 0
49.7243 0
49.7265 0
49.7299 0
49.73 0
49.7722 0
49.7723 0
49.774 0
49.8194 0
49.8213 0
49.8214 0
49.8235 0
49.8264 0
49.8287 0
49.8289 0
49.8305 0
49.8319 0
49.8319 0
49.8334 42
49.8629 0
49.8641 0
49.879 0
49.9229 0
49.9253 0
49.9279 0
49.9279 0
49.9294 0
49.9349 0
49.9826 0
50.002 0
50.005 0
50.0066 625
50.0265 0
50.0294 1177
50.0562 0
50.0586 0
50.0656 0
50.067 0
50.0808 0
50.0836 0
50.0881 0
50.0882 0
50.0894 0
50.0894 0
50.092 0
50.0939 0
50.0951 0
50.0976 0
50.1022 0
50.1023 0
50.1038 0
50.1038 0
50.1078 0
50.1109 0
50.1133 0
50.1134 0
50.1165 0
50.1165 0
50.1182 0
50.1183 0
50.1201 0
50.1201 0
50.1227 0
50.1239 0
50.124 0
50.1257 0
50.1278 0
50.1279 0
50.1279 0
50.1326 1302
50.164 0
50.1759 0
50.1783 0
50.2071 0
50.2654 0
50.2685 0
50.3248 0
50.3266 0
50.3512 0
50.3774 0
50.3854 0
50.3899 0
50.4161 0
50.4184 0
50.4661 0
50.4725 0
50.4725 0
50.4745 0
50.4745 0
50.4764 0
50.4764 0
50.479 0
50.4813 0
50.5241 0
50.5258 0
50.6252 0
50.7165 0
50.7185 0
50.8184 0
50.8327 0
50.8352 0
50.8833 0
50.8858 0
50.8877 0
50.8894 0
50.8895 0
50.8895 0
50.8915 0
50.8933 0
50.8934 0
50.8963 0
50.8964 0
50.8992 0
50.8993 0
50.954 0
50.9858 0
50.9859 0
51.0872 0
51.1356 0
51.1387 0
51.1419 0
51.142 0
51.1441 0
51.2189 0
51.2226 0
51.2279 0
51.2907 0
51.2908 0
51.2908 0
51.3128 0
51.3163 0
51.3164 0
51.3187 0
51.3205 0
51.3206 0
51.3467 0
51.3485 0
51.3486 0
51.3667 0
51.3696 0
51.3717 0
51.3717 0
51.3736 0
51.3871 0
51.3891 0
51.4165 0
51.4187 0
51.4188 0
51.4247 0
51.452 0
51.4521 0
51.4535 0
51.4722 0
51.5359 0
51.5389 0
51.5663 0
51.5663 0
51.5966 0
51.6439 0
51.6464 0
51.7145 0
51.7167 0
51.7589 0
51.8145 0
51.817 0
51.8587 0
51.8658 0
51.8675 0
51.8858 0
51.9 0
51.9027 0
51.9424 0
51.9938 0
51.9939 0
51.995 0
52.0143 0
52.0192 0
52.0211 625
52.0464 0
52.0491 1177
52.0726 0
52.076 0
52.076 0
52.0789 0
52.082 0
52.0848 0
52.0858 0
52.0892 0
52.0892 0
52.091 0
52.0911 0
52.0911 0
52.0911 0
52.0929 0
52.0929 0
52.0935 0
52.096 0
52.096 0
52.0986 0
52.1008 0
52.1009 0
52.1035 0
52.1035 0
52.1052 0
52.1053 0
52.1062 0
52.1062 0
52.1099 0
52.11 0
52.12 0
52.1281 1302
52.1735 0
52.1736 0
52.1738 0
52.175 35
52.1755 82
52.1914 0
52.1924 35
52.2306 0
52.2328 0
52.2349 0
52.2659 0
52.2676 0
52.3143 0
52.3169 0
52.3599 0
52.3948 0
52.4145 0
52.4173 0
52.4189 0
52.4379 0
52.4669 0
52.4687 0
52.5286 0
52.5321 0
52.5639 0
52.5664 0
52.5665 0
52.57 0
52.5706 0
52.6059 0
52.609 0
52.6105 0
52.6106 0
52.6241 0
52.6275 0
52.6706 0
52.6729 0
52.6753 0
52.7157 0
52.7174 0
52.719 0
52.7528 0
52.7546 0
52.8187 0
52.8215 0
52.8216 0
52.8241 0
52.862 0
52.8637 0
52.907 0
52.9083 0
52.9691 0
52.9718 0
52.9737 0
53.0128 0
53.0158 0
53.0172 0
53.0551 0
53.0592 0
53.0602 0
53.0886 0
53.12 0
53.1228 0
53.1241 0
53.126 0
53.159 0
53.1633 0
53.1656 0
53.2124 0
53.2141 0
53.2167 0
53.2512 0
53.288 0
53.2899 0
53.2899 0
53.2916 0
53.2917 0
53.3091 0
53.3115 0
53.3543 0
53.3563 0
53.3583 0
53.373 89
53.3882 0
53.4174 0
53.42 0
53.4607 0
53.4627 0
53.4657 0
53.5152 0
53.516 0
53.516 0
53.5483 0
53.5659 0
53.5689 0
53.5709 0
53.6088 0
53.6108 0
53.6125 0
53.6151 0
53.6168 0
53.6521 0
53.6534 0
53.6534 0
53.7143 0
53.7169 0
53.7179 0
53.7179 0
53.7207 0
53.7208 0
53.7232 0
53.7582 0
53.7623 0
53.7639 0
53.8217 0
53.8442 0
53.846 0
53.8487 0
53.8659 0
53.8677 0
53.8704 0
53.8716 0
53.8823 0
53.9086 0
53.9103 0
53.9126 0
53.9127 0
53.9147 0
53.9148 0
53.9165 0
53.9188 0
53.9209 0
53.9324 0
53.956 0
53.9597 0
54.0153 0
54.0187 0
54.0207 625
54.0405 0
54.0443 1177
54.0645 0
54.0671 0
54.0778 0
54.0807 0
54.0808 0
54.0827 0
54.0857 0
54.0858 0
54.0869 0
54.089 0
54.0891 0
54.0929 0
54.0958 0
54.098 0
54.1009 0
54.101 0
54.1029 0
54.103 0
54.1046 0
54.1046 0
54.1085 0
54.1086 0
54.1086 0
54.109 0
54.109 0
54.1116 0
54.1116 0
54.1147 0
54.1152 0
54.1152 0
54.1167 0
54.1211 0
54.1223 0
54.123 1302
54.127 0
54.1539 0
54.1915 0
54.1951 0
54.2088 0
54.234 0
54.28 0
54.2811 0
54.335 0
54.3367 0
54.3978 0
54.4076 0
54.4274 0
54.4395 0
54.4472 0
54.456 0
54.4647 0
54.4658 0
54.4659 0
54.504 0
54.5067 0
54.5634 0
54.5672 0
54.5701 0
54.5702 0
54.5713 0
54.6088 0
54.611 0
54.6111 0
54.6124 0
54.62 0
54.6873 0
54.7441 0
54.7465 0
54.7478 0
54.8108 0
54.8225 0
54.8248 0
54.8277 0
54.829 0
54.8588 0
54.8702 0
54.8893 0
54.8912 0
54.9182 0
54.9214 0
54.9613 0
54.9658 0
54.9666 0
55.0245 0
55.0273 0
55.0274 0
55.0292 0
55.1044 0
55.107 0
55.1103 0
55.1126 0
55.1127 0
55.1548 0
55.1646 0
55.1671 0
55.1691 0
55.2074 0
55.211 0
55.2133 0
55.2133 0
55.2144 0
55.2145 0
55.2318 0
55.252 0
55.2522 0
55.2539 0
55.3146 0
55.3176 0
55.3198 0
55.3516 0
55.3791 0
55.3792 0
55.3792 0
55.4274 0
55.4308 0
55.4334 0
55.4354 0
55.4354 0
55.4434 0
55.4606 0
55.463 0
55.4649 0
55.4666 0
55.5071 0
55.5097 0
55.514 0
55.5691 0
55.5777 0
55.5803 0
55.5829 0
55.6167 0
55.6193 0
55.6427 0
55.646 0
55.6795 0
55.6818 0
55.7249 0
55.7271 0
55.7272 0
55.729 0
55.7432 0
55.7447 0
55.7459 0
55.7538 0
55.7644 0
55.7677 0
55.7692 0
55.7783 89
55.816 0
55.8289 0
55.8297 0
55.8297 0
55.8325 0
55.8325 0
55.8485 0
55.8759 0
55.8785 0
55.9126 0
55.9156 0
55.9157 0
55.999 0
56.0016 0
56.0032 0
56.0059 0
56.0074 625
56.0378 0
56.0387 0
56.0408 1177
56.0658 0
56.0685 0
56.0686 0
56.0714 0
56.073 0
56.0755 0
56.0756 0
56.0756 0
56.0786 0
56.0786 0
56.0813 0
56.0814 0
56.0849 0
56.085 0
56.0888 0
56.0914 0
56.0915 0
56.0915 0
56.0966 0
56.0994 0
56.1052 0
56.1053 0
56.1089 0
56.1129 0
56.113 0
56.113 0
56.1163 0
56.1164 0
56.1165 0
56.1171 1302
56.1478 0
56.1588 0
56.177 0
56.1783 0
56.2434 0
56.3095 0
56.326 0
56.3261 0
56.3271 0
56.3612 0
56.3619 0
56.381 0
56.405 0
56.4079 0
56.4274 0
56.4688 0
56.4689 0
56.4708 0
56.4747 0
56.5315 0
56.5461 0
56.5595 0
56.5621 0
56.5642 0
56.5889 0
56.5981 0
56.6133 0
56.628 0
56.6281 0
56.63 0
56.6393 0
56.6393 0
56.6415 0
56.6689 0
56.6927 0
56.7152 0
56.7206 0
56.7444 0
56.7661 0
56.7676 0
56.8312 0
56.833 0
56.8481 0
56.8629 0
56.863 0
56.8644 0
56.9169 0
56.917 0
56.9183 0
56.9461 0
56.956 0
56.956 0
56.9561 0
56.9586 0
56.9803 0
56.9803 0
57.0209 0
57.0254 0
57.0254 0
57.0296 0
57.0509 0
57.0517 0
57.0651 0
57.0673 0
57.088 0
57.0894 0
57.109 0
57.1106 0
57.1941 0
57.1942 0
57.218 0
57.22 0
57.2211 0
57.223 0
57.2755 0
57.278 0
57.278 0
57.2798 0
57.3261 0
57.3398 0
57.3417 0
57.3438 0
57.3449 0
57.3659 0
57.366 0
57.3672 0
57.4149 0
57.4156 0
57.4317 0
57.4738 0
57.4766 0
57.5154 0
57.5164 0
57.5643 0
57.5654 0
57.6277 0
57.6288 0
57.6288 0
57.6535 0
57.6607 0
57.6624 0
57.7117 0
57.715 0
57.7151 0
57.776 0
57.7776 0
57.7791 0
57.8117 0
57.8133 0
57.8619 0
57.8635 0
57.8635 0
57.8658 0
57.8675 0
57.8828 0
57.9171 0
57.9188 0
57.9206 0
57.9223 0
57.981 0
57.9835 0
58.0061 0
58.0106 0
58.0123 625
58.0336 0
58.0369 1177
58.0606 0
58.0624 0
58.0624 0
58.0656 0
58.0715 0
58.0743 0
58.0755 0
58.0755 0
58.0773 0
58.0773 0
58.0799 0
58.0818 0
58.0842 0
58.0843 0
58.0843 0
58.0868 0
58.0868 0
58.0884 0
58.0911 0
58.0911 0
58.0945 0
58.0945 0
58.0974 0
58.0974 0
58.0975 0
58.099 0
58.1045 0
58.113 1302
58.1315 0
58.1335 0
58.1446 0
58.1457 35
58.1519 0
58.154 0
58.161 0
58.2411 0
58.2434 0
58.2607 0
58.2628 0
58.2628 0
58.3449 0
58.3474 0
58.4157 0
58.4179 0
58.4914 0
58.4928 0
58.4965 0
58.5164 0
58.5354 0
58.5373 0
58.5822 0
58.5843 0
58.6419 0
58.642 0
58.6457 0
58.6853 0
58.6875 0
58.6876 0
58.6912 0
58.6913 0
58.7854 0
58.7923 0
58.7954 0
58.8235 0
58.8308 0
58.8381 0
58.8401 0
58.8402 0
58.8411 0
58.887 0
58.8892 0
58.8905 0
58.8905 0
58.94 0
58.9422 0
58.9651 0
58.9678 0
58.9695 0
58.9695 0
58.9733 0
58.9734 0
58.9734 0
58.9757 0
58.9757 0
58.9781 0
58.9781 0
58.98 0
59.015 0
59.0179 0
59.0706 0
59.0746 0
59.0773 0
59.087 0
59.1052 0
59.1591 0
59.1629 0
59.1629 0
59.1662 0
59.238 0
59.2422 0
59.2617 0
59.3095 0
59.3691 0
59.3793 0
59.3817 0
59.3832 0
59.4158 0
59.4159 0
59.4176 0
59.4198 0
59.4388 0
59.4661 0
59.4697 0
59.5394 0
59.5429 0
59.5605 0
59.563 0
59.61 0
59.6118 0
59.6143 0
59.6172 0
59.6173 0
59.629 0
59.667 0
59.6688 0
59.6689 0
59.7106 0
59.7128 0
59.7129 0
59.7367 0
59.7398 0
59.7627 0
59.7656 0
59.7797 0
59.7797 0
59.8347 0
59.837 0
59.8371 0
59.8392 0
59.8599 0
59.8622 0
59.8787 0
59.8994 0
59.9215 0
59.9238 0
59.925 0
59.9269 0
59.9579 0
59.985 0
59.9882 0
59.9883 0
60.0179 0
60.0197 625
60.0564 0
60.06 1177
60.1055 0
60.1055 0
60.107 0
60.107 0
60.1071 0
60.1071 0
60.1077 1302
60.1086 0
60.1108 0
60.1109 0
60.1109 0
60.1127 0
60.1127 0
60.1128 0
60.1128 0
60.1128 0
60.1146 0
60.1147 0
60.1173 0
60.1189 0
60.1223 0
60.1262 0
60.1263 0
60.127 0
60.1271 0
60.1337 0
60.1369 0
60.141 0
60.1872 0
60.2199 0
60.22 0
60.2383 0
60.2648 0
60.274 0
60.2831 0
60.301 0
60.3189 0
60.3371 0
60.3393 0
60.355 0
60.3739 0
60.374 0
60.3745 0
60.4334 0
60.4362 0
60.5219 0
60.5373 0
60.5656 0
60.5687 0
60.5847 0
60.5858 0
60.6407 0
60.6439 0
60.644 0
60.7152 0
60.7182 0
60.7201 0
60.7615 0
60.7647 0
60.8199 0
60.8213 0
60.865 0
60.8679 0
60.8687 0
60.8749 0
60.9012 0
60.9042 0
60.9057 0
60.9559 0
60.9764 0
60.9802 0
60.9829 0
60.9872 0
60.9935 0
61.0152 0
61.0173 0
61.0619 0
61.0639 0
61.0668 0
61.0945 0
61.096 0
61.1289 0
61.1303 0
61.1304 0
61.1655 0
61.1686 0
61.1699 0
61.2093 0
61.2099 0
61.2123 0
61.2129 0
61.2167 0
61.2493 0
61.2494 0
61.2656 0
61.2687 0
61.2719 0
61.3306 0
61.3307 0
61.3515 0
61.3549 0
61.3757 0
61.3758 0
61.4282 0
61.4306 0
61.4667 0
61.4686 0
61.4686 0
61.4713 0
61.5517 0
61.5518 0
61.5649 0
61.568 0
61.61 0
61.6125 0
61.6162 0
61.6163 0
61.6172 0
61.6172 0
61.6196 0
61.6305 0
61.6541 0
61.6967 1363
61.6973 39
61.7109 0
61.7129 0
61.7152 0
61.7169 0
61.7558 0
61.7617 0
61.7691 0
61.7715 0
61.7715 0
61.8041 0
61.8062 0
61.8077 0
61.823 0
61.8291 0
61.8311 0
61.8311 0
61.8312 0
61.8342 0
61.8475 0
61.8476 0
61.8502 0
61.8655 0
61.8674 0
61.87 0
61.8874 0
61.8895 0
61.891 0
61.9173 0
61.9189 0
61.9205 0
61.9222 0
61.9525 0
62.0125 0
62.0156 0
62.0157 0
62.0175 0
62.0195 625
62.0389 0
62.0417 1177
62.0729 0
62.0729 0
62.0735 0
62.0736 0
62.0809 0
62.081 0
62.0829 0
62.0851 0
62.0879 0
62.089 0
62.0891 0
62.0929 0
62.0929 0
62.1024 1302
62.1208 0
62.1334 0
62.1336 0
62.1469 0
62.1502 0
62.2132 0
62.2148 0
62.3101 0
62.3137 0
62.3139 0
62.3278 0
62.3753 0
62.3774 0
62.395 0
62.3951 0
62.397 0
62.4346 0
62.4347 0
62.4383 0
62.4383 0
62.4403 0
62.4659 0
62.4685 0
62.511 0
62.5129 0
62.5147 0
62.566 0
62.5678 0
62.5692 0
62.5996 0
62.608 0
62.609 0
62.6738 0
62.6857 1243
62.6858 1250
62.6858 1250
62.6858 1250
62.6858 245
62.707 42
62.718 0
62.7207 0
62.7501 0
62.7551 1368
62.792 0
62.8186 0
62.826 0
62.8629 42
62.8854 0
62.887 0
62.9464 0
62.9599 0
62.9637 0
63.0584 0
63.0603 0
63.0604 0
63.0627 0
63.0798 0
63.0838 0
63.086 0
63.0886 0
63.0914 0
63.1838 0
63.1877 0
63.1877 0
63.1884 0
63.2174 0
63.3154 0
63.3155 0
63.3184 0
63.3208 0
63.3208 0
63.3209 0
63.3223 0
63.3249 0
63.3318 0
63.3361 0
63.339 0
63.3391 0
63.3406 0
63.3922 1367
63.4346 0
63.4367 0
63.456 0
63.4829 0
63.483 0
63.4854 0
63.5147 0
63.5176 0
63.52 0
63.5218 0
63.5234 0
63.5259 0
63.528 0
63.528 0
63.5297 0
63.5323 0
63.5728 0
63.5739 0
63.5789 0
63.5796 0
63.5796 0
63.6154 0
63.6415 0
63.6438 0
63.6526 0
63.6544 0
63.6569 0
63.7217 0
63.7218 0
63.7239 0
63.726 0
63.7284 0
63.7302 0
63.7331 0
63.735 0
63.7351 0
63.7563 1243
63.7563 1250
63.7563 1250
63.7563 1250
63.7563 737
63.7619 0
63.7667 0
63.7676 0
63.7693 0
63.7766 42
63.7833 0
63.7914 0
63.7929 0
63.8179 0
63.8196 0
63.8262 0
63.8734 0
63.9094 0
63.9095 0
63.913 0
63.913 0
63.9309 42
63.9973 0
64.0037 0
64.0055 625
64.0071 1368
64.0245 0
64.0276 1177
64.0335 0
64.0489 0
64.0918 0
64.0982 1302
64.1265 0
64.1297 0
64.1308 35
64.15 0
64.1519 0
64.152 0
64.1551 0
64.1553 0
64.1556 0
64.1556 0
64.1595 0
64.1595 0
64.1596 0
64.1608 0
64.1609 0
64.1629 0
64.1647 0
64.1648 0
64.1673 0
64.1674 0
64.1829 0
64.1846 0
64.215 0
64.2165 0
64.2633 0
64.2648 0
64.265 0
64.3249 0
64.328 0
64.3296 0
64.3659 0
64.3686 0
64.4129 0
64.4143 0
64.4154 0
64.4776 0
64.4821 0
64.4846 0
64.5234 0
64.525 0
64.5329 0
64.5634 0
64.5671 0
64.6257 0
64.6281 0
64.6615 0
64.6616 0
64.6619 0
64.6619 0
64.6713 0
64.6808 0
64.7311 0
64.7311 0
64.7443 0
64.7742 89
64.7767 0
64.7793 0
64.7894 0
64.7895 0
64.7906 35
64.8092 0
64.812 0
64.8158 0
64.8515 0
64.8539 0
64.8551 0
64.8552 0
64.9175 0
64.9199 0
64.9223 0
64.9671 0
64.9696 0
64.9709 0
64.9896 0
64.9998 0
65.0086 1243
65.0086 1250
65.0087 1250
65.0087 1250
65.0087 769
65.0242 0
65.0261 0
65.0276 0
65.0304 42
65.0901 0
65.1254 0
65.1324 0
65.1325 0
65.161 0
65.1816 0
65.1817 0
65.1887 42
65.2152 0
65.2174 0
65.2599 0
65.2599 0
65.2616 0
65.2617 0
65.2636 0
65.2636 0
65.2904 0
65.3228 0
65.3244 0
65.341 0
65.3447 0
65.3644 0
65.3664 0
65.3686 0
65.3707 0
65.3726 0
65.4147 0
65.4352 0
65.4775 0
65.4799 0
65.5156 0
65.5175 0
65.5201 0
65.5201 0
65.5814 0
65.5815 0
65.5831 0
65.5831 0
65.5926 0
65.6228 0
65.6253 0
65.6273 0
65.6273 0
65.6292 0
65.6315 0
65.6316 0
65.6331 0
65.636 0
65.638 0
65.6404 0
65.6405 0
65.6426 0
65.6426 0
65.644 0
65.6714 0
65.703 0
65.7214 0
65.7264 0
65.7283 0
65.7379 0
65.7456 0
65.7763 0
65.7775 0
65.8118 0
65.8119 0
65.8147 0
65.8158 0
65.8158 0
65.8641 0
65.8671 0
65.8683 0
65.901 0
65.903 0
65.9183 0
65.9203 0
65.9815 0
65.9842 0
65.9857 0
66.0218 0
66.0237 0
66.027 0
66.0289 625
66.0488 0
66.0517 1177
66.0707 0
66.0753 0
66.0789 0
66.0859 0
66.086 0
66.0884 0
66.0931 1302
66.0962 0
66.0963 0
66.0967 0
66.0967 0
66.1002 0
66.1037 0
66.1039 0
66.1049 0
66.105 0
66.105 0
66.1074 0
66.1074 0
66.1086 0
66.1105 0
66.1128 0
66.1156 0
66.1157 0
66.1177 0
66.1178 0
66.1202 0
66.1203 0
66.1239 0
66.1239 0
66.124 0
66.1252 0
66.127 0
66.1271 0
66.1271 0
66.1272 0
66.129 0
66.1752 0
66.1767 0
66.2128 0
66.2362 0
66.2384 0
66.3001 0
66.3021 0
66.3047 0
66.3675 0
66.4079 0
66.4109 0
66.4515 0
66.4545 0
66.4559 0
66.5148 0
66.5183 0
66.5206 0
66.572 0
66.6198 0
66.6218 0
66.6247 0
66.6366 0
66.639 0
66.6658 0
66.7267 0
66.729 0
66.7321 0
66.7396 0
66.774 0
66.7771 0
66.7772 0
66.7782 0
66.7886 0
66.8152 0
66.8169 0
66.8242 0
66.8776 0
66.8804 0
66.8907 0
66.91 0
66.9278 0
66.9279 0
66.931 0
66.9599 0
66.9621 0
66.9955 0
66.9976 0
67.0051 0
67.0079 0
67.0689 0
67.069 0
67.0715 0
67.1149 0
67.1149 0
67.1171 0
67.1246 0
67.132 0
67.1559 0
67.1745 0
67.1761 0
67.1784 0
67.1798 0
67.197 0
67.2342 0
67.265 0
67.2677 0
67.2678 0
67.3022 0
67.3041 0
67.306 0
67.3217 0
67.3659 0
67.369 0
67.3709 0
67.3849 0
67.4164 0
67.4167 0
67.4548 0
67.516 0
67.5175 0
67.5176 0
67.5187 0
67.555 0
67.5608 0
67.5637 0
67.6093 0
67.6129 0
67.6547 0
67.666 0
67.6661 0
67.668 0
67.6697 0
67.7099 0
67.7121 0
67.7299 0
67.7531 0
67.7552 0
67.7575 0
67.8225 0
67.8254 0
67.8255 0
67.8565 0
67.8606 0
67.8627 0
67.8628 0
67.9421 0
67.9454 0
67.9485 0
67.9486 0
68.026 0
68.0319 0
68.0334 0
68.0363 0
68.0385 625
68.0584 0
68.0614 1177
68.0838 0
68.0881 1302
68.0882 0
68.0882 0
68.0882 0
68.0914 0
68.0914 0
68.0932 0
68.0962 0
68.0963 0
68.0963 0
68.0973 0
68.0993 0
68.1019 0
68.1073 0
68.1073 0
68.1075 0
68.1075 0
68.1084 0
68.1084 0
68.1101 0
68.112 0
68.1143 0
68.1144 0
68.117 0
68.1188 0
68.1188 0
68.1189 0
68.1206 0
68.1339 0
68.1339 0
68.2239 0
68.2279 0
68.2297 0
68.3046 0
68.326 0
68.3262 0
68.4254 0
68.4703 0
68.4819 0
68.5822 0
68.5855 0
68.5943 0
68.6224 0
68.6252 0
68.6274 0
68.6323 0
68.6733 0
68.6757 0
68.7169 0
68.7176 0
68.7605 0
68.7891 0
68.7917 0
68.794 0
68.7958 0
68.7958 0
68.7978 0
68.815 0
68.8179 0
68.818 0
68.8326 0
68.8813 0
68.8814 0
68.918 0
68.942 0
68.9517 0
68.9835 0
68.9836 0
68.9884 0
68.9912 0
68.9912 0
68.9938 0
68.9991 0
69.0002 0
69.0002 0
69.0024 0
69.0044 0
69.0045 0
69.0046 0
69.006 0
69.0061 0
69.089 0
69.1262 0
69.19 0
69.221 0
69.2236 0
69.225 0
69.2284 0
69.2288 0
69.3215 0
69.3287 0
69.3312 0
69.334 0
69.336 0
69.336 0
69.3911 0
69.3926 0
69.4306 0
69.437 0
69.4411 0
69.456 0
69.4586 0
69.4602 0
69.4651 0
69.5083 0
69.512 0
69.5152 0
69.5153 0
69.5637 0
69.5665 0
69.5733 80
69.5886 0
69.6079 0
69.6108 0
69.6109 0
69.6109 0
69.6489 0
69.6623 0
69.6624 0
69.6625 0
69.6647 0
69.6895 0
69.6918 0
69.7152 0
69.7152 0
69.7193 0
69.7424 0
69.7446 0
69.7684 0
69.7714 0
69.7733 0
69.8012 0
69.8038 0
69.8183 0
69.821 0
69.821 0
69.8528 0
69.8654 0
69.8715 0
69.8732 0
69.8785 0
69.9041 0
69.9066 0
69.941 0
69.9793 0
70.0054 0
70.0055 0
70.0099 0
70.0128 0
70.0147 0
70.0147 0
70.0148 0
70.0189 625
70.0397 0
70.0429 1177
70.0702 0
70.0722 0
70.0746 0
70.0779 0
70.0819 0
70.0822 1302
70.0839 0
70.0855 0
70.088 0
70.0881 0
70.0904 0
70.0926 0
70.0953 0
70.0954 0
70.0969 0
70.0969 0
70.0987 0
70.1013 0
70.1038 0
70.1053 0
70.1071 0
70.1093 0
70.1093 0
70.1115 0
70.1139 0
70.115 0
70.1151 35
70.1179 0
70.1203 0
70.1203 0
70.1225 0
70.1246 0
70.14 0
70.1421 0
70.175 0
70.1854 0
70.1872 0
70.192 0
70.197 0
70.2321 0
70.2374 0
70.239 0
70.2737 0
70.2759 0
70.3167 0
70.3559 0
70.3583 0
70.4273 0
70.4299 0
70.4414 0
70.461 0
70.4645 0
70.4764 0
70.511 0
70.5137 0
70.5161 0
70.5324 0
70.5614 0
70.576 0
70.5768 0
70.6168 0
70.6196 0
70.6616 0
70.6646 0
70.7168 0
70.7183 0
70.7183 0
70.72 0
70.757 0
70.7599 0
70.7615 0
70.8109 0
70.8131 0
70.8558 0
70.8768 0
70.9112 0
70.9113 0
70.9601 0
70.963 0
71.0041 0
71.0151 0
71.0176 0
71.0177 0
71.0575 0
71.061 0
71.0923 0
71.101 0
71.1032 0
71.1055 0
71.1134 0
71.1161 0
71.1646 0
71.1648 0
71.1667 0
71.1685 0
71.1686 0
71.2154 0
71.2155 0
71.2173 0
71.2174 0
71.2189 0
71.256 0
71.2579 0
71.3085 0
71.3182 0
71.37 0
71.3701 0
71.4224 0
71.4249 0
71.425 0
71.4279 0
71.428 0
71.4634 0
71.4635 0
71.4658 0
71.4668 0
71.5096 0
71.5366 0
71.5915 0
71.5915 0
71.5916 0
71.6157 0
71.6158 0
71.6187 0
71.6209 0
71.6226 0
71.6304 0
71.6659 0
71.6678 0
71.6679 0
71.7008 0
71.7009 0
71.7015 0
71.7224 0
71.724 0
71.7257 0
71.7679 0
71.7705 0
71.789 0
71.7914 0
71.8134 0
71.8565 0
71.8647 0
71.8721 0
71.8747 0
71.8773 0
71.8862 0
71.9125 0
71.9145 0
71.9146 0
71.9163 0
71.9164 0
71.9188 0
71.9574 0
72.0327 0
72.0329 0
72.0348 625
72.0536 0
72.0615 0
72.0615 0
72.0616 0
72.0646 1177
72.0773 1302
72.0909 0
72.0919 0
72.0924 0
72.0925 0
72.0926 0
72.0931 0
72.0932 0
72.095 0
72.0966 0
72.0983 0
72.1015 0
72.1016 0
72.1031 0
72.1059 0
72.1059 0
72.106 0
72.1089 0
72.109 0
72.1102 0
72.1104 0
72.1105 0
72.1137 0
72.1138 0
72.1157 0
72.1158 0
72.1176 0
72.1204 0
72.1205 0
72.123 0
72.1239 0
72.1255 0
72.1256 0
72.148 0
72.1481 0
72.1492 0
72.1745 0
72.1768 0
72.1892 89
72.2051 0
72.2062 35
72.2139 0
72.2162 0
72.2537 0
72.2538 0
72.2601 0
72.2628 0
72.2629 0
72.3154 0
72.3179 0
72.318 0
72.3809 0
72.383 0
72.4746 0
72.4883 0
72.4914 0
72.5507 0
72.5538 0
72.6172 0
72.6173 0
72.6435 0
72.6596 0
72.6708 0
72.6798 0
72.6818 0
72.7043 0
72.7045 0
72.7101 0
72.7705 0
72.7724 0
72.7741 0
72.8184 0
72.8196 0
72.8642 0
72.8754 0
72.8773 0
72.9191 0
72.9223 0
72.9223 0
72.9232 0
72.9259 0
72.9653 0
72.9674 0
72.9675 0
72.9739 89
72.9894 0
73.0208 0
73.0312 0
73.0341 0
73.0351 0
73.0352 0
73.0364 0
73.0399 0
73.0402 0
73.0402 0
73.043 0
73.0459 0
73.046 0
73.0474 0
73.0487 0
73.0508 0
73.1093 0
73.1106 0
73.1106 0
73.137 0
73.169 0
73.1715 0
73.1737 0
73.1738 0
73.1911 0
73.1932 0
73.2121 0
73.214 0
73.2159 0
73.216 0
73.2337 0
73.2338 0
73.2345 0
73.2346 0
73.2523 0
73.2564 0
73.2586 0
73.262 0
73.273 0
73.305 0
73.3064 0
73.3291 0
73.3293 0
73.3509 0
73.3645 0
73.3647 0
73.3661 0
73.3683 0
73.3683 0
73.3699 0
73.4113 0
73.4132 0
73.4676 0
73.4697 0
73.4697 0
73.5375 0
73.5391 0
73.5519 0
73.5521 0
73.555 0
73.6148 0
73.6177 0
73.619 0
73.6634 0
73.6659 0
73.6673 0
73.7001 0
73.7027 0
73.7047 0
73.7066 0
73.7683 0
73.7701 0
73.7728 0
73.7729 0
73.7736 0
73.8168 0
73.829 0
73.86 0
73.8638 0
73.8647 0
73.8648 0
73.8669 0
73.8689 0
73.869 0
73.929 0
73.9362 0
73.9385 0
73.979 0
73.9815 0
74.0194 0
74.0212 0
74.0228 625
74.0292 0
74.0431 0
74.0461 1177
74.0725 1302
74.1039 0
74.1104 0
74.1105 0
74.1121 0
74.1122 0
74.1295 0
74.1321 0
74.1321 0
74.1337 0
74.1338 0
74.1364 0
74.1389 0
74.1414 0
74.1485 0
74.1512 0
74.1513 0
74.1537 0
74.1538 0
74.1569 0
74.157 0
74.1586 0
74.1587 0
74.1614 0
74.1615 0
74.1643 0
74.1643 0
74.1664 0
74.1696 0
74.1697 0
74.171 0
74.1851 0
74.2359 0
74.2378 0
74.2389 0
74.2794 0
74.3288 0
74.3331 0
74.3566 0
74.3839 0
74.3974 0
74.4304 0
74.4323 0
74.5314 0
74.5342 0
74.5352 0
74.5368 29
74.5811 0
74.5832 0
74.6698 0
74.6733 0
74.6748 0
74.6855 0
74.6889 0
74.6911 0
74.6912 0
74.6943 0
74.7052 0
74.7153 0
74.7173 0
74.7174 0
74.754 0
74.7831 0
74.8173 0
74.8174 0
74.8357 0
74.8381 0
74.864 0
74.8663 0
74.8682 0
74.8683 0
74.8716 0
74.8742 0
74.8742 0
74.8763 0
74.8764 0
74.8878 0
74.89 0
74.912 0
74.9401 0
74.947 0
75.0018 0
75.025 0
75.0275 0
75.0284 0
75.0854 0
75.0985 0
75.0999 0
75.1189 0
75.122 0
75.1237 0
75.1238 0
75.1249 0
75.1278 0
75.1292 0
75.1311 0
75.1312 0
75.1358 0
75.1382 0
75.1383 0
75.1384 0
75.1501 0
75.1629 0
75.1645 0
75.1915 0
75.2639 0
75.36 0
75.3636 0
75.3659 0
75.3933 0
75.3953 0
75.3976 0
75.4186 0
75.4206 0
75.4207 0
75.4224 0
75.4246 0
75.4277 0
75.4278 0
75.436 0
75.5184 0
75.5822 0
75.5856 0
75.5874 0
75.6029 0
75.6059 0
75.6081 0
75.6082 0
75.6106 0
75.6129 0
75.613 0
75.6137 0
75.7029 0
75.7505 0
75.7538 0
75.7548 0
75.7716 118
75.7876 35
75.7983 0
75.7984 0
75.8 0
75.8395 0
75.8441 0
75.8459 0
75.8477 0
75.8494 0
75.8779 0
75.8799 0
75.9228 0
75.9314 0
75.9341 0
75.9418 0
75.9439 0
75.9447 0
76.0155 0
76.0172 0
76.0215 0
76.0231 625
76.0426 0
76.0453 1177
76.0682 1302
76.0723 0
76.075 0
76.075 0
76.0778 0
76.0819 0
76.0819 0
76.082 0
76.0837 0
76.0838 0
76.0853 0
76.0854 0
76.0889 0
76.0889 0
76.089 0
76.0929 0
76.093 0
76.093 0
76.0971 0
76.0971 0
76.0978 0
76.0979 0
76.1002 0
76.1015 0
76.1016 35
76.1032 0
76.1032 0
76.1071 0
76.1072 0
76.1072 0
76.1088 0
76.1089 0
76.1124 0
76.1125 0
76.1144 0
76.1145 0
76.1167 0
76.1653 0
76.2674 0
76.283 0
76.2977 0
76.3014 0
76.3895 0
76.3896 0
76.437 0
76.4371 0
76.5034 0
76.5351 0
76.6148 0
76.6149 0
76.6735 0
76.7044 0
76.7111 0
76.7126 0
76.7126 0
76.7126 0
76.7126 0
76.7146 0
76.718 0
76.718 0
76.7181 0
76.7215 0
76.7215 0
76.7216 0
76.7216 0
76.7217 0
76.774 0
76.7759 0
76.8173 0
76.8201 0
76.8227 0
76.9202 0
76.9215 0
76.967 0
76.9706 0
76.9728 0
76.9729 0
76.973 0
76.9754 0
76.9754 0
76.9778 0
76.9778 0
76.9784 0
76.9784 0
76.9799 0
77.0532 0
77.0534 0
77.076 0
77.1165 0
77.1179 0
77.1209 0
77.1222 0
77.212 0
77.2152 0
77.2153 0
77.2167 0
77.2256 0
77.2747 0
77.2747 0
77.3171 0
77.3207 0
77.3208 0
77.3208 0
77.3223 0
77.3223 0
77.3257 0
77.3257 0
77.364 0
77.4187 0
77.4289 0
77.429 0
77.4588 0
77.4945 0
77.5098 0
77.5109 0
77.5109 0
77.5143 0
77.5144 0
77.5341 0
77.5343 28
77.5664 0
77.5688 0
77.5874 0
77.6185 0
77.6619 0
77.6641 0
77.666 0
77.6689 0
77.669 0
77.7204 0
77.7224 0
77.726 0
77.7279 0
77.7279 0
77.7279 0
77.7299 0
77.7299 0
77.7313 0
77.7659 0
77.7687 0
77.8625 0
77.8657 0
77.8658 0
77.8689 0
77.8711 0
77.8712 0
77.9076 0
77.9113 0
77.9143 0
77.9172 0
77.9189 0
77.9217 0
77.9245 0
77.926 0
77.9289 0
77.9306 0
77.9326 0
77.9371 0
77.9371 0
77.9372 0
77.9376 0
77.9376 0
77.9377 0
78.0087 0
78.0195 0
78.0224 0
78.0241 625
78.0434 0
78.0461 1177
78.0628 1302
78.0678 0
78.0687 0
78.0709 0
78.0794 0
78.0819 0
78.0843 0
78.0857 0
78.0877 0
78.0901 0
78.0921 0
78.0921 0
78.0957 0
78.0982 0
78.1003 0
78.1004 0
78.1037 0
78.1038 0
78.1062 0
78.1085 0
78.1085 0
78.1104 0
78.1105 0
78.1125 0
78.1158 0
78.1159 0
78.1159 0
78.1185 0
78.1212 0
78.1213 0
78.1224 0
78.1253 0
78.1253 0
78.1291 0
78.1291 0
78.1316 0
78.1445 0
78.1824 1243
78.1825 595
78.2459 0
78.2994 0
78.3067 0
78.3117 88
78.3275 0
78.3284 35
78.3439 0
78.3469 0
78.3535 42
78.4446 0
78.4663 0
78.4708 0
78.5443 0
78.5475 0
78.5486 0
78.5505 0
78.6155 0
78.6177 0
78.6192 0
78.6193 0
78.6221 0
78.6222 0
78.6823 0
78.7148 0
78.7148 0
78.7188 0
78.7723 0
78.816 0
78.8175 0
78.828 0
78.8477 0
78.8492 0
78.8852 0
78.8873 0
78.8884 0
78.8965 43
78.9839 0
78.9839 0
78.9848 0
78.9856 0
78.9874 0
78.9895 0
78.9957 0
79.0204 0
79.0475 0
79.1138 0
79.1847 0
79.1866 0
79.1867 0
79.1886 0
79.1908 0
79.1908 0
79.1934 0
79.1953 0
79.2133 0
79.2155 0
79.2865 0
79.2867 0
79.292 0
79.2921 0
79.3087 0
79.3111 0
79.3129 1243
79.313 587
79.3142 0
79.3162 0
79.3349 0
79.3568 0
79.3824 0
79.3849 0
79.3865 0
79.4161 0
79.4695 0
79.4801 42
79.4822 0
79.4845 0
79.4865 0
79.4887 0
79.4888 0
79.4905 0
79.4905 0
79.5315 0
79.5332 0
79.5365 0
79.5385 0
79.5747 0
79.5986 0
79.6008 0
79.6028 0
79.6387 0
79.6635 0
79.667 0
79.6694 0
79.6713 0
79.6714 0
79.6727 0
79.7021 0
79.7024 28
79.7295 0
79.7413 0
79.7427 0
79.8117 0
79.8169 0
79.8185 0
79.8209 0
79.823 0
79.8231 0
79.8246 0
79.826 0
79.8294 0
79.8314 0
79.8352 0
79.8388 0
79.8405 0
79.8431 0
79.8474 0
79.8474 0
79.8491 0
79.8513 0
79.8751 0
79.9198 0
79.934 0
79.9959 0
79.9991 0
80.0008 625
80.0205 0
80.0233 1177
80.048 0
80.0491 0
80.0493 0
80.053 0
80.053 0
80.0551 0
80.058 1302
80.0593 0
80.0594 0
80.0615 0
80.0615 0
80.0658 0
80.0659 0
80.0682 0
80.0683 0
80.0683 0
80.0688 0
80.0688 0
80.0707 0
80.074 0
80.0741 0
80.0778 0
80.0779 0
80.0794 0
80.0811 0
80.0844 0
80.0863 0
80.0886 0
80.0887 0
80.091 0
80.0911 0
80.0911 0
80.0929 0
80.0957 0
80.0958 0
80.0994 0
80.0995 0
80.1035 0
80.1064 0
80.1079 0
80.12 0
80.1482 0
80.1486 0
80.16 0
80.168 0
80.2022 0
80.2562 0
80.2569 0
80.257 0
80.333 0
80.3545 0
80.3562 0
80.4426 0
80.445 0
80.5158 0
80.5159 0
80.5174 0
80.5175 0
80.589 0
80.6146 0
80.6162 0
80.6663 0
80.6679 0
80.6941 0
80.7663 0
80.7677 0
80.7856 0
80.7883 0
80.8325 0
80.8855 0
80.9222 0
80.9241 0
80.9257 0
80.9645 0
80.9674 0
80.9886 0
81.0239 0
81.024 0
81.0274 0
81.029 0
81.0313 0
81.0341 0
81.0686 0
81.0701 0
81.1158 0
81.1188 0
81.1706 0
81.1707 0
81.1725 0
81.1749 0
81.1749 0
81.1767 0
81.1789 0
81.1824 0
81.1825 0
81.243 0
81.2433 0
81.245 0
81.247 0
81.2669 0
81.2687 0
81.2687 0
81.3205 0
81.3228 0
81.3248 0
81.351 0
81.3597 0
81.3633 0
81.3634 0
81.3659 0
81.368 0
81.3696 0
81.3696 0
81.4092 0
81.4124 0
81.446 0
81.4476 0
81.4499 0
81.4904 0
81.4927 0
81.4945 0
81.4965 0
81.4995 0
81.5009 0
81.5035 0
81.5035 0
81.508 0
81.5091 0
81.5091 0
81.5092 0
81.5109 0
81.511 0
81.5122 0
81.5123 0
81.5156 0
81.5197 0
81.5197 0
81.5452 0
81.5914 0
81.6917 0
81.7047 0
81.7872 0
81.7893 0
81.8111 0
81.8131 0
81.8132 0
81.8501 0
81.8532 0
81.8535 0
81.8537 0
81.9147 0
81.917 0
81.9171 0
81.9182 0
81.9756 80
81.9796 0
81.9816 0
81.9831 0
81.9908 0
81.9996 0
82.0031 0
82.0048 625
82.0259 0
82.0288 1177
82.0531 1302
82.072 0
82.073 0
82.0738 0
82.0755 0
82.0755 0
82.0778 0
82.0778 0
82.0819 0
82.082 0
82.0863 0
82.0863 0
82.0864 0
82.0878 0
82.0916 0
82.0917 0
82.0917 0
82.0922 0
82.0923 0
82.0926 0
82.0963 0
82.098 0
82.1001 0
82.1001 0
82.1034 0
82.1048 0
82.1048 0
82.1049 0
82.106 35
82.1064 0
82.1064 0
82.1076 0
82.1099 0
82.1518 0
82.1883 0
82.1922 0
82.1956 0
82.1969 0
82.2439 0
82.2566 0
82.258 0
82.2934 0
82.343 0
82.3446 0
82.3834 0
82.3868 0
82.4502 0
82.4524 0
82.4541 0
82.5143 0
82.5144 0
82.5173 0
82.5846 0
82.5846 0
82.5858 0
82.6717 0
82.6753 0
82.6772 0
82.7131 0
82.7156 0
82.7158 0
82.7186 0
82.8135 0
82.8205 0
82.8225 0
82.825 0
82.825 0
82.8276 0
82.8293 0
82.925 0
82.9263 0
82.9709 0
82.9734 0
82.9773 0
82.9773 0
83.0159 0
83.0275 0
83.0275 0
83.0315 0
83.0316 0
83.0334 0
83.0335 0
83.0354 0
83.0378 0
83.0378 0
83.0799 0
83.0799 0
83.0799 0
83.08 0
83.08 0
83.08 0
83.0816 0
83.0817 0
83.0829 0
83.1311 0
83.1642 0
83.167 0
83.1686 0
83.1701 0
83.2301 0
83.2313 0
83.235 0
83.2377 0
83.2385 0
83.2386 0
83.2418 0
83.2428 0
83.2428 0
83.2449 0
83.3076 0
83.3101 0
83.3115 0
83.3981 0
83.4123 0
83.4207 0
83.4229 0
83.4572 0
83.4617 0
83.4617 0
83.4645 0
83.4645 0
83.4789 0
83.4809 0
83.5181 0
83.5182 0
83.522 0
83.5239 0
83.5255 0
83.5278 0
83.5297 0
83.5298 0
83.5324 0
83.5333 0
83.5395 0
83.5423 0
83.5424 0
83.5705 0
83.5709 0
83.5711 89
83.5741 0
83.5755 0
83.5756 0
83.5827 0
83.5846 0
83.5868 0
83.5877 35
83.5977 0
83.6156 0
83.624 0
83.6259 0
83.6274 0
83.6664 0
83.669 0
83.6702 0
83.6973 0
83.707 0
83.709 0
83.745 0
83.7502 0
83.7502 0
83.7542 0
83.7543 0
83.8519 0
83.8542 0
83.9356 0
83.9385 0
83.9406 0
83.9407 0
84.0322 0
84.0361 0
84.0381 0
84.0397 625
84.0477 1302
84.0591 0
84.0618 1177
84.0889 0
84.092 0
84.092 0
84.0948 0
84.0948 0
84.0949 0
84.0973 0
84.0974 0
84.101 0
84.1049 0
84.105 0
84.1061 0
84.1075 0
84.1076 0
84.1076 0
84.1111 0
84.1112 0
84.1129 0
84.113 0
84.113 0
84.1154 0
84.1193 0
84.1219 0
84.122 0
84.1226 0
84.1248 0
84.1264 0
84.1281 0
84.1311 0
84.147 0
84.1614 0
84.1803 0
84.2613 0
84.2641 0
84.3315 0
84.3615 0
84.3921 0
84.3953 0
84.4125 0
84.4144 0
84.4622 0
84.4655 0
84.4669 0
84.467 0
84.5315 0
84.5343 0
84.5613 0
84.5635 0
84.5636 0
84.5658 0
84.5768 0
84.6045 0
84.6079 0
84.6111 0
84.6662 0
84.6697 0
84.7238 0
84.7559 0
84.7591 0
84.7591 0
84.8261 0
84.8262 0
84.8292 0
84.8649 0
84.867 0
84.8685 0
84.905 0
84.9074 0
84.9154 0
84.9289 0
84.9776 0
84.9806 0
84.9983 0
85.0261 0
85.0262 0
85.0491 0
85.0716 0
85.0717 0
85.0734 0
85.0966 0
85.1176 0
85.1201 0
85.1203 0
85.1304 0
85.1351 0
85.1369 0
85.21 0
85.223 0
85.226 0
85.2277 0
85.272 0
85.2756 0
85.2776 0
85.2777 0
85.2976 0
85.3134 0
85.3162 0
85.318 0
85.3715 0
85.376 0
85.3762 104
85.3788 0
85.3788 0
85.3794 0
85.3915 0
85.3978 0
85.421 0
85.4239 0
85.4636 0
85.4674 0
85.4702 0
85.472 0
85.5019 0
85.5072 0
85.5264 0
85.5718 0
85.575 0
85.5761 0
85.5866 0
85.6154 0
85.6178 0
85.6467 0
85.6611 0
85.6638 0
85.6659 0
85.666 0
85.6692 0
85.6708 0
85.6981 0
85.719 0
85.736 0
85.738 0
85.7647 0
85.7665 0
85.8312 0
85.8344 0
85.8419 0
85.8442 0
85.8635 0
85.8635 0
85.8636 0
85.8657 0
85.9063 0
85.9095 0
85.9096 0
85.9127 0
85.987 0
86.0073 0
86.0107 0
86.0109 0
86.0141 0
86.0141 0
86.0157 625
86.0434 1302
86.073 0
86.0812 0
86.1379 0
86.1626 0
86.1763 89
86.2257 0
86.2486 625
86.2688 0
86.2718 1177
86.294 0
86.2949 0
86.2979 0
86.298 0
86.298 0
86.2999 0
86.3019 0
86.302 0
86.302 0
86.3058 0
86.3059 0
86.3077 0
86.308 0
86.3092 0
86.3092 0
86.3093 0
86.3602 0
86.3638 0
86.4302 0
86.4615 0
86.4651 0
86.5068 0
86.514 0
86.5741 0
86.578 0
86.5789 0
86.6223 0
86.6539 0
86.7177 0
86.7193 0
86.721 0
86.7596 0
86.7623 0
86.8112 0
86.8157 0
86.8164 0
86.8693 0
86.8719 0
86.873 0
86.9041 0
86.9095 0
86.9096 0
86.9115 0
86.9129 0
86.9169 0
86.9609 0
86.9629 0
86.9733 89
86.9883 0
87.0215 0
87.0234 0
87.0261 0
87.0262 0
87.0272 0
87.092 0
87.0929 0
87.1081 0
87.1105 0
87.1713 0
87.1733 0
87.1757 0
87.1757 0
87.1757 0
87.2152 0
87.2182 0
87.2189 0
87.219 0
87.2733 0
87.2754 0
87.3136 0
87.317 0
87.3178 0
87.3207 0
87.3634 0
87.3656 0
87.428 0
87.4306 0
87.4676 0
87.5356 0
87.5357 0
87.548 0
87.55 0
87.5708 0
87.5739 0
87.6161 0
87.6177 0
87.6178 0
87.6205 0
87.6206 0
87.6425 0
87.6449 0
87.7044 0
87.7062 0
87.7207 0
87.7207 0
87.7223 0
87.7224 0
87.7745 0
87.7759 0
87.7776 0
87.8248 0
87.8259 0
87.8283 0
87.8713 0
87.8748 0
87.8764 0
87.9238 0
87.9255 0
87.9981 0
87.9996 0
87.9997 0
88.0015 0
88.0016 0
88.0032 625
88.028 0
88.0308 1177
88.038 1302
88.056 0
88.0581 0
88.061 0
88.0611 0
88.0629 0
88.0654 0
88.0688 0
88.0692 0
88.0694 0
88.0706 35
88.072 0
88.0762 0
88.0779 0
88.0817 0
88.0817 0
88.0838 0
88.0863 0
88.089 0
88.0894 0
88.0918 0
88.0939 0
88.0954 0
88.0955 0
88.0979 0
88.098 0
88.1016 0
88.1049 0
88.1077 0
88.1108 0
88.1123 0
88.1141 0
88.117 0
88.1182 0
88.1182 0
88.2145 0
88.2165 0
88.2927 0
88.3175 0
88.3228 0
88.3262 0
88.3275 0
88.3611 0
88.3642 0
88.3643 0
88.4354 0
88.4355 0
88.478 0
88.5138 0
88.5139 0
88.5576 0
88.561 0
88.5711 0
88.5712 0
88.5728 0
88.5728 0
88.6235 0
88.6248 0
88.6372 0
88.6618 0
88.6662 0
88.669 0
88.6811 0
88.6829 0
88.6971 0
88.72 0
88.7226 0
88.7242 0
88.7411 0
88.7444 0
88.7734 89
88.7855 0
88.7876 0
88.7894 0
88.7894 0
88.7905 35
88.807 0
88.8477 0
88.848 0
88.8504 0
88.9415 0
88.9437 0
88.9815 0
88.9829 0
88.983 0
89.0253 0
89.045 0
89.0467 0
89.0616 0
89.0746 0
89.1313 0
89.1334 0
89.1348 0
89.1712 0
89.1892 0
89.1923 0
89.193 0
89.2319 0
89.2333 0
89.2831 0
89.3407 0
89.342 0
89.3481 0
89.3696 0
89.3723 0
89.374 0
89.374 0
89.3918 0
89.4155 0
89.4185 0
89.4885 0
89.4908 0
89.4923 0
89.4956 0
89.4958 0
89.5178 0
89.5202 0
89.5947 0
89.5968 0
89.5988 0
89.6011 0
89.6012 0
89.6033 0
89.6034 0
89.6034 0
89.6062 0
89.6374 0
89.6386 0
89.6479 0
89.6708 0
89.7389 0
89.7755 0
89.7776 0
89.7807 0
89.7841 0
89.786 0
89.789 0
89.7891 0
89.7891 0
89.7898 0
89.7928 0
89.794 0
89.8445 0
89.8764 0
89.8789 0
89.8789 0
89.9452 0
89.9731 0
89.9746 0
89.9832 0
90.0243 0
90.0244 0
90.0267 0
90.0268 0
90.0285 625
90.0322 1302
90.0482 0
90.0508 1177
90.0516 0
90.0779 0
90.0806 0
90.0908 0
90.0909 0
90.0929 0
90.0968 0
90.0989 0
90.1009 0
90.1029 0
90.1048 0
90.1049 0
90.1067 0
90.1081 0
90.112 0
90.1148 0
90.1166 0
90.1168 0
90.119 0
90.1228 0
90.1236 0
90.1236 0
90.128 0
90.1281 0
90.1281 0
90.1314 0
90.1315 0
90.1329 0
90.133 0
90.136 0
90.136 0
90.136 0
90.1384 0
90.1384 0
90.1388 0
90.1413 0
90.1496 0
90.2497 0
90.2802 0
90.2826 0
90.3003 0
90.3004 0
90.303 0
90.3387 0
90.3415 0
90.344 0
90.3756 0
90.3776 0
90.3809 0
90.3825 0
90.4081 0
90.4116 0
90.4148 0
90.4148 0
90.4411 0
90.4694 0
90.4726 0
90.4749 0
90.513 0
90.5172 0
90.5799 0
90.5819 0
90.668 0
90.6681 0
90.6859 0
90.7011 0
90.7513 0
90.7521 0
90.8172 0
90.8179 0
90.9084 0
90.9103 0
90.9186 0
90.9187 0
90.9675 0
90.9706 0
91.015 0
91.0165 0
91.0613 0
91.068 0
91.0735 0
91.0769 0
91.097 0
91.1612 0
91.1628 0
91.2015 0
91.2035 0
91.2273 0
91.2299 0
91.2324 0
91.2946 0
91.2947 0
91.2963 0
91.312 0
91.3137 0
91.3155 0
91.3797 0
91.3813 0
91.4129 0
91.4515 0
91.4516 0
91.4536 0
91.4537 0
91.4553 0
91.5272 0
91.5325 0
91.5351 0
91.5353 0
91.5665 0
91.6064 0
91.6078 0
91.6113 0
91.6132 0
91.6492 0
91.7008 0
91.7204 0
91.722 0
91.7243 0
91.7538 0
91.7551 0
91.7569 0
91.8156 0
91.8182 0
91.8183 0
91.8212 0
91.8212 0
91.8642 0
91.8643 0
91.9109 0
91.9134 0
91.9134 0
91.9135 0
91.9674 0
92.009 0
92.0091 0
92.0111 0
92.0177 0
92.0229 625
92.0276 1302
92.0425 0
92.0454 1177
92.0745 0
92.1132 0
92.1133 0
92.1134 0
92.1134 0
92.1169 0
92.1169 0
92.117 0
92.117 0
92.117 0
92.1189 0
92.1189 0
92.1189 0
92.119 0
92.119 0
92.1208 0
92.1209 0
92.1209 0
92.1209 0
92.1209 0
92.121 0
92.1246 0
92.1246 0
92.1247 0
92.1254 0
92.1255 0
92.126 0
92.1261 0
92.1285 0
92.1286 0
92.1287 0
92.1313 0
92.1314 0
92.1325 0
92.1446 0
92.247 0
92.3343 0
92.3344 0
92.3794 0
92.3794 0
92.3824 0
92.3856 0
92.4139 0
92.4166 0
92.4614 0
92.5556 0
92.5557 0
92.5871 0
92.5889 0
92.6269 0
92.6289 0
92.6801 0
92.6803 0
92.7165 0
92.7675 0
92.7708 0
92.7709 0
92.7854 0
92.7879 0
92.823 0
92.8239 0
92.8541 0
92.8615 0
92.8648 0
92.9076 0
92.9077 0
92.9103 0
92.9701 0
92.9716 0
93.0322 0
93.0349 0
93.0563 0
93.0579 0
93.062 0
93.1191 0
93.1221 0
93.1229 0
93.1593 0
93.1623 0
93.2133 0
93.2147 0
93.2499 0
93.2694 0
93.2718 0
93.3146 0
93.3183 0
93.3199 0
93.3202 0
93.3611 0
93.3631 0
93.3671 0
93.4263 0
93.4837 0
93.4873 0
93.4874 0
93.5212 0
93.5224 0
93.5406 0
93.561 0
93.573 0
93.5753 0
93.5774 0
93.5784 0
93.6139 0
93.614 0
93.616 0
93.6638 0
93.6678 0
93.6679 0
93.6679 0
93.6701 0
93.6702 0
93.6702 0
93.6724 0
93.7128 0
93.7197 0
93.7222 0
93.7599 0
93.7811 0
93.8449 0
93.847 0
93.8653 0
93.8688 0
93.8691 0
93.8733 0
93.8734 0
93.8764 0
93.8765 0
93.8786 0
93.8786 0
93.8787 0
93.8794 0
93.8834 0
93.8847 0
93.8847 0
93.8863 0
93.8864 0
93.9074 0
93.9539 0
93.9669 0
93.9683 0
94.0208 0
94.0226 1302
94.0248 0
94.0268 625
94.0677 0
94.0708 1177
94.0801 0
94.0812 35
94.0957 0
94.1008 0
94.1008 0
94.1017 0
94.1019 0
94.103 0
94.1031 0
94.1032 0
94.1058 0
94.1058 0
94.1058 0
94.1074 0
94.1075 0
94.1079 0
94.1095 0
94.1114 0
94.1114 0
94.1138 0
94.1158 0
94.1185 0
94.1186 0
94.1205 0
94.1206 0
94.1224 0
94.1246 0
94.1268 0
94.1322 0
94.1599 0
94.1951 0
94.2214 0
94.2527 0
94.2615 0
94.3297 0
94.3321 0
94.3947 0
94.396 0
94.4804 0
94.4815 0
94.5177 0
94.5415 0
94.5792 0
94.68 0
94.7095 0
94.7338 0
94.735 0
94.7619 0
94.7649 0
94.7666 0
94.7876 0
94.8645 0
94.8673 0
94.9653 0
95.0197 0
95.0234 0
95.0234 0
95.0655 0
95.0655 0
95.1199 0
95.1232 0
95.125 0
95.1279 0
95.128 0
95.1835 0
95.2179 0
95.2313 0
95.2331 0
95.2668 0
95.2688 0
95.2718 0
95.3196 0
95.3197 0
95.321 0
95.3248 0
95.3637 0
95.3655 0
95.3657 0
95.4077 0
95.4091 0
95.4385 0
95.4419 0
95.4438 0
95.4924 0
95.4955 0
95.5112 0
95.5131 0
95.5166 0
95.5171 0
95.5171 0
95.6118 0
95.6145 0
95.6309 0
95.6334 0
95.6444 0
95.6619 0
95.6628 0
95.6629 0
95.6659 0
95.6679 0
95.6694 0
95.6695 0
95.6708 0
95.6729 0
95.7386 0
95.742 0
95.7705 0
95.8386 0
95.8408 0
95.8701 0
95.8721 0
95.8748 0
95.8766 0
95.8793 0
95.8793 0
95.8827 0
95.8831 0
95.8857 0
95.8857 0
95.8858 0
95.8887 0
95.8887 0
95.9298 0
95.9739 0
95.995 0
95.9979 0
95.9997 625
96.0177 1302
96.0363 0
96.0395 1177
96.0729 0
96.0799 0
96.0807 0
96.0809 0
96.0811 0
96.087 0
96.0915 0
96.1005 0
96.106 0
96.1085 0
96.1107 0
96.1124 0
96.1142 0
96.1213 0
96.125 0
96.1291 0
96.1311 0
96.1333 0
96.1349 0
96.1349 0
96.1377 0
96.1377 0
96.1377 0
96.1395 0
96.1396 0
96.1396 0
96.1412 0
96.1444 0
96.1445 0
96.1445 0
96.1464 0
96.1465 0
96.1465 0
96.1478 0
96.1505 0
96.1555 0
96.2441 0
96.344 0
96.3455 0
96.5779 0
96.5779 0
96.578 0
96.578 0
96.6226 0
96.6226 0
96.625 0
96.625 0
96.625 0
96.6649 0
96.6668 0
96.6685 0
96.6685 0
96.6685 0
96.6719 0
96.7668 0
96.7668 0
96.7669 0
96.8615 0
96.8643 0
96.926 0
96.9286 0
96.9305 0
96.933 0
96.9339 0
96.942 0
96.9445 0
96.9446 0
96.9446 0
96.9446 0
96.9465 0
96.9466 0
96.9492 0
97.0275 0
97.1936 0
97.2233 0
97.2278 0
97.2278 0
97.2628 0
97.265 0
97.2981 0
97.3555 0
97.3556 0
97.3559 0
97.3561 0
97.3565 0
97.3843 0
97.4136 0
97.4137 0
97.4156 0
97.4182 0
97.4183 0
97.4718 0
97.474 0
97.4754 0
97.4755 0
97.5758 0
97.5759 0
97.576 0
97.5968 0
97.6013 0
97.6273 0
97.6294 0
97.643 0
97.6458 0
97.6661 0
97.6685 0
97.671 0
97.6711 0
97.7035 0
97.7054 0
97.708 0
97.7165 0
97.7779 0
97.7805 0
97.8146 0
97.8176 0
97.8177 0
97.8205 0
97.8206 0
97.8505 0
97.8775 0
97.8797 0
97.8813 0
97.8814 0
97.884 0
97.8841 0
97.9377 0
97.9386 0
98.0025 0
98.0061 0
98.0079 0
98.0079 0
98.0107 0
98.0128 0
98.0131 1302
98.0133 0
98.0298 0
98.0323 0
98.035 0
98.0351 0
98.0369 625
98.044 0
98.0573 0
98.0603 1177
98.0869 0
98.087 0
98.0891 0
98.0892 0
98.0916 0
98.0932 0
98.0933 0
98.0933 0
98.0974 0
98.0975 0
98.0988 0
98.0988 0
98.1021 0
98.1022 0
98.1022 0
98.1067 0
98.1068 0
98.1068 0
98.1068 0
98.1089 0
98.109 0
98.1091 0
98.1272 0
98.1299 0
98.1717 0
98.213 0
98.2282 0
98.255 0
98.2639 0
98.2666 0
98.3281 0
98.3401 0
98.3422 0
98.382 0
98.382 0
98.3844 0
98.4119 0
98.4142 0
98.4142 0
98.4175 0
98.4539 0
98.4699 0
98.4725 0
98.5099 0
98.5125 0
98.5143 0
98.5158 0
98.5574 0
98.5598 0
98.5615 0
98.6272 0
98.6292 0
98.6312 0
98.6645 0
98.6673 0
98.6674 0
98.6922 0
98.7053 0
98.7077 0
98.7694 0
98.7695 0
98.772 0
98.7721 0
98.8334 0
98.8335 0
98.8359 0
98.8792 0
98.8855 0
98.9306 0
98.9318 0
98.9695 0
98.9717 0
98.9779 0
99.013 0
99.0156 0
99.0305 0
99.0305 0
99.0327 0
99.0462 1302
99.0754 0
99.0772 0
99.0773 0
99.1195 0
99.172 0
99.1754 0
99.178 0
99.1797 0
99.1807 0
99.2643 0
99.2661 0
99.2685 0
99.2822 0
99.312 0
99.3147 0
99.3759 0
99.3778 0
99.381 0
99.4196 0
99.4225 0
99.4239 0
99.4239 0
99.4239 0
99.4275 0
99.4294 0
99.4294 0
99.4638 0
99.4684 0
99.5227 0
99.5565 0
99.5595 0
99.5608 0
99.606 0
99.608 0
99.6081 0
99.6108 0
99.6237 0
99.6677 0
99.6695 0
99.672 0
99.6721 0
99.7154 0
99.7163 0
99.7702 0
99.7718 0
99.7734 0
99.7735 0
99.7758 0
99.8294 0
99.8316 0
99.8334 0
99.843 0
99.8661 0
99.8687 0
99.8795 0
99.9136 0
99.9155 0
99.9156 0
99.919 0
99.9191 0
100.005 0
100.008 0
100.011 0
100.015 0
100.018 0
100.02 625
100.049 0
100.052 1177
100.075 0
100.092 0
100.096 0
100.096 0
100.096 0
100.097 0
100.097 0
100.099 0
100.102 0
100.104 0
100.104 0
100.106 0
100.106 0
100.109 0
100.112 0
100.114 0
100.114 0
100.115 0
100.116 0
100.118 0
100.121 0
100.122 0
100.125 0
100.127 0
100.128 0
100.13 0
100.133 0
100.133 0
100.134 0
100.137 0
100.139 0
100.141 0
100.22 0
100.291 1302
100.321 0
100.322 0
100.324 35
100.404 0
100.422 0
100.522 0
100.524 0
100.566 0
100.569 0
100.582 0
100.609 0
100.611 0
100.681 0
100.718 0
100.721 0
100.723 0
100.723 0
100.724 0
100.724 0
100.727 0
100.729 0
100.731 0
100.733 0
100.734 0
100.737 0
100.737 0
100.741 0
100.741 0
100.741 0
100.783 0
100.805 0
100.821 0
100.878 0
100.921 0
100.923 0
100.987 0
100.99 0
101.014 0
101.015 0
101.015 0
101.018 0
101.02 0
101.02 0
101.02 0
101.113 0
101.115 0
101.117 0
101.117 0
101.164 0
101.166 0
101.169 0
101.169 0
101.17 0
101.17 0
101.202 0
101.208 0
101.211 0
101.219 0
101.29 0
101.31 0
101.313 0
101.314 0
101.314 0
101.317 0
101.319 0
101.319 0
101.322 0
101.322 0
101.324 0
101.373 89
101.373 39
101.39 0
101.391 35
101.411 0
101.491 0
101.503 0
101.505 0
101.508 0
101.509 0
101.511 0
101.513 0
101.513 0
101.537 29
101.545 0
101.545 0
101.608 0
101.642 0
101.65 0
101.651 0
101.698 0
101.7 0
101.703 0
101.714 0
101.716 0
101.717 0
101.763 0
101.765 0
101.767 0
101.767 0
101.8 0
101.802 0
101.827 0
101.829 0
101.841 0
101.863 0
101.866 0
101.867 0
101.867 0
101.867 0
101.882 0
101.884 0
101.932 0
101.932 0
101.934 0
101.934 0
101.945 0
101.965 0
102.013 0
102.016 0
102.017 0
102.017 0
102.019 0
102.02 625
102.041 0
102.043 1177
102.069 0
102.07 0
102.073 0
102.074 0
102.075 0
102.077 0
102.079 0
102.08 0
102.082 0
102.084 0
102.087 0
102.089 0
102.091 0
102.096 0
102.101 0
102.101 0
102.101 0
102.101 0
102.104 0
102.104 0
102.104 0
102.11 0
102.11 0
102.11 0
102.189 0
102.282 0
102.286 1302
102.297 0
102.318 0
102.323 0
102.33 0
102.334 0
102.334 0
102.335 0
102.374 0
102.374 0
102.374 0
102.376 0
102.395 0
102.403 0
102.444 0
102.546 0
102.548 0
102.646 0
102.648 0
102.682 0
102.684 0
102.685 0
102.685 0
102.74 0
102.769 0
102.771 0
102.774 0
102.776 0
102.779 0
102.781 0
102.781 0
102.781 0
102.782 0
102.785 0
102.872 0
102.874 0
102.887 0
102.964 0
102.967 0
102.969 0
102.969 0
102.971 0
102.971 0
102.971 0
102.975 0
102.977 0
102.979 0
103.067 0
103.167 0
103.173 0
103.176 0
103.216 0
103.231 0
103.234 0
103.234 0
103.237 0
103.237 0
103.238 0
103.238 0
103.241 0
103.241 0
103.241 0
103.244 0
103.244 0
103.246 0
103.246 0
103.246 0
103.281 0
103.333 0
103.399 0
103.417 0
103.428 0
103.43 0
103.443 0
103.451 0
103.462 0
103.465 0
103.466 0
103.507 0
103.513 0
103.526 0
103.528 0
103.53 0
103.548 0
103.55 0
103.579 0
103.582 0
103.611 0
103.616 0
103.632 0
103.634 0
103.681 0
103.684 0
103.728 0
103.728 0
103.73 0
103.732 0
103.766 0
103.769 0
103.77 0
103.776 0
103.792 0
103.793 0
103.835 0
103.838 0
103.866 0
103.868 0
103.87 0
103.871 0
103.915 0
103.917 0
103.919 0
103.997 0
103.999 0
104.004 0
104.004 0
104.005 625
104.025 0
104.028 1177
104.055 0
104.06 0
104.063 0
104.063 0
104.065 0
104.065 0
104.067 0
104.07 0
104.07 0
104.07 0
104.071 0
104.074 0
104.074 0
104.075 0
104.075 0
104.079 0
104.08 0
104.082 0
104.085 0
104.085 0
104.087 0
104.087 0
104.089 0
104.089 0
104.089 0
104.089 0
104.091 0
104.092 0
104.092 0
104.095 0
104.095 0
104.096 0
104.098 0
104.098 0
104.1 0
104.1 0
104.103 0
104.103 0
104.146 0
104.146 0
104.247 0
104.281 1302
104.293 0
104.313 0
104.338 0
104.348 0
104.391 0
104.449 0
104.449 0
104.504 0
104.518 0
104.549 0
104.571 0
104.597 0
104.615 0
104.65 0
104.71 0
104.715 0
104.79 0
104.791 0
104.793 0
104.804 0
104.819 0
104.819 0
104.822 0
104.825 0
104.826 0
104.828 0
104.832 0
104.833 0
104.833 0
104.836 0
104.836 0
104.839 0
104.861 0
104.863 0
104.943 0
104.961 0
105.019 0
105.062 0
105.068 0
105.071 0
105.071 0
105.076 0
105.116 0
105.119 0
105.122 0
105.122 0
105.124 0
105.124 0
105.125 0
105.13 0
105.133 0
105.133 0
105.133 0
105.133 0
105.133 0
105.133 0
105.136 0
105.136 0
105.186 0
105.216 0
105.274 0
105.317 0
105.391 0
105.398 0
105.426 0
105.428 0
105.47 0
105.472 0
105.472 0
105.501 0
105.515 0
105.515 0
105.518 0
105.518 0
105.519 0
105.52 0
105.563 0
105.565 0
105.627 0
105.629 0
105.63 0
105.645 0
105.661 0
105.664 0
105.665 0
105.668 0
105.715 0
105.715 0
105.718 0
105.751 0
105.754 0
105.754 0
105.755 0
105.777 0
105.779 0
105.793 0
105.816 0
105.818 0
105.818 0
105.861 0
105.864 0
105.864 0
105.899 0
105.901 0
105.904 0
105.925 0
105.927 0
105.929 0
105.981 0
105.983 0
105.985 0
106.001 0
106.017 0
106.046 0
106.051 0
106.052 625
106.072 0
106.075 1177
106.085 0
106.103 0
106.105 0
106.105 0
106.105 0
106.105 0
106.105 0
106.108 0
106.108 0
106.11 0
106.11 0
106.111 0
106.111 0
106.111 0
106.113 0
106.116 0
106.117 0
106.12 0
106.123 0
106.125 0
106.125 0
106.128 0
106.13 0
106.132 0
106.132 0
106.134 0
106.137 0
106.137 0
106.14 0
106.14 0
106.143 0
106.143 0
106.143 0
106.146 0
106.146 0
106.183 0
106.207 0
106.257 0
106.264 0
106.266 0
106.276 1302
106.308 0
106.309 35
106.342 0
106.364 0
106.368 0
106.385 0
106.409 0
106.434 0
106.465 0
106.553 0
106.567 0
106.598 0
106.669 0
106.673 0
106.702 0
106.736 0
106.738 0
106.769 0
106.834 0
106.838 0
106.842 0
106.844 0
106.846 0
106.846 0
106.848 0
106.851 0
106.853 0
106.855 0
106.855 0
106.898 0
106.953 0
106.954 0
106.961 0
106.961 0
106.963 0
106.965 0
106.978 0
107.018 0
107.048 0
107.099 0
107.1 0
107.114 0
107.116 0
107.12 0
107.123 0
107.125 0
107.125 0
107.128 0
107.128 0
107.132 0
107.132 0
107.132 0
107.132 0
107.173 0
107.215 0
107.217 0
107.266 0
107.285 0
107.315 0
107.317 0
107.332 0
107.332 0
107.376 89
107.395 0
107.408 0
107.409 35
107.418 0
107.418 0
107.419 0
107.419 0
107.42 0
107.473 0
107.475 0
107.492 0
107.495 0
107.497 0
107.522 0
107.524 0
107.561 0
107.569 0
107.57 0
107.57 0
107.572 0
107.572 0
107.575 0
107.576 0
107.579 0
107.617 0
107.617 0
107.618 0
107.626 0
107.656 0
107.666 0
107.674 0
107.694 0
107.769 0
107.773 0
107.774 0
107.822 0
107.824 0
107.824 0
107.835 0
107.842 0
107.845 0
107.847 0
107.866 0
107.868 0
107.877 0
107.904 0
107.911 0
107.914 0
107.93 0
107.942 0
107.944 0
107.946 0
107.948 0
108.008 0
108.01 0
108.014 0
108.016 625
108.019 0
108.036 0
108.038 1177
108.051 0
108.064 0
108.065 0
108.07 0
108.074 0
108.076 0
108.085 0
108.091 0
108.094 0
108.094 0
108.096 0
108.098 0
108.1 0
108.102 0
108.105 0
108.105 0
108.107 0
108.109 0
108.115 0
108.117 0
108.119 0
108.121 0
108.121 0
108.124 0
108.126 0
108.128 0
108.13 0
108.13 0
108.131 0
108.134 0
108.136 0
108.138 0
108.138 0
108.138 0
108.142 0
108.144 0
108.144 0
108.146 0
108.147 0
108.147 0
108.149 0
108.151 0
108.152 0
108.155 0
108.158 0
108.158 0
108.161 0
108.183 0
108.21 0
108.219 0
108.22 0
108.225 0
108.232 674
108.232 3855
108.253 0
108.271 0
108.271 1302
108.274 0
108.302 0
108.302 0
108.316 0
108.319 0
108.321 0
108.333 0
108.364 0
108.379 0
108.381 0
108.386 89
108.386 89
108.399 0
108.403 0
108.411 0
108.478 0
108.478 0
108.548 0
108.558 0
108.564 0
108.566 0
108.586 0
108.645 0
108.652 0
108.652 0
108.738 0
108.74 0
108.766 0
108.838 0
108.84 0
108.863 0
108.866 0
108.866 0
108.87 0
108.87 0
108.87 0
108.873 0
108.873 0
108.897 43
108.9 0
108.903 0
108.903 0
108.97 0
108.995 0
109.012 0
109.015 0
109.064 0
109.065 0
109.16 0
109.167 0
109.169 0
109.172 0
109.172 0
109.174 0
109.259 1250
109.259 1250
109.259 466
109.259 3804
109.268 0
109.27 0
109.27 0
109.273 0
109.273 0
109.273 0
109.275 0
109.275 0
109.277 0
109.277 191
109.277 0
109.279 0
109.32 41
109.369 0
109.37 0
109.423 0
109.423 0
109.425 35
109.468 0
109.515 0
109.515 0
109.549 0
109.549 0
109.55 0
109.574 0
109.576 0
109.578 0
109.58 0
109.583 0
109.583 0
109.584 0
109.584 0
109.675 0
109.704 0
109.715 0
109.718 0
109.756 0
109.758 0
109.758 0
109.759 0
109.821 0
109.822 0
109.825 0
109.863 0
109.865 0
109.865 0
109.865 0
109.879 0
109.915 0
109.917 0
109.92 0
109.95 0
109.952 0
109.992 0
110.016 0
110.016 0
110.021 0
110.021 0
110.023 625
110.043 0
110.046 1177
110.07 0
110.072 0
110.079 0
110.079 0
110.081 0
110.081 0
110.081 0
110.083 0
110.088 0
110.09 0
110.09 0
110.092 0
110.094 0
110.094 0
110.133 0
110.137 0
110.205 0
110.266 1302
110.276 0
110.296 0
110.298 0
110.319 0
110.321 0
110.325 0
110.325 0
110.328 0
110.328 0
110.328 0
110.332 0
110.332 0
110.332 0
110.333 0
110.333 0
110.336 0
110.336 0
110.338 0
110.34 0
110.34 0
110.341 0
110.341 0
110.341 0
110.368 0
110.368 0
110.368 0
110.371 0
110.42 0
110.423 0
110.423 0
110.425 0
110.452 0
110.505 0
110.508 0
110.522 0
110.558 0
110.606 0
110.606 0
110.65 0
110.653 0
110.694 0
110.716 0
110.718 0
110.803 0
110.805 0
110.862 0
110.867 0
110.87 0
110.87 0
110.889 0
110.918 0
110.921 0
110.95 0
110.954 0
110.954 0
110.957 0
110.97 0
110.987 0
111.017 0
111.019 0
111.021 0
111.024 0
111.024 0
111.025 0
111.033 0
111.033 0
111.036 0
111.036 0
111.04 0
111.049 0
111.056 0
111.061 0
111.061 0
111.062 0
111.062 0
111.08 0
111.082 0
111.109 0
111.112 0
111.112 0
111.113 0
111.116 0
111.131 0
111.141 0
111.143 0
111.151 0
111.17 0
111.172 0
111.191 0
111.195 0
111.204 0
111.207 0
111.207 0
111.209 0
111.267 0
111.305 0
111.353 0
111.359 0
111.362 0
111.422 0
111.423 0
111.464 0
111.467 0
111.469 0
111.469 0
111.471 0
111.473 0
111.473 0
111.475 0
111.493 0
111.503 0
111.504 0
111.532 0
111.532 0
111.533 0
111.573 0
111.576 0
111.6 0
111.639 0
111.641 0
111.641 0
111.643 0
111.677 0
111.678 0
111.681 0
111.701 0
111.722 0
111.742 0
111.745 0
111.746 0
111.746 0
111.748 0
111.766 0
111.791 0
111.793 0
111.795 0
111.842 0
111.849 0
111.851 0
111.887 0
111.898 0
111.899 0
111.93 0
111.972 0
111.997 0
112 0
112.004 0
112.006 625
112.027 0
112.029 1177
112.059 0
112.066 0
112.07 0
112.07 0
112.078 0
112.082 0
112.082 0
112.082 0
112.083 0
112.127 0
112.127 0
112.128 0
112.193 0
112.214 0
112.217 0
112.262 1302
112.262 0
112.263 0
112.279 0
112.294 0
112.295 35
112.328 0
112.33 0
112.331 0
112.351 0
112.366 0
112.367 0
112.416 0
112.452 0
112.473 0
112.478 0
112.478 0
112.511 0
112.514 0
112.514 0
112.555 0
112.561 0
112.563 0
112.564 0
112.636 0
112.636 0
112.664 0
112.666 0
112.666 0
112.711 0
112.713 0
112.713 0
112.714 0
112.775 0
112.778 0
112.779 0
112.805 0
112.816 0
112.818 0
112.822 0
112.849 0
112.851 0
112.853 0
112.853 0
112.859 0
112.914 0
112.917 0
112.919 0
112.921 0
112.966 0
112.968 0
112.968 0
112.969 0
113.044 0
113.045 0
113.047 0
113.047 0
113.064 0
113.065 0
113.067 0
113.068 0
113.116 0
113.119 0
113.12 0
113.12 0
113.177 0
113.18 0
113.181 0
113.181 0
113.211 0
113.214 0
113.217 0
113.263 0
113.269 0
113.309 0
113.33 0
113.332 0
113.332 0
113.334 0
113.361 0
113.364 0
113.379 0
113.406 0
113.406 0
113.408 0
113.41 0
113.468 0
113.47 0
113.47 0
113.473 0
113.511 0
113.512 0
113.514 0
113.554 0
113.556 0
113.557 0
113.558 0
113.597 0
113.632 0
113.634 0
113.635 0
113.659 0
113.662 0
113.664 0
113.694 0
113.724 0
113.726 0
113.729 0
113.746 0
113.765 0
113.767 0
113.816 0
113.819 0
113.82 0
113.851 0
113.854 0
113.889 0
113.895 0
113.897 0
113.916 0
113.919 0
113.92 0
113.981 0
113.985 0
113.987 0
113.987 0
113.989 0
114.005 0
114.008 0
114.01 625
114.03 0
114.033 1177
114.056 0
114.057 0
114.058 0
114.059 0
114.061 0
114.064 0
114.069 0
114.069 0
114.073 0
114.073 0
114.075 0
114.078 0
114.08 0
114.08 0
114.082 0
114.092 0
114.166 0
114.187 0
114.256 1302
114.288 0
114.328 0
114.339 0
114.341 0
114.344 0
114.347 0
114.347 0
114.348 0
114.348 0
114.352 0
114.352 0
114.352 0
114.354 0
114.354 0
114.365 0
114.369 0
114.401 0
114.405 0
114.408 0
114.41 0
114.45 0
114.453 0
114.453 0
114.455 0
114.516 0
114.517 0
114.556 0
114.559 0
114.621 0
114.621 0
114.623 0
114.662 0
114.665 0
114.668 0
114.708 0
114.708 0
114.71 0
114.726 0
114.769 0
114.771 0
114.773 0
114.773 0
114.817 0
114.819 0
114.821 0
114.828 0
114.831 0
114.847 0
114.855 0
114.857 0
114.859 0
114.9 0
114.919 0
114.921 0
114.921 0
114.956 0
114.96 0
114.963 0
114.967 0
114.993 0
115.004 0
115.006 0
115.009 0
115.023 0
115.07 0
115.074 0
115.118 0
115.118 0
115.155 0
115.155 0
115.157 0
115.173 0
115.196 0
115.214 0
115.216 0
115.218 0
115.22 0
115.248 0
115.266 0
115.267 0
115.27 0
115.294 0
115.297 0
115.304 0
115.313 0
115.33 0
115.33 0
115.333 0
115.345 0
115.346 0
115.369 0
115.37 0
115.388 0
115.39 0
115.439 0
115.441 0
115.445 0
115.451 0
115.451 0
115.452 0
115.474 0
115.476 0
115.515 0
115.518 0
115.52 0
115.537 0
115.546 0
115.548 0
115.581 0
115.584 0
115.585 0
115.606 0
115.609 0
115.61 0
115.629 0
115.666 0
115.668 0
115.669 0
115.689 0
115.716 0
115.717 0
115.717 0
115.72 0
115.728 0
115.73 0
115.751 0
115.778 0
115.778 0
115.816 0
115.818 0
115.824 0
115.834 0
115.834 0
115.836 0
115.836 0
115.882 0
115.885 0
115.885 0
115.9 0
115.929 0
115.931 0
115.954 0
116.002 0
116.007 0
116.007 0
116.009 0
116.014 0
116.014 0
116.016 625
116.019 0
116.037 0
116.04 1177
116.081 0
116.083 0
116.083 0
116.083 0
116.083 0
116.083 0
116.083 0
116.086 0
116.086 0
116.097 0
116.099 0
116.112 0
116.114 0
116.154 0
116.164 0
116.168 0
116.17 0
116.17 0
116.181 0
116.188 0
116.198 0
116.2 0
116.222 0
116.251 1302
116.262 0
116.262 0
116.264 0
116.268 0
116.283 0
116.315 0
116.316 0
116.317 0
116.319 0
116.355 0
116.358 0
116.367 0
116.377 0
116.379 0
116.398 0
116.413 0
116.416 0
116.418 0
116.448 0
116.465 0
116.465 0
116.467 0
116.469 0
116.489 0
116.507 0
116.521 0
116.522 0
116.522 0
116.564 0
116.564 0
116.568 0
116.572 0
116.617 0
116.622 0
116.624 0
116.625 0
116.625 0
116.625 0
116.675 0
116.678 0
116.679 0
116.712 0
116.715 0
116.717 0
116.761 0
116.764 0
116.766 0
116.766 0
116.797 0
116.797 0
116.799 0
116.823 0
116.825 0
116.825 0
116.857 0
116.86 0
116.902 0
116.906 0
116.945 0
116.947 0
116.993 0
117.013 0
117.016 0
117.018 0
117.02 0
117.046 0
117.05 0
117.052 0
117.054 0
117.067 0
117.097 0
117.1 0
117.122 0
117.124 0
117.127 0
117.129 0
117.178 0
117.213 0
117.215 0
117.215 0
117.243 0
117.245 0
117.246 0
117.27 0
117.274 0
117.285 0
117.287 0
117.349 0
117.352 0
117.392 0
117.394 0
117.396 0
117.396 0
117.435 0
117.435 0
117.457 0
117.459 0
117.459 0
117.463 0
117.499 0
117.506 0
117.509 0
117.51 0
117.542 0
117.545 0
117.546 0
117.567 0
117.57 0
117.607 0
117.609 0
117.61 0
117.655 0
117.656 0
117.696 0
117.713 0
117.715 0
117.715 0
117.715 0
117.748 0
117.751 0
117.751 0
117.781 0
117.783 0
117.783 0
117.828 0
117.831 0
117.831 0
117.862 0
117.864 0
117.864 0
117.892 0
117.894 0
117.932 0
117.932 0
117.934 0
117.937 0
117.991 0
118.013 0
118.017 0
118.019 625
118.048 0
118.051 1177
118.072 0
118.072 0
118.075 0
118.077 0
118.077 0
118.079 0
118.082 0
118.086 0
118.086 0
118.104 0
118.107 0
118.11 0
118.119 0
118.165 0
118.165 0
118.167 0
118.169 0
118.212 0
118.215 0
118.217 0
118.246 1302
118.275 0
118.277 0
118.277 0
118.278 35
118.279 0
118.315 0
118.318 0
118.322 0
118.345 0
118.347 0
118.374 0
118.378 0
118.419 0
118.419 0
118.421 0
118.423 0
118.452 0
118.468 0
118.484 0
118.487 0
118.523 0
118.525 0
118.526 0
118.535 0
118.558 0
118.568 0
118.578 0
118.58 0
118.581 0
118.581 0
118.628 0
118.641 0
118.645 0
118.645 0
118.647 0
118.652 0
118.681 0
118.683 0
118.686 0
118.688 0
118.715 0
118.718 0
118.718 0
118.774 89
118.775 39
118.78 0
118.785 0
118.787 0
118.79 0
118.791 35
118.832 0
118.832 0
118.834 0
118.873 0
118.878 0
118.913 0
118.915 0
118.915 0
118.917 0
118.928 0
118.93 0
118.957 0
118.979 0
118.984 0
118.986 0
118.987 0
119.043 0
119.047 0
119.048 0
119.122 0
119.123 0
119.123 0
119.124 0
119.125 0
119.148 0
119.149 0
119.149 0
119.168 0
119.191 0
119.193 0
119.195 0
119.208 0
119.209 0
119.211 0
119.254 0
119.257 0
119.258 0
119.262 0
119.313 0
119.316 0
119.318 0
119.318 0
119.319 0
119.356 0
119.36 0
119.36 0
119.417 0
119.42 0
119.42 0
119.42 0
119.422 0
119.422 0
119.425 0
119.459 0
119.463 0
119.512 0
119.512 0
119.514 0
119.516 0
119.526 0
119.543 0
119.554 0
119.567 0
119.569 0
119.572 0
119.572 0
119.574 0
119.61 0
119.612 0
119.614 0
119.614 0
119.661 0
119.661 0
119.663 0
119.673 0
119.682 0
119.718 0
119.718 0
119.72 0
119.721 0
119.765 0
119.767 0
119.767 0
119.77 0
119.819 0
119.822 0
119.868 0
119.87 0
119.871 0
119.879 0
119.915 0
119.917 0
119.919 0
119.944 0
119.993 0
119.995 0
119.999 0
119.999 0
120.001 625
120.021 0
120.022 0
120.024 1177
120.054 0
120.056 0
120.056 0
120.058 0
120.065 0
120.066 0
120.068 0
120.068 0
120.104 0
120.106 0
120.107 0
120.147 0
120.149 0
120.165 0
120.165 0
120.166 0
120.168 0
120.186 0
120.188 0
120.214 0
120.217 0
120.241 1302
120.259 0
120.262 0
120.273 0
120.282 0
120.284 0
120.314 0
120.325 0
120.326 0
120.326 0
120.329 0
120.366 0
120.369 0
120.408 0
120.412 0
120.449 0
120.451 0
120.458 0
120.47 0
120.508 0
120.508 0
120.512 0
120.549 0
120.552 0
120.552 0
120.598 0
120.6 0
120.602 0
120.62 0
120.637 0
120.637 0
120.686 0
120.686 0
120.687 0
120.692 0
120.708 0
120.71 0
120.741 0
120.744 0
120.755 0
120.769 0
120.801 0
120.805 0
120.828 0
120.83 0
120.851 0
120.852 0
120.891 0
120.895 0
120.939 0
120.941 0
120.943 0
120.958 0
120.96 0
121.002 0
121.005 0
121.007 0
121.007 0
121.008 0
121.017 0
121.019 0
121.031 0
121.039 0
121.042 0
121.049 0
121.049 0
121.09 0
121.092 0
121.095 0
121.096 0
121.105 0
121.106 0
121.126 0
121.126 0
121.129 0
121.151 0
121.153 0
121.156 0
121.18 0
121.182 0
121.213 0
121.213 0
121.214 0
121.24 0
121.242 0
121.263 0
121.266 0
121.306 0
121.306 0
121.308 0
121.32 0
121.32 0
121.321 0
121.359 0
121.361 0
121.38 0
121.384 0
121.387 0
121.404 0
121.406 0
121.441 0
121.445 0
121.446 0
121.476 0
121.477 0
121.496 0
121.496 0
121.498 0
121.542 0
121.542 0
121.554 0
121.554 0
121.556 0
121.573 0
121.575 0
121.619 0
121.619 0
121.665 0
121.668 0
121.668 0
121.706 0
121.706 0
121.745 0
121.745 0
121.748 0
121.766 0
121.766 0
121.768 0
121.793 0
121.807 0
121.809 0
121.813 0
121.827 0
121.85 0
121.852 0
121.852 0
121.855 0
121.855 0
121.872 0
121.875 0
121.918 0
121.921 0
121.921 0
121.94 0
122.013 0
122.015 0
122.016 625
122.037 0
122.04 1177
122.064 0
122.065 0
122.065 0
122.068 0
122.073 0
122.077 0
122.077 0
122.078 0
122.106 0
122.109 0
122.109 0
122.157 0
122.159 0
122.188 0
122.195 0
122.196 0
122.236 1302
122.243 0
122.246 0
122.246 0
122.255 0
122.268 0
122.308 0
122.31 0
122.312 0
122.312 0
122.318 0
122.318 0
122.374 0
122.375 0
122.408 0
122.408 0
122.409 0
122.416 0
122.451 0
122.456 0
122.467 0
122.496 0
122.499 0
122.543 0
122.545 0
122.545 0
122.575 0
122.578 0
122.638 0
122.676 0
122.679 0
122.682 0
122.686 0
122.687 0
122.689 0
122.755 0
122.757 0
122.772 0
122.774 0
122.774 0
122.838 0
122.841 0
122.845 0
122.865 0
122.876 0
122.879 0
122.918 0
122.918 0
122.921 0
122.921 0
122.964 0
122.967 0
122.968 0
122.989 0
122.991 0
123.007 0
123.031 0
123.033 0
123.033 0
123.036 0
123.066 0
123.066 0
123.066 0
123.114 0
123.116 0
123.117 0
123.12 0
123.161 0
123.163 0
123.165 0
123.194 0
123.197 0
123.238 0
123.242 0
123.243 0
123.283 0
123.285 0
123.286 0
123.31 0
123.313 0
123.348 0
123.349 0
123.367 0
123.368 0
123.411 0
123.412 0
123.439 0
123.452 0
123.453 0
123.496 0
123.498 0
123.515 0
123.516 0
123.518 0
123.557 0
123.56 0
123.596 0
123.607 0
123.609 0
123.65 0
123.653 0
123.654 0
123.666 0
123.679 0
123.687 0
123.687 0
123.69 0
123.727 0
123.73 0
123.731 0
123.755 0
123.78 0
123.816 0
123.816 0
123.818 0
123.864 0
123.865 0
123.865 0
123.867 0
123.899 0
123.902 0
123.903 0
123.941 0
123.944 0
123.945 0
123.992 0
124.004 0
124.006 0
124.008 0
124.008 0
124.011 0
124.013 625
124.034 0
124.037 1177
124.04 0
124.04 0
124.04 0
124.059 0
124.06 0
124.135 0
124.138 0
124.138 0
124.191 0
124.205 0
124.205 0
124.219 0
124.221 0
124.231 1302
124.263 0
124.264 35
124.292 0
124.295 0
124.297 0
124.324 1244
124.324 625
124.329 0
124.329 0
124.331 0
124.362 0
124.381 0
124.383 0
124.435 0
124.439 0
124.441 0
124.478 0
124.478 0
124.479 0
124.479 0
124.514 0
124.521 0
124.521 41
124.523 0
124.526 0
124.527 0
124.561 0
124.564 0
124.565 0
124.603 0
124.605 0
124.611 0
124.625 0
124.645 0
124.647 0
124.65 0
124.678 0
124.68 0
124.68 0
124.697 0
124.7 0
124.76 0
124.762 0
124.764 0
124.794 0
124.797 0
124.799 0
124.801 0
124.834 0
124.838 0
124.839 0
124.841 0
124.843 0
124.878 0
124.904 0
124.907 0
124.909 0
124.909 0
124.911 0
124.934 0
124.935 0
124.95 0
124.953 0
124.955 0
124.98 0
124.982 0
124.986 0
124.986 0
124.987 0
124.991 0
124.992 0
125.015 0
125.017 0
125.053 0
125.055 0
125.06 0
125.06 0
125.066 0
125.081 0
125.083 0
125.084 0
125.093 0
125.095 0
125.102 0
125.123 0
125.145 0
125.148 0
125.15 0
125.179 0
125.18 0
125.182 0
125.205 0
125.205 0
125.206 0
125.207 0
125.249 0
125.253 0
125.255 0
125.272 0
125.275 0
125.289 0
125.29 0
125.292 0
125.293 0
125.309 0
125.309 0
125.311 0
125.327 0
125.327 0
125.329 0
125.357 0
125.361 0
125.372 0
125.374 117
125.374 0
125.389 35
125.438 0
125.441 0
125.442 0
125.447 0
125.464 0
125.467 0
125.499 0
125.501 0
125.503 0
125.504 0
125.551 0
125.552 0
125.552 0
125.555 0
125.572 0
125.595 0
125.595 0
125.597 0
125.599 0
125.6 0
125.628 0
125.628 0
125.631 0
125.633 0
125.649 0
125.653 0
125.69 0
125.692 0
125.694 0
125.731 0
125.737 0
125.749 0
125.75 0
125.781 0
125.785 0
125.818 0
125.82 0
125.82 0
125.822 0
125.824 0
125.847 0
125.848 0
125.849 0
125.884 0
125.885 0
125.888 0
125.89 0
125.927 0
125.93 0
125.932 0
126.011 0
126.011 0
126.012 0
126.016 0
126.017 0
126.022 0
126.023 625
126.044 0
126.047 1177
126.069 0
126.075 0
126.077 0
126.081 0
126.081 0
126.084 0
126.125 0
126.126 0
126.128 0
126.164 0
126.166 0
126.182 0
126.201 0
126.201 0
126.204 0
126.206 0
126.226 1302
126.244 0
126.246 0
126.258 0
126.262 0
126.275 0
126.277 0
126.295 0
126.295 0
126.298 0
126.33 0
126.332 0
126.336 0
126.355 0
126.357 0
126.395 0
126.398 0
126.432 0
126.441 0
126.444 0
126.487 0
126.49 0
126.522 0
126.526 0
126.526 0
126.565 0
126.568 0
126.601 0
126.632 0
126.636 0
126.636 0
126.65 0
126.653 0
126.699 0
126.701 0
126.738 0
126.743 0
126.743 0
126.784 0
126.788 0
126.788 0
126.79 0
126.829 0
126.831 0
126.877 0
126.928 0
126.93 0
126.932 0
126.959 0
126.961 0
126.971 0
126.973 0
127.047 0
127.047 0
127.05 0
127.055 0
127.057 0
127.128 0
127.131 0
127.171 0
127.173 0
127.175 80
127.192 35
127.208 0
127.209 0
127.209 0
127.256 0
127.256 0
127.258 0
127.258 0
127.272 0
127.274 0
127.335 0
127.339 0
127.339 0
127.378 0
127.426 0
127.427 0
127.43 0
127.43 0
127.43 0
127.476 0
127.483 0
127.485 0
127.485 0
127.486 0
127.53 0
127.53 0
127.532 0
127.534 0
127.575 105
127.58 0
127.584 0
127.586 0
127.586 0
127.59 0
127.592 0
127.616 0
127.618 0
127.618 0
127.629 0
127.634 0
127.637 0
127.697 0
127.719 0
127.726 0
127.727 0
127.728 0
127.73 0
127.73 0
127.759 0
127.761 0
127.762 0
127.783 0
127.786 0
127.834 0
127.837 0
127.869 0
127.869 0
127.871 0
127.871 0
127.912 0
127.913 0
127.997 0
127.999 0
127.999 0
128.002 0
128.004 0
128.004 0
128.007 0
128.008 625
128.028 0
128.03 1177
128.042 0
128.052 0
128.055 0
128.063 0
128.065 0
128.067 0
128.067 0
128.073 0
128.101 0
128.104 0
128.136 0
128.136 0
128.136 0
128.136 0
128.146 0
128.146 0
128.147 0
128.166 0
128.168 0
128.189 0
128.222 1302
128.235 0
128.237 0
128.249 0
128.252 0
128.254 0
128.295 0
128.295 0
128.297 0
128.323 0
128.323 0
128.358 0
128.358 0
128.36 0
128.388 0
128.403 0
128.404 0
128.444 0
128.446 0
128.446 0
128.448 0
128.471 0
128.471 0
128.473 0
128.475 0
128.508 0
128.51 0
128.538 29
128.54 0
128.552 0
128.558 0
128.559 0
128.559 0
128.561 0
128.573 0
128.574 0
128.576 0
128.615 0
128.617 0
128.617 0
128.618 0
128.634 0
128.637 0
128.639 0
128.663 0
128.665 0
128.706 0
128.709 0
128.718 0
128.721 0
128.722 0
128.766 0
128.769 0
128.771 0
128.787 0
128.788 0
128.813 0
128.814 0
128.85 0
128.852 0
128.852 0
128.854 0
128.855 0
128.899 0
128.901 0
128.943 0
128.944 0
128.949 0
128.978 0
128.98 0
129.021 0
129.023 0
129.023 0
129.025 0
129.05 0
129.055 0
129.063 0
129.091 0
129.092 0
129.125 0
129.132 0
129.135 0
129.173 0
129.175 0
129.192 0
129.235 0
129.238 0
129.254 0
129.256 0
129.256 0
129.258 0
129.299 0
129.302 0
129.302 0
129.323 0
129.323 0
129.363 0
129.382 0
129.384 0
129.387 0
129.387 0
129.409 0
129.422 0
129.424 0
129.427 0
129.429 0
129.466 0
129.469 0
129.47 0
129.472 0
129.49 0
129.491 0
129.541 0
129.544 0
129.544 0
129.553 0
129.555 0
129.595 0
129.599 0
129.623 0
129.626 0
129.627 0
129.66 0
129.663 0
129.665 0
129.686 0
129.708 0
129.71 0
129.712 0
129.712 0
129.732 0
129.733 0
129.733 0
129.769 0
129.77 0
129.772 0
129.789 0
129.791 0
129.793 0
129.841 0
129.843 0
129.845 0
129.863 0
129.867 0
129.87 0
129.873 0
129.876 0
129.876 0
129.879 0
129.916 0
129.916 0
129.918 0
129.921 0
129.981 0
130.009 0
130.012 0
130.014 625
130.035 0
130.038 1177
130.061 0
130.062 0
130.067 0
130.069 0
130.069 0
130.109 0
130.152 0
130.199 0
130.201 0
130.216 1302
130.237 0
130.239 0
130.24 0
130.246 0
130.246 0
130.248 35
130.28 0
130.282 0
130.282 0
130.309 0
130.31 0
130.322 0
130.322 0
130.367 0
130.37 0
130.409 0
130.409 0
130.457 0
130.46 0
130.461 0
130.463 0
130.49 0
130.493 0
130.538 0
130.54 0
130.543 0
130.543 0
130.579 0
130.579 0
130.581 0
130.622 0
130.629 0
130.631 0
130.634 0
130.637 0
130.637 0
130.665 0
130.666 0
130.683 0
130.686 0
130.728 0
130.73 0
130.731 0
130.779 0
130.782 0
130.783 0
130.813 0
130.834 0
130.835 0
130.835 0
130.856 0
130.906 0
130.908 0
130.908 0
130.939 0
130.942 0
130.944 0
130.945 0
130.982 0
130.987 0
130.987 0
131.045 0
131.049 0
131.049 0
131.049 0
131.049 0
131.091 0
131.095 0
131.163 0
131.166 0
131.181 0
131.182 0
131.226 0
131.23 0
131.231 0
131.247 0
131.291 0
131.295 0
131.295 0
131.332 0
131.335 0
131.336 0
131.375 0
131.377 0
131.379 0
131.415 0
131.418 0
131.44 0
131.443 0
131.444 0
131.481 0
131.484 0
131.484 0
131.486 0
131.487 0
131.523 0
131.527 0
131.527 0
131.537 0
131.566 0
131.568 0
131.57 0
131.57 0
131.572 0
131.609 0
131.613 0
131.614 0
131.645 0
131.646 0
131.666 0
131.669 0
131.671 0
131.672 0
131.734 0
131.737 0
131.739 0
131.776 0
131.779 0
131.779 0
131.837 0
131.839 0
131.841 0
131.843 0
131.882 0
131.884 0
131.912 0
131.913 0
131.958 0
131.985 0
131.986 0
131.988 0
131.988 0
132.006 0
132.01 0
132.012 625
132.054 0
132.057 1177
132.088 0
132.089 0
132.089 0
132.089 0
132.089 0
132.089 0
132.091 0
132.113 0
132.116 0
132.156 0
132.158 0
132.201 0
132.211 1302
132.214 1244
132.214 710
132.215 0
132.221 0
132.224 0
132.226 0
132.228 0
132.233 0
132.233 0
132.233 0
132.277 0
132.278 0
132.305 0
132.305 0
132.305 0
132.31 0
132.31 0
132.382 0
132.383 0
132.386 0
132.412 41
132.414 0
132.417 0
132.418 0
132.419 0
132.456 0
132.458 0
132.496 0
132.518 0
132.52 0
132.522 0
132.56 0
132.561 0
132.563 0
132.601 0
132.605 0
132.608 0
132.668 0
132.671 0
132.672 0
132.672 0
132.717 0
132.717 0
132.751 0
132.751 0
132.752 0
132.752 0
132.754 0
132.794 0
132.796 0
132.819 0
132.821 0
132.862 0
132.865 0
132.866 0
132.887 0
132.913 0
132.916 0
132.946 0
132.948 0
132.964 0
132.965 0
132.971 0
133.008 0
133.011 0
133.012 0
133.013 0
133.053 0
133.054 0
133.056 0
133.116 0
133.118 0
133.12 0
133.12 0
133.167 0
133.167 0
133.17 0
133.202 0
133.205 0
133.206 0
133.276 0
133.278 0
133.28 0
133.28 0
133.28 0
133.314 0
133.316 0
133.318 0
133.334 0
133.358 0
133.36 0
133.419 0
133.422 0
133.425 0
133.468 0
133.471 0
133.471 0
133.472 0
133.508 0
133.51 0
133.512 0
133.569 0
133.571 0
133.573 0
133.573 0
133.574 0
133.612 0
133.615 0
133.618 0
133.618 0
133.646 0
133.647 0
133.649 0
133.651 0
133.695 0
133.695 0
133.697 0
133.711 0
133.713 0
133.754 0
133.757 0
133.827 0
133.829 0
133.831 0
133.832 0
133.862 0
133.864 0
133.903 0
133.905 0
133.908 0
134.003 0
134.005 0
134.01 0
134.013 0
134.014 0
134.014 0
134.016 625
134.036 0
134.039 1177
134.074 0
134.086 0
134.086 0
134.088 0
134.088 0
134.095 0
134.118 0
134.119 0
134.121 0
134.155 0
134.165 0
134.166 0
134.167 0
134.167 0
134.206 0
134.207 1302
134.208 0
134.239 0
134.274 0
134.276 0
134.278 0
134.313 0
134.315 0
134.315 0
134.353 0
134.356 0
134.356 0
134.401 0
134.402 0
134.42 0
134.467 0
134.467 0
134.468 0
134.505 0
134.507 0
134.547 0
134.548 0
134.577 0
134.613 0
134.616 0
134.616 0
134.617 0
134.658 0
134.662 0
134.695 0
134.696 0
134.724 0
134.725 0
134.757 0
134.76 0
134.762 0
134.762 0
134.799 0
134.805 0
134.842 0
134.844 0
134.86 0
134.865 0
134.868 0
134.907 0
134.909 0
134.912 0
134.912 0
134.957 0
134.961 0
134.964 0
134.992 0
134.994 0
135.022 0
135.024 0
135.035 0
135.057 0
135.059 0
135.083 0
135.083 0
135.108 0
135.11 0
135.112 0
135.128 0
135.13 0
135.165 0
135.168 0
135.185 0
135.185 0
135.213 0
135.216 0
135.248 0
135.251 0
135.253 0
135.27 0
135.272 0
135.318 0
135.321 0
135.352 0
135.357 0
135.359 0
135.427 0
135.429 0
135.429 0
135.431 0
135.433 0
135.463 0
135.465 0
135.467 0
135.467 0
135.484 0
135.485 0
135.533 0
135.536 0
135.536 0
135.569 0
135.57 0
135.572 0
135.617 0
135.621 0
135.621 0
135.644 0
135.646 0
135.647 0
135.653 0
135.657 0
135.661 0
135.677 0
135.699 0
135.701 0
135.719 0
135.721 0
135.721 0
135.733 1244
135.733 707
135.76 0
135.763 0
135.765 0
135.789 0
135.791 0
135.804 0
135.804 0
135.846 0
135.85 0
135.868 0
135.87 0
135.872 0
135.887 0
135.89 0
135.917 0
135.917 0
135.932 0
135.934 0
136.007 0
136.007 0
136.01 0
136.012 0
136.014 625
136.034 0
136.051 0
136.057 0
136.06 1177
136.099 0
136.1 0
136.101 0
136.101 0
136.101 0
136.104 0
136.107 0
136.123 0
136.125 0
136.168 0
136.169 0
136.171 0
136.201 1302
136.208 0
136.21 0
136.21 0
136.232 0
136.234 35
136.263 0
136.266 0
136.267 0
136.267 0
136.279 0
136.281 0
136.317 0
136.318 0
136.32 0
136.335 0
136.338 0
136.359 40
136.381 0
136.399 0
136.403 0
136.437 0
136.444 0
136.448 0
136.45 0
136.451 0
136.475 0
136.477 0
136.514 0
136.517 0
136.518 0
136.549 0
136.558 0
136.56 0
136.602 0
136.603 0
136.643 0
136.644 0
136.646 0
136.679 0
136.68 0
136.68 0
136.682 0
136.707 0
136.709 0
136.711 0
136.725 0
136.749 0
136.752 0
136.786 0
136.786 0
136.788 0
136.789 0
136.852 0
136.852 0
136.852 0
136.852 0
136.853 0
136.853 0
136.854 0
136.893 0
136.895 0
136.926 0
136.933 0
136.937 0
136.939 0
136.94 0
136.941 0
136.975 0
136.975 0
136.978 0
136.979 0
136.981 0
137.021 0
137.022 0
137.073 0
137.084 0
137.084 0
137.086 0
137.086 0
137.088 0
137.103 0
137.105 0
137.106 0
137.15 0
137.152 0
137.164 0
137.177 0
137.178 0
137.211 0
137.214 0
137.215 0
137.248 0
137.25 0
137.294 0
137.328 0
137.328 0
137.331 0
137.333 0
137.361 0
137.363 0
137.363 0
137.365 0
137.382 0
137.384 0
137.384 0
137.427 0
137.477 0
137.477 0
137.516 0
137.519 0
137.519 0
137.534 0
137.534 28
137.556 0
137.556 0
137.557 0
137.557 0
137.558 0
137.598 0
137.598 0
137.6 0
137.6 0
137.602 0
137.626 0
137.628 0
137.64 0
137.642 0
137.685 0
137.686 0
137.737 0
137.737 0
137.771 0
137.771 0
137.807 0
137.811 0
137.862 0
137.862 0
137.865 0
137.897 0
137.897 0
137.898 0
137.925 0
137.927 0
137.979 0
137.981 0
137.983 0
137.999 0
138.002 0
138.004 625
138.026 0
138.029 1177
138.054 0
138.077 0
138.081 0
138.081 0
138.114 0
138.116 0
138.152 0
138.154 0
138.155 0
138.184 1244
138.184 595
138.196 1302
138.199 0
138.201 0
138.228 0
138.239 0
138.241 0
138.244 0
138.279 0
138.28 0
138.281 0
138.283 0
138.327 0
138.329 0
138.382 41
138.393 0
138.395 0
138.423 0
138.428 0
138.429 0
138.479 0
138.481 0
138.483 0
138.532 0
138.534 0
138.555 0
138.557 0
138.579 0
138.614 0
138.62 0
138.622 0
138.664 0
138.666 0
138.667 0
138.705 0
138.708 0
138.755 0
138.756 0
138.759 0
138.771 0
138.773 0
138.842 0
138.843 0
138.843 0
138.879 0
138.881 0
138.896 43
138.904 0
138.921 0
138.922 0
138.989 0
138.992 0
138.994 0
138.994 0
139.023 0
139.031 0
139.033 0
139.033 0
139.068 0
139.07 0
139.072 0
139.14 0
139.142 0
139.145 0
139.175 0
139.177 0
139.217 0
139.219 0
139.221 0
139.289 0
139.291 0
139.292 0
139.294 0
139.323 0
139.325 0
139.328 0
139.329 0
139.367 0
139.37 0
139.372 0
139.445 0
139.448 0
139.472 0
139.474 0
139.477 0
139.501 0
139.515 0
139.518 0
139.518 0
139.562 0
139.582 0
139.585 0
139.587 0
139.588 0
139.623 0
139.626 0
139.665 0
139.667 0
139.668 0
139.702 0
139.702 28
139.715 0
139.717 0
139.72 0
139.728 0
139.73 0
139.732 0
139.757 0
139.759 0
139.77 0
139.772 0
139.779 0
139.813 0
139.815 0
139.845 0
139.845 0
139.848 0
139.877 0
139.879 0
139.88 0
139.9 0
139.9 0
139.904 0
139.905 0
139.92 0
139.943 0
139.946 0
139.946 0
139.946 0
139.948 0
139.949 0
139.969 0
140.007 0
140.013 625
140.033 0
140.036 1177
140.067 0
140.07 0
140.07 0
140.072 0
140.072 0
140.073 0
140.075 0
140.079 0
140.079 0
140.103 0
140.135 0
140.137 0
140.14 0
140.179 0
140.181 0
140.191 1302
140.223 0
140.239 0
140.239 0
140.242 0
140.284 0
140.285 0
140.287 0
140.325 0
140.329 0
140.37 0
140.373 0
140.433 0
140.436 0
140.476 0
140.479 0
140.479 0
140.516 0
140.518 0
140.592 0
140.592 0
140.592 0
140.625 0
140.625 0
140.629 0
140.665 0
140.668 0
140.714 0
140.716 0
140.733 0
140.736 0
140.774 0
140.776 0
140.778 0
140.818 0
140.865 0
140.865 0
140.868 0
140.883 0
140.883 0
140.924 0
140.931 0
140.934 0
140.935 0
140.949 0
140.967 0
140.993 0
140.998 0
141.014 0
141.015 0
141.065 0
141.065 0
141.065 0
141.074 0
141.075 0
141.076 0
141.092 0
141.095 0
141.114 0
141.117 0
141.146 0
141.148 0
141.199 0
141.201 0
141.203 0
141.205 0
141.205 0
141.23 0
141.23 0
141.249 0
141.252 0
141.286 0
141.288 0
141.33 0
141.334 0
141.371 0
141.375 0
141.375 0
141.376 0
141.388 0
141.436 0
141.438 0
141.448 0
141.45 0
141.454 0
141.456 0
141.497 0
141.507 0
141.507 0
141.51 0
141.511 0
141.539 0
141.542 0
141.543 0
141.587 0
141.589 0
141.591 0
141.591 0
141.593 0
141.593 0
141.6 0
141.615 0
141.622 0
141.656 0
141.66 0
141.68 0
141.68 0
141.683 0
141.708 0
141.746 0
141.749 0
141.75 0
141.756 0
141.758 0
141.779 0
141.801 0
141.803 0
141.82 0
141.823 0
141.873 0
141.873 0
141.896 0
141.896 0
141.897 0
141.902 0
141.927 0
141.927 0
141.97 0
142.019 0
142.023 0
142.026 0
142.026 0
142.029 625
142.05 0
142.053 1177
142.093 0
142.094 0
142.123 0
142.124 0
142.127 0
142.158 0
142.161 0
142.162 0
142.186 1302
142.189 0
142.191 0
142.205 0
142.207 0
142.217 0
142.219 35
142.244 0
142.252 0
142.252 0
142.254 0
142.268 0
142.269 0
142.314 0
142.332 0
142.336 0
142.337 0
142.383 0
142.384 0
142.437 0
142.439 0
142.453 0
142.465 0
142.467 0
142.474 247
142.475 39
142.492 0
142.492 0
142.493 35
142.496 1250
142.496 1250
142.496 80
142.496 668
142.535 0
142.538 78
142.538 31
142.538 35
142.538 31
142.538 31
142.538 31
142.538 31
142.538 31
142.54 31
142.54 31
142.54 31
142.54 31
142.54 31
142.54 31
142.54 31
142.542 31
142.542 31
142.542 31
142.542 31
142.542 31
142.556 31
142.556 31
142.559 36
142.568 0
142.568 0
142.57 0
142.584 32
142.616 0
142.619 0
142.622 0
142.654 0
142.656 0
142.656 0
142.717 0
142.719 0
142.756 0
142.76 0
142.761 0
142.799 0
142.8 0
142.803 0
142.828 0
142.831 0
142.87 0
142.874 0
142.876 0
142.93 0
142.933 0
142.936 0
142.959 0
142.962 0
142.97 0
142.972 0
142.974 0
143.039 0
143.041 0
143.044 0
143.044 0
143.055 0
143.056 0
143.059 0
143.062 0
143.108 0
143.11 0
143.111 0
143.125 0
143.129 0
143.131 0
143.167 0
143.17 0
143.211 0
143.213 0
143.213 0
143.214 0
143.226 0
143.226 0
143.228 0
143.251 0
143.253 0
143.291 0
143.292 0
143.311 0
143.313 0
143.343 0
143.345 0
143.346 0
143.346 0
143.364 0
143.367 0
143.405 0
143.406 0
143.409 0
143.426 0
143.429 0
143.432 1244
143.432 843
143.44 0
143.443 0
143.445 0
143.473 0
143.505 0
143.509 0
143.509 0
143.51 0
143.554 0
143.554 0
143.556 0
143.559 0
143.563 0
143.576 0
143.579 0
143.592 0
143.594 0
143.594 0
143.609 0
143.612 0
143.614 0
143.629 41
143.64 0
143.643 0
143.666 0
143.668 0
143.698 0
143.701 0
143.702 0
143.721 0
143.723 0
143.725 0
143.752 0
143.758 0
143.764 0
143.784 0
143.787 0
143.818 0
143.831 0
143.833 0
143.875 0
143.879 0
143.879 0
143.913 0
143.917 0
143.917 0
143.999 0
144.001 0
144.003 0
144.007 0
144.009 625
144.028 0
144.031 1177
144.058 0
144.062 0
144.062 0
144.065 0
144.065 0
144.112 0
144.117 0
144.12 0
144.12 0
144.124 0
144.166 0
144.168 0
144.17 0
144.17 0
144.181 1302
144.195 0
144.213 0
144.216 0
144.232 0
144.232 0
144.244 0
144.259 0
144.262 0
144.264 0
144.317 0
144.317 0
144.319 0
144.321 0
144.322 0
144.335 0
144.337 0
144.377 0
144.379 0
144.382 0
144.385 0
144.402 0
144.402 0
144.405 0
144.424 0
144.464 0
144.466 0
144.469 0
144.481 0
144.507 0
144.509 0
144.511 0
144.511 0
144.521 0
144.549 0
144.551 0
144.554 0
144.573 89
144.574 39
144.589 0
144.59 35
144.599 0
144.644 0
144.644 0
144.646 0
144.646 0
144.648 0
144.656 0
144.658 0
144.708 0
144.71 0
144.712 0
144.748 0
144.75 0
144.751 0
144.793 0
144.795 0
144.796 0
144.796 0
144.796 0
144.823 0
144.831 0
144.833 0
144.835 0
144.849 0
144.852 0
144.892 0
144.892 0
144.91 0
144.933 0
144.936 0
144.937 0
144.956 0
144.958 0
144.998 0
145.001 0
145.002 0
145.005 0
145.007 0
145.023 0
145.024 0
145.049 0
145.049 0
145.052 0
145.063 0
145.065 0
145.091 0
145.094 0
145.095 0
145.116 0
145.116 0
145.129 0
145.156 0
145.158 0
145.159 0
145.178 0
145.18 0
145.196 0
145.198 0
145.237 0
145.24 0
145.24 0
145.255 0
145.256 0
145.259 0
145.325 0
145.325 0
145.328 0
145.359 0
145.359 0
145.361 0
145.362 0
145.382 0
145.384 0
145.431 0
145.435 0
145.435 0
145.473 0
145.478 0
145.478 0
145.48 0
145.507 0
145.509 0
145.512 0
145.513 0
145.532 0
145.564 0
145.564 0
145.592 0
145.598 0
145.602 0
145.618 0
145.619 0
145.619 0
145.661 0
145.662 0
145.665 0
145.665 0
145.725 0
145.727 0
145.729 0
145.729 0
145.746 0
145.768 0
145.768 0
145.838 0
145.84 0
145.842 0
145.85 0
145.853 0
145.895 0
145.898 0
145.924 0
145.924 0
145.927 0
145.979 0
145.979 0
145.981 0
146.002 0
146.002 39
146.004 0
146.006 0
146.008 625
146.027 0
146.03 1177
146.056 0
146.06 0
146.06 0
146.073 0
146.076 0
146.076 0
146.077 0
146.077 0
146.087 0
146.114 0
146.117 0
146.117 0
146.142 0
146.158 0
146.16 0
146.162 0
146.176 1302
146.178 0
146.178 0
146.207 0
146.235 0
146.237 0
146.237 0
146.239 0
146.276 0
146.279 0
146.286 0
146.322 0
146.326 0
146.36 0
146.366 0
146.369 0
146.369 0
146.412 0
146.416 0
146.42 0
146.45 0
146.452 0
146.452 0
146.454 0
146.499 0
146.501 0
146.536 0
146.536 0
146.536 0
146.549 0
146.575 0
146.578 0
146.58 0
146.594 0
146.62 0
146.622 0
146.643 0
146.685 0
146.685 0
146.732 0
146.735 0
146.768 0
146.772 0
146.775 0
146.816 0
146.842 0
146.845 0
146.892 0
146.892 0
146.926 0
146.928 0
146.931 0
146.964 0
146.967 0
146.97 0
146.986 0
147.004 0
147.006 0
147.046 0
147.049 0
147.069 0
147.071 0
147.113 0
147.119 0
147.161 0
147.162 0
147.164 0
147.195 0
147.196 0
147.198 0
147.217 0
147.218 0
147.218 0
147.236 0
147.239 0
147.282 0
147.335 0
147.373 0
147.375 0
147.375 0
147.39 0
147.419 0
147.419 0
147.421 0
147.462 0
147.466 0
147.469 0
147.491 0
147.494 0
147.497 0
147.519 0
147.554 0
147.564 0
147.564 0
147.568 0
147.589 0
147.608 0
147.611 0
147.64 0
147.649 0
147.652 0
147.654 0
147.664 0
147.667 0
147.709 0
147.781 0
147.784 0
147.785 0
147.819 0
147.838 0
147.841 0
147.841 0
147.841 0
147.86 0
147.86 0
147.86 0
147.902 0
147.903 0
147.921 0
147.923 0
147.959 0
148.005 0
148.009 0
148.011 0
148.013 0
148.015 625
148.035 0
148.038 1177
148.06 0
148.062 0
148.064 0
148.067 0
148.071 0
148.071 0
148.071 0
148.076 0
148.076 0
148.146 0
148.171 1302
148.187 0
148.191 0
148.203 0
148.204 35
148.237 0
148.26 0
148.307 0
148.31 0
148.31 0
148.314 0
148.314 0
148.314 0
148.314 0
148.314 0
148.332 0
148.334 0
148.366 0
148.37 0
148.37 0
148.413 0
148.415 0
148.441 0
148.442 0
148.442 0
148.467 0
148.469 0
148.504 0
148.515 0
148.517 0
148.519 0
148.563 0
148.564 0
148.567 0
148.604 0
148.605 0
148.605 0
148.647 0
148.649 0
148.696 0
148.698 0
148.698 0
148.733 0
148.736 0
148.752 0
148.755 0
148.759 0
148.794 0
148.798 0
148.817 0
148.819 0
148.821 0
148.836 0
148.838 0
148.88 0
148.883 0
148.884 0
148.904 0
148.922 0
148.923 0
148.965 0
148.968 0
149.007 0
149.01 0
149.01 0
149.048 0
149.059 0
149.062 0
149.063 0
149.114 0
149.118 0
149.12 0
149.134 0
149.136 0
149.139 0
149.173 0
149.178 0
149.179 0
149.182 0
149.201 0
149.203 0
149.242 0
149.243 0
149.245 0
149.27 0
149.288 0
149.289 0
149.328 0
149.331 0
149.353 0
149.356 0
149.397 0
149.422 0
149.424 0
149.433 0
149.434 0
149.434 0
149.463 0
149.464 0
149.499 0
149.502 0
149.502 0
149.54 0
149.543 0
149.544 0
149.592 0
149.594 0
149.597 0
149.597 0
149.616 0
149.627 0
149.63 0
149.63 0
149.648 0
149.65 0
149.678 0
149.68 0
149.711 0
149.713 0
149.713 0
149.721 0
149.741 0
149.743 0
149.774 0
149.777 0
149.777 0
149.807 0
149.818 0
149.818 0
149.821 0
149.879 0
149.889 0
149.893 0
149.924 0
149.93 0
149.933 0
150.011 0
150.015 0
150.017 625
150.036 0
150.039 1177
150.062 0
150.064 0
150.064 0
150.065 0
150.067 0
150.128 0
150.13 0
150.13 0
150.163 0
150.165 0
150.166 1302
150.166 0
150.187 0
150.197 0
150.224 0
150.226 0
150.227 0
150.256 0
150.275 0
150.278 0
150.279 0
150.316 0
150.319 0
150.337 0
150.362 0
150.362 0
150.365 0
150.365 0
150.372 0
150.375 0
150.382 0
150.415 0
150.418 0
150.421 0
150.437 0
150.457 0
150.486 0
150.486 0
150.489 0
150.502 0
150.502 0
150.503 0
150.524 0
150.524 0
150.566 0
150.57 0
150.57 0
150.571 0
150.571 0
150.576 89
150.591 0
150.592 35
150.613 0
150.615 0
150.661 0
150.663 0
150.665 0
150.725 0
150.728 0
150.73 0
150.73 0
150.766 0
150.767 0
150.808 0
150.811 0
150.813 0
150.85 0
150.85 0
150.851 0
150.887 0
150.889 0
150.891 0
150.961 0
150.965 0
150.966 0
150.966 0
150.97 0
151.035 0
151.04 0
151.041 0
151.056 0
151.057 0
151.099 0
151.102 0
151.13 0
151.144 0
151.146 0
151.149 0
151.194 0
151.194 0
151.195 0
151.23 0
151.232 0
151.251 0
151.255 0
151.291 0
151.293 0
151.334 0
151.336 0
151.376 0
151.378 0
151.38 0
151.399 0
151.421 0
151.439 0
151.449 0
151.449 0
151.464 0
151.466 0
151.496 0
151.498 0
151.56 0
151.562 0
151.573 0
151.612 0
151.615 0
151.626 0
151.646 0
151.646 0
151.648 0
151.684 0
151.727 0
151.73 0
151.762 0
151.766 0
151.79 0
151.793 0
151.796 0
151.822 0
151.824 0
151.849 0
151.849 0
151.849 0
151.912 0
151.973 89
151.973 89
151.989 0
151.99 0
151.99 0
152.001 0
152.004 0
152.004 0
152.004 0
152.007 0
152.008 625
152.038 0
152.041 1177
152.041 0
152.08 0
152.081 0
152.081 0
152.135 0
152.135 0
152.144 0
152.144 0
152.161 1302
152.187 0
152.187 0
152.189 0
152.189 0
152.193 0
152.232 0
152.234 0
152.252 0
152.254 0
152.316 0
152.318 0
152.353 0
152.365 0
152.367 0
152.368 0
152.368 0
152.407 0
152.407 0
152.409 0
152.444 0
152.447 0
152.448 0
152.472 0
152.475 0
152.516 0
152.527 0
152.529 0
152.576 0
152.576 0
152.622 0
152.622 0
152.636 0
152.661 0
152.661 0
152.711 0
152.711 0
152.712 0
152.713 0
152.723 0
152.74 0
152.741 0
152.792 0
152.794 0
152.796 0
152.796 0
152.798 0
152.827 0
152.878 0
152.88 0
152.881 0
152.896 0
152.898 0
152.931 0
152.934 0
152.962 0
152.965 0
152.981 0
152.983 0
152.985 0
153.009 0
153.018 0
153.02 0
153.063 0
153.066 0
153.068 0
153.083 0
153.087 0
153.109 0
153.109 0
153.109 0
153.132 0
153.134 0
153.153 0
153.154 0
153.177 0
153.18 0
153.183 0
153.22 0
153.238 0
153.24 0
153.241 0
153.264 0
153.266 0
153.317 0
153.319 0
153.32 0
153.343 0
153.346 0
153.346 0
153.39 0
153.392 0
153.392 0
153.405 0
153.405 0
153.446 0
153.476 0
153.476 0
153.508 0
153.532 0
153.552 0
153.553 0
153.571 0
153.573 0
153.573 0
153.616 0
153.617 0
153.637 0
153.637 0
153.639 0
153.645 0
153.66 0
153.703 0
153.704 0
153.736 0
153.745 0
153.747 0
153.766 0
153.769 0
153.797 0
153.809 0
153.812 0
153.813 0
153.831 0
153.834 0
153.851 0
153.852 0
153.871 0
153.873 0
153.874 0
153.915 0
153.917 0
153.974 0
153.976 0
153.977 0
153.989 0
153.998 0
154.002 625
154.022 0
154.025 1177
154.051 0
154.057 0
154.065 0
154.068 0
154.068 0
154.076 0
154.083 0
154.086 0
154.093 0
154.139 0
154.149 0
154.151 0
154.153 0
154.153 0
154.156 1302
154.188 0
154.189 35
154.191 0
154.194 0
154.237 0
154.239 0
154.3 0
154.302 0
154.302 0
154.304 0
154.342 0
154.343 0
154.385 0
154.385 0
154.427 0
154.43 0
154.432 0
154.45 0
154.452 0
154.534 0
154.537 0
154.538 0
154.577 0
154.577 0
154.583 0
154.585 0
154.607 0
154.619 0
154.62 0
154.641 0
154.643 0
154.706 0
154.707 0
154.749 0
154.752 0
154.752 0
154.761 0
154.767 0
154.77 0
154.811 0
154.811 0
154.813 0
154.814 0
154.832 0
154.834 0
154.853 0
154.853 0
154.854 0
154.861 0
154.872 0
154.918 0
154.919 0
154.921 0
154.939 0
154.985 0
154.987 0
155.024 0
155.027 0
155.068 0
155.072 0
155.132 0
155.135 0
155.137 0
155.157 0
155.159 0
155.162 0
155.175 0
155.177 0
155.218 0
155.22 0
155.26 0
155.261 0
155.261 0
155.263 0
155.265 0
155.321 0
155.323 0
155.325 0
155.366 0
155.368 0
155.368 0
155.369 0
155.393 0
155.452 0
155.454 0
155.454 0
155.456 0
155.478 0
155.516 0
155.52 0
155.521 0
155.521 0
155.522 0
155.536 0
155.539 29
155.567 0
155.57 0
155.57 0
155.573 0
155.606 0
155.622 0
155.623 0
155.625 0
155.67 0
155.672 0
155.673 0
155.685 0
155.687 0
155.749 0
155.752 0
155.753 0
155.753 0
155.769 0
155.772 0
155.774 0
155.835 0
155.838 0
155.878 0
155.878 0
155.88 0
155.898 0
155.901 0
155.912 0
155.942 0
155.944 0
155.946 0
155.946 0
155.948 0
156.005 0
156.007 0
156.009 0
156.009 0
156.013 0
156.015 625
156.036 0
156.038 1177
156.065 0
156.067 0
156.067 0
156.068 0
156.089 0
156.091 0
156.11 0
156.112 0
156.134 0
156.135 0
156.151 1302
156.156 0
156.157 0
156.182 0
156.198 0
156.198 0
156.201 0
156.202 0
156.217 0
156.219 0
156.22 0
156.26 0
156.263 0
156.279 0
156.283 0
156.286 0
156.3 0
156.324 0
156.326 0
156.328 0
156.366 0
156.369 0
156.37 0
156.37 0
156.41 0
156.43 0
156.432 0
156.451 0
156.454 0
156.469 0
156.498 0
156.498 0
156.5 0
156.517 0
156.519 0
156.562 0
156.564 0
156.566 0
156.586 0
156.586 0
156.631 0
156.632 0
156.664 0
156.667 0
156.669 0
156.669 0
156.708 0
156.708 0
156.71 0
156.71 0
156.755 0
156.757 0
156.759 0
156.759 0
156.785 0
156.808 0
156.82 0
156.822 0
156.859 0
156.861 0
156.862 0
156.933 0
156.966 0
156.966 0
156.968 0
157.007 0
157.049 0
157.049 0
157.05 0
157.051 0
157.063 0
157.076 0
157.112 0
157.115 0
157.153 0
157.153 0
157.164 0
157.166 0
157.168 0
157.175 90
157.175 105
157.185 0
157.19 0
157.192 35
157.2 0
157.201 0
157.202 0
157.221 0
157.223 0
157.266 0
157.267 0
157.27 0
157.311 0
157.311 0
157.313 0
157.315 0
157.377 0
157.377 0
157.399 0
157.415 0
157.415 0
157.416 0
157.419 0
157.432 0
157.434 0
157.437 0
157.437 0
157.438 0
157.475 0
157.478 0
157.48 0
157.497 0
157.497 0
157.5 0
157.545 0
157.548 0
157.595 0
157.596 0
157.625 0
157.628 0
157.631 0
157.652 0
157.654 0
157.691 0
157.693 0
157.732 0
157.732 0
157.733 0
157.735 0
157.752 0
157.753 0
157.798 0
157.8 0
157.801 0
157.82 0
157.849 0
157.849 0
157.849 0
157.85 0
157.881 0
157.881 0
157.884 0
157.927 0
157.929 0
158.014 0
158.016 0
158.02 0
158.02 0
158.021 625
158.041 0
158.044 1177
158.067 0
158.073 0
158.073 0
158.076 0
158.084 0
158.084 0
158.095 0
158.097 0
158.098 0
158.116 0
158.14 0
158.142 0
158.146 1302
158.178 0
158.184 0
158.185 0
158.189 0
158.201 0
158.23 0
158.231 0
158.265 0
158.267 0
158.267 0
158.307 0
158.309 0
158.355 0
158.357 0
158.359 0
158.38 0
158.381 0
158.413 0
158.416 0
158.436 0
158.438 0
158.481 0
158.485 0
158.5 0
158.503 0
158.519 0
158.522 0
158.564 0
158.564 0
158.567 0
158.568 0
158.604 0
158.606 0
158.646 0
158.646 28
158.65 0
158.653 0
158.655 0
158.693 0
158.695 0
158.714 0
158.714 0
158.716 0
158.738 0
158.739 0
158.766 0
158.768 0
158.768 0
158.798 0
158.8 0
158.802 0
158.819 0
158.821 0
158.863 0
158.868 0
158.869 0
158.908 0
158.911 0
158.949 0
158.949 0
158.951 0
158.953 0
158.953 0
158.995 0
158.998 0
158.998 0
158.998 0
159.035 0
159.037 0
159.039 0
159.051 0
159.055 0
159.1 0
159.103 0
159.105 0
159.14 0
159.143 0
159.144 0
159.146 0
159.183 0
159.185 0
159.186 0
159.22 0
159.222 0
159.224 0
159.248 0
159.25 0
159.289 0
159.291 0
159.292 0
159.332 1244
159.332 707
159.334 0
159.336 0
159.336 0
159.337 0
159.352 0
159.353 0
159.353 0
159.357 0
159.367 0
159.397 0
159.399 0
159.404 0
159.418 0
159.418 0
159.42 0
159.427 0
159.432 0
159.434 0
159.481 0
159.483 0
159.485 0
159.485 0
159.486 0
159.501 0
159.527 0
159.53 0
159.531 0
159.531 41
159.567 0
159.569 0
159.57 0
159.614 0
159.615 0
159.63 0
159.632 0
159.632 0
159.675 0
159.677 0
159.717 0
159.717 0
159.718 0
159.719 0
159.72 0
159.761 0
159.763 0
159.782 0
159.783 0
159.814 0
159.816 0
159.819 0
159.864 0
159.868 0
159.869 0
159.872 0
159.878 0
159.908 0
159.91 0
159.911 0
159.966 0
159.993 0
159.994 0
159.996 0
159.999 0
160.001 0
160.003 625
160.023 0
160.026 1177
160.053 0
160.053 0
160.059 0
160.059 0
160.099 0
160.101 0
160.141 1302
160.145 0
160.146 0
160.173 0
160.174 35
160.189 0
160.189 0
160.231 0
160.231 0
160.249 0
160.251 0
160.315 0
160.318 0
160.32 0
160.363 0
160.401 0
160.403 0
160.403 0
160.419 0
160.419 0
160.421 0
160.464 0
160.466 0
160.513 0
160.516 0
160.548 0
160.55 0
160.55 0
160.591 0
160.591 0
160.593 0
160.64 0
160.645 0
160.662 0
160.678 0
160.681 0
160.681 0
160.684 0
160.719 0
160.721 0
160.723 0
160.723 0
160.744 0
160.784 0
160.786 0
160.789 0
160.789 0
160.827 0
160.828 0
160.868 0
160.872 0
160.873 0
160.933 0
160.934 0
160.936 0
160.954 0
160.977 0
160.979 0
160.996 0
161.019 0
161.021 0
161.022 0
161.04 0
161.082 0
161.085 0
161.123 0
161.126 0
161.148 0
161.152 0
161.188 0
161.191 0
161.194 0
161.236 0
161.238 0
161.296 0
161.3 0
161.338 0
161.341 0
161.343 0
161.381 0
161.383 0
161.384 0
161.435 0
161.436 0
161.436 0
161.481 0
161.484 0
161.553 0
161.555 0
161.555 0
161.556 0
161.572 0
161.574 0
161.595 0
161.597 0
161.598 0
161.636 0
161.639 0
161.67 0
161.702 0
161.702 0
161.705 0
161.705 0
161.744 0
161.746 0
161.748 0
161.785 0
161.788 0
161.788 0
161.8 0
161.849 0
161.852 0
161.852 0
161.895 0
161.896 0
161.898 0
161.954 0
162 0
162.005 625
162.027 0
162.03 1177
162.038 0
162.053 0
162.056 0
162.057 0
162.06 0
162.063 0
162.065 0
162.07 0
162.072 0
162.074 0
162.074 0
162.076 0
162.078 0
162.103 0
162.108 0
162.11 0
162.111 0
162.135 1302
162.174 0
162.174 0
162.193 0
162.194 0
162.217 0
162.218 0
162.218 0
162.237 0
162.257 0
162.26 0
162.299 0
162.302 0
162.303 0
162.332 0
162.375 0
162.394 0
162.404 0
162.407 0
162.411 0
162.448 0
162.451 0
162.451 0
162.517 0
162.554 0
162.555 0
162.557 0
162.559 0
162.559 0
162.573 0
162.614 0
162.614 0
162.621 0
162.623 0
162.626 0
162.664 0
162.667 0
162.671 0
162.676 0
162.706 0
162.709 0
162.709 0
162.709 0
162.765 0
162.77 0
162.772 0
162.774 0
162.776 0
162.814 0
162.816 0
162.818 0
162.818 0
162.857 0
162.86 0
162.91 0
162.918 0
162.92 0
162.923 0
162.958 0
162.961 0
162.962 0
162.962 0
162.983 0
163.003 0
163.006 0
163.007 0
163.008 0
163.01 0
163.066 0
163.066 0
163.069 0
163.071 0
163.072 0
163.108 0
163.111 0
163.113 0
163.153 0
163.155 0
163.156 0
163.179 0
163.216 0
163.218 0
163.219 0
163.221 0
163.236 0
163.237 0
163.251 0
163.257 0
163.259 0
163.301 0
163.305 0
163.305 0
163.307 0
163.341 0
163.368 0
163.369 0
163.372 0
163.373 0
163.41 0
163.413 0
163.413 0
163.413 0
163.449 0
163.449 0
163.451 0
163.454 0
163.493 0
163.493 0
163.494 0
163.513 0
163.515 0
163.517 0
163.517 0
163.518 0
163.578 0
163.58 0
163.58 0
163.582 0
163.592 0
163.623 0
163.623 0
163.625 0
163.642 0
163.674 0
163.686 0
163.688 0
163.688 0
163.69 0
163.705 0
163.706 0
163.714 0
163.714 0
163.716 0
163.753 0
163.769 0
163.773 0
163.774 0
163.78 0
163.792 0
163.804 0
163.835 0
163.835 0
163.838 0
163.838 0
163.877 0
163.879 0
163.879 0
163.899 0
163.9 0
163.942 0
163.943 0
163.945 0
163.985 0
164.012 0
164.016 0
164.016 0
164.018 625
164.039 0
164.042 1177
164.065 0
164.067 0
164.067 0
164.07 0
164.071 0
164.073 0
164.077 0
164.078 0
164.078 0
164.08 0
164.088 0
164.09 0
164.131 1302
164.132 0
164.134 0
164.136 0
164.136 0
164.154 0
164.154 0
164.154 0
164.162 0
164.177 0
164.219 0
164.221 0
164.222 0
164.222 0
164.24 0
164.241 0
164.241 0
164.26 0
164.262 0
164.281 0
164.283 0
164.306 0
164.308 0
164.308 0
164.31 0
164.345 0
164.348 0
164.35 0
164.369 0
164.369 0
164.372 0
164.389 0
164.39 0
164.436 0
164.436 0
164.452 0
164.455 0
164.455 0
164.497 0
164.498 0
164.517 0
164.519 0
164.537 0
164.54 0
164.54 0
164.581 0
164.583 0
164.602 0
164.602 0
164.647 0
164.65 0
164.665 0
164.665 0
164.667 0
164.689 0
164.691 0
164.729 0
164.732 0
164.733 0
164.751 0
164.752 0
164.752 0
164.755 0
164.77 0
164.772 0
164.775 0
164.818 0
164.82 0
164.82 0
164.837 0
164.839 0
164.88 0
164.882 0
164.884 0
164.9 0
164.902 0
164.904 0
164.947 0
164.947 0
164.965 0
164.967 0
164.986 0
164.988 0
165 0
165.03 0
165.032 0
165.032 0
165.052 0
165.07 0
165.072 0
165.074 0
165.116 0
165.118 0
165.12 0
165.156 0
165.156 0
165.199 0
165.202 0
165.203 0
165.219 0
165.219 0
165.222 0
165.262 0
165.265 0
165.301 0
165.306 0
165.309 0
165.309 0
165.35 0
165.352 0
165.353 0
165.355 0
165.378 89
165.393 0
165.394 0
165.394 35
165.395 0
165.439 0
165.439 0
165.442 0
165.442 0
165.456 0
165.457 0
165.498 0
165.5 0
165.5 0
165.502 0
165.539 0
165.542 0
165.585 0
165.587 0
165.587 0
165.589 0
165.589 0
165.626 0
165.628 0
165.63 0
165.631 0
165.649 0
165.651 0
165.689 0
165.732 0
165.732 0
165.732 0
165.734 0
165.734 0
165.735 0
165.752 0
165.803 0
165.806 0
165.816 0
165.819 0
165.83 0
165.862 0
165.862 0
165.883 0
165.886 0
165.923 0
165.926 0
165.926 0
166.01 0
166.013 0
166.015 0
166.017 0
166.019 625
166.039 0
166.042 1177
166.078 0
166.08 0
166.085 0
166.086 0
166.088 0
166.116 0
166.118 0
166.126 1302
166.158 0
166.158 0
166.159 35
166.161 0
166.162 0
166.168 0
166.183 0
166.226 0
166.228 0
166.23 0
166.267 0
166.269 0
166.27 0
166.313 0
166.313 0
166.313 0
166.35 0
166.353 0
166.393 0
166.396 0
166.415 0
166.417 0
166.457 0
166.459 0
166.506 0
166.544 0
166.547 0
166.547 0
166.565 0
166.568 0
166.609 0
166.612 0
166.649 0
166.652 0
166.653 0
166.695 0
166.695 0
166.696 0
166.722 0
166.733 0
166.733 0
166.78 0
166.799 0
166.801 0
166.82 0
166.822 0
166.865 0
166.868 0
166.87 0
166.905 0
166.91 0
166.973 0
166.973 0
166.973 0
166.99 0
166.992 0
166.992 0
167.034 0
167.036 0
167.076 0
167.078 0
167.104 0
167.104 0
167.143 0
167.143 0
167.145 0
167.194 0
167.194 0
167.227 0
167.228 0
167.248 0
167.252 0
167.292 0
167.292 0
167.336 0
167.347 0
167.347 0
167.376 0
167.413 0
167.419 0
167.422 0
167.423 0
167.425 0
167.45 0
167.472 0
167.482 0
167.485 0
167.523 0
167.525 0
167.567 0
167.57 0
167.636 0
167.636 0
167.636 0
167.636 0
167.638 0
167.651 0
167.654 0
167.658 0
167.681 0
167.699 0
167.699 0
167.717 0
167.717 0
167.758 0
167.76 0
167.761 0
167.783 0
167.827 0
167.827 0
167.828 0
167.868 0
167.872 0
167.873 0
167.911 0
167.983 0
167.983 0
167.986 0
167.986 0
167.988 0
167.99 0
167.992 0
167.994 625
168.013 0
168.016 1177
168.04 0
168.043 0
168.045 0
168.055 0
168.056 0
168.058 0
168.101 0
168.105 0
168.106 0
168.121 1302
168.142 0
168.146 0
168.146 0
168.153 0
168.172 0
168.185 0
168.186 0
168.23 0
168.232 674
168.232 3867
168.232 0
168.249 0
168.249 0
168.251 0
168.271 0
168.271 0
168.272 0
168.273 0
168.273 0
168.314 0
168.315 0
168.315 0
168.316 0
168.316 0
168.357 0
168.36 0
168.362 0
168.401 0
168.403 0
168.404 0
168.408 0
168.421 0
168.465 0
168.468 0
168.471 0
168.471 0
168.506 0
168.508 0
168.523 0
168.549 0
168.552 0
168.555 0
168.557 0
168.557 0
168.589 0
168.594 0
168.596 0
168.597 0
168.635 0
168.637 0
168.637 0
168.639 0
168.64 0
168.679 0
168.681 0
168.682 0
168.702 0
168.705 0
168.719 0
168.807 0
168.851 0
168.878 0
168.896 43
168.947 0
168.951 0
168.953 0
168.953 0
168.953 0
168.955 0
168.955 0
168.958 0
168.959 0
168.959 0
168.962 0
168.971 89
168.975 0
168.977 0
168.978 0
168.994 0
169.017 0
169.02 0
169.02 0
169.022 0
169.024 0
169.059 0
169.063 0
169.065 0
169.084 0
169.087 0
169.089 0
169.123 0
169.123 0
169.127 0
169.129 0
169.166 0
169.169 0
169.171 0
169.173 0
169.175 0
169.189 0
169.234 0
169.235 1244
169.235 1250
169.235 1250
169.235 1225
169.237 0
169.267 0
169.27 0
169.272 0
169.274 0
169.277 40
169.316 0
169.319 0
169.321 0
169.321 0
169.321 0
169.36 0
169.363 0
169.365 0
169.381 0
169.383 0
169.383 0
169.421 40
169.423 0
169.426 0
169.427 0
169.427 0
169.467 0
169.47 0
169.472 0
169.51 0
169.512 0
169.514 0
169.551 0
169.553 0
169.555 0
169.555 0
169.596 0
169.598 0
169.615 0
169.618 0
169.657 0
169.657 0
169.659 0
169.661 0
169.699 0
169.702 0
169.742 0
169.746 0
169.773 0
169.773 0
169.775 0
169.815 0
169.818 0
169.833 0
169.844 0
169.848 0
169.852 0
169.854 0
169.854 0
169.856 0
169.879 0
169.898 0
169.902 0
169.905 0
169.936 0
169.938 0
169.94 0
169.94 0
169.941 0
169.998 0
170 0
170.004 0
170.004 0
170.005 625
170.024 0
170.027 1177
170.041 0
170.052 0
170.057 0
170.067 0
170.069 0
170.071 0
170.077 0
170.078 0
170.079 0
170.079 0
170.08 0
170.106 0
170.109 0
170.116 1302
170.148 0
170.15 0
170.152 0
170.155 0
170.192 0
170.195 0
170.236 0
170.24 0
170.26 0
170.277 0
170.28 0
170.28 0
170.282 0
170.3 0
170.302 0
170.321 0
170.323 0
170.372 0
170.376 0
170.377 0
170.386 0
170.388 0
170.428 0
170.432 0
170.433 0
170.455 0
170.459 0
170.47 0
170.472 0
170.499 0
170.504 0
170.506 0
170.535 0
170.537 0
170.577 0
170.579 0
170.615 0
170.618 0
170.62 0
170.648 0
170.65 0
170.688 0
170.727 0
170.73 0
170.732 0
170.751 0
170.771 0
170.774 0
170.774 0
170.776 0
170.789 0
170.791 0
170.833 0
170.834 0
170.853 0
170.855 0
170.898 0
170.898 0
170.898 0
170.9 0
170.918 0
170.921 0
170.924 0
170.963 0
170.965 0
170.976 0
170.987 0
170.989 0
171.027 0
171.028 0
171.029 0
171.034 0
171.067 0
171.069 0
171.071 0
171.098 0
171.11 0
171.113 0
171.115 0
171.154 0
171.157 0
171.158 0
171.197 0
171.199 0
171.219 0
171.238 0
171.238 0
171.284 0
171.286 0
171.288 0
171.299 1244
171.3 707
171.306 0
171.323 0
171.323 0
171.325 0
171.366 0
171.366 0
171.37 0
171.386 0
171.388 0
171.39 0
171.43 0
171.432 0
171.434 0
171.447 0
171.45 0
171.452 0
171.471 40
171.494 0
171.495 0
171.495 0
171.518 0
171.519 0
171.558 0
171.561 0
171.562 0
171.609 0
171.61 0
171.612 0
171.642 0
171.645 0
171.647 0
171.666 0
171.667 0
171.708 0
171.712 0
171.717 0
171.772 0
171.791 0
171.795 0
171.796 0
171.838 0
171.839 0
171.867 0
171.869 0
171.871 0
171.899 0
171.901 0
171.945 0
171.946 0
171.946 0
171.948 0
172.01 0
172.014 0
172.016 625
172.048 0
172.051 1177
172.106 0
172.108 0
172.111 1302
172.123 0
172.125 0
172.127 0
172.127 0
172.133 0
172.135 0
172.137 0
172.142 0
172.143 35
172.164 0
172.167 0
172.17 0
172.212 0
172.216 0
172.22 0
172.223 0
172.223 0
172.246 0
172.248 0
172.283 0
172.285 0
172.288 0
172.326 0
172.328 0
172.329 0
172.338 0
172.347 0
172.368 0
172.372 0
172.372 0
172.389 0
172.435 0
172.435 0
172.435 0
172.482 0
172.498 0
172.5 0
172.502 0
172.502 0
172.537 0
172.538 0
172.538 0
172.542 0
172.543 0
172.587 0
172.589 0
172.602 0
172.655 0
172.674 0
172.69 0
172.692 0
172.694 0
172.75 0
172.755 0
172.798 0
172.799 0
172.837 0
172.9 0
172.902 0
172.904 0
172.944 0
172.947 0
172.948 0
172.969 0
172.97 0
173.033 0
173.035 0
173.05 0
173.053 0
173.091 0
173.098 0
173.113 0
173.115 0
173.117 0
173.148 0
173.154 0
173.156 0
173.158 0
173.192 0
173.192 0
173.192 0
173.192 0
173.2 0
173.202 0
173.203 0
173.205 0
173.228 0
173.242 0
173.244 0
173.264 0
173.267 0
173.327 0
173.329 0
173.331 0
173.35 0
173.352 0
173.389 0
173.391 0
173.404 0
173.431 0
173.435 0
173.437 0
173.497 0
173.5 0
173.5 0
173.504 0
173.527 0
173.534 0
173.566 0
173.568 0
173.572 0
173.583 0
173.584 0
173.614 0
173.617 0
173.618 0
173.649 0
173.649 0
173.651 0
173.685 0
173.686 0
173.734 0
173.737 0
173.738 0
173.755 0
173.755 0
173.756 0
173.757 0
173.779 0
173.797 0
173.8 0
173.823 0
173.823 0
173.824 0
173.849 0
173.851 0
173.854 0
173.903 0
173.905 0
173.907 0
174.003 0
174.006 0
174.007 0
174.009 0
174.011 625
174.032 0
174.035 1177
174.06 0
174.06 0
174.063 0
174.064 0
174.064 0
174.069 0
174.073 0
174.075 0
174.079 0
174.081 0
174.083 0
174.106 1302
174.137 0
174.149 0
174.195 0
174.264 0
174.311 0
174.313 0
174.316 0
174.318 0
174.321 0
174.322 0
174.325 0
174.328 0
174.328 0
174.329 0
174.351 0
174.354 0
174.356 0
174.358 0
174.358 0
174.368 0
174.375 0
174.416 0
174.42 0
174.42 0
174.456 0
174.46 0
174.504 0
174.505 0
174.508 0
174.545 0
174.547 0
174.551 0
174.566 0
174.567 0
174.608 0
174.61 0
174.653 0
174.656 0
174.657 0
174.671 0
174.674 0
174.717 0
174.717 0
174.718 0
174.718 0
174.722 0
174.736 0
174.736 0
174.738 0
174.777 0
174.781 0
174.782 0
174.783 0
174.804 0
174.806 0
174.806 0
174.846 0
174.849 0
174.849 0
174.85 0
174.856 0
174.864 0
174.864 0
174.867 0
174.884 0
174.886 0
174.929 0
174.931 0
174.952 0
174.952 0
174.976 89
174.991 0
174.991 0
174.991 0
174.993 35
174.994 0
174.994 0
175.038 0
175.042 0
175.065 0
175.067 0
175.068 0
175.098 0
175.1 0
175.119 0
175.12 0
175.184 0
175.186 0
175.186 0
175.188 0
175.194 0
175.226 0
175.228 0
175.229 0
175.248 0
175.251 0
175.269 0
175.271 0
175.312 0
175.317 0
175.319 0
175.32 0
175.325 0
175.334 0
175.34 0
175.38 0
175.38 0
175.383 0
175.418 0
175.421 0
175.423 0
175.424 0
175.452 0
175.461 0
175.464 0
175.465 0
175.483 0
175.485 0
175.486 0
175.516 0
175.531 0
175.532 0
175.532 0
175.534 0
175.567 0
175.57 0
175.572 0
175.572 0
175.602 0
175.605 0
175.634 0
175.699 0
175.701 0
175.761 0
175.763 0
175.785 0
175.785 0
175.824 0
175.827 0
175.828 0
175.866 0
175.869 0
175.87 0
175.911 0
175.912 0
175.981 0
175.995 0
175.997 0
175.999 0
176.002 0
176.004 625
176.026 0
176.028 1177
176.048 0
176.051 0
176.06 0
176.062 0
176.065 0
176.065 0
176.067 0
176.069 0
176.08 0
176.081 0
176.101 1302
176.101 0
176.103 0
176.113 0
176.133 0
176.141 0
176.144 0
176.144 0
176.176 82
176.185 0
176.187 0
176.192 0
176.23 0
176.248 0
176.251 0
176.252 0
176.255 0
176.292 0
176.292 0
176.295 0
176.314 0
176.318 0
176.319 0
176.358 0
176.361 0
176.398 0
176.4 0
176.403 0
176.427 0
176.43 0
176.445 0
176.445 0
176.445 0
176.445 0
176.481 0
176.483 0
176.489 0
176.506 0
176.509 0
176.548 0
176.553 0
176.553 0
176.568 0
176.57 0
176.589 0
176.592 0
176.617 0
176.617 0
176.632 0
176.632 0
176.637 0
176.637 0
176.638 0
176.676 0
176.679 0
176.679 0
176.689 0
176.699 0
176.699 0
176.702 0
176.734 0
176.738 0
176.738 0
176.793 0
176.793 0
176.793 0
176.803 0
176.804 0
176.805 0
176.809 0
176.811 0
176.825 0
176.826 0
176.827 0
176.849 0
176.851 0
176.87 0
176.875 0
176.914 0
176.916 0
176.931 0
176.931 0
176.975 0
176.976 0
177.012 0
177.019 0
177.021 0
177.023 0
177.04 0
177.043 0
177.082 0
177.083 0
177.084 0
177.13 0
177.131 0
177.135 0
177.156 0
177.165 0
177.177 0
177.236 0
177.236 0
177.236 0
177.236 0
177.236 0
177.245 0
177.253 0
177.253 0
177.255 0
177.289 0
177.289 0
177.296 0
177.298 0
177.315 0
177.317 0
177.319 0
177.335 0
177.337 0
177.339 0
177.401 0
177.403 0
177.407 0
177.454 0
177.454 0
177.467 0
177.467 0
177.469 0
177.48 0
177.487 0
177.49 0
177.533 0
177.535 0
177.537 0
177.551 0
177.553 0
177.575 0
177.627 0
177.635 0
177.639 0
177.639 0
177.675 0
177.699 0
177.703 0
177.703 0
177.706 0
177.73 0
177.765 0
177.768 0
177.769 0
177.807 0
177.809 0
177.809 0
177.811 0
177.869 0
177.87 0
177.896 0
177.897 0
177.897 0
177.916 0
177.922 0
178 0
178.002 0
178.003 0
178.008 0
178.01 625
178.03 0
178.032 1177
178.057 0
178.057 0
178.059 0
178.063 0
178.065 0
178.096 1302
178.106 0
178.106 0
178.108 0
178.128 0
178.129 35
178.148 0
178.151 0
178.193 0
178.235 0
178.237 0
178.24 0
178.277 0
178.279 0
178.298 0
178.3 0
178.308 0
178.342 0
178.344 0
178.385 0
178.385 0
178.388 0
178.388 0
178.428 0
178.439 0
178.448 0
178.45 0
178.515 0
178.533 0
178.535 0
178.579 0
178.62 0
178.62 0
178.62 0
178.621 0
178.64 0
178.642 0
178.684 0
178.687 0
178.726 0
178.771 0
178.771 0
178.812 0
178.816 0
178.816 0
178.832 0
178.834 0
178.853 0
178.855 0
178.904 0
178.918 0
178.92 0
178.92 0
178.941 0
178.941 0
178.982 0
178.982 0
178.985 0
178.987 0
178.987 0
179 0
179.003 0
179.032 0
179.033 0
179.033 0
179.047 0
179.089 0
179.09 0
179.131 0
179.134 0
179.134 0
179.155 0
179.157 0
179.173 0
179.176 0
179.217 0
179.219 0
179.258 0
179.26 0
179.305 0
179.305 0
179.307 0
179.349 0
179.351 0
179.369 0
179.41 0
179.412 0
179.449 0
179.451 0
179.451 0
179.516 0
179.516 0
179.518 0
179.518 0
179.578 0
179.58 0
179.642 0
179.644 0
179.689 0
179.727 0
179.729 0
179.769 0
179.771 0
179.835 0
179.837 0
179.877 0
179.877 0
179.878 0
179.918 0
179.921 0
180.009 0
180.011 0
180.011 0
180.016 0
180.017 625
180.037 0
180.041 1177
180.067 0
180.068 0
180.068 0
180.075 0
180.078 0
180.078 0
180.082 0
180.087 0
180.088 0
180.088 0
180.091 1302
180.11 0
180.113 0
180.115 0
180.12 0
180.122 0
180.146 0
180.156 0
180.198 0
180.199 0
180.199 0
180.201 0
180.235 0
180.237 0
180.284 0
180.286 0
180.303 0
180.305 0
180.306 0
180.369 0
180.371 0
180.371 0
180.39 0
180.392 0
180.396 0
180.411 0
180.413 0
180.455 0
180.457 0
180.477 0
180.52 0
180.52 0
180.521 0
180.522 0
180.523 0
180.525 0
180.539 0
180.54 0
180.542 0
180.584 0
180.586 0
180.601 0
180.601 0
180.603 0
180.624 0
180.646 0
180.664 0
180.667 0
180.687 0
180.689 0
180.712 0
180.733 0
180.735 0
180.747 0
180.751 0
180.753 0
180.755 0
180.795 0
180.798 0
180.819 0
180.823 0
180.84 0
180.842 0
180.856 0
180.859 0
180.882 0
180.885 0
180.922 0
180.925 0
180.944 0
180.944 0
180.946 0
180.986 0
180.989 0
180.991 0
180.994 0
181.032 0
181.034 0
181.034 0
181.05 0
181.052 0
181.071 0
181.072 0
181.114 0
181.118 0
181.141 0
181.141 0
181.182 0
181.183 0
181.185 0
181.22 0
181.221 0
181.265 0
181.267 0
181.27 0
181.308 0
181.31 0
181.312 0
181.339 0
181.351 0
181.351 0
181.416 0
181.416 0
181.417 0
181.42 0
181.459 0
181.462 0
181.462 0
181.497 0
181.497 0
181.5 0
181.5 0
181.567 0
181.57 0
181.572 0
181.604 0
181.606 0
181.608 0
181.65 0
181.696 0
181.71 0
181.713 0
181.714 0
181.748 0
181.751 0
181.752 0
181.793 0
181.811 0
181.817 0
181.82 0
181.82 0
181.821 0
181.881 0
181.883 0
181.886 0
181.887 0
181.887 0
181.938 0
181.945 0
181.948 0
181.95 0
182.032 0
182.034 625
182.058 0
182.06 1177
182.078 0
182.086 1302
182.104 0
182.106 0
182.106 0
182.106 0
182.107 0
182.107 0
182.117 0
182.117 0
182.137 0
182.139 0
182.179 0
182.182 0
182.203 0
182.207 0
182.254 0
182.265 0
182.267 0
182.281 0
182.308 0
182.31 0
182.331 0
182.331 0
182.334 0
182.364 0
182.37 0
182.373 0
182.379 0
182.415 0
182.418 0
182.418 0
182.436 0
182.437 0
182.485 0
182.499 0
182.501 0
182.503 0
182.54 29
182.543 0
182.544 0
182.545 0
182.545 0
182.578 0
182.586 0
182.588 0
182.588 0
182.63 0
182.65 0
182.653 0
182.655 0
182.696 0
182.736 0
182.738 0
182.74 0
182.742 0
182.801 0
182.803 0
182.805 0
182.805 0
182.842 0
182.845 0
182.846 0
182.859 0
182.866 0
182.867 0
182.888 0
182.948 0
182.948 0
182.952 0
182.954 0
182.988 0
182.99 0
182.991 0
183.037 0
183.04 0
183.041 0
183.104 0
183.107 0
183.108 0
183.14 0
183.143 0
183.143 0
183.143 0
183.188 0
183.191 0
183.222 0
183.224 0
183.247 0
183.249 0
183.288 0
183.291 0
183.293 0
183.333 0
183.335 0
183.335 0
183.337 0
183.397 0
183.4 0
183.4 0
183.401 0
183.402 0
183.441 0
183.442 0
183.446 0
183.45 0
183.461 0
183.463 0
183.502 0
183.505 0
183.506 0
183.568 0
183.57 0
183.571 0
183.611 0
183.613 0
183.614 0
183.651 0
183.653 0
183.655 0
183.656 0
183.716 0
183.718 0
183.721 0
183.761 0
183.766 0
183.766 0
183.766 0
183.766 0
183.78 0
183.782 0
183.801 0
183.803 0
183.865 0
183.867 0
183.868 0
183.908 0
183.911 0
183.911 0
183.996 0
183.998 0
184.002 0
184.002 0
184.004 625
184.037 0
184.04 1177
184.08 1302
184.08 0
184.081 0
184.082 0
184.082 0
184.082 0
184.083 0
184.084 0
184.101 0
184.103 0
184.103 0
184.115 0
184.116 35
184.166 0
184.189 0
184.208 0
184.208 0
184.21 0
184.215 0
184.224 0
184.26 0
184.261 0
184.331 0
184.371 0
184.371 0
184.373 0
184.373 0
184.376 0
184.376 0
184.377 0
184.418 0
184.423 0
184.43 0
184.432 0
184.432 0
184.444 0
184.466 0
184.468 0
184.472 0
184.522 0
184.524 0
184.535 0
184.539 0
184.561 0
184.616 0
184.616 0
184.625 0
184.665 0
184.671 0
184.672 0
184.696 0
184.757 0
184.823 0
184.829 0
184.829 0
184.831 0
184.831 0
184.891 0
184.896 0
184.922 0
184.925 0
184.925 0
184.944 0
184.955 0
184.957 0
185.023 0
185.03 0
185.034 0
185.034 0
185.04 0
185.048 0
185.049 0
185.061 0
185.063 0
185.065 0
185.094 0
185.094 0
185.094 0
185.094 0
185.104 0
185.104 0
185.106 0
185.112 0
185.148 0
185.151 0
185.151 0
185.172 89
185.172 105
185.176 0
185.189 35
185.199 0
185.199 0
185.2 0
185.228 0
185.246 0
185.265 0
185.288 0
185.327 0
185.333 0
185.333 0
185.334 0
185.36 0
185.36 0
185.363 0
185.366 0
185.369 0
185.371 0
185.375 0
185.405 0
185.406 0
185.467 0
185.47 0
185.472 0
185.473 0
185.473 0
185.476 0
185.478 0
185.482 0
185.531 0
185.627 0
185.627 0
185.633 0
185.636 0
185.642 0
185.644 0
185.647 0
185.681 0
185.681 0
185.711 0
185.711 0
185.713 0
185.713 0
185.715 0
185.778 0
185.778 0
185.829 0
185.831 0
185.834 0
185.834 0
185.837 0
185.837 0
185.87 0
185.913 0
185.992 0
185.998 0
186.004 0
186.006 625
186.025 0
186.027 1177
186.06 0
186.064 0
186.067 0
186.067 0
186.069 0
186.072 0
186.075 1302
186.076 0
186.076 0
186.079 0
186.08 0
186.082 0
186.085 0
186.085 0
186.088 0
186.088 0
186.088 0
186.088 0
186.091 0
186.091 0
186.091 0
186.092 0
186.095 0
186.097 0
186.098 0
186.098 0
186.098 0
186.1 0
186.1 0
186.107 0
186.107 0
186.109 0
186.152 0
186.156 0
186.178 0
186.179 0
186.193 0
186.218 0
186.235 0
186.238 0
186.238 0
186.254 0
186.26 0
186.278 0
186.291 0
186.299 0
186.301 0
186.343 0
186.364 0
186.366 0
186.405 0
186.407 0
186.452 0
186.452 0
186.453 0
186.511 0
186.515 0
186.548 0
186.552 0
186.635 0
186.635 0
186.638 0
186.706 0
186.71 0
186.784 0
186.784 0
186.786 0
186.832 0
186.837 0
186.911 0
186.915 0
186.934 0
186.936 0
186.959 0
186.962 0
187.012 0
187.012 0
187.091 0
187.093 0
187.095 0
187.117 0
187.119 0
187.151 0
187.154 0
187.157 0
187.157 0
187.158 0
187.306 0
187.31 0
187.31 0
187.312 0
187.315 0
187.315 0
187.315 0
187.373 0
187.375 0
187.375 0
187.38 0
187.38 0
187.381 0
187.383 0
187.383 0
187.385 0
187.385 0
187.388 0
187.391 0
187.393 0
187.422 0
187.494 0
187.53 0
187.534 0
187.536 0
187.561 0
187.565 0
187.565 0
187.568 0
187.571 0
187.573 0
187.573 0
187.6 0
187.604 0
187.651 0
187.662 0
187.702 0
187.702 0
187.704 0
187.731 0
187.733 0
187.76 0
187.762 0
187.766 0
187.768 0
187.818 0
187.819 0
187.86 0
187.865 0
187.867 0
187.867 0
187.869 0
187.87 0
187.871 0
187.871 0
187.908 0
187.908 0
187.978 0
187.988 0
187.988 0
187.99 0
188.009 0
188.01 625
188.031 0
188.034 1177
188.04 0
188.06 0
188.063 0
188.063 0
188.063 0
188.063 0
188.066 0
188.066 0
188.07 0
188.07 0
188.07 1302
188.072 0
188.075 0
188.081 0
188.082 0
188.082 0
188.085 0
188.086 0
188.088 0
188.088 0
188.089 0
188.089 0
188.092 0
188.096 0
188.098 0
188.098 0
188.101 0
188.101 0
188.102 0
188.102 0
188.102 0
188.104 0
188.134 0
188.135 0
188.236 0
188.238 0
188.334 0
188.36 0
188.434 0
188.436 0
188.518 0
188.52 0
188.561 0
188.564 0
188.603 0
188.605 0
188.607 0
188.626 0
188.63 0
188.666 0
188.669 0
188.709 0
188.711 0
188.711 0
188.713 0
188.731 0
188.753 0
188.756 0
188.756 0
188.756 0
188.758 0
188.759 0
188.799 0
188.855 0
188.94 0
188.943 0
188.944 0
188.966 0
188.968 0
188.968 0
188.971 0
188.971 0
188.972 0
188.972 0
188.998 0
189 0
189.002 0
189.053 0
189.055 0
189.117 0
189.119 0
189.119 0
189.122 0
189.122 0
189.123 0
189.157 0
189.159 0
189.198 0
189.2 0
189.264 0
189.266 0
189.307 0
189.31 0
189.313 0
189.313 0
189.314 0
189.35 0
189.351 0
189.353 0
189.435 0
189.437 0
189.457 0
189.459 0
189.462 0
189.498 0
189.5 0
189.502 0
189.515 0
189.539 0
189.541 0
189.568 0
189.568 0
189.569 0
189.569 0
189.576 0
189.605 0
189.607 0
189.61 0
189.611 0
189.648 0
189.651 0
189.681 0
189.695 0
189.71 0
189.71 0
189.712 0
189.713 0
189.753 0
189.757 0
189.826 0
189.826 0
189.828 0
189.828 0
189.83 0
189.832 0
189.865 0
189.866 0
189.867 0
189.879 0
189.899 0
189.996 0
189.997 0
190.014 0
190.016 0
190.016 0
190.019 0
190.021 625
190.05 0
190.053 1177
190.066 1302
190.077 0
190.079 0
190.082 0
190.086 0
190.086 0
190.09 0
190.09 0
190.094 0
190.094 0
190.095 0
190.095 0
190.096 0
190.096 0
190.097 35
190.098 0
190.101 0
190.104 0
190.104 0
190.107 0
190.11 0
190.113 0
190.113 0
190.114 0
190.115 0
190.117 0
190.117 0
190.12 0
190.122 0
190.124 0
190.126 0
190.128 0
190.131 0
190.131 0
190.131 0
190.132 0
190.132 0
190.135 0
190.135 0
190.137 0
190.137 0
190.141 0
190.141 0
190.144 0
190.145 0
190.171 0
190.205 0
190.303 0
190.304 0
190.348 1244
190.348 711
190.353 0
190.355 0
190.454 0
190.501 0
190.503 0
190.504 0
190.544 41
190.584 0
190.587 0
190.651 0
190.653 0
190.735 0
190.737 0
190.739 0
190.8 0
190.803 0
190.822 0
190.902 0
190.904 0
190.905 0
190.908 0
190.913 0
190.913 0
190.914 0
190.914 0
190.914 0
190.917 0
190.917 0
190.919 0
190.949 0
191.017 0
191.02 0
191.021 0
191.056 0
191.101 0
191.131 0
191.163 0
191.165 0
191.205 0
191.207 0
191.21 0
191.21 0
191.225 0
191.227 0
191.249 0
191.252 0
191.255 0
191.255 0
191.257 0
191.257 0
191.257 0
191.259 0
191.259 0
191.272 0
191.289 0
191.31 0
191.313 0
191.315 0
191.315 0
191.317 0
191.331 0
191.334 0
191.336 0
191.352 0
191.354 0
191.356 0
191.358 0
191.358 0
191.397 0
191.398 0
191.422 0
191.424 0
191.438 0
191.464 0
191.466 0
191.503 0
191.507 0
191.565 0
191.567 0
191.608 0
191.632 0
191.634 0
191.695 0
191.698 0
191.699 0
191.716 0
191.718 0
191.759 0
191.761 0
191.763 0
191.766 0
191.802 0
191.804 0
191.806 0
191.806 0
191.852 0
191.866 0
191.868 0
191.868 0
191.87 0
191.87 0
191.896 0
191.897 0
191.9 0
191.995 0
191.997 0
191.999 0
192.004 0
192.006 625
192.025 0
192.028 1177
192.034 0
192.061 1302
192.072 0
192.073 0
192.073 0
192.073 0
192.076 0
192.079 0
192.079 0
192.079 0
192.082 0
192.082 0
192.083 0
192.083 0
192.102 0
192.104 0
192.184 0
192.184 0
192.186 0
192.255 0
192.257 0
192.257 0
192.305 0
192.321 0
192.323 0
192.37 0
192.37 0
192.398 0
192.401 0
192.427 0
192.465 0
192.467 0
192.515 0
192.515 0
192.549 0
192.552 0
192.552 0
192.613 0
192.616 0
192.619 0
192.619 0
192.635 0
192.639 0
192.656 0
192.657 0
192.677 0
192.679 0
192.698 0
192.706 0
192.741 0
192.743 0
192.788 0
192.801 0
192.804 0
192.813 0
192.848 0
192.85 0
192.85 0
192.898 0
192.9 0
192.9 0
192.954 0
192.957 0
193.019 0
193.022 0
193.06 0
193.063 0
193.064 0
193.095 0
193.107 0
193.109 0
193.166 0
193.169 0
193.177 0
193.213 0
193.214 0
193.216 0
193.216 0
193.25 0
193.255 0
193.257 0
193.259 0
193.259 0
193.262 0
193.262 0
193.264 0
193.297 0
193.3 0
193.364 0
193.365 0
193.367 0
193.369 0
193.446 0
193.465 0
193.468 0
193.471 0
193.471 0
193.471 0
193.474 0
193.476 0
193.476 0
193.552 0
193.554 0
193.617 0
193.619 0
193.623 0
193.623 0
193.623 0
193.625 0
193.625 0
193.626 0
193.698 0
193.7 0
193.7 0
193.769 0
193.774 0
193.775 0
193.777 0
193.777 0
193.779 0
193.779 0
193.78 0
193.808 0
193.81 0
193.908 0
193.919 0
193.969 0
193.971 0
193.971 0
193.999 0
194.002 0
194.007 625
194.02 0
194.027 0
194.03 1177
194.053 0
194.054 0
194.056 1302
194.061 0
194.064 0
194.067 0
194.071 0
194.072 0
194.074 0
194.074 0
194.077 0
194.079 0
194.083 0
194.083 0
194.087 0
194.088 0
194.088 0
194.088 0
194.09 0
194.09 0
194.094 0
194.094 0
194.094 0
194.094 0
194.096 0
194.1 0
194.102 0
194.103 0
194.103 0
194.107 0
194.108 0
194.108 0
194.126 0
194.126 0
194.215 0
194.218 0
194.22 0
194.22 0
194.309 0
194.318 0
194.357 0
194.418 0
194.419 0
194.488 0
194.49 0
194.568 0
194.591 0
194.615 0
194.664 0
194.706 0
194.707 0
194.709 0
194.709 0
194.712 0
194.716 0
194.716 0
194.716 0
194.717 0
194.717 0
194.72 0
194.723 0
194.723 0
194.724 0
194.724 0
194.726 0
194.728 0
194.729 0
194.733 0
194.744 0
194.807 0
194.842 0
194.907 0
194.909 0
194.913 0
194.957 0
195.003 0
195.006 0
195.006 0
195.068 0
195.07 0
195.1 0
195.102 0
195.105 0
195.105 0
195.107 0
195.107 0
195.107 0
195.119 102
195.119 39
195.13 0
195.13 0
195.132 0
195.137 0
195.137 35
195.215 0
195.216 0
195.264 0
195.267 0
195.288 0
195.301 0
195.301 0
195.305 0
195.342 0
195.343 0
195.344 0
195.371 0
195.373 0
195.376 0
195.378 0
195.379 0
195.381 0
195.381 0
195.382 0
195.385 0
195.385 0
195.46 0
195.462 0
195.503 0
195.56 0
195.597 0
195.599 0
195.64 0
195.641 0
195.661 0
195.664 0
195.666 0
195.697 0
195.703 0
195.707 0
195.753 0
195.755 0
195.79 0
195.792 0
195.811 0
195.813 0
195.853 0
195.856 0
195.858 0
195.907 0
195.91 0
195.912 0
195.94 0
195.977 0
195.991 0
196.001 0
196.011 0
196.014 0
196.018 0
196.02 0
196.02 625
196.037 0
196.037 0
196.041 0
196.044 1177
196.051 1302
196.067 0
196.068 0
196.073 0
196.076 0
196.076 0
196.084 0
196.086 0
196.086 0
196.086 0
196.089 0
196.092 0
196.093 0
196.095 0
196.098 0
196.099 0
196.099 0
196.101 0
196.105 0
196.107 0
196.107 0
196.109 0
196.109 0
196.112 0
196.113 0
196.114 0
196.115 0
196.12 0
196.12 0
196.12 0
196.12 0
196.123 0
196.123 0
196.125 0
196.127 0
196.127 35
196.127 0
196.127 0
196.129 0
196.129 0
196.131 0
196.131 0
196.134 0
196.137 0
196.18 0
196.231 0
196.233 0
196.325 0
196.326 0
196.365 0
196.426 0
196.427 0
196.525 0
196.527 0
196.625 0
196.627 0
196.627 0
196.664 0
196.678 0
196.699 0
196.719 0
196.72 0
196.76 0
196.762 0
196.764 0
196.767 0
196.767 0
196.77 0
196.77 0
196.77 0
196.771 0
196.824 0
196.826 0
196.827 0
196.871 0
196.903 0
196.911 0
196.911 0
196.95 0
196.984 0
196.986 0
197.016 0
197.018 0
197.02 0
197.022 0
197.025 0
197.025 0
197.026 0
197.026 0
197.029 0
197.029 0
197.031 0
197.032 0
197.057 0
197.092 0
197.092 0
197.156 0
197.197 0
197.2 0
197.237 0
197.265 0
197.267 0
197.314 0
197.314 0
197.314 0
197.326 0
197.329 0
197.329 0
197.35 0
197.352 0
197.352 0
197.354 0
197.356 0
197.369 0
197.371 0
197.392 0
197.392 0
197.412 0
197.414 0
197.416 0
197.416 0
197.419 0
197.419 0
197.421 0
197.422 0
197.427 0
197.433 0
197.433 0
197.435 0
197.437 0
197.437 0
197.455 0
197.457 0
197.459 0
197.459 0
197.499 0
197.532 1141
197.536 0
197.536 28
197.536 0
197.564 0
197.564 0
197.566 0
197.609 0
197.611 0
197.611 0
197.612 0
197.618 0
197.647 0
197.65 0
197.679 0
197.694 0
197.701 0
197.713 0
197.714 0
197.716 0
197.726 0
197.75 0
197.75 0
197.752 41
197.768 0
197.816 0
197.818 0
197.821 0
197.848 0
197.848 0
197.85 0
197.865 0
197.899 0
197.912 0
197.912 0
197.914 0
197.963 0
197.97 0
198.012 0
198.018 0
198.021 0
198.021 0
198.023 625
198.043 0
198.046 1177
198.046 1302
198.068 0
198.073 0
198.073 0
198.075 0
198.078 0
198.079 0
198.079 0
198.082 0
198.082 0
198.086 0
198.088 0
198.089 0
198.093 0
198.095 0
198.097 0
198.099 0
198.099 0
198.103 0
198.103 0
198.106 0
198.131 0
198.133 0
198.189 1244
198.189 591
198.221 0
198.232 0
198.233 0
198.309 0
198.311 0
198.388 41
198.408 0
198.41 0
198.414 0
198.46 0
198.465 0
198.469 0
198.501 0
198.509 0
198.511 0
198.512 0
198.586 0
198.588 0
198.588 0
198.589 0
198.607 0
198.609 0
198.61 0
198.612 0
198.616 0
198.65 0
198.652 0
198.655 0
198.656 0
198.677 0
198.751 0
198.753 0
198.8 0
198.801 0
198.801 0
198.804 0
198.806 0
198.806 0
198.863 0
198.863 0
198.864 0
198.866 0
198.897 43
198.904 0
198.906 0
198.911 0
198.952 0
198.953 0
198.955 0
198.956 0
198.995 0
199.011 0
199.014 0
199.023 0
199.063 0
199.065 0
199.105 0
199.134 0
199.138 0
199.14 0
199.14 0
199.142 0
199.142 0
199.146 0
199.149 0
199.149 0
199.149 0
199.149 0
199.151 0
199.153 0
199.156 0
199.157 0
199.157 0
199.183 0
199.185 0
199.187 0
199.246 0
199.248 0
199.312 0
199.317 0
199.333 0
199.335 0
199.391 0
199.419 0
199.42 0
199.463 0
199.465 0
199.47 0
199.471 0
199.506 0
199.508 0
199.511 0
199.569 0
199.569 0
199.571 0
199.571 0
199.573 0
199.613 0
199.616 0
199.617 0
199.618 0
199.62 0
199.62 0
199.622 0
199.622 0
199.624 0
199.653 0
199.655 0
199.656 0
199.68 0
199.702 0
199.702 28
199.738 0
199.74 0
199.76 0
199.762 0
199.764 0
199.765 0
199.765 0
199.767 0
199.767 0
199.769 0
199.77 0
199.77 0
199.86 0
199.896 0
199.896 0
199.897 0
199.897 0
199.9 0
199.919 0
199.946 0
199.995 0
199.997 0
199.998 0
200.001 0
200.003 625
200.013 0
200.023 0
200.023 0
200.026 1177
200.041 1302
200.055 0
200.056 0
200.056 0
200.058 0
200.058 0
200.063 0
200.063 0
200.065 0
200.07 0
200.07 0
200.07 0
200.083 0
200.083 0
200.083 0
200.083 0
200.083 0
200.084 0
200.084 0
200.084 0
200.085 0
200.088 0
200.088 0
200.088 0
200.088 0
200.088 0
200.09 0
200.09 0
200.09 0
200.09 0
200.09 0
200.09 0
200.09 0
200.116 0
200.119 0
200.136 0
200.215 0
200.216 0
200.276 0
200.316 0
200.325 0
200.326 0
200.385 0
200.412 0
200.413 0
200.48 0
200.505 0
200.505 0
200.507 0
200.573 0
200.573 0
200.576 0
200.579 0
200.62 0
200.639 0
200.64 0
200.7 0
200.702 0
200.748 0
200.762 0
200.762 0
200.767 0
200.767 0
200.769 0
200.782 0
200.784 0
200.804 0
200.807 0
200.846 0
200.849 0
200.849 0
200.85 0
200.878 1244
200.878 517
200.914 0
200.917 0
200.919 0
200.919 0
200.948 0
200.958 0
200.959 0
200.96 0
201.02 0
201.023 0
201.063 0
201.065 0
201.074 0
201.108 0
201.112 0
201.114 0
201.114 0
201.117 0
201.121 0
201.124 0
201.125 0
201.125 0
201.129 0
201.13 0
201.13 0
201.135 0
201.135 0
201.135 0
201.189 0
201.191 0
201.29 0
201.322 0
201.394 0
201.397 0
201.444 0
201.447 0
201.448 0
201.466 0
201.468 0
201.471 0
201.471 0
201.53 0
201.532 0
201.551 0
201.551 0
201.555 0
201.557 0
201.557 0
201.563 0
201.614 0
201.618 0
201.618 0
201.622 40
201.648 41
201.66 0
201.667 0
201.699 0
201.703 0
201.737 0
201.763 1244
201.763 121
201.767 0
201.767 0
201.767 0
201.771 0
201.772 0
201.791 0
201.796 0
201.8 0
201.801 0
201.803 0
201.807 0
201.807 0
201.838 0
201.84 0
201.85 0
201.852 0
201.852 0
201.864 0
201.864 0
201.899 0
201.901 0
201.918 0
201.919 0
201.937 0
201.985 0
201.998 0
202.001 41
202.001 0
202.003 625
202.008 0
202.026 0
202.026 0
202.029 1177
202.036 1302
202.047 0
202.052 0
202.054 0
202.056 0
202.056 0
202.058 0
202.06 0
202.06 0
202.062 0
202.066 0
202.066 0
202.068 0
202.068 0
202.068 0
202.068 0
202.068 0
202.069 35
202.113 0
202.113 0
202.113 0
202.113 0
202.13 0
202.152 0
202.154 0
202.189 0
202.189 0
202.192 0
202.204 0
202.215 0
202.217 0
202.235 0
202.256 0
202.259 0
202.277 0
202.334 0
202.334 0
202.34 0
202.344 0
202.362 0
202.362 0
202.365 0
202.399 0
202.402 0
202.422 0
202.43 0
202.458 0
202.467 0
202.498 0
202.498 0
202.535 39
202.599 0
202.599 0
202.619 0
202.622 0
202.647 0
202.65 0
202.698 0
202.701 0
202.703 0
202.736 0
202.744 1244
202.744 1250
202.744 1240
202.762 0
202.767 0
202.769 0
202.772 0
202.809 0
202.811 0
202.896 0
202.898 0
202.914 40
202.958 0
202.961 0
202.961 0
203.002 0
203.004 0
203.066 0
203.071 0
203.072 0
203.102 0
203.104 0
203.105 0
203.107 0
203.153 0
203.155 0
203.156 0
203.158 0
203.162 0
203.162 0
203.165 0
203.167 0
203.167 0
203.169 0
203.171 0
203.175 0
203.185 0
203.197 0
203.197 0
203.215 0
203.218 0
203.218 0
203.223 0
203.223 0
203.223 0
203.227 0
203.227 0
203.228 0
203.23 0
203.23 0
203.236 0
203.237 0
203.25 0
203.26 0
203.261 0
203.265 0
203.265 0
203.282 0
203.285 0
203.291 0
203.3 0
203.303 0
203.304 0
203.305 0
203.308 0
203.319 0
203.366 0
203.369 0
203.372 0
203.372 0
203.396 0
203.404 0
203.407 0
203.477 0
203.486 0
203.499 0
203.505 0
203.507 0
203.517 0
203.548 0
203.55 0
203.558 0
203.56 0
203.579 0
203.581 0
203.601 0
203.603 0
203.665 0
203.665 0
203.667 0
203.667 0
203.69 0
203.693 0
203.707 0
203.71 0
203.71 0
203.713 0
203.713 0
203.716 0
203.748 0
203.75 0
203.784 0
203.815 0
203.817 0
203.855 0
203.857 0
203.862 0
203.862 0
203.863 0
203.877 0
203.88 0
203.905 0
203.907 0
203.931 0
203.931 0
203.932 0
203.971 0
204.008 0
204.01 0
204.012 625
204.031 1302
204.047 0
204.05 1177
204.068 0
204.084 0
204.085 0
204.088 0
204.088 0
204.088 0
204.088 0
204.091 0
204.091 0
204.098 0
204.1 0
204.1 0
204.1 0
204.136 0
204.156 0
204.156 0
204.159 0
204.161 0
204.188 0
204.218 0
204.221 0
204.266 0
204.268 0
204.301 0
204.304 0
204.307 0
204.366 0
204.369 0
204.371 0
204.374 0
204.407 0
204.411 0
204.413 0
204.453 0
204.455 0
204.516 0
204.519 0
204.534 0
204.559 0
204.562 0
204.562 0
204.602 0
204.608 0
204.61 0
204.611 0
204.632 0
204.666 0
204.669 0
204.707 0
204.71 0
204.751 0
204.753 0
204.773 0
204.79 0
204.815 0
204.817 0
204.817 0
204.82 0
204.825 0
204.84 0
204.858 0
204.86 0
204.864 0
204.899 0
204.901 0
204.907 0
204.935 0
204.963 0
204.968 0
204.969 0
204.971 0
205.007 0
205.01 0
205.049 0
205.052 0
205.112 0
205.115 0
205.117 0
205.157 0
205.157 0
205.195 0
205.198 0
205.2 0
205.203 0
205.231 0
205.267 0
205.27 0
205.305 0
205.309 0
205.309 0
205.348 0
205.348 0
205.351 0
205.363 0
205.412 0
205.415 0
205.454 0
205.454 0
205.457 0
205.459 0
205.485 0
205.499 0
205.501 0
205.501 0
205.504 0
205.527 0
205.529 0
205.535 0
205.546 0
205.564 0
205.567 0
205.567 0
205.604 0
205.607 0
205.609 0
205.609 0
205.648 0
205.651 0
205.654 0
205.696 0
205.698 0
205.698 0
205.701 0
205.719 0
205.752 0
205.756 0
205.757 0
205.82 0
205.823 0
205.823 0
205.859 0
205.863 0
205.865 0
205.904 0
206.002 0
206.004 0
206.008 0
206.01 0
206.016 0
206.018 625
206.026 1302
206.037 0
206.04 1177
206.06 0
206.064 0
206.067 0
206.07 0
206.07 0
206.071 0
206.072 0
206.074 0
206.076 0
206.079 0
206.08 0
206.083 0
206.088 0
206.09 0
206.092 0
206.096 0
206.099 0
206.099 0
206.104 0
206.107 0
206.114 0
206.116 0
206.118 0
206.119 0
206.158 0
206.161 0
206.189 0
206.2 0
206.204 0
206.206 0
206.206 0
206.241 0
206.266 0
206.266 0
206.269 0
206.301 0
206.305 0
206.308 0
206.311 0
206.349 0
206.352 0
206.355 0
206.382 0
206.383 0
206.421 0
206.426 0
206.428 0
206.463 0
206.465 0
206.469 0
206.489 0
206.491 0
206.497 0
206.5 0
206.5 0
206.542 0
206.565 0
206.568 0
206.569 0
206.571 0
206.596 0
206.606 0
206.609 0
206.648 0
206.651 0
206.714 0
206.717 0
206.718 0
206.718 0
206.726 0
206.755 0
206.757 0
206.758 0
206.758 0
206.799 0
206.8 0
206.802 0
206.804 0
206.862 0
206.864 0
206.866 0
206.867 0
206.912 0
206.912 0
206.952 0
206.952 0
206.955 0
206.956 0
206.991 0
206.991 0
206.993 0
207.013 0
207.015 0
207.055 0
207.061 0
207.134 0
207.134 0
207.135 0
207.165 0
207.167 0
207.169 0
207.182 0
207.182 0
207.184 0
207.206 0
207.209 0
207.228 0
207.229 0
207.247 0
207.249 0
207.289 0
207.291 0
207.312 0
207.314 0
207.354 0
207.354 0
207.354 0
207.356 0
207.356 0
207.397 0
207.4 0
207.416 0
207.419 0
207.467 0
207.501 0
207.504 0
207.507 0
207.537 0
207.576 0
207.576 0
207.587 0
207.587 0
207.588 0
207.61 0
207.612 0
207.646 0
207.651 0
207.653 0
207.655 0
207.657 0
207.685 0
207.717 0
207.72 0
207.774 0
207.774 0
207.777 0
207.78 0
207.809 0
207.812 0
207.863 0
207.866 0
207.868 0
207.907 0
207.911 0
207.992 0
207.994 0
207.994 0
207.997 0
208 0
208.001 625
208.021 1302
208.037 0
208.04 1177
208.056 0
208.057 35
208.066 0
208.069 0
208.069 0
208.069 0
208.073 0
208.073 0
208.073 0
208.098 0
208.102 0
208.104 0
208.143 0
208.146 0
208.167 0
208.167 0
208.207 0
208.21 0
208.21 0
208.213 0
208.213 0
208.213 0
208.255 0
208.255 0
208.291 0
208.294 0
208.313 0
208.315 0
208.336 0
208.35 0
208.354 0
208.358 0
208.397 0
208.4 0
208.401 0
208.401 0
208.445 0
208.445 0
208.455 0
208.464 0
208.466 0
208.481 0
208.482 0
208.485 0
208.505 0
208.507 0
208.548 0
208.55 0
208.553 0
208.553 0
208.591 0
208.591 0
208.611 0
208.616 0
208.632 0
208.633 0
208.634 0
208.643 0
208.649 0
208.652 0
208.665 0
208.675 0
208.678 0
208.697 0
208.698 0
208.701 0
208.701 0
208.704 0
208.704 0
208.721 0
208.763 0
208.766 0
208.776 105
208.776 122
208.781 0
208.785 0
208.786 0
208.791 0
208.792 0
208.793 35
208.804 0
208.807 0
208.849 0
208.85 0
208.852 0
208.854 0
208.871 0
208.873 0
208.889 0
208.909 0
208.912 0
208.914 0
208.933 0
208.935 0
208.975 0
208.979 0
208.98 0
209.016 0
209.02 0
209.079 0
209.083 0
209.085 0
209.123 0
209.125 0
209.169 0
209.169 0
209.17 0
209.209 0
209.212 0
209.213 0
209.255 0
209.256 0
209.297 0
209.299 0
209.306 0
209.315 0
209.318 0
209.357 0
209.36 0
209.364 0
209.401 0
209.406 0
209.425 0
209.425 0
209.427 0
209.464 0
209.474 0
209.533 0
209.533 0
209.536 0
209.536 0
209.541 29
209.57 0
209.572 0
209.575 0
209.614 0
209.618 0
209.619 0
209.682 0
209.684 0
209.687 0
209.717 0
209.719 0
209.719 0
209.765 0
209.767 0
209.769 0
209.796 0
209.8 0
209.802 0
209.849 0
209.851 0
209.852 0
209.879 0
209.892 0
209.895 0
209.897 0
209.916 0
209.954 0
209.979 0
209.979 0
209.982 0
209.998 0
210.001 0
210.003 625
210.016 1302
210.023 0
210.025 1177
210.05 0
210.052 0
210.052 0
210.054 0
210.054 0
210.056 0
210.056 0
210.058 0
210.06 0
210.06 0
210.064 0
210.067 0
210.084 0
210.086 0
210.087 0
210.105 0
210.108 0
210.149 0
210.151 0
210.155 0
210.155 0
210.169 0
210.172 0
210.172 0
210.174 0
210.194 0
210.196 0
210.234 0
210.236 0
210.236 0
210.238 0
210.258 0
210.258 0
210.26 0
210.3 0
210.303 0
210.305 0
210.32 0
210.324 0
210.361 0
210.364 0
210.364 0
210.365 0
210.367 0
210.367 0
210.384 0
210.387 0
210.404 0
210.449 0
210.452 0
210.491 0
210.493 0
210.493 0
210.494 0
210.534 0
210.537 0
210.539 0
210.597 0
210.599 0
210.601 0
210.64 0
210.643 0
210.643 0
210.661 0
210.682 0
210.684 0
210.684 0
210.704 0
210.707 0
210.737 0
210.762 0
210.769 0
210.772 0
210.81 0
210.813 0
210.815 0
210.854 0
210.857 0
210.9 0
210.903 0
210.916 0
210.919 0
210.936 0
210.936 0
210.939 0
210.953 0
210.984 0
210.986 0
211.023 0
211.024 0
211.026 0
211.065 0
211.068 0
211.109 0
211.111 0
211.111 0
211.154 0
211.157 0
211.157 0
211.157 0
211.194 0
211.198 0
211.217 0
211.219 0
211.257 0
211.26 0
211.26 0
211.263 0
211.265 0
211.302 0
211.304 0
211.307 0
211.307 0
211.334 0
211.334 0
211.338 0
211.365 0
211.365 0
211.409 0
211.409 0
211.413 0
211.414 0
211.453 0
211.455 0
211.458 0
211.471 0
211.473 0
211.516 0
211.519 0
211.535 0
211.535 0
211.582 0
211.602 0
211.602 0
211.632 0
211.632 0
211.635 0
211.664 0
211.665 0
211.672 0
211.705 0
211.707 0
211.708 0
211.749 0
211.75 0
211.751 0
211.793 0
211.793 0
211.795 0
211.833 0
211.835 0
211.837 0
211.837 0
211.873 0
211.876 0
211.934 0
211.934 0
212.008 0
212.009 0
212.011 1302
212.013 0
212.013 0
212.015 625
212.032 0
212.035 0
212.038 1177
212.047 0
212.059 0
212.062 0
212.067 0
212.069 0
212.07 0
212.075 0
212.077 0
212.077 0
212.08 0
212.086 0
212.088 0
212.091 0
212.105 0
212.153 0
212.176 0
212.179 0
212.179 0
212.217 0
212.222 0
212.225 0
212.26 0
212.262 0
212.287 0
212.325 0
212.327 0
212.327 0
212.329 0
212.37 0
212.374 0
212.41 0
212.41 0
212.411 0
212.431 0
212.433 0
212.471 0
212.473 0
212.475 0
212.517 0
212.519 0
212.52 0
212.52 0
212.537 0
212.595 0
212.595 0
212.626 0
212.626 0
212.627 0
212.627 0
212.635 0
212.67 0
212.671 0
212.712 0
212.715 0
212.716 0
212.748 0
212.752 0
212.754 0
212.792 0
212.793 0
212.794 0
212.814 0
212.816 0
212.818 0
212.861 0
212.862 0
212.9 0
212.902 0
212.902 0
212.931 0
212.939 0
212.945 0
212.945 0
212.949 0
212.962 0
212.963 0
212.964 0
213.008 0
213.008 0
213.01 0
213.049 0
213.052 0
213.052 0
213.094 0
213.094 0
213.095 0
213.117 0
213.118 0
213.144 0
213.154 0
213.157 0
213.197 0
213.2 0
213.201 0
213.204 0
213.219 0
213.221 0
213.221 0
213.229 0
213.261 0
213.264 0
213.265 0
213.265 0
213.281 0
213.284 0
213.286 0
213.331 0
213.334 0
213.334 0
213.335 0
213.336 0
213.346 0
213.35 0
213.35 0
213.366 0
213.41 0
213.414 0
213.415 0
213.435 0
213.436 0
213.474 0
213.477 0
213.479 0
213.497 0
213.5 0
213.54 0
213.54 0
213.543 0
213.585 0
213.587 0
213.596 0
213.626 0
213.627 0
213.64 0
213.646 0
213.648 0
213.689 0
213.692 0
213.692 0
213.693 0
213.731 0
213.732 0
213.732 0
213.734 0
213.76 0
213.794 0
213.796 0
213.798 0
213.798 0
213.815 0
213.819 0
213.859 0
213.859 0
213.861 0
213.88 0
213.884 0
213.885 0
213.907 0
213.921 0
213.923 0
213.989 0
214.006 1302
214.018 0
214.018 0
214.02 625
214.048 0
214.051 1177
214.068 0
214.069 35
214.075 0
214.076 0
214.076 0
214.117 0
214.118 0
214.12 0
214.12 0
214.159 0
214.159 0
214.161 0
214.163 0
214.18 0
214.182 0
214.202 0
214.243 0
214.246 0
214.267 0
214.268 0
214.307 0
214.317 0
214.344 1244
214.344 583
214.353 0
214.354 0
214.354 0
214.355 0
214.394 0
214.394 0
214.414 0
214.415 0
214.445 0
214.458 0
214.46 0
214.501 0
214.504 0
214.506 0
214.52 0
214.522 0
214.543 41
214.566 0
214.569 0
214.571 0
214.571 0
214.586 0
214.637 0
214.653 0
214.656 0
214.68 0
214.683 0
214.73 0
214.73 0
214.756 0
214.758 0
214.779 0
214.798 0
214.8 0
214.804 0
214.841 0
214.844 0
214.846 0
214.865 0
214.884 0
214.884 0
214.886 0
214.927 0
214.929 0
214.948 0
214.956 0
214.994 0
215.033 0
215.034 0
215.036 0
215.078 0
215.08 0
215.097 0
215.098 0
215.141 0
215.144 0
215.144 0
215.184 0
215.186 0
215.187 0
215.215 0
215.217 0
215.22 0
215.248 0
215.251 0
215.251 0
215.289 0
215.291 0
215.333 0
215.336 0
215.336 0
215.337 0
215.38 0
215.383 0
215.417 0
215.42 0
215.42 0
215.454 0
215.457 0
215.481 0
215.483 0
215.525 0
215.527 0
215.568 0
215.57 0
215.61 0
215.612 0
215.632 0
215.634 0
215.68 0
215.683 0
215.72 0
215.725 0
215.725 0
215.757 0
215.757 0
215.762 0
215.782 0
215.783 0
215.822 0
215.825 0
215.827 0
215.865 0
215.868 0
215.868 0
215.901 0
215.909 0
215.909 0
215.909 0
215.911 0
215.913 0
215.981 0
215.984 0
215.986 0
215.989 0
215.992 0
215.995 0
215.997 625
216 1302
216.017 0
216.018 0
216.02 1177
216.048 0
216.052 0
216.053 0
216.081 0
216.081 0
216.083 0
216.1 0
216.105 0
216.14 0
216.143 0
216.163 0
216.166 0
216.196 0
216.207 0
216.211 0
216.211 0
216.249 0
216.251 0
216.253 0
216.286 0
216.289 0
216.289 0
216.312 0
216.315 0
216.354 0
216.354 0
216.357 0
216.402 0
216.404 0
216.406 0
216.41 0
216.441 0
216.443 0
216.464 0
216.506 0
216.508 0
216.509 0
216.51 0
216.546 0
216.55 0
216.552 0
216.554 0
216.554 0
216.588 0
216.592 0
216.593 0
216.626 0
216.632 0
216.637 0
216.638 0
216.655 0
216.696 0
216.698 0
216.699 0
216.701 0
216.701 0
216.717 0
216.721 0
216.722 0
216.761 0
216.78 0
216.782 0
216.822 0
216.825 0
216.848 0
216.85 0
216.889 0
216.891 0
216.891 0
216.952 0
216.972 0
216.976 0
217.016 0
217.02 0
217.022 0
217.022 0
217.023 0
217.059 0
217.063 0
217.063 0
217.065 0
217.084 0
217.085 0
217.174 0
217.174 0
217.181 0
217.21 0
217.21 0
217.212 0
217.212 0
217.219 0
217.251 0
217.253 0
217.295 0
217.297 0
217.299 0
217.3 0
217.316 0
217.319 0
217.346 0
217.35 0
217.35 0
217.351 0
217.353 0
217.394 0
217.421 0
217.425 0
217.426 0
217.466 0
217.469 0
217.47 0
217.473 0
217.508 0
217.509 0
217.51 0
217.545 0
217.549 0
217.553 0
217.554 0
217.556 0
217.556 0
217.617 0
217.617 0
217.655 0
217.655 0
217.656 0
217.698 0
217.701 0
217.742 0
217.744 0
217.767 0
217.769 0
217.808 0
217.847 0
217.851 0
217.852 0
217.891 0
217.893 0
217.893 0
217.913 0
217.916 0
217.965 0
217.976 0
217.976 0
217.978 0
217.996 1302
217.997 0
218.001 0
218.001 0
218.002 625
218.058 0
218.06 1177
218.082 0
218.083 0
218.084 0
218.084 0
218.084 0
218.085 0
218.086 0
218.099 0
218.128 0
218.245 0
218.246 0
218.247 0
218.247 0
218.247 0
218.248 0
218.248 0
218.248 0
218.248 0
218.249 0
218.25 0
218.26 0
218.298 0
218.3 0
218.302 0
218.302 0
218.33 0
218.34 0
218.342 0
218.342 0
218.54 0
218.54 0
218.542 0
218.542 0
218.542 0
218.542 0
218.574 0
218.576 0
218.576 0
218.592 0
218.596 0
218.596 0
218.596 0
218.596 0
218.633 0
218.633 0
218.633 0
218.633 0
218.661 0
218.661 0
218.662 0
218.681 0
218.681 0
218.683 0
218.723 0
218.725 0
218.766 0
218.769 0
218.829 0
218.829 0
218.831 0
218.833 0
218.835 0
218.836 0
218.872 0
218.875 0
218.917 0
218.919 0
218.92 0
218.92 0
218.964 0
218.999 0
219 0
219.024 0
219.026 0
219.026 0
219.027 0
219.065 0
219.067 0
219.069 0
219.07 0
219.108 0
219.111 0
219.136 0
219.151 0
219.188 0
219.193 0
219.195 0
219.214 0
219.216 0
219.257 0
219.26 0
219.263 0
219.3 0
219.302 0
219.304 0
219.342 0
219.345 0
219.347 0
219.364 0
219.366 0
219.385 0
219.427 0
219.43 0
219.43 0
219.431 0
219.442 0
219.45 0
219.452 0
219.492 0
219.494 0
219.513 0
219.515 0
219.534 0
219.536 0
219.542 0
219.681 0
219.681 0
219.682 0
219.683 0
219.683 0
219.708 0
219.708 0
219.71 0
219.746 0
219.748 0
219.751 0
219.791 0
219.793 0
219.916 0
219.917 0
219.917 0
219.917 0
219.939 0
219.941 0
219.941 0
219.991 1302
220.004 0
220.007 0
220.009 0
220.009 0
220.01 625
220.022 0
220.023 35
220.03 0
220.033 1177
220.172 0
220.173 0
220.174 0
220.174 0
220.177 0
220.177 0
220.215 0
220.218 0
220.22 0
220.223 0
220.237 0
220.259 0
220.262 0
220.294 0
220.294 0
220.324 0
220.324 0
220.328 0
220.336 0
220.366 0
220.368 0
220.371 0
220.501 0
220.501 0
220.502 0
220.502 0
220.514 0
220.519 0
220.521 0
220.548 0
220.557 0
220.561 0
220.581 0
220.585 0
220.643 0
220.643 0
220.663 0
220.666 0
220.666 0
220.67 0
220.711 0
220.713 0
220.713 0
220.749 0
220.751 0
220.751 0
220.753 0
220.883 0
220.883 0
220.9 0
220.903 0
220.906 0
220.906 0
220.922 0
220.923 0
220.962 0
220.965 0
220.966 0
221.015 0
221.015 0
221.051 0
221.051 0
221.054 0
221.058 1302
221.09 0
221.092 0
221.099 0
221.112 0
221.114 0
221.154 0
221.157 0
221.196 0
221.198 0
221.2 0
221.239 0
221.242 0
221.265 0
221.283 0
221.285 0
221.314 0
221.351 0
221.391 0
221.393 0
221.409 0
221.434 0
221.436 0
221.495 0
221.498 0
221.499 0
221.533 0
221.561 0
221.563 0
221.603 0
221.606 0
221.647 0
221.649 0
221.695 0
221.697 0
221.728 0
221.751 0
221.752 0
221.796 0
221.799 0
221.836 0
221.839 0
221.886 0
221.889 0
221.972 0
222.007 0
222.009 0
222.01 625
222.03 0
222.033 1177
222.058 0
222.06 0
222.07 0
222.073 0
222.075 0
222.077 0
222.079 0
222.081 0
222.083 0
222.115 0
222.117 0
222.119 0
222.193 0
222.202 0
222.204 0
222.204 0
222.265 0
222.267 0
222.268 0
222.302 0
222.303 0
222.303 1302
222.335 0
222.345 0
222.345 0
222.353 0
222.355 0
222.373 0
222.375 0
222.376 0
222.414 0
222.415 0
222.415 0
222.417 0
222.417 0
222.421 0
222.424 0
222.459 0
222.462 0
222.463 0
222.499 0
222.501 0
222.504 0
222.564 0
222.568 0
222.568 0
222.607 0
222.65 0
222.652 0
222.716 0
222.762 0
222.766 0
222.8 0
222.802 0
222.802 0
222.865 0
222.868 0
222.871 0
222.878 0
222.907 0
222.95 0
222.952 0
222.952 0
222.976 0
222.976 0
223.013 0
223.014 0
223.017 0
223.019 0
223.077 0
223.077 0
223.099 0
223.099 0
223.102 0
223.165 0
223.166 0
223.168 0
223.205 0
223.207 0
223.21 0
223.248 0
223.249 0
223.255 0
223.31 0
223.31 0
223.312 0
223.314 0
223.316 0
223.353 0
223.355 0
223.357 0
223.358 0
223.413 0
223.417 0
223.419 0
223.421 0
223.46 0
223.462 0
223.465 0
223.507 0
223.507 0
223.511 0
223.511 0
223.566 0
223.566 0
223.569 0
223.574 0
223.604 0
223.606 0
223.606 0
223.652 0
223.656 0
223.656 0
223.716 0
223.718 0
223.721 0
223.721 0
223.76 0
223.762 0
223.779 0
223.801 0
223.803 0
223.805 0
223.805 0
223.847 0
223.87 0
223.872 0
223.874 0
223.893 0
223.908 0
223.91 0
223.91 0
223.913 0
223.994 0
223.995 0
223.996 0
224 0
224.002 625
224.021 0
224.024 1177
224.052 0
224.053 0
224.053 0
224.053 0
224.053 0
224.054 0
224.057 0
224.059 0
224.099 0
224.102 0
224.102 0
224.143 0
224.144 0
224.165 0
224.166 0
224.209 0
224.211 0
224.214 0
224.247 0
224.249 0
224.249 0
224.294 0
224.298 1302
224.316 0
224.329 0
224.361 0
224.365 0
224.365 0
224.367 0
224.399 0
224.401 0
224.404 0
224.462 0
224.462 0
224.464 0
224.464 0
224.466 0
224.507 0
224.507 0
224.508 0
224.548 0
224.548 0
224.55 0
224.552 0
224.593 0
224.593 0
224.594 0
224.594 0
224.614 0
224.616 0
224.653 0
224.656 0
224.658 0
224.667 0
224.699 0
224.7 0
224.739 0
224.741 0
224.752 0
224.766 0
224.773 0
224.805 0
224.807 0
224.809 0
224.817 0
224.849 0
224.909 0
224.911 0
224.911 0
224.915 0
224.954 0
224.958 0
225.02 0
225.023 0
225.025 0
225.059 0
225.066 0
225.068 0
225.103 0
225.106 0
225.109 0
225.168 0
225.172 0
225.175 0
225.21 0
225.213 0
225.216 0
225.251 0
225.253 0
225.253 0
225.267 0
225.317 0
225.317 0
225.319 0
225.359 0
225.362 0
225.362 0
225.363 0
225.403 0
225.405 0
225.405 0
225.465 0
225.468 0
225.468 0
225.506 0
225.509 0
225.552 0
225.554 0
225.616 0
225.619 0
225.62 0
225.659 0
225.699 0
225.703 0
225.703 0
225.721 0
225.722 0
225.764 0
225.767 0
225.768 0
225.808 0
225.81 0
225.812 0
225.849 0
225.852 0
225.854 0
225.894 0
225.894 0
225.914 0
225.916 0
225.978 0
225.98 0
225.983 0
226.002 0
226.007 625
226.026 0
226.029 1177
226.059 0
226.062 0
226.064 0
226.07 0
226.072 0
226.104 0
226.142 0
226.213 0
226.284 0
226.289 0
226.293 1302
226.311 0
226.313 0
226.315 0
226.324 0
226.325 35
226.331 0
226.333 0
226.336 0
226.338 0
226.34 0
226.34 0
226.342 0
226.346 0
226.347 0
226.35 0
226.35 0
226.355 0
226.355 0
226.357 0
226.366 0
226.369 0
226.369 0
226.404 0
226.406 0
226.406 0
226.407 0
226.408 0
226.41 0
226.446 0
226.449 0
226.452 0
226.488 0
226.49 0
226.513 0
226.513 0
226.515 0
226.552 0
226.555 0
226.555 0
226.555 0
226.557 0
226.617 0
226.619 0
226.621 0
226.662 0
226.662 0
226.664 0
226.703 0
226.705 0
226.708 0
226.709 0
226.769 0
226.77 0
226.772 0
226.812 0
226.814 0
226.816 0
226.85 0
226.852 0
226.854 0
226.854 0
226.87 0
226.916 0
226.918 0
226.92 0
226.992 0
226.996 0
227.002 0
227.005 0
227.005 0
227.066 0
227.066 0
227.069 0
227.11 0
227.113 0
227.113 0
227.115 0
227.115 0
227.15 0
227.15 0
227.151 0
227.152 0
227.214 0
227.217 0
227.217 0
227.25 0
227.253 0
227.278 0
227.298 0
227.298 0
227.301 0
227.345 0
227.348 0
227.35 0
227.365 0
227.435 0
227.435 0
227.435 0
227.447 0
227.451 0
227.492 0
227.494 0
227.517 0
227.519 0
227.528 0
227.557 0
227.558 0
227.56 0
227.603 0
227.606 0
227.607 0
227.633 0
227.636 0
227.667 0
227.669 0
227.704 0
227.706 0
227.708 0
227.72 0
227.749 0
227.751 0
227.751 0
227.753 0
227.792 0
227.795 0
227.814 0
227.817 0
227.825 0
227.834 0
227.834 0
227.835 0
227.836 0
227.853 0
227.856 0
227.857 0
227.857 0
227.863 0
227.866 0
227.896 0
227.898 0
227.92 0
227.922 0
228.005 0
228.008 0
228.011 0
228.011 0
228.013 625
228.032 0
228.035 1177
228.042 0
228.06 0
228.097 0
228.097 0
228.097 0
228.101 0
228.101 0
228.101 0
228.101 0
228.101 0
228.101 0
228.102 0
228.102 0
228.135 0
228.136 0
228.152 0
228.155 0
228.188 0
228.196 0
228.197 0
228.217 0
228.22 0
228.232 674
228.232 3863
228.261 0
228.263 0
228.272 0
228.274 0
228.283 0
228.283 0
228.288 1302
228.304 0
228.306 0
228.319 0
228.368 0
228.37 0
228.37 0
228.373 0
228.409 0
228.411 0
228.413 0
228.458 0
228.46 0
228.462 0
228.503 0
228.517 0
228.52 0
228.559 0
228.561 0
228.561 0
228.564 0
228.564 0
228.602 0
228.604 0
228.608 0
228.642 0
228.665 0
228.667 0
228.711 0
228.751 0
228.753 0
228.772 0
228.773 0
228.816 0
228.82 0
228.836 0
228.849 0
228.851 0
228.897 43
228.903 0
228.922 0
228.923 0
228.929 0
228.964 0
228.964 0
228.965 0
228.965 0
228.967 0
228.985 0
228.987 0
228.994 0
229.008 0
229.009 0
229.052 0
229.052 0
229.054 0
229.057 0
229.057 0
229.09 0
229.093 0
229.115 0
229.15 0
229.153 0
229.153 0
229.154 0
229.155 0
229.201 0
229.201 0
229.203 0
229.235 1244
229.235 1250
229.235 1250
229.235 1037
229.243 0
229.244 0
229.267 0
229.278 41
229.306 0
229.306 0
229.309 0
229.309 0
229.317 0
229.347 0
229.349 0
229.351 0
229.369 0
229.369 0
229.411 0
229.414 0
229.434 0
229.436 0
229.436 41
229.458 0
229.497 0
229.497 0
229.499 0
229.501 0
229.517 0
229.518 0
229.54 0
229.564 0
229.564 0
229.584 0
229.585 0
229.606 0
229.608 0
229.646 0
229.648 0
229.648 0
229.69 0
229.69 0
229.693 0
229.695 0
229.713 0
229.713 0
229.715 0
229.73 0
229.734 0
229.735 0
229.774 0
229.774 0
229.775 0
229.776 0
229.777 0
229.778 0
229.817 0
229.819 0
229.839 0
229.843 0
229.845 0
229.853 0
229.862 0
229.878 0
229.889 0
229.89 0
229.915 0
229.917 0
229.948 0
229.95 0
229.98 0
230.008 0
230.011 0
230.015 0
230.015 0
230.016 625
230.035 0
230.038 1177
230.066 0
230.068 0
230.07 0
230.076 0
230.08 0
230.082 0
230.085 0
230.091 0
230.094 0
230.101 0
230.103 0
230.116 0
230.118 0
230.12 0
230.182 0
230.185 0
230.187 0
230.187 0
230.188 0
230.2 0
230.226 0
230.229 0
230.231 0
230.231 0
230.24 0
230.268 0
230.269 0
230.269 0
230.283 1302
230.314 0
230.314 0
230.318 0
230.353 0
230.355 0
230.358 0
230.358 0
230.362 0
230.374 0
230.396 0
230.398 0
230.399 0
230.399 0
230.437 0
230.439 0
230.441 0
230.483 0
230.486 0
230.486 0
230.502 0
230.542 0
230.545 0
230.545 0
230.547 0
230.548 0
230.567 0
230.57 0
230.61 0
230.613 0
230.614 0
230.651 0
230.654 0
230.693 0
230.695 0
230.723 0
230.734 0
230.737 0
230.737 0
230.778 0
230.782 0
230.822 0
230.825 0
230.827 0
230.829 0
230.842 0
230.855 0
230.863 0
230.865 0
230.87 0
230.905 0
230.907 0
230.907 0
230.91 0
230.954 0
230.954 0
230.993 0
230.993 0
230.995 0
231.035 0
231.038 0
231.038 0
231.077 0
231.08 0
231.08 0
231.098 0
231.101 0
231.141 0
231.143 0
231.184 0
231.187 0
231.21 0
231.227 0
231.229 0
231.248 0
231.25 0
231.289 0
231.291 0
231.332 0
231.338 0
231.339 0
231.373 0
231.375 0
231.418 0
231.419 0
231.419 0
231.428 0
231.461 0
231.462 0
231.464 0
231.48 0
231.483 0
231.515 0
231.525 0
231.527 0
231.567 0
231.568 0
231.612 0
231.614 0
231.626 0
231.631 0
231.666 0
231.698 0
231.7 0
231.704 0
231.716 0
231.718 0
231.748 0
231.75 0
231.801 0
231.801 0
231.867 0
231.87 0
231.872 0
231.907 0
231.909 0
231.911 0
231.946 0
232.012 0
232.014 625
232.033 0
232.036 1177
232.041 0
232.065 0
232.066 0
232.1 0
232.1 0
232.136 0
232.14 0
232.164 0
232.164 0
232.167 0
232.167 0
232.233 0
232.233 0
232.233 0
232.248 0
232.248 0
232.25 0
232.25 0
232.278 1302
232.309 0
232.31 35
232.318 0
232.318 0
232.32 0
232.324 0
232.357 0
232.359 0
232.385 0
232.399 0
232.401 0
232.453 0
232.459 0
232.464 0
232.464 0
232.467 0
232.467 0
232.477 0
232.504 0
232.507 0
232.518 0
232.528 0
232.548 0
232.55 0
232.613 0
232.616 0
232.646 0
232.655 0
232.656 0
232.658 0
232.696 0
232.698 0
232.7 0
232.74 0
232.761 0
232.765 0
232.767 0
232.803 0
232.807 0
232.825 0
232.857 0
232.86 0
232.889 0
232.89 0
232.895 0
232.909 0
232.909 0
232.912 0
232.942 0
232.96 0
232.961 0
232.963 0
233.009 0
233.018 0
233.022 0
233.062 0
233.064 0
233.065 0
233.118 0
233.118 0
233.118 0
233.162 0
233.165 0
233.168 0
233.168 0
233.212 0
233.212 0
233.215 0
233.216 0
233.216 0
233.218 0
233.222 0
233.252 0
233.255 0
233.255 0
233.286 0
233.314 0
233.316 0
233.316 0
233.318 0
233.318 0
233.358 0
233.361 0
233.395 0
233.398 0
233.399 0
233.399 0
233.405 0
233.465 0
233.468 0
233.468 0
233.47 0
233.505 0
233.51 0
233.513 0
233.513 0
233.55 0
233.554 0
233.554 0
233.595 0
233.597 0
233.614 0
233.617 0
233.645 0
233.655 0
233.658 0
233.66 0
233.699 0
233.702 0
233.717 0
233.764 0
233.767 0
233.77 0
233.77 0
233.782 0
233.807 0
233.811 0
233.813 0
233.851 0
233.854 0
233.89 0
233.892 0
233.959 0
233.969 0
234.029 0
234.052 0
234.121 0
234.125 0
234.128 0
234.13 625
234.151 0
234.154 1177
234.179 0
234.182 0
234.182 0
234.182 0
234.184 0
234.184 0
234.184 0
234.186 0
234.186 0
234.186 0
234.186 0
234.193 0
234.212 0
234.216 0
234.273 1302
234.283 0
234.286 0
234.286 0
234.296 0
234.298 0
234.298 0
234.3 0
234.304 0
234.362 0
234.365 0
234.366 0
234.367 0
234.367 0
234.38 0
234.404 0
234.406 0
234.407 0
234.453 0
234.453 0
234.455 0
234.457 0
234.48 0
234.481 0
234.512 0
234.513 0
234.552 0
234.555 0
234.557 0
234.586 0
234.616 0
234.616 0
234.618 0
234.618 0
234.629 0
234.632 0
234.632 0
234.654 0
234.662 0
234.665 0
234.699 0
234.703 0
234.704 0
234.767 0
234.771 0
234.772 0
234.775 0
234.787 0
234.789 0
234.81 0
234.813 0
234.814 0
234.852 0
234.854 0
234.856 0
234.856 0
234.896 0
234.898 0
234.916 0
234.917 0
234.917 0
234.936 0
234.938 0
234.947 0
234.949 0
234.967 0
235.004 0
235.007 0
235.009 0
235.011 0
235.011 0
235.068 0
235.07 0
235.072 0
235.086 0
235.102 0
235.105 0
235.126 0
235.149 0
235.152 0
235.178 0
235.195 0
235.195 0
235.216 0
235.217 0
235.257 0
235.259 0
235.261 0
235.302 0
235.304 0
235.306 0
235.365 0
235.368 0
235.37 0
235.37 0
235.407 0
235.409 0
235.409 0
235.409 0
235.451 0
235.454 0
235.458 0
235.458 0
235.513 0
235.515 0
235.519 0
235.52 0
235.539 0
235.539 0
235.541 0
235.549 0
235.554 0
235.557 0
235.598 0
235.6 0
235.604 0
235.641 0
235.644 0
235.664 0
235.667 0
235.704 0
235.706 0
235.708 0
235.709 0
235.74 0
235.746 0
235.754 0
235.758 0
235.76 0
235.761 0
235.791 0
235.792 0
235.811 0
235.813 0
235.856 0
235.859 0
235.864 0
235.866 0
235.919 0
235.923 0
235.925 0
235.928 0
236.004 0
236.007 0
236.011 0
236.012 625
236.032 0
236.035 1177
236.069 0
236.072 0
236.072 0
236.076 0
236.078 0
236.081 0
236.083 0
236.085 0
236.085 0
236.086 0
236.089 0
236.091 0
236.101 0
236.11 0
236.112 0
236.114 0
236.156 0
236.158 0
236.2 0
236.216 0
236.218 0
236.221 0
236.224 0
236.253 0
236.261 0
236.263 0
236.265 0
236.266 0
236.266 0
236.268 1302
236.28 0
236.282 0
236.283 0
236.285 0
236.293 0
236.299 0
236.301 0
236.304 0
236.306 0
236.347 0
236.348 0
236.368 0
236.369 0
236.386 0
236.389 0
236.408 0
236.41 0
236.431 0
236.431 0
236.454 0
236.456 0
236.496 0
236.497 0
236.518 0
236.524 0
236.56 0
236.56 0
236.561 0
236.601 0
236.601 0
236.604 0
236.665 0
236.667 0
236.669 0
236.669 0
236.67 0
236.67 0
236.684 0
236.703 0
236.705 0
236.75 0
236.753 0
236.818 0
236.818 0
236.82 0
236.82 0
236.858 0
236.862 0
236.899 0
236.899 0
236.902 0
236.949 0
236.967 0
236.969 0
236.971 0
236.973 0
237.033 0
237.05 0
237.05 0
237.052 0
237.054 0
237.073 0
237.075 0
237.119 0
237.124 0
237.126 0
237.163 0
237.168 0
237.17 0
237.18 0
237.185 0
237.197 0
237.199 0
237.253 0
237.269 0
237.314 0
237.367 0
237.367 0
237.392 0
237.41 0
237.434 0
237.437 0
237.473 0
237.473 0
237.474 0
237.474 0
237.474 0
237.475 0
237.475 0
237.475 0
237.476 0
237.477 0
237.478 0
237.478 0
237.479 0
237.479 0
237.497 0
237.499 0
237.501 0
237.517 0
237.523 0
237.541 0
237.541 0
237.543 0
237.584 0
237.586 0
237.588 0
237.588 0
237.589 0
237.605 0
237.608 0
237.656 0
237.659 0
237.697 0
237.697 0
237.736 0
237.736 0
237.739 0
237.776 0
237.778 0
237.794 0
237.817 0
237.819 0
237.819 0
237.82 0
237.839 0
237.841 0
237.888 0
237.9 0
237.92 0
237.93 0
237.93 0
237.936 0
237.941 0
238.004 0
238.011 0
238.011 0
238.013 0
238.015 0
238.017 0
238.019 625
238.039 0
238.042 1177
238.048 0
238.053 0
238.07 0
238.07 0
238.071 0
238.071 0
238.071 0
238.138 0
238.138 0
238.138 0
238.139 0
238.139 0
238.182 0
238.184 0
238.189 0
238.223 0
238.225 0
238.227 0
238.263 1302
238.267 0
238.27 0
238.27 0
238.293 0
238.295 35
238.331 0
238.334 0
238.373 0
238.376 0
238.376 0
238.416 0
238.417 0
238.436 0
238.436 0
238.437 0
238.46 0
238.502 0
238.503 0
238.544 0
238.545 0
238.548 0
238.585 0
238.587 0
238.589 0
238.594 0
238.598 0
238.65 0
238.652 0
238.652 0
238.695 0
238.695 0
238.698 0
238.735 0
238.737 0
238.737 0
238.738 0
238.788 0
238.805 0
238.808 0
238.809 0
238.84 0
238.843 0
238.884 0
238.886 0
238.891 0
238.906 0
238.947 0
238.948 0
238.951 0
238.951 0
238.955 0
238.988 0
238.992 0
239.034 0
239.034 0
239.036 0
239.098 0
239.101 0
239.101 0
239.103 0
239.141 0
239.143 0
239.187 0
239.191 0
239.249 0
239.252 0
239.254 0
239.263 0
239.268 0
239.291 0
239.293 0
239.296 0
239.307 0
239.334 0
239.338 0
239.339 0
239.339 0
239.373 0
239.395 0
239.398 0
239.4 0
239.44 0
239.442 0
239.446 0
239.46 0
239.483 0
239.483 0
239.487 0
239.526 0
239.529 0
239.548 0
239.551 0
239.588 0
239.591 0
239.619 0
239.634 0
239.635 0
239.679 0
239.696 0
239.699 0
239.736 0
239.738 0
239.738 0
239.741 0
239.779 0
239.782 0
239.785 0
239.822 0
239.822 0
239.825 0
239.845 0
239.848 0
239.878 0
239.89 0
239.892 0
239.892 0
239.963 0
239.989 0
239.991 0
239.995 0
239.998 0
240.003 0
240.003 0
240.005 625
240.025 0
240.028 1177
240.049 0
240.05 0
240.054 0
240.068 0
240.069 0
240.071 0
240.073 0
240.075 0
240.077 0
240.098 0
240.1 0
240.101 0
240.162 0
240.164 0
240.167 0
240.167 0
240.206 0
240.209 0
240.21 0
240.247 0
240.249 0
240.251 0
240.258 1302
240.264 0
240.289 0
240.315 0
240.316 0
240.319 0
240.319 0
240.348 0
240.355 0
240.357 0
240.36 0
240.368 0
240.399 0
240.399 0
240.401 0
240.419 0
240.441 0
240.443 0
240.443 0
240.464 0
240.466 0
240.476 0
240.506 0
240.51 0
240.515 0
240.515 0
240.548 0
240.548 0
240.551 0
240.554 0
240.554 0
240.557 0
240.557 0
240.612 0
240.614 0
240.616 0
240.632 0
240.634 0
240.634 0
240.637 0
240.637 0
240.64 0
240.64 0
240.697 0
240.699 0
240.702 0
240.702 0
240.704 0
240.719 0
240.719 0
240.721 0
240.721 0
240.741 0
240.741 0
240.743 0
240.762 0
240.765 0
240.782 0
240.784 0
240.786 0
240.786 0
240.786 0
240.796 0
240.804 0
240.806 0
240.806 0
240.847 0
240.85 0
240.85 0
240.868 0
240.874 0
240.876 0
240.883 0
240.883 0
240.885 0
240.895 0
240.898 0
240.932 0
240.932 0
240.933 0
240.955 0
240.959 0
240.959 0
240.975 0
240.997 0
240.998 0
240.999 0
241 0
241.001 0
241.017 0
241.02 0
241.028 0
241.062 0
241.065 0
241.081 0
241.083 0
241.103 0
241.105 0
241.146 0
241.148 0
241.151 0
241.155 0
241.163 0
241.168 0
241.168 0
241.169 0
241.181 0
241.183 0
241.23 0
241.232 0
241.234 0
241.272 0
241.274 0
241.275 0
241.277 0
241.279 0
241.316 0
241.319 0
241.338 0
241.34 0
241.38 0
241.384 0
241.384 0
241.4 0
241.4 0
241.416 0
241.443 0
241.445 0
241.445 0
241.447 0
241.464 0
241.465 0
241.488 0
241.489 0
241.533 0
241.535 0
241.548 0
241.551 0
241.565 0
241.567 0
241.571 0
241.572 0
241.614 0
241.614 0
241.617 0
241.619 0
241.619 0
241.657 0
241.7 0
241.702 0
241.74 0
241.743 0
241.77 0
241.772 0
241.804 0
241.807 0
241.848 0
241.85 0
241.852 0
241.864 0
241.864 0
241.87 0
241.883 0
241.913 0
241.915 0
241.918 0
241.918 0
241.933 0
241.935 0
241.939 0
241.991 0
241.999 0
242.002 0
242.006 0
242.007 625
242.052 0
242.055 1177
242.077 0
242.078 0
242.104 0
242.106 0
242.106 0
242.136 0
242.148 0
242.148 0
242.15 0
242.15 0
242.169 0
242.171 0
242.212 0
242.219 0
242.232 0
242.234 0
242.253 1302
242.276 0
242.276 0
242.279 0
242.283 0
242.295 0
242.297 0
242.302 0
242.323 0
242.339 0
242.342 0
242.38 0
242.38 0
242.383 0
242.383 0
242.415 0
242.428 0
242.446 0
242.447 0
242.494 0
242.533 0
242.535 0
242.537 0
242.572 0
242.574 0
242.618 0
242.62 0
242.663 0
242.664 0
242.687 0
242.722 0
242.726 0
242.766 0
242.768 0
242.768 0
242.769 0
242.788 0
242.79 0
242.825 0
242.825 0
242.83 0
242.833 0
242.871 0
242.873 0
242.875 0
242.885 0
242.915 0
242.917 0
242.917 0
242.953 0
242.957 0
242.98 0
242.981 0
243.001 0
243.023 0
243.025 0
243.063 0
243.067 0
243.067 0
243.069 0
243.07 0
243.103 0
243.106 0
243.108 0
243.111 0
243.157 0
243.158 0
243.16 0
243.214 0
243.216 0
243.216 0
243.256 0
243.3 0
243.302 0
243.324 0
243.325 0
243.371 0
243.429 0
243.433 0
243.449 0
243.451 0
243.483 0
243.485 0
243.485 0
243.536 0
243.538 0
243.6 0
243.602 0
243.641 0
243.642 0
243.656 0
243.662 0
243.664 0
243.664 0
243.68 0
243.685 0
243.685 0
243.687 0
243.688 0
243.722 0
243.725 0
243.728 0
243.746 0
243.748 0
243.791 0
243.791 0
243.794 0
243.833 0
243.835 0
243.835 0
243.898 0
243.901 0
243.903 0
243.918 0
243.919 0
243.973 0
243.985 0
243.986 0
244.001 0
244.004 0
244.005 0
244.007 625
244.039 0
244.042 1177
244.068 0
244.085 0
244.086 0
244.11 0
244.113 0
244.113 0
244.117 0
244.141 0
244.152 0
244.156 0
244.156 0
244.216 0
244.22 0
244.22 0
244.22 0
244.248 1302
244.26 0
244.262 0
244.279 0
244.279 0
244.281 35
244.283 0
244.285 0
244.326 0
244.329 0
244.362 0
244.365 0
244.367 0
244.37 0
244.411 0
244.411 0
244.413 0
244.451 0
244.454 0
244.464 0
244.495 0
244.495 0
244.496 0
244.496 0
244.516 0
244.518 0
244.586 0
244.589 0
244.628 0
244.629 0
244.66 0
244.665 0
244.669 0
244.675 0
244.682 0
244.709 0
244.711 0
244.749 0
244.753 0
244.788 0
244.791 0
244.793 0
244.84 0
244.843 0
244.907 0
244.911 0
244.941 0
244.943 0
244.964 0
244.967 0
245.031 0
245.034 0
245.035 0
245.071 0
245.071 0
245.073 0
245.118 0
245.12 0
245.121 0
245.154 0
245.177 0
245.178 0
245.221 0
245.224 0
245.224 0
245.265 0
245.266 0
245.266 0
245.31 0
245.326 0
245.329 0
245.33 0
245.33 0
245.334 0
245.368 0
245.369 0
245.369 0
245.372 0
245.407 0
245.433 0
245.435 0
245.437 0
245.437 0
245.473 0
245.475 0
245.476 0
245.499 0
245.52 0
245.521 0
245.528 0
245.561 0
245.563 0
245.565 0
245.582 0
245.583 0
245.583 0
245.607 0
245.609 0
245.627 0
245.629 0
245.668 0
245.671 0
245.671 0
245.673 0
245.697 0
245.7 0
245.702 0
245.715 0
245.731 0
245.734 0
245.774 0
245.777 0
245.815 0
245.817 0
245.819 0
245.86 0
245.862 0
245.87 0
245.882 0
245.884 0
245.884 0
245.924 0
245.925 0
245.927 0
246.016 0
246.018 0
246.018 0
246.02 625
246.039 0
246.042 1177
246.073 0
246.076 0
246.085 0
246.087 0
246.087 0
246.1 0
246.102 0
246.102 0
246.104 0
246.107 0
246.11 0
246.11 0
246.115 0
246.117 0
246.136 0
246.136 0
246.137 0
246.137 0
246.183 0
246.199 0
246.2 0
246.202 0
246.222 0
246.224 0
246.243 1302
246.244 0
246.246 0
246.247 0
246.264 0
246.266 0
246.268 0
246.27 0
246.274 0
246.285 0
246.288 0
246.289 0
246.33 0
246.333 0
246.335 0
246.35 0
246.351 0
246.366 0
246.368 0
246.392 0
246.395 0
246.416 0
246.42 0
246.431 0
246.436 0
246.438 0
246.48 0
246.483 0
246.485 0
246.5 0
246.503 0
246.522 0
246.525 0
246.527 0
246.552 0
246.562 0
246.565 0
246.565 0
246.567 0
246.57 0
246.583 0
246.587 0
246.631 0
246.633 0
246.636 0
246.651 0
246.651 0
246.652 0
246.67 0
246.672 0
246.709 0
246.714 0
246.717 0
246.719 0
246.719 0
246.734 0
246.737 0
246.776 0
246.779 0
246.781 0
246.8 0
246.802 0
246.842 0
246.844 0
246.844 0
246.867 0
246.868 0
246.868 0
246.905 0
246.906 0
246.921 0
246.921 0
246.948 0
246.949 0
246.952 0
246.954 0
246.994 0
246.997 0
246.997 0
246.998 0
247.033 0
247.036 0
247.077 0
247.077 0
247.082 0
247.082 0
247.099 0
247.101 0
247.139 0
247.142 0
247.142 0
247.174 0
247.182 0
247.185 0
247.185 0
247.186 0
247.222 0
247.222 0
247.223 0
247.227 0
247.248 0
247.25 0
247.31 0
247.313 0
247.315 0
247.33 0
247.331 0
247.333 0
247.334 0
247.374 0
247.376 0
247.417 0
247.421 0
247.515 0
247.515 0
247.515 0
247.524 0
247.524 0
247.526 0
247.526 0
247.566 0
247.569 0
247.569 0
247.57 0
247.581 0
247.61 0
247.61 0
247.612 0
247.631 0
247.633 0
247.672 0
247.674 0
247.677 0
247.716 0
247.716 0
247.718 0
247.718 0
247.722 0
247.731 0
247.733 0
247.781 0
247.783 0
247.785 0
247.823 0
247.825 0
247.844 0
247.867 0
247.868 0
247.871 0
247.871 0
247.908 0
247.91 0
247.912 0
247.956 0
247.956 0
247.968 0
247.999 0
248.001 0
248.001 0
248.004 0
248.009 0
248.011 625
248.031 0
248.033 1177
248.043 0
248.06 0
248.061 0
248.061 0
248.062 0
248.078 0
248.081 0
248.099 0
248.099 0
248.102 0
248.118 0
248.139 0
248.178 0
248.178 0
248.178 0
248.184 0
248.207 0
248.207 0
248.209 0
248.209 0
248.237 1302
248.251 0
248.253 0
248.269 0
248.316 0
248.319 0
248.321 0
248.336 0
248.336 0
248.344 0
248.351 0
248.376 0
248.378 0
248.418 0
248.421 0
248.421 0
248.456 0
248.461 0
248.463 0
248.466 0
248.525 0
248.527 0
248.529 0
248.529 0
248.548 0
248.55 0
248.569 0
248.571 0
248.573 0
248.612 0
248.615 0
248.616 0
248.632 0
248.632 0
248.635 0
248.677 0
248.679 0
248.681 0
248.701 0
248.746 0
248.746 0
248.786 0
248.79 0
248.79 0
248.831 0
248.833 0
248.868 0
248.872 0
248.872 0
248.876 0
248.899 0
248.934 0
248.936 0
248.939 0
248.96 0
248.973 0
248.977 0
248.977 0
248.98 0
249.022 0
249.024 0
249.081 0
249.084 0
249.084 0
249.085 0
249.122 0
249.127 0
249.14 0
249.165 0
249.166 0
249.166 0
249.23 0
249.233 0
249.275 0
249.277 0
249.316 0
249.318 0
249.379 0
249.382 0
249.382 0
249.425 0
249.425 0
249.427 0
249.462 0
249.466 0
249.469 0
249.532 0
249.532 0
249.57 0
249.572 0
249.572 0
249.586 0
249.615 0
249.615 0
249.618 0
249.618 0
249.68 0
249.683 0
249.721 0
249.724 0
249.724 0
249.765 0
249.828 0
249.831 0
249.872 0
249.873 0
249.875 0
249.878 0
249.913 0
249.916 0
249.999 0
250.003 0
250.006 625
250.02 0
250.025 0
250.029 1177
250.07 0
250.073 0
250.075 0
250.075 0
250.081 0
250.081 0
250.082 0
250.083 0
250.085 0
250.112 0
250.124 0
250.148 0
250.15 0
250.152 0
250.215 0
250.218 0
250.22 0
250.234 1302
250.254 0
250.26 0
250.26 0
250.266 0
250.267 35
250.29 0
250.312 0
250.312 0
250.313 0
250.313 0
250.342 0
250.343 0
250.343 0
250.36 0
250.362 0
250.374 0
250.42 0
250.422 0
250.422 0
250.423 0
250.423 0
250.425 0
250.434 0
250.445 0
250.447 0
250.487 0
250.49 0
250.499 0
250.5 0
250.5 0
250.555 0
250.572 0
250.575 0
250.577 0
250.595 0
250.617 0
250.62 0
250.636 0
250.64 0
250.64 0
250.642 0
250.642 0
250.652 0
250.682 0
250.682 0
250.683 0
250.702 0
250.703 0
250.768 0
250.787 0
250.787 0
250.787 0
250.809 0
250.821 0
250.833 0
250.835 0
250.845 0
250.85 0
250.852 0
250.855 0
250.897 0
250.899 0
250.915 0
250.918 0
250.94 0
250.942 0
250.981 0
250.982 0
250.982 0
250.984 0
250.986 0
250.999 0
251.002 0
251.002 0
251.003 0
251.046 0
251.048 0
251.049 0
251.064 0
251.067 0
251.078 0
251.081 0
251.082 0
251.131 0
251.133 0
251.135 0
251.153 0
251.155 0
251.194 0
251.198 0
251.213 0
251.213 0
251.215 0
251.24 0
251.243 0
251.259 0
251.259 0
251.259 0
251.279 0
251.281 0
251.3 0
251.301 0
251.301 0
251.321 0
251.323 0
251.368 0
251.369 0
251.372 0
251.408 0
251.409 0
251.409 0
251.41 0
251.449 0
251.452 0
251.454 0
251.471 0
251.472 0
251.472 0
251.515 0
251.517 0
251.52 0
251.52 0
251.557 0
251.557 0
251.56 0
251.576 0
251.578 0
251.581 0
251.587 0
251.597 0
251.597 0
251.599 0
251.642 0
251.644 0
251.653 0
251.663 0
251.704 0
251.707 0
251.707 0
251.711 0
251.726 0
251.738 0
251.747 0
251.749 0
251.75 0
251.769 0
251.771 0
251.784 0
251.81 0
251.812 0
251.814 0
251.831 0
251.833 0
251.875 0
251.875 0
251.877 0
251.879 0
251.9 0
251.903 0
251.94 0
251.942 0
251.942 0
251.951 0
252 0
252.003 0
252.006 0
252.008 625
252.027 0
252.03 1177
252.092 0
252.093 0
252.093 0
252.093 0
252.131 0
252.134 0
252.136 0
252.175 0
252.178 0
252.216 0
252.218 0
252.221 0
252.221 0
252.228 1302
252.26 0
252.26 0
252.263 0
252.266 0
252.307 0
252.314 0
252.314 0
252.344 0
252.348 0
252.366 0
252.369 0
252.388 0
252.391 0
252.393 0
252.43 0
252.432 0
252.436 0
252.472 0
252.474 0
252.474 0
252.515 0
252.516 0
252.518 0
252.52 0
252.52 0
252.521 0
252.557 0
252.56 0
252.561 0
252.561 0
252.581 0
252.583 0
252.597 0
252.6 0
252.602 0
252.646 0
252.651 0
252.665 0
252.668 0
252.685 0
252.687 0
252.729 0
252.734 0
252.751 0
252.753 0
252.794 0
252.796 0
252.796 0
252.798 0
252.815 0
252.817 0
252.817 0
252.825 0
252.857 0
252.859 0
252.861 0
252.861 0
252.899 0
252.901 0
252.903 0
252.94 0
252.977 0
252.977 0
252.977 0
252.986 0
252.988 0
252.988 0
253.03 0
253.031 0
253.033 0
253.033 0
253.048 0
253.049 0
253.068 0
253.071 0
253.071 0
253.114 0
253.116 0
253.137 0
253.154 0
253.157 0
253.157 0
253.173 105
253.196 39
253.197 0
253.197 0
253.199 0
253.201 0
253.212 0
253.214 0
253.214 0
253.214 35
253.215 0
253.232 0
253.24 0
253.241 0
253.243 0
253.243 0
253.25 0
253.263 0
253.265 0
253.285 0
253.287 0
253.289 0
253.316 0
253.326 0
253.327 0
253.33 0
253.331 0
253.365 0
253.414 0
253.414 0
253.417 0
253.42 0
253.422 0
253.422 0
253.422 0
253.432 0
253.433 0
253.442 0
253.474 0
253.477 0
253.478 0
253.497 0
253.499 0
253.523 0
253.538 0
253.54 0
253.541 0
253.541 0
253.583 0
253.584 0
253.586 0
253.624 0
253.626 0
253.647 0
253.647 0
253.649 0
253.687 0
253.689 0
253.73 0
253.732 0
253.734 0
253.798 0
253.801 0
253.839 0
253.84 0
253.842 0
253.881 0
253.883 0
253.885 0
253.885 0
253.901 0
253.924 0
253.926 0
254.011 0
254.012 0
254.014 0
254.014 0
254.015 625
254.021 0
254.035 0
254.078 0
254.126 0
254.223 1302
254.248 625
254.254 0
254.268 0
254.271 1177
254.293 0
254.311 0
254.312 0
254.313 0
254.313 0
254.313 0
254.313 0
254.315 0
254.315 0
254.316 0
254.316 0
254.351 0
254.354 0
254.415 0
254.417 0
254.418 0
254.481 0
254.483 0
254.501 0
254.506 0
254.533 0
254.537 0
254.587 0
254.59 0
254.632 0
254.65 0
254.653 0
254.655 0
254.693 0
254.696 0
254.736 0
254.739 0
254.74 0
254.8 0
254.802 0
254.804 0
254.82 0
254.846 0
254.849 0
254.882 0
254.886 0
254.886 0
254.889 0
254.946 0
254.952 0
254.955 0
254.955 0
254.957 0
254.957 0
254.959 0
254.973 0
254.975 0
255.014 0
255.017 0
255.04 0
255.042 0
255.052 0
255.08 0
255.083 0
255.084 0
255.087 0
255.088 0
255.088 0
255.119 0
255.122 0
255.124 0
255.126 0
255.184 0
255.186 0
255.189 0
255.191 0
255.206 0
255.208 0
255.222 0
255.234 0
255.25 0
255.252 0
255.256 0
255.258 0
255.26 0
255.26 0
255.262 0
255.287 0
255.29 0
255.291 0
255.292 0
255.294 0
255.333 0
255.335 0
255.337 0
255.339 0
255.374 0
255.375 0
255.377 0
255.397 0
255.399 0
255.439 0
255.441 0
255.444 0
255.482 0
255.484 0
255.521 0
255.55 0
255.552 0
255.554 0
255.586 0
255.586 0
255.588 0
255.59 0
255.633 0
255.635 0
255.636 0
255.636 0
255.638 0
255.652 0
255.655 0
255.656 0
255.681 0
255.721 0
255.723 0
255.762 0
255.762 0
255.765 0
255.782 0
255.784 0
255.823 0
255.825 0
255.827 0
255.857 0
255.867 0
255.87 0
255.87 0
255.87 0
255.916 0
255.937 0
255.94 0
255.941 0
255.979 83
255.994 0
255.995 0
255.995 0
255.998 0
256.002 0
256.004 625
256.037 0
256.04 1177
256.081 0
256.082 0
256.082 0
256.083 0
256.083 0
256.114 0
256.116 0
256.165 0
256.166 0
256.166 0
256.207 0
256.209 0
256.218 1302
256.23 0
256.232 0
256.232 0
256.249 0
256.251 35
256.27 0
256.272 0
256.313 0
256.315 0
256.377 0
256.38 0
256.42 0
256.422 0
256.451 0
256.466 0
256.467 0
256.467 0
256.495 0
256.506 0
256.508 0
256.51 0
256.549 0
256.55 0
256.553 0
256.591 0
256.591 0
256.593 0
256.625 0
256.64 0
256.64 0
256.675 0
256.675 0
256.677 0
256.677 0
256.717 0
256.738 0
256.761 0
256.762 0
256.764 0
256.782 0
256.785 0
256.797 0
256.799 0
256.799 0
256.847 0
256.848 0
256.888 0
256.891 0
256.893 0
256.896 0
256.896 0
256.899 0
256.955 0
256.957 0
256.959 0
256.998 0
257 0
257.032 0
257.033 0
257.033 0
257.113 0
257.113 0
257.113 0
257.124 0
257.124 0
257.126 0
257.137 0
257.168 0
257.171 0
257.208 0
257.211 0
257.23 0
257.232 0
257.295 0
257.334 0
257.334 0
257.338 0
257.341 0
257.343 0
257.379 0
257.383 0
257.395 0
257.422 0
257.422 0
257.423 0
257.423 0
257.467 0
257.469 0
257.484 0
257.487 0
257.528 0
257.531 0
257.532 0
257.535 0
257.535 28
257.548 0
257.552 0
257.553 0
257.566 0
257.567 0
257.615 0
257.617 0
257.619 0
257.634 0
257.683 0
257.686 0
257.699 0
257.7 0
257.721 0
257.723 0
257.724 0
257.746 0
257.749 0
257.785 0
257.788 0
257.854 0
257.857 0
257.857 0
257.875 0
257.879 0
257.913 0
257.916 0
257.997 0
257.997 0
257.997 0
257.998 0
257.999 0
258.001 625
258.013 0
258.02 0
258.023 1177
258.027 0
258.049 0
258.051 0
258.057 0
258.06 0
258.069 0
258.069 0
258.069 0
258.07 0
258.09 0
258.09 0
258.092 0
258.14 0
258.147 0
258.151 0
258.151 0
258.151 0
258.184 1243
258.184 599
258.192 0
258.213 1302
258.218 0
258.219 0
258.234 0
258.237 0
258.237 0
258.248 0
258.255 0
258.255 0
258.255 0
258.297 0
258.3 0
258.302 0
258.32 0
258.339 0
258.339 0
258.341 0
258.382 0
258.384 41
258.386 0
258.386 0
258.407 0
258.41 0
258.411 0
258.451 0
258.453 0
258.455 0
258.488 0
258.491 0
258.491 0
258.492 0
258.497 0
258.533 0
258.535 0
258.536 0
258.536 0
258.555 0
258.576 0
258.578 0
258.616 0
258.618 0
258.619 0
258.661 0
258.664 0
258.682 0
258.685 0
258.704 0
258.705 0
258.705 0
258.746 0
258.748 0
258.765 0
258.767 0
258.791 0
258.791 0
258.83 0
258.83 0
258.832 0
258.834 0
258.834 0
258.893 0
258.895 0
258.897 43
258.897 0
258.94 0
258.94 0
258.943 0
258.969 0
258.98 0
258.981 0
258.985 0
258.995 0
259.021 0
259.044 0
259.046 0
259.067 0
259.069 0
259.105 0
259.128 0
259.131 0
259.171 0
259.172 0
259.214 0
259.214 0
259.216 0
259.28 0
259.282 0
259.282 0
259.284 0
259.32 0
259.322 0
259.358 1243
259.358 622
259.367 0
259.369 0
259.369 0
259.39 0
259.428 0
259.43 0
259.43 0
259.47 0
259.513 0
259.515 0
259.515 0
259.516 0
259.53 40
259.576 0
259.579 0
259.579 0
259.62 0
259.622 0
259.666 0
259.666 0
259.669 0
259.671 0
259.702 0
259.702 28
259.725 0
259.726 0
259.728 0
259.77 0
259.772 0
259.772 0
259.773 0
259.833 0
259.835 0
259.838 0
259.876 0
259.878 0
259.879 0
259.907 0
259.917 0
259.919 0
259.919 0
259.981 0
259.983 0
260.002 0
260.003 0
260.007 0
260.008 625
260.012 0
260.028 0
260.031 1177
260.062 0
260.066 0
260.069 0
260.069 0
260.075 0
260.077 0
260.077 0
260.08 0
260.083 0
260.083 0
260.086 0
260.097 0
260.102 0
260.102 0
260.152 0
260.154 0
260.156 0
260.208 1302
260.216 0
260.217 0
260.219 0
260.239 0
260.246 0
260.248 0
260.25 0
260.272 0
260.3 0
260.302 0
260.304 0
260.356 0
260.359 0
260.359 0
260.367 0
260.391 0
260.391 0
260.428 0
260.431 0
260.456 0
260.473 0
260.476 0
260.476 0
260.478 0
260.515 0
260.517 0
260.518 0
260.557 0
260.559 0
260.58 0
260.582 0
260.601 132
260.617 35
260.622 0
260.622 0
260.671 0
260.674 0
260.676 0
260.707 0
260.709 0
260.709 0
260.755 0
260.757 0
260.796 0
260.798 0
260.801 0
260.814 0
260.816 0
260.856 0
260.859 0
260.903 0
260.905 0
260.905 0
260.922 0
260.943 0
260.943 0
260.945 0
260.945 0
260.964 0
260.966 0
261.004 0
261.01 0
261.012 0
261.052 0
261.055 0
261.055 0
261.057 0
261.08 0
261.116 0
261.119 0
261.158 0
261.16 0
261.198 0
261.201 0
261.24 0
261.242 0
261.284 0
261.286 0
261.287 0
261.305 0
261.327 0
261.33 0
261.348 0
261.35 0
261.374 0
261.412 0
261.414 0
261.417 0
261.453 0
261.455 0
261.458 0
261.497 0
261.499 0
261.512 0
261.563 0
261.565 0
261.604 0
261.604 0
261.607 0
261.608 0
261.639 0
261.658 0
261.661 0
261.663 0
261.663 0
261.663 0
261.663 0
261.699 0
261.702 0
261.752 0
261.759 0
261.764 0
261.815 0
261.817 0
261.824 0
261.826 0
261.859 0
261.862 0
261.862 0
261.865 0
261.903 0
261.905 0
261.905 0
261.906 0
261.907 0
262.003 0
262.009 0
262.013 0
262.016 625
262.022 0
262.036 0
262.039 1177
262.068 0
262.074 0
262.074 0
262.074 0
262.074 0
262.076 0
262.076 0
262.078 0
262.078 0
262.08 0
262.081 0
262.081 0
262.133 0
262.133 0
262.16 0
262.162 0
262.162 0
262.2 0
262.203 1302
262.204 0
262.204 0
262.205 0
262.205 0
262.236 0
262.237 35
262.268 0
262.272 0
262.295 0
262.295 0
262.298 0
262.298 0
262.354 0
262.396 0
262.415 0
262.419 0
262.419 0
262.419 0
262.435 0
262.435 0
262.436 0
262.436 0
262.437 0
262.437 0
262.481 0
262.485 0
262.487 0
262.489 0
262.489 0
262.512 0
262.515 0
262.515 0
262.521 0
262.566 0
262.57 0
262.571 0
262.574 0
262.596 0
262.598 0
262.629 0
262.629 0
262.631 0
262.672 0
262.674 0
262.708 0
262.714 0
262.717 0
262.777 0
262.777 0
262.779 0
262.779 0
262.781 0
262.822 0
262.823 0
262.863 0
262.866 0
262.876 0
262.89 0
262.917 0
262.918 0
262.969 0
262.971 0
262.973 0
263.037 0
263.04 0
263.054 0
263.064 0
263.07 0
263.07 0
263.071 0
263.101 0
263.102 0
263.141 0
263.143 0
263.184 0
263.185 0
263.186 0
263.238 0
263.251 0
263.265 0
263.267 0
263.27 0
263.271 0
263.28 0
263.289 0
263.292 0
263.304 0
263.304 0
263.304 0
263.332 0
263.334 0
263.336 0
263.336 0
263.375 0
263.378 0
263.417 0
263.417 0
263.42 0
263.421 0
263.459 0
263.462 0
263.479 0
263.481 0
263.507 0
263.512 0
263.524 0
263.524 0
263.526 0
263.528 0
263.528 0
263.571 0
263.572 0
263.574 0
263.597 0
263.599 0
263.601 0
263.613 0
263.636 0
263.639 0
263.673 0
263.675 0
263.678 0
263.679 0
263.722 0
263.728 0
263.73 0
263.73 0
263.781 0
263.784 0
263.822 0
263.824 0
263.824 0
263.826 0
263.864 0
263.867 0
263.869 0
263.869 0
263.87 0
263.891 0
263.928 0
263.931 0
263.935 0
263.935 0
263.944 0
263.991 0
263.993 0
263.996 0
263.998 625
264.018 0
264.021 1177
264.046 0
264.046 0
264.052 0
264.053 0
264.053 0
264.055 0
264.055 0
264.058 0
264.058 0
264.061 0
264.061 0
264.099 0
264.101 0
264.103 0
264.119 0
264.122 0
264.123 0
264.142 0
264.144 0
264.164 0
264.166 0
264.184 0
264.186 0
264.188 0
264.198 1302
264.223 0
264.229 0
264.249 0
264.251 0
264.255 0
264.293 0
264.296 0
264.335 0
264.336 0
264.336 0
264.353 0
264.398 0
264.4 0
264.439 0
264.443 0
264.483 0
264.558 0
264.56 0
264.591 0
264.595 0
264.634 0
264.636 0
264.636 0
264.7 0
264.702 0
264.704 0
264.717 0
264.729 0
264.731 0
264.782 0
264.785 0
264.786 0
264.789 0
264.855 0
264.857 0
264.86 0
264.879 0
264.882 0
264.93 0
264.932 0
264.936 0
264.988 0
264.999 0
265.002 0
265.003 0
265.038 0
265.04 0
265.057 0
265.059 0
265.082 0
265.086 0
265.102 0
265.105 0
265.106 0
265.13 0
265.143 0
265.145 0
265.147 0
265.148 0
265.166 0
265.168 0
265.189 0
265.191 0
265.193 0
265.232 0
265.276 0
265.302 0
265.305 0
265.305 0
265.31 0
265.312 0
265.312 0
265.312 0
265.332 0
265.334 0
265.371 89
265.379 0
265.381 0
265.382 0
265.384 0
265.386 0
265.387 35
265.397 0
265.421 0
265.423 0
265.424 0
265.429 0
265.431 0
265.464 0
265.466 0
265.468 0
265.479 0
265.483 0
265.549 0
265.552 0
265.553 0
265.553 0
265.555 0
265.558 0
265.57 0
265.573 0
265.594 0
265.597 0
265.634 0
265.636 0
265.638 0
265.699 0
265.702 0
265.745 0
265.747 0
265.785 0
265.787 0
265.787 0
265.85 0
265.85 0
265.852 0
265.892 0
265.935 0
265.935 0
265.998 0
266.002 625
266.023 0
266.026 1177
266.051 0
266.054 0
266.058 0
266.058 0
266.058 0
266.061 0
266.061 0
266.061 0
266.066 0
266.066 0
266.066 0
266.067 0
266.067 0
266.069 0
266.069 0
266.071 0
266.072 0
266.1 0
266.105 0
266.108 0
266.149 0
266.152 0
266.192 1302
266.21 0
266.218 0
266.221 0
266.224 0
266.242 0
266.26 0
266.263 0
266.302 0
266.304 0
266.365 0
266.375 0
266.404 0
266.404 0
266.406 0
266.409 0
266.446 0
266.446 0
266.449 0
266.501 0
266.503 0
266.543 0
266.554 0
266.557 0
266.557 0
266.622 0
266.622 0
266.623 0
266.649 0
266.651 0
266.651 0
266.704 0
266.706 0
266.756 0
266.766 0
266.769 0
266.809 0
266.812 0
266.812 0
266.854 0
266.856 0
266.856 0
266.857 0
266.888 0
266.918 0
266.918 0
266.925 0
266.946 0
266.96 0
266.964 0
266.964 0
266.972 0
267.004 0
267.005 0
267.005 0
267.065 0
267.068 0
267.11 0
267.11 0
267.112 0
267.112 0
267.114 0
267.116 0
267.116 0
267.211 0
267.214 0
267.216 0
267.218 0
267.218 0
267.229 0
267.235 0
267.301 0
267.304 0
267.304 0
267.305 0
267.305 0
267.308 0
267.308 0
267.311 0
267.318 0
267.374 0
267.374 0
267.374 0
267.4 0
267.4 0
267.408 0
267.411 0
267.449 0
267.451 0
267.453 0
267.516 0
267.52 0
267.52 0
267.521 0
267.521 0
267.523 0
267.523 0
267.555 0
267.557 0
267.655 0
267.657 0
267.666 0
267.668 0
267.702 0
267.705 0
267.708 0
267.709 0
267.728 0
267.757 0
267.762 0
267.764 0
267.765 0
267.769 0
267.771 0
267.772 0
267.773 0
267.773 0
267.814 0
267.855 0
267.857 0
267.897 0
267.9 0
267.908 0
267.922 0
267.948 0
267.984 0
267.984 0
267.986 0
268.037 0
268.039 625
268.059 0
268.059 0
268.062 1177
268.088 0
268.089 0
268.091 0
268.093 0
268.093 0
268.094 0
268.097 0
268.1 0
268.103 0
268.104 0
268.105 0
268.107 0
268.109 0
268.112 0
268.115 0
268.115 0
268.118 0
268.122 0
268.124 0
268.127 0
268.129 0
268.132 0
268.135 0
268.135 0
268.136 0
268.139 0
268.141 0
268.147 0
268.147 0
268.188 1302
268.19 0
268.207 0
268.218 0
268.22 0
268.22 0
268.221 35
268.257 0
268.261 0
268.262 0
268.3 0
268.3 0
268.364 0
268.366 0
268.366 0
268.407 0
268.409 0
268.45 0
268.453 0
268.515 0
268.517 0
268.556 0
268.558 0
268.575 0
268.6 0
268.601 0
268.618 0
268.663 0
268.665 0
268.705 0
268.705 0
268.709 0
268.747 0
268.749 0
268.752 0
268.754 0
268.779 105
268.794 0
268.812 0
268.814 0
268.858 0
268.86 0
268.86 0
268.897 0
268.901 0
268.901 0
268.963 0
268.966 0
269.005 0
269.009 0
269.048 0
269.051 0
269.113 0
269.115 0
269.117 0
269.143 0
269.155 0
269.157 0
269.196 0
269.199 0
269.229 0
269.259 0
269.26 0
269.26 0
269.263 0
269.263 0
269.266 0
269.301 0
269.304 0
269.306 0
269.307 0
269.318 0
269.346 0
269.349 0
269.361 0
269.41 0
269.413 0
269.414 0
269.416 0
269.445 0
269.456 0
269.46 0
269.462 0
269.462 0
269.462 0
269.463 0
269.498 0
269.51 0
269.557 0
269.56 0
269.561 0
269.601 0
269.604 0
269.605 0
269.646 0
269.646 0
269.695 0
269.697 0
269.7 0
269.7 0
269.713 0
269.721 0
269.728 0
269.73 0
269.747 0
269.818 0
269.821 0
269.858 0
269.861 0
269.861 0
269.863 0
269.863 0
269.864 0
269.864 0
269.878 0
269.893 0
269.913 0
269.937 0
269.96 0
269.997 0
270.015 0
270.017 0
270.019 0
270.021 625
270.041 0
270.044 1177
270.071 0
270.073 0
270.074 0
270.083 0
270.086 0
270.086 0
270.087 0
270.089 0
270.092 0
270.094 0
270.096 0
270.1 0
270.1 0
270.102 0
270.106 0
270.108 0
270.108 0
270.11 0
270.112 0
270.114 0
270.114 0
270.116 0
270.119 0
270.121 0
270.123 0
270.123 0
270.123 0
270.125 0
270.125 0
270.125 0
270.166 0
270.183 1302
270.193 0
270.216 0
270.251 0
270.295 0
270.335 0
270.363 0
270.371 0
270.395 0
270.396 0
270.459 0
270.461 0
270.52 0
270.559 0
270.562 0
270.566 0
270.573 0
270.607 0
270.607 0
270.609 0
270.615 0
270.615 0
270.615 0
270.691 0
270.691 0
270.711 0
270.715 0
270.742 0
270.756 0
270.756 0
270.756 0
270.76 0
270.798 0
270.799 0
270.801 0
270.864 0
270.867 0
270.869 0
270.869 0
270.935 0
270.948 0
270.95 0
270.951 0
271.012 0
271.012 0
271.014 0
271.015 0
271.017 0
271.02 0
271.022 0
271.022 0
271.024 0
271.063 0
271.069 0
271.092 0
271.103 0
271.134 0
271.139 0
271.139 0
271.161 0
271.165 0
271.167 0
271.167 0
271.167 0
271.177 0
271.18 0
271.2 0
271.23 0
271.247 0
271.252 0
271.252 0
271.252 0
271.311 0
271.313 0
271.313 0
271.316 0
271.316 0
271.318 0
271.319 0
271.32 0
271.32 0
271.321 0
271.346 0
271.412 0
271.417 0
271.418 0
271.418 0
271.447 0
271.449 0
271.449 0
271.45 0
271.453 0
271.455 0
271.458 0
271.458 0
271.498 0
271.547 0
271.549 0
271.584 0
271.612 0
271.615 0
271.617 0
271.62 0
271.623 0
271.623 0
271.625 0
271.651 0
271.651 0
271.654 0
271.656 0
271.657 0
271.658 0
271.675 0
271.679 0
271.679 0
271.681 0
271.686 0
271.695 0
271.695 0
271.697 0
271.707 0
271.716 0
271.718 0
271.718 0
271.72 0
271.72 0
271.722 0
271.724 0
271.726 0
271.726 0
271.728 0
271.728 0
271.731 0
271.731 0
271.733 0
271.738 0
271.738 0
271.738 0
271.738 0
271.747 0
271.755 0
271.778 0
271.781 0
271.786 0
271.802 0
271.804 0
271.823 0
271.825 0
271.827 0
271.846 0
271.905 0
271.908 0
271.909 0
271.996 0
272 0
272.001 625
272.021 0
272.024 1177
272.048 0
272.052 0
272.054 0
272.056 0
272.056 0
272.058 0
272.061 0
272.061 0
272.061 0
272.064 0
272.1 0
272.1 0
272.103 0
272.178 1302
272.2 0
272.202 0
272.209 0
272.253 0
272.256 0
272.297 0
272.314 0
272.315 0
272.317 0
272.354 0
272.394 0
272.394 0
272.4 0
272.404 0
272.439 0
272.441 0
272.464 0
272.464 0
272.466 0
272.507 0
272.509 0
272.547 0
272.549 0
272.551 0
272.613 0
272.616 0
272.656 0
272.659 0
272.659 0
272.696 0
272.698 0
272.7 0
272.762 0
272.766 0
272.807 0
272.848 0
272.848 0
272.897 0
272.9 0
272.918 0
272.938 0
272.951 0
272.951 0
272.953 0
272.953 0
272.955 0
272.955 0
272.976 0
272.978 0
273.009 0
273.018 0
273.057 0
273.057 0
273.058 0
273.058 0
273.061 0
273.063 0
273.103 0
273.104 0
273.127 0
273.132 0
273.138 0
273.143 0
273.145 0
273.169 0
273.169 0
273.185 90
273.197 0
273.201 0
273.202 35
273.209 0
273.209 0
273.211 0
273.213 0
273.227 0
273.239 0
273.278 0
273.278 0
273.278 0
273.318 0
273.322 0
273.323 0
273.323 0
273.329 0
273.354 0
273.358 0
273.361 0
273.361 0
273.362 0
273.396 0
273.396 0
273.399 0
273.401 0
273.401 0
273.421 0
273.443 0
273.445 0
273.454 0
273.465 0
273.467 0
273.467 0
273.498 0
273.498 0
273.532 0
273.544 0
273.548 0
273.551 0
273.552 0
273.563 0
273.617 0
273.619 0
273.621 0
273.623 0
273.623 0
273.643 0
273.651 0
273.651 0
273.653 0
273.698 0
273.7 0
273.704 0
273.704 0
273.705 0
273.705 0
273.727 0
273.746 0
273.765 0
273.77 0
273.809 0
273.849 0
273.851 0
273.851 0
273.881 0
273.883 0
273.916 0
273.979 0
273.979 0
273.981 0
273.997 0
274 0
274.002 625
274.022 0
274.024 1177
274.065 0
274.068 0
274.07 0
274.073 0
274.077 0
274.077 0
274.077 0
274.08 0
274.083 0
274.087 0
274.087 0
274.103 0
274.106 0
274.109 0
274.15 0
274.153 0
274.173 1302
274.204 0
274.205 35
274.212 0
274.217 0
274.254 0
274.256 0
274.299 0
274.304 0
274.306 0
274.362 0
274.364 0
274.368 0
274.37 0
274.406 0
274.408 0
274.448 0
274.452 0
274.491 0
274.512 0
274.553 0
274.556 0
274.558 0
274.618 0
274.621 0
274.622 0
274.653 0
274.657 0
274.658 0
274.705 0
274.708 0
274.709 0
274.766 0
274.769 0
274.769 0
274.812 0
274.814 0
274.852 0
274.855 0
274.898 0
274.915 0
274.918 0
274.958 0
274.961 0
274.963 0
275.002 0
275.004 0
275.069 0
275.071 0
275.071 0
275.073 0
275.108 0
275.112 0
275.112 0
275.145 0
275.148 0
275.151 0
275.151 0
275.194 0
275.214 0
275.216 0
275.219 0
275.221 0
275.262 0
275.263 0
275.265 0
275.265 0
275.279 0
275.28 0
275.287 0
275.3 0
275.302 0
275.313 0
275.313 0
275.323 0
275.323 0
275.364 0
275.367 0
275.381 0
275.383 0
275.384 0
275.385 0
275.405 0
275.407 0
275.448 0
275.45 0
275.453 0
275.453 0
275.456 0
275.473 0
275.477 0
275.491 0
275.494 0
275.502 0
275.506 0
275.514 0
275.517 0
275.535 0
275.537 0
275.552 0
275.555 0
275.569 0
275.578 0
275.58 0
275.589 0
275.594 0
275.6 0
275.64 0
275.642 0
275.642 0
275.668 0
275.668 0
275.671 0
275.674 0
275.68 0
275.682 0
275.699 0
275.703 0
275.705 0
275.705 0
275.717 0
275.747 0
275.75 0
275.75 0
275.776 0
275.776 0
275.786 0
275.812 0
275.815 0
275.815 0
275.831 0
275.835 0
275.854 0
275.857 0
275.896 0
275.9 0
275.902 0
275.918 0
275.918 0
275.984 0
275.986 0
275.986 0
276.005 0
276.008 0
276.01 625
276.02 0
276.026 0
276.029 0
276.032 1177
276.059 0
276.062 0
276.062 0
276.065 0
276.065 0
276.066 0
276.068 0
276.068 0
276.07 0
276.073 0
276.078 0
276.09 0
276.092 0
276.094 0
276.096 0
276.118 0
276.132 0
276.152 0
276.155 0
276.157 0
276.158 0
276.168 1302
276.175 0
276.199 0
276.201 0
276.216 0
276.218 0
276.221 0
276.221 0
276.238 0
276.257 0
276.26 0
276.262 0
276.262 0
276.264 0
276.264 0
276.298 0
276.301 0
276.304 0
276.305 0
276.305 0
276.316 0
276.368 0
276.37 0
276.373 0
276.373 0
276.397 0
276.397 0
276.4 0
276.401 0
276.407 0
276.437 0
276.45 0
276.451 0
276.455 0
276.514 0
276.517 0
276.518 0
276.532 0
276.557 0
276.559 0
276.561 0
276.562 0
276.562 0
276.6 0
276.601 0
276.612 0
276.628 0
276.665 0
276.667 0
276.667 0
276.669 0
276.707 0
276.709 0
276.713 0
276.717 0
276.75 0
276.75 0
276.752 0
276.792 0
276.794 0
276.814 0
276.814 0
276.815 0
276.815 0
276.852 0
276.854 0
276.855 0
276.855 0
276.899 0
276.901 0
276.904 0
276.921 0
276.921 0
276.922 0
276.963 0
276.965 0
276.967 0
277.005 0
277.007 0
277.008 0
277.051 0
277.052 0
277.07 0
277.071 0
277.073 0
277.112 0
277.115 0
277.116 0
277.134 0
277.135 0
277.154 0
277.156 0
277.197 0
277.199 0
277.2 0
277.2 0
277.225 0
277.227 0
277.276 0
277.279 0
277.283 0
277.285 0
277.308 0
277.309 0
277.346 0
277.349 0
277.415 0
277.415 0
277.415 0
277.448 0
277.448 0
277.451 0
277.453 0
277.5 0
277.502 0
277.502 0
277.504 0
277.505 0
277.538 0
277.54 0
277.56 0
277.562 0
277.607 0
277.608 0
277.646 0
277.648 0
277.648 0
277.649 0
277.695 0
277.697 0
277.699 0
277.7 0
277.751 0
277.753 0
277.753 0
277.815 0
277.815 0
277.817 0
277.818 0
277.818 0
277.858 0
277.86 0
277.863 0
277.905 0
277.905 0
277.908 0
277.909 0
278.005 0
278.007 0
278.011 0
278.012 0
278.015 0
278.017 625
278.093 0
278.163 1302
278.195 0
278.227 0
278.242 0
278.249 625
278.299 0
278.299 0
278.299 0
278.302 1177
278.323 0
278.323 0
278.326 0
278.326 0
278.326 0
278.328 0
278.328 0
278.33 0
278.33 0
278.331 0
278.331 0
278.349 0
278.351 0
278.351 0
278.351 0
278.353 0
278.413 0
278.416 0
278.418 0
278.42 0
278.449 0
278.452 0
278.454 0
278.454 0
278.498 0
278.501 0
278.502 0
278.512 0
278.566 0
278.569 0
278.569 0
278.571 0
278.606 0
278.609 0
278.615 0
278.649 0
278.649 0
278.651 0
278.68 0
278.707 0
278.713 0
278.716 0
278.716 0
278.719 0
278.758 0
278.76 0
278.799 0
278.802 0
278.802 0
278.861 0
278.864 0
278.898 0
278.903 0
278.906 0
278.908 0
278.939 0
278.948 0
278.951 0
278.958 0
279.014 0
279.016 0
279.016 0
279.019 0
279.062 0
279.063 0
279.063 0
279.071 0
279.097 0
279.099 0
279.137 0
279.141 0
279.161 0
279.172 0
279.204 0
279.204 0
279.207 0
279.207 0
279.252 0
279.253 0
279.256 0
279.266 0
279.269 0
279.271 0
279.309 0
279.312 0
279.353 0
279.355 0
279.359 0
279.363 0
279.375 0
279.375 0
279.416 0
279.419 0
279.419 0
279.458 0
279.458 0
279.46 0
279.499 0
279.504 0
279.506 0
279.569 0
279.571 0
279.59 0
279.592 0
279.609 0
279.611 0
279.616 0
279.651 0
279.654 0
279.688 0
279.688 0
279.709 0
279.72 0
279.72 0
279.723 0
279.725 0
279.745 0
279.748 0
279.749 0
279.761 0
279.8 0
279.802 0
279.802 0
279.804 0
279.822 0
279.824 0
279.867 0
279.869 0
279.879 0
279.879 0
279.901 0
279.901 0
279.905 0
279.973 0
279.979 0
279.981 0
279.984 0
279.984 0
279.986 0
279.988 625
280.007 0
280.01 1177
280.042 0
280.044 0
280.057 0
280.06 0
280.062 0
280.067 0
280.068 0
280.068 0
280.072 0
280.075 0
280.077 0
280.08 0
280.083 0
280.085 0
280.085 0
280.087 0
280.089 0
280.091 0
280.093 0
280.093 0
280.096 0
280.099 0
280.099 0
280.1 0
280.103 0
280.118 0
280.133 0
280.158 1302
280.163 0
280.164 0
280.164 0
280.189 0
280.191 35
280.208 0
280.212 0
280.228 0
280.251 0
280.253 0
280.298 0
280.314 0
280.317 0
280.36 0
280.362 0
280.373 105
280.389 0
280.39 35
280.398 0
280.399 0
280.44 0
280.453 0
280.464 0
280.466 0
280.5 0
280.505 0
280.507 0
280.507 0
280.549 0
280.549 0
280.553 0
280.577 0
280.615 0
280.615 0
280.615 0
280.615 0
280.632 0
280.634 0
280.658 0
280.696 0
280.698 0
280.737 0
280.739 0
280.76 0
280.762 0
280.792 0
280.8 0
280.804 0
280.806 0
280.846 0
280.846 0
280.85 0
280.885 0
280.888 0
280.889 0
280.932 0
280.935 0
280.955 0
280.966 0
280.979 0
281.016 0
281.019 0
281.019 0
281.058 0
281.061 0
281.104 0
281.106 0
281.109 0
281.141 0
281.166 0
281.168 0
281.21 0
281.217 0
281.221 0
281.252 0
281.256 0
281.256 0
281.258 0
281.258 0
281.26 0
281.262 0
281.267 0
281.274 0
281.316 0
281.319 0
281.331 0
281.34 0
281.357 0
281.358 0
281.402 0
281.405 0
281.463 0
281.467 0
281.467 0
281.468 0
281.48 0
281.503 0
281.506 0
281.51 0
281.549 0
281.551 0
281.613 0
281.616 0
281.657 0
281.658 0
281.659 0
281.661 0
281.68 0
281.682 0
281.7 0
281.701 0
281.702 0
281.744 0
281.751 0
281.763 0
281.768 0
281.802 0
281.804 0
281.804 0
281.806 0
281.848 0
281.851 0
281.856 0
281.856 0
281.858 0
281.858 0
281.891 0
281.893 0
281.978 0
281.981 0
281.996 0
282.001 0
282.003 625
282.013 0
282.022 0
282.026 1177
282.091 0
282.092 0
282.109 0
282.111 0
282.111 0
282.114 0
282.114 0
282.116 0
282.116 0
282.119 0
282.119 0
282.126 0
282.132 0
282.132 0
282.133 0
282.133 0
282.135 0
282.135 0
282.136 0
282.141 0
282.141 0
282.141 0
282.142 0
282.142 0
282.144 0
282.144 0
282.146 0
282.148 0
282.152 0
282.152 0
282.153 1302
282.155 0
282.155 0
282.155 0
282.157 0
282.157 0
282.213 0
282.213 0
282.214 0
282.255 0
282.255 0
282.257 0
282.257 0
282.295 0
282.298 0
282.298 0
282.298 0
282.36 0
282.363 0
282.434 0
282.446 0
282.446 0
282.448 0
282.497 0
282.498 0
282.498 0
282.516 0
282.553 0
282.555 0
282.588 0
282.615 0
282.618 0
282.618 0
282.658 0
282.661 0
282.677 0
282.702 0
282.704 0
282.707 0
282.766 0
282.767 0
282.767 0
282.769 0
282.769 0
282.808 0
282.811 0
282.876 0
282.876 0
282.876 0
282.915 0
282.917 0
282.922 0
282.936 0
282.959 0
282.961 0
282.999 0
283.003 0
283.005 0
283.005 0
283.007 0
283.097 0
283.097 0
283.11 0
283.111 0
283.113 0
283.113 0
283.113 0
283.116 0
283.116 0
283.118 0
283.118 0
283.128 0
283.129 0
283.134 0
283.195 0
283.214 0
283.216 0
283.218 0
283.255 0
283.257 0
283.32 0
283.32 0
283.32 0
283.32 0
283.363 0
283.363 0
283.366 0
283.366 0
283.374 0
283.405 0
283.409 0
283.41 0
283.41 0
283.414 0
283.416 0
283.416 0
283.418 0
283.429 0
283.51 0
283.513 0
283.515 0
283.54 0
283.555 0
283.557 0
283.596 0
283.598 0
283.598 0
283.6 0
283.602 0
283.62 0
283.661 0
283.687 0
283.708 0
283.708 0
283.718 0
283.747 0
283.749 0
283.751 0
283.752 0
283.755 0
283.756 0
283.758 0
283.799 0
283.848 0
283.848 0
283.898 0
283.898 0
283.899 0
283.902 0
283.902 0
283.902 0
283.904 0
283.904 0
283.907 0
283.907 0
283.91 0
283.993 0
283.997 0
284.001 0
284.004 0
284.005 625
284.025 0
284.028 1177
284.055 0
284.058 0
284.06 0
284.062 0
284.065 0
284.065 0
284.067 0
284.082 0
284.084 0
284.087 0
284.089 0
284.092 0
284.094 0
284.094 0
284.096 0
284.103 0
284.103 0
284.105 0
284.107 0
284.107 0
284.107 0
284.109 0
284.112 0
284.114 0
284.114 0
284.116 0
284.119 0
284.125 0
284.127 0
284.127 0
284.127 0
284.13 0
284.13 0
284.132 0
284.136 0
284.138 0
284.139 0
284.142 0
284.145 0
284.148 1302
284.15 0
284.15 0
284.151 0
284.151 0
284.152 0
284.166 0
284.18 0
284.181 0
284.193 0
284.213 0
284.239 0
284.246 0
284.247 0
284.249 0
284.271 0
284.276 0
284.321 0
284.347 0
284.349 0
284.388 0
284.41 0
284.411 0
284.411 0
284.413 0
284.444 0
284.454 0
284.471 0
284.473 0
284.515 0
284.516 0
284.564 0
284.578 0
284.578 0
284.58 0
284.6 0
284.605 0
284.622 0
284.648 0
284.664 0
284.667 0
284.669 0
284.67 0
284.694 0
284.703 0
284.705 0
284.763 0
284.77 0
284.77 0
284.773 0
284.784 0
284.816 0
284.817 0
284.817 0
284.857 0
284.859 0
284.9 0
284.902 0
284.963 0
284.965 0
284.967 0
284.969 0
285.006 0
285.009 0
285.049 0
285.049 0
285.052 0
285.054 0
285.116 0
285.117 0
285.119 0
285.155 0
285.157 0
285.157 0
285.159 0
285.2 0
285.202 0
285.204 0
285.206 0
285.265 0
285.267 0
285.267 0
285.267 0
285.305 0
285.307 0
285.309 0
285.327 0
285.329 0
285.33 0
285.35 0
285.352 0
285.355 0
285.356 0
285.411 0
285.415 0
285.416 0
285.456 0
285.458 0
285.461 0
285.462 0
285.496 0
285.497 0
285.499 0
285.501 0
285.539 0
285.542 0
285.56 0
285.563 0
285.604 0
285.606 0
285.646 0
285.648 0
285.65 0
285.65 0
285.713 0
285.717 0
285.717 0
285.718 0
285.754 0
285.756 0
285.758 0
285.817 0
285.817 0
285.819 0
285.822 0
285.822 0
285.86 0
285.86 0
285.862 0
285.862 0
285.864 0
285.902 0
285.904 0
285.906 0
285.906 0
285.935 0
285.956 0
285.968 0
286.001 0
286.002 0
286.005 0
286.009 0
286.01 0
286.014 0
286.016 625
286.104 0
286.143 1302
286.174 0
286.175 35
286.216 0
286.248 625
286.256 0
286.268 0
286.271 1177
286.293 0
286.294 0
286.294 0
286.294 0
286.294 0
286.296 0
286.297 0
286.298 0
286.299 0
286.3 0
286.3 0
286.3 0
286.3 0
286.305 0
286.305 0
286.306 0
286.311 0
286.318 0
286.348 0
286.348 0
286.35 0
286.413 0
286.417 0
286.422 0
286.429 0
286.457 0
286.46 0
286.462 0
286.487 0
286.497 0
286.5 0
286.501 0
286.567 0
286.568 0
286.568 0
286.605 0
286.605 0
286.607 0
286.607 0
286.609 0
286.648 0
286.648 0
286.65 0
286.682 0
286.714 0
286.714 0
286.718 0
286.719 0
286.745 0
286.747 0
286.749 0
286.754 0
286.756 0
286.759 0
286.797 0
286.799 0
286.801 0
286.84 0
286.86 0
286.862 0
286.902 0
286.907 0
286.908 0
286.91 0
286.948 0
286.951 0
286.972 0
286.989 0
286.989 0
286.996 0
287.013 0
287.016 0
287.054 0
287.057 0
287.069 0
287.095 0
287.098 0
287.099 0
287.118 0
287.137 0
287.139 0
287.139 0
287.161 0
287.164 0
287.178 89
287.181 0
287.193 0
287.194 35
287.195 0
287.204 0
287.234 0
287.235 0
287.245 0
287.248 0
287.29 0
287.292 0
287.294 0
287.297 0
287.354 0
287.354 0
287.356 0
287.417 0
287.425 0
287.425 0
287.438 0
287.447 0
287.447 0
287.448 0
287.448 0
287.461 0
287.503 0
287.505 0
287.506 0
287.506 0
287.542 0
287.563 0
287.566 0
287.571 0
287.581 0
287.596 0
287.608 0
287.61 0
287.61 0
287.634 0
287.65 0
287.65 0
287.654 0
287.654 0
287.656 0
287.659 0
287.711 0
287.716 0
287.718 0
287.744 0
287.756 0
287.758 0
287.76 0
287.76 0
287.799 0
287.802 0
287.804 0
287.804 0
287.842 0
287.844 0
287.88 0
287.897 0
287.897 0
287.897 0
287.906 0
287.908 0
287.909 0
287.978 0
287.98 0
287.982 0
287.985 0
287.986 0
287.987 625
288.007 0
288.011 1177
288.04 0
288.042 0
288.044 0
288.046 0
288.046 0
288.048 0
288.051 0
288.056 0
288.056 0
288.06 0
288.061 0
288.065 0
288.068 0
288.068 0
288.118 0
288.118 0
288.138 1302
288.163 0
288.165 0
288.17 0
288.17 0
288.205 0
288.208 0
288.211 0
288.232 674
288.232 3879
288.249 0
288.251 0
288.252 0
288.27 0
288.272 0
288.274 0
288.339 0
288.339 0
288.372 0
288.372 0
288.374 0
288.398 0
288.4 0
288.429 0
288.432 0
288.433 0
288.483 0
288.486 0
288.488 0
288.529 0
288.545 0
288.548 0
288.588 0
288.591 0
288.591 0
288.633 0
288.637 0
288.674 0
288.676 0
288.696 0
288.7 0
288.706 0
288.706 0
288.716 0
288.719 0
288.739 0
288.742 0
288.782 0
288.783 0
288.785 0
288.802 0
288.805 0
288.844 0
288.847 0
288.849 0
288.85 0
288.897 43
288.91 0
288.913 0
288.914 0
288.914 0
288.953 0
288.953 0
288.954 0
288.954 0
288.955 0
288.961 0
288.995 0
288.996 0
288.997 0
289.006 0
289.008 0
289.014 0
289.017 0
289.033 0
289.034 0
289.06 0
289.08 0
289.08 0
289.085 0
289.087 0
289.098 0
289.101 0
289.145 0
289.147 0
289.149 0
289.186 0
289.188 0
289.19 0
289.202 0
289.223 0
289.23 0
289.232 0
289.256 0
289.262 1250
289.262 1250
289.263 127
289.263 39
289.271 0
289.273 0
289.279 185
289.279 0
289.281 1244
289.281 1250
289.281 1250
289.281 1032
289.297 41
289.304 0
289.314 0
289.316 0
289.316 0
289.318 0
289.335 0
289.356 0
289.379 0
289.379 83
289.381 0
289.382 0
289.382 0
289.394 0
289.415 0
289.418 0
289.426 0
289.446 0
289.448 0
289.471 41
289.485 0
289.488 0
289.488 0
289.55 0
289.554 0
289.592 0
289.595 0
289.634 0
289.635 0
289.636 0
289.652 0
289.664 0
289.698 0
289.698 0
289.701 0
289.701 0
289.729 0
289.735 0
289.742 0
289.743 0
289.779 0
289.783 0
289.785 0
289.786 0
289.847 0
289.849 0
289.851 0
289.878 0
289.891 0
289.893 0
289.932 0
289.935 0
289.998 0
290.001 0
290.003 625
290.023 0
290.025 1177
290.059 0
290.061 0
290.063 0
290.067 0
290.072 0
290.076 0
290.078 0
290.078 0
290.104 0
290.106 0
290.108 0
290.108 0
290.133 1302
290.146 0
290.149 0
290.158 0
290.164 0
290.169 0
290.19 0
290.19 0
290.192 0
290.215 0
290.215 0
290.254 0
290.257 0
290.26 0
290.296 0
290.299 0
290.299 0
290.301 0
290.339 0
290.339 0
290.362 0
290.362 0
290.365 0
290.399 0
290.403 0
290.405 0
290.405 0
290.446 0
290.446 0
290.449 0
290.452 0
290.489 0
290.491 0
290.511 0
290.515 0
290.516 0
290.539 0
290.551 0
290.554 0
290.556 0
290.618 0
290.621 0
290.622 0
290.626 0
290.659 0
290.662 0
290.662 0
290.701 0
290.704 0
290.705 0
290.705 0
290.745 0
290.766 0
290.768 0
290.77 0
290.772 0
290.805 0
290.812 0
290.815 0
290.851 0
290.854 0
290.873 0
290.917 0
290.919 0
290.919 0
290.958 0
290.962 0
290.962 0
291.004 0
291.004 0
291.005 0
291.064 0
291.066 0
291.066 0
291.094 0
291.107 0
291.11 0
291.112 0
291.112 0
291.15 0
291.152 0
291.155 0
291.155 0
291.215 0
291.218 0
291.256 0
291.259 0
291.3 0
291.304 0
291.305 0
291.314 0
291.365 0
291.368 0
291.37 0
291.371 0
291.384 0
291.409 0
291.409 0
291.411 0
291.453 0
291.455 0
291.496 0
291.497 0
291.513 0
291.515 0
291.536 0
291.556 0
291.558 0
291.56 0
291.56 0
291.602 0
291.606 0
291.608 0
291.662 0
291.665 0
291.666 0
291.669 0
291.693 0
291.706 0
291.708 0
291.711 0
291.714 0
291.714 0
291.715 0
291.725 0
291.747 0
291.75 0
291.754 0
291.787 0
291.789 0
291.79 0
291.817 0
291.832 0
291.834 0
291.872 0
291.876 0
291.899 0
291.899 0
291.9 0
291.92 0
291.92 0
291.924 0
291.924 0
291.976 0
291.982 0
292.005 0
292.009 0
292.011 625
292.016 0
292.031 0
292.034 1177
292.066 0
292.069 0
292.071 0
292.075 0
292.08 0
292.087 0
292.087 0
292.089 0
292.113 0
292.116 0
292.128 1302
292.151 0
292.154 0
292.156 0
292.16 0
292.161 35
292.164 0
292.197 0
292.217 0
292.253 0
292.31 0
292.352 0
292.398 0
292.422 0
292.445 0
292.448 0
292.448 0
292.451 0
292.451 0
292.453 0
292.454 0
292.457 0
292.457 0
292.457 0
292.458 0
292.461 0
292.468 0
292.473 0
292.479 0
292.514 0
292.517 0
292.517 0
292.581 0
292.584 0
292.621 0
292.644 0
292.646 0
292.658 0
292.685 0
292.687 0
292.727 0
292.73 0
292.75 0
292.752 0
292.754 0
292.783 0
292.795 0
292.797 0
292.798 0
292.798 0
292.834 0
292.836 0
292.837 0
292.839 0
292.917 0
292.917 0
292.943 0
292.943 0
292.945 0
292.984 0
292.986 0
293.048 0
293.048 0
293.05 0
293.052 0
293.096 0
293.098 0
293.137 0
293.137 0
293.139 0
293.14 0
293.197 0
293.2 0
293.201 0
293.24 0
293.242 0
293.257 0
293.283 0
293.285 0
293.286 0
293.359 0
293.384 0
293.385 0
293.387 0
293.389 0
293.423 0
293.434 0
293.436 0
293.436 0
293.437 0
293.445 0
293.453 0
293.455 0
293.455 0
293.495 0
293.499 0
293.5 0
293.5 0
293.501 0
293.512 0
293.562 0
293.564 0
293.566 0
293.603 0
293.603 0
293.606 0
293.607 0
293.648 0
293.649 0
293.687 0
293.688 0
293.709 0
293.712 0
293.756 0
293.76 0
293.817 0
293.859 0
293.859 0
293.862 0
293.9 0
293.903 0
293.905 0
294.002 0
294.004 0
294.009 0
294.015 0
294.015 0
294.017 625
294.038 0
294.041 1177
294.082 0
294.106 0
294.123 1302
294.125 0
294.126 0
294.131 0
294.14 0
294.154 0
294.164 0
294.164 0
294.164 0
294.169 0
294.169 0
294.172 0
294.172 0
294.175 0
294.175 0
294.177 0
294.199 0
294.201 0
294.201 0
294.203 0
294.282 0
294.284 0
294.284 0
294.287 0
294.306 0
294.308 0
294.361 0
294.363 0
294.412 0
294.412 0
294.416 0
294.427 0
294.434 0
294.438 0
294.455 0
294.456 0
294.458 0
294.458 0
294.508 0
294.512 0
294.548 0
294.553 0
294.585 0
294.591 0
294.607 0
294.607 0
294.609 0
294.657 0
294.66 0
294.665 0
294.668 0
294.67 0
294.729 0
294.735 0
294.757 0
294.757 0
294.758 0
294.759 0
294.797 0
294.8 0
294.802 0
294.876 0
294.883 0
294.886 0
294.904 0
294.907 0
294.909 0
294.961 0
294.963 0
294.964 0
295.01 0
295.012 0
295.014 0
295.016 0
295.048 0
295.052 0
295.056 0
295.094 0
295.098 0
295.162 0
295.166 0
295.169 0
295.189 0
295.211 0
295.245 0
295.248 0
295.295 0
295.308 0
295.313 0
295.318 0
295.322 0
295.329 0
295.351 0
295.354 0
295.396 0
295.415 0
295.418 0
295.461 0
295.465 0
295.466 0
295.501 0
295.503 0
295.509 0
295.51 0
295.542 0
295.562 0
295.564 0
295.566 0
295.609 0
295.611 0
295.613 0
295.65 0
295.652 0
295.654 0
295.707 0
295.716 0
295.718 0
295.72 0
295.757 0
295.759 0
295.779 0
295.782 0
295.814 0
295.816 0
295.845 0
295.863 0
295.865 0
295.915 0
295.916 0
295.917 0
295.98 0
295.982 0
295.984 0
295.984 0
295.988 625
296.007 0
296.01 1177
296.054 0
296.054 0
296.057 0
296.057 0
296.057 0
296.057 0
296.058 0
296.059 0
296.062 0
296.064 0
296.077 0
296.089 0
296.1 0
296.102 0
296.118 1302
296.119 0
296.122 0
296.149 0
296.165 0
296.167 0
296.169 0
296.184 0
296.184 0
296.186 0
296.207 0
296.208 0
296.253 0
296.256 0
296.269 0
296.269 0
296.271 0
296.314 0
296.315 0
296.363 0
296.367 0
296.397 0
296.399 0
296.42 0
296.423 0
296.461 0
296.463 0
296.466 0
296.495 0
296.498 0
296.547 0
296.549 0
296.551 0
296.552 0
296.61 0
296.612 0
296.614 0
296.632 0
296.653 0
296.656 0
296.691 0
296.695 0
296.698 0
296.722 0
296.761 0
296.764 0
296.766 0
296.783 0
296.784 0
296.824 0
296.827 0
296.829 0
296.846 0
296.848 0
296.888 0
296.89 0
296.892 0
296.932 0
296.937 0
296.973 0
296.975 0
296.995 0
296.998 0
297.037 0
297.041 0
297.044 0
297.054 0
297.058 0
297.079 0
297.082 0
297.101 0
297.112 0
297.115 0
297.115 0
297.165 0
297.168 0
297.169 0
297.211 0
297.213 0
297.229 0
297.231 0
297.273 0
297.313 0
297.32 0
297.32 0
297.323 0
297.323 0
297.323 0
297.323 0
297.323 0
297.357 0
297.359 0
297.359 0
297.401 0
297.403 0
297.403 0
297.465 0
297.465 0
297.467 0
297.467 0
297.467 0
297.503 0
297.505 0
297.549 0
297.552 0
297.555 0
297.613 0
297.618 0
297.654 0
297.657 0
297.686 0
297.703 0
297.705 0
297.735 0
297.736 0
297.772 81
297.784 0
297.787 0
297.788 0
297.789 35
297.804 0
297.827 0
297.83 0
297.846 0
297.848 0
297.85 0
297.877 0
297.891 0
297.894 0
297.937 0
297.975 0
297.975 0
297.977 0
297.984 0
297.997 0
298 0
298 0
298.002 625
298.022 0
298.025 1177
298.05 0
298.054 0
298.061 0
298.064 0
298.064 0
298.071 0
298.071 0
298.071 0
298.082 0
298.084 0
298.084 0
298.112 0
298.113 1302
298.158 0
298.16 0
298.16 35
298.19 0
298.192 0
298.192 0
298.194 0
298.232 0
298.236 0
298.237 0
298.27 0
298.298 0
298.301 0
298.341 0
298.341 0
298.378 0
298.378 0
298.38 0
298.383 0
298.385 0
298.406 0
298.425 0
298.427 0
298.451 0
298.453 0
298.489 0
298.493 0
298.493 0
298.521 0
298.531 0
298.533 0
298.559 0
298.595 0
298.598 0
298.637 0
298.639 0
298.682 0
298.684 0
298.687 0
298.687 0
298.689 0
298.722 0
298.723 0
298.729 0
298.744 0
298.76 0
298.769 0
298.781 0
298.784 0
298.784 0
298.784 0
298.83 0
298.832 0
298.834 0
298.897 0
298.898 0
298.901 0
298.903 0
298.925 0
298.935 0
298.937 0
298.939 0
298.941 0
298.98 0
298.982 0
298.984 0
299.045 0
299.049 0
299.049 0
299.065 0
299.065 0
299.079 0
299.085 0
299.088 0
299.153 0
299.155 0
299.158 0
299.179 0
299.182 0
299.182 0
299.185 0
299.202 0
299.239 0
299.279 0
299.281 0
299.3 0
299.302 0
299.312 0
299.331 0
299.342 0
299.344 0
299.346 0
299.386 0
299.388 0
299.451 0
299.453 0
299.453 0
299.455 0
299.481 0
299.49 0
299.492 0
299.495 0
299.498 0
299.536 0
299.538 0
299.598 0
299.602 0
299.643 0
299.643 0
299.645 0
299.645 0
299.647 0
299.683 0
299.684 0
299.687 0
299.728 0
299.73 0
299.751 0
299.754 0
299.754 0
299.776 0
299.793 0
299.793 0
299.795 0
299.797 0
299.834 0
299.836 0
299.874 0
299.877 0
299.877 0
299.896 0
299.899 0
299.941 0
299.943 0
299.944 0
300 0
300.004 0
300.009 0
300.011 625
300.031 0
300.034 1177
300.057 0
300.06 0
300.06 0
300.062 0
300.065 0
300.065 0
300.065 0
300.092 0
300.092 0
300.096 0
300.098 0
300.107 1302
300.117 0
300.138 0
300.151 0
300.154 0
300.156 0
300.215 0
300.217 0
300.221 0
300.26 0
300.26 0
300.263 0
300.265 0
300.29 1250
300.29 1250
300.291 79
300.301 0
300.303 0
300.305 0
300.306 0
300.327 39
300.327 164
300.328 410
300.341 0
300.364 31
300.364 0
300.367 0
300.37 0
300.38 0
300.39 32
300.405 35
300.407 0
300.41 0
300.431 32
300.451 0
300.454 0
300.454 0
300.46 0
300.515 0
300.516 0
300.518 0
300.518 0
300.518 0
300.519 0
300.544 0
300.556 0
300.559 0
300.602 0
300.602 0
300.605 0
300.607 0
300.664 0
300.666 0
300.667 0
300.669 0
300.671 0
300.706 0
300.729 0
300.73 0
300.733 0
300.748 0
300.748 0
300.78 0
300.78 0
300.783 0
300.785 0
300.82 0
300.856 0
300.858 0
300.86 0
300.896 0
300.898 0
300.916 0
300.941 0
300.944 0
300.965 0
300.965 0
300.993 0
301.007 0
301.007 0
301.007 0
301.046 0
301.046 0
301.048 0
301.056 0
301.087 0
301.088 0
301.101 0
301.104 0
301.107 0
301.111 0
301.114 0
301.156 0
301.158 0
301.196 0
301.198 0
301.198 0
301.261 0
301.264 0
301.266 0
301.275 0
301.294 0
301.304 0
301.307 0
301.308 0
301.31 0
301.31 0
301.318 0
301.346 0
301.349 0
301.35 0
301.38 0
301.388 0
301.389 0
301.392 0
301.397 0
301.413 0
301.415 0
301.442 0
301.455 0
301.457 0
301.457 0
301.498 0
301.499 0
301.499 0
301.501 0
301.54 0
301.542 0
301.563 0
301.564 0
301.581 0
301.606 0
301.606 0
301.608 0
301.611 0
301.611 0
301.645 0
301.646 0
301.648 0
301.667 0
301.688 0
301.688 0
301.696 0
301.698 0
301.7 0
301.751 0
301.753 0
301.755 0
301.756 0
301.774 0
301.815 0
301.819 0
301.847 0
301.847 0
301.85 0
301.852 0
301.9 0
301.904 0
301.904 0
301.906 0
301.977 89
301.994 0
301.999 0
302.001 0
302.007 0
302.011 0
302.013 0
302.014 625
302.039 0
302.042 1177
302.068 0
302.07 0
302.07 0
302.071 0
302.071 0
302.102 1302
302.116 0
302.118 0
302.12 0
302.122 0
302.133 0
302.162 0
302.164 0
302.166 0
302.2 0
302.202 0
302.203 0
302.292 0
302.293 0
302.309 0
302.311 0
302.314 0
302.316 0
302.35 0
302.352 0
302.353 0
302.381 0
302.391 0
302.392 0
302.4 0
302.416 0
302.418 0
302.454 0
302.456 0
302.458 0
302.458 0
302.5 0
302.503 0
302.503 0
302.506 0
302.521 0
302.568 0
302.572 0
302.574 0
302.6 0
302.604 0
302.605 0
302.649 0
302.651 0
302.653 0
302.689 0
302.691 0
302.693 0
302.712 0
302.714 0
302.757 0
302.76 0
302.76 0
302.762 0
302.799 0
302.801 0
302.803 0
302.821 0
302.827 0
302.858 0
302.864 0
302.866 0
302.904 0
302.904 0
302.906 0
302.906 0
302.909 0
302.957 0
302.957 0
302.957 0
302.978 0
303.014 0
303.014 0
303.017 0
303.032 0
303.032 0
303.057 0
303.058 0
303.096 0
303.099 0
303.126 0
303.139 0
303.14 0
303.173 83
303.177 0
303.177 0
303.177 0
303.191 0
303.192 35
303.197 0
303.201 0
303.245 0
303.248 0
303.255 0
303.288 0
303.29 0
303.293 0
303.293 0
303.334 0
303.335 0
303.346 0
303.399 0
303.399 0
303.399 0
303.436 0
303.439 0
303.447 0
303.48 0
303.483 0
303.488 0
303.491 0
303.499 0
303.545 0
303.548 0
303.55 0
303.554 0
303.578 83
303.586 0
303.588 0
303.59 0
303.594 0
303.601 0
303.63 0
303.633 0
303.635 0
303.671 0
303.674 0
303.697 0
303.697 0
303.699 0
303.714 0
303.718 0
303.739 0
303.743 0
303.746 0
303.783 0
303.783 0
303.785 0
303.821 0
303.821 0
303.822 0
303.843 0
303.846 0
303.88 0
303.882 0
303.885 0
303.896 0
303.92 0
303.965 0
303.973 0
303.981 0
303.994 0
303.996 0
303.999 0
304.001 625
304.02 0
304.022 1177
304.034 0
304.045 0
304.05 0
304.056 0
304.056 0
304.06 0
304.061 0
304.067 0
304.067 0
304.069 0
304.069 0
304.098 1302
304.1 0
304.103 0
304.12 0
304.121 0
304.13 0
304.131 35
304.154 0
304.162 0
304.163 0
304.167 0
304.181 0
304.181 0
304.184 0
304.184 0
304.205 0
304.208 0
304.208 0
304.219 0
304.248 0
304.25 0
304.287 0
304.288 0
304.313 0
304.315 0
304.315 0
304.357 0
304.359 0
304.36 0
304.386 1244
304.386 578
304.397 0
304.4 0
304.4 0
304.401 0
304.405 0
304.427 0
304.439 0
304.441 0
304.445 0
304.462 0
304.462 0
304.464 0
304.464 0
304.505 0
304.507 0
304.507 0
304.51 0
304.526 0
304.547 0
304.551 0
304.552 0
304.552 0
304.568 0
304.569 0
304.575 0
304.577 41
304.611 0
304.614 0
304.616 0
304.631 0
304.634 0
304.635 0
304.641 0
304.641 0
304.653 0
304.655 0
304.667 0
304.701 0
304.701 0
304.704 0
304.706 0
304.706 0
304.708 0
304.716 0
304.719 0
304.724 0
304.76 0
304.763 0
304.765 0
304.781 0
304.783 0
304.849 0
304.852 0
304.854 0
304.893 0
304.895 0
304.895 0
304.897 0
304.935 0
304.936 0
304.952 0
304.974 0
304.976 0
305.017 0
305.02 0
305.021 0
305.039 0
305.041 0
305.085 0
305.086 0
305.145 0
305.147 0
305.149 0
305.164 0
305.167 0
305.185 0
305.188 0
305.19 0
305.229 0
305.231 0
305.249 0
305.251 0
305.318 0
305.319 0
305.319 0
305.358 0
305.403 0
305.403 0
305.405 0
305.405 0
305.467 0
305.469 0
305.471 0
305.505 0
305.508 0
305.51 0
305.551 0
305.554 0
305.613 0
305.615 0
305.616 0
305.618 0
305.635 0
305.637 0
305.678 0
305.681 0
305.72 0
305.723 0
305.723 0
305.724 0
305.763 0
305.765 0
305.828 0
305.83 0
305.867 0
305.87 0
305.871 0
305.922 0
305.922 0
305.924 0
305.926 0
305.967 0
305.989 0
306.001 0
306.004 0
306.004 0
306.006 625
306.028 0
306.031 1177
306.058 0
306.058 0
306.058 0
306.06 0
306.064 0
306.064 0
306.083 0
306.083 0
306.085 0
306.085 0
306.093 1302
306.103 0
306.105 0
306.124 0
306.146 0
306.148 0
306.149 0
306.149 0
306.179 0
306.181 0
306.21 0
306.213 0
306.231 0
306.234 0
306.252 0
306.258 0
306.272 0
306.283 0
306.295 0
306.298 0
306.3 0
306.318 0
306.32 0
306.332 0
306.34 0
306.342 0
306.38 0
306.383 0
306.385 0
306.398 0
306.398 0
306.425 0
306.429 0
306.465 0
306.468 0
306.47 0
306.495 0
306.529 0
306.535 0
306.535 0
306.547 0
306.575 0
306.577 105
306.578 0
306.582 0
306.592 0
306.595 0
306.595 0
306.596 0
306.596 0
306.639 0
306.642 0
306.65 0
306.675 0
306.679 0
306.682 0
306.682 0
306.684 0
306.684 0
306.691 0
306.734 0
306.745 0
306.747 0
306.75 0
306.789 0
306.829 0
306.83 0
306.831 0
306.897 0
306.898 0
306.9 0
306.93 0
306.936 0
306.936 0
306.938 0
306.94 0
306.94 0
306.979 0
306.982 0
306.982 0
306.983 0
307.046 0
307.049 0
307.088 0
307.09 0
307.09 0
307.148 0
307.151 0
307.153 0
307.195 0
307.198 0
307.202 0
307.234 0
307.236 0
307.314 0
307.342 0
307.345 0
307.359 0
307.382 0
307.383 0
307.386 0
307.411 0
307.427 0
307.45 0
307.45 0
307.453 0
307.479 0
307.483 0
307.532 0
307.535 0
307.598 0
307.598 0
307.6 0
307.6 0
307.602 0
307.629 0
307.636 0
307.641 0
307.684 0
307.685 0
307.687 0
307.69 0
307.748 0
307.751 0
307.764 0
307.779 0
307.782 0
307.833 0
307.836 0
307.838 0
307.852 0
307.892 0
307.896 0
307.896 0
307.899 0
307.923 0
307.94 0
307.977 0
307.977 0
307.99 0
308.004 0
308.013 0
308.013 0
308.015 625
308.026 0
308.036 0
308.039 1177
308.047 0
308.062 0
308.064 0
308.064 0
308.066 0
308.066 0
308.066 0
308.072 0
308.072 0
308.075 0
308.078 0
308.08 0
308.087 1302
308.112 0
308.118 0
308.151 0
308.153 0
308.153 0
308.153 0
308.216 0
308.219 0
308.23 0
308.231 0
308.257 0
308.259 0
308.259 0
308.273 0
308.302 0
308.305 0
308.36 0
308.36 0
308.36 0
308.363 0
308.365 0
308.368 0
308.374 105
308.417 0
308.417 0
308.417 0
308.417 0
308.418 0
308.418 0
308.418 35
308.431 0
308.432 0
308.451 0
308.454 0
308.454 0
308.496 0
308.515 0
308.516 0
308.516 0
308.556 0
308.557 0
308.56 0
308.56 0
308.598 0
308.601 0
308.603 0
308.603 0
308.665 0
308.667 0
308.673 0
308.694 0
308.706 0
308.712 0
308.715 0
308.738 0
308.747 0
308.75 0
308.753 0
308.812 0
308.816 0
308.816 0
308.856 0
308.858 0
308.858 0
308.9 0
308.9 0
308.902 0
308.925 0
308.963 0
308.965 0
308.967 0
309.002 0
309.007 0
309.011 0
309.026 0
309.047 0
309.049 0
309.049 0
309.051 0
309.06 0
309.096 0
309.112 0
309.114 0
309.117 0
309.118 0
309.145 0
309.163 0
309.166 0
309.197 0
309.199 0
309.199 0
309.248 0
309.263 0
309.265 0
309.267 0
309.267 0
309.267 0
309.271 0
309.274 0
309.301 0
309.304 0
309.307 0
309.307 0
309.346 0
309.347 0
309.349 0
309.412 0
309.415 0
309.418 0
309.459 0
309.462 0
309.497 0
309.5 0
309.5 0
309.534 0
309.554 0
309.561 0
309.563 0
309.565 0
309.568 0
309.606 0
309.61 0
309.646 0
309.648 0
309.697 0
309.699 0
309.702 0
309.705 0
309.75 0
309.75 0
309.753 0
309.753 0
309.756 0
309.819 0
309.821 0
309.821 0
309.862 0
309.864 0
309.867 0
309.867 0
309.879 0
309.901 0
309.905 0
309.997 0
309.999 0
310.004 0
310.007 0
310.009 625
310.03 0
310.032 1177
310.056 0
310.057 0
310.057 0
310.059 0
310.059 0
310.062 0
310.065 0
310.065 0
310.067 0
310.069 0
310.069 0
310.072 0
310.083 1302
310.115 0
310.116 35
310.121 0
310.121 0
310.125 0
310.125 0
310.126 0
310.159 0
310.162 0
310.2 0
310.2 0
310.202 0
310.204 0
310.27 0
310.272 0
310.29 0
310.293 0
310.307 0
310.309 0
310.357 0
310.359 0
310.395 0
310.395 0
310.397 0
310.413 0
310.417 0
310.459 0
310.461 0
310.461 0
310.499 0
310.501 0
310.501 0
310.503 0
310.503 0
310.529 0
310.531 0
310.569 0
310.572 0
310.605 0
310.608 0
310.65 0
310.652 0
310.653 0
310.694 0
310.713 0
310.714 0
310.717 0
310.719 0
310.757 0
310.757 0
310.758 0
310.801 0
310.804 0
310.811 0
310.837 0
310.85 0
310.865 0
310.868 0
310.869 0
310.884 0
310.886 0
310.887 0
310.889 0
310.904 0
310.906 0
310.948 0
310.95 0
310.95 0
310.959 0
310.977 0
310.982 0
310.996 0
311.012 0
311.014 0
311.016 0
311.022 0
311.05 0
311.053 0
311.055 0
311.058 0
311.098 0
311.101 0
311.102 0
311.113 0
311.169 0
311.171 0
311.173 0
311.181 105
311.196 0
311.196 0
311.196 0
311.198 0
311.198 0
311.198 0
311.2 0
311.2 0
311.2 0
311.254 0
311.255 0
311.258 0
311.268 0
311.272 0
311.277 0
311.279 0
311.313 0
311.315 0
311.339 0
311.34 0
311.362 0
311.363 0
311.375 0
311.433 0
311.436 0
311.438 0
311.438 0
311.441 0
311.442 0
311.461 0
311.461 0
311.463 0
311.463 0
311.471 0
311.48 0
311.482 0
311.482 0
311.504 0
311.505 0
311.512 0
311.529 0
311.531 0
311.572 0
311.575 0
311.576 0
311.58 81
311.596 0
311.596 0
311.609 0
311.609 0
311.611 0
311.613 0
311.615 0
311.615 0
311.653 0
311.658 0
311.66 0
311.66 0
311.67 0
311.684 0
311.695 0
311.698 0
311.701 0
311.701 0
311.717 0
311.719 0
311.72 0
311.738 0
311.738 0
311.739 0
311.741 0
311.758 0
311.76 0
311.763 0
311.779 0
311.781 0
311.781 0
311.801 0
311.803 0
311.849 0
311.885 0
311.887 0
311.889 0
311.889 0
311.93 0
311.932 0
311.934 0
311.937 0
311.995 0
311.998 0
311.998 0
312 0
312.002 0
312.004 625
312.023 0
312.026 1177
312.055 0
312.061 0
312.061 0
312.063 0
312.063 0
312.065 0
312.065 0
312.067 0
312.067 0
312.078 1302
312.079 0
312.099 0
312.109 0
312.12 0
312.122 0
312.123 0
312.148 0
312.162 0
312.165 0
312.168 0
312.172 0
312.182 0
312.186 0
312.234 0
312.252 0
312.255 0
312.271 0
312.29 0
312.293 0
312.295 0
312.295 0
312.333 0
312.337 0
312.34 0
312.34 0
312.341 0
312.365 0
312.387 0
312.399 0
312.404 0
312.406 0
312.408 0
312.444 0
312.449 0
312.451 0
312.454 0
312.456 0
312.457 0
312.478 0
312.486 0
312.488 0
312.489 0
312.517 0
312.552 0
312.554 0
312.558 0
312.599 0
312.599 0
312.607 0
312.615 0
312.616 0
312.626 0
312.633 0
312.651 0
312.663 0
312.663 0
312.699 0
312.704 0
312.705 0
312.732 0
312.764 0
312.766 0
312.766 0
312.807 0
312.81 0
312.813 0
312.851 0
312.853 0
312.853 0
312.874 0
312.889 0
312.891 0
312.908 0
312.91 0
312.952 0
312.956 0
312.958 0
313.017 0
313.021 0
313.057 0
313.059 0
313.103 0
313.106 0
313.119 0
313.166 0
313.169 0
313.169 0
313.218 0
313.231 0
313.233 0
313.27 0
313.272 0
313.317 0
313.32 0
313.323 0
313.368 0
313.38 0
313.384 0
313.439 0
313.439 0
313.464 0
313.466 0
313.468 0
313.529 0
313.53 0
313.532 0
313.572 0
313.574 0
313.577 0
313.613 0
313.616 0
313.616 0
313.618 0
313.679 0
313.681 0
313.685 0
313.685 0
313.728 0
313.73 0
313.73 0
313.767 0
313.768 0
313.809 0
313.81 0
313.828 0
313.831 0
313.843 0
313.853 0
313.869 0
313.872 0
313.873 0
313.89 0
313.915 0
313.917 0
313.917 0
313.92 0
313.95 0
313.961 0
313.965 0
313.997 0
314 0
314.001 0
314.005 0
314.006 625
314.039 0
314.041 1177
314.054 0
314.073 1302
314.087 0
314.1 0
314.102 0
314.104 0
314.104 0
314.104 0
314.107 0
314.107 0
314.12 0
314.122 0
314.126 0
314.13 0
314.13 0
314.138 0
314.139 0
314.14 0
314.146 0
314.149 0
314.15 0
314.153 0
314.156 0
314.159 0
314.172 0
314.175 0
314.175 0
314.185 0
314.21 0
314.213 0
314.213 0
314.226 0
314.228 0
314.231 0
314.235 0
314.252 0
314.254 0
314.282 0
314.296 0
314.298 0
314.299 0
314.339 0
314.339 0
314.342 0
314.36 0
314.38 0
314.383 0
314.385 0
314.398 0
314.442 0
314.447 0
314.449 0
314.454 0
314.487 0
314.489 0
314.528 0
314.532 0
314.533 0
314.558 0
314.582 0
314.594 0
314.596 0
314.598 0
314.622 0
314.637 0
314.637 0
314.639 0
314.641 0
314.667 0
314.67 0
314.676 0
314.68 0
314.683 0
314.726 0
314.743 0
314.743 0
314.746 0
314.747 0
314.749 0
314.75 0
314.764 0
314.766 0
314.768 0
314.785 0
314.787 0
314.828 0
314.83 0
314.833 0
314.833 0
314.835 0
314.837 0
314.872 0
314.874 0
314.876 0
314.915 0
314.917 0
314.919 0
314.922 0
314.978 0
314.981 0
314.984 0
315.022 0
315.062 0
315.064 0
315.13 0
315.131 0
315.134 0
315.135 0
315.171 0
315.173 0
315.174 0
315.212 0
315.214 0
315.216 0
315.218 0
315.263 0
315.279 0
315.281 0
315.284 0
315.326 0
315.329 0
315.331 0
315.341 0
315.343 0
315.345 0
315.361 0
315.363 0
315.387 0
315.39 0
315.392 0
315.431 0
315.433 0
315.436 0
315.453 0
315.456 0
315.458 0
315.479 0
315.481 0
315.514 0
315.514 0
315.516 0
315.518 0
315.558 0
315.561 0
315.561 0
315.567 0
315.569 0
315.569 0
315.62 0
315.622 0
315.623 0
315.662 0
315.664 0
315.724 0
315.728 0
315.728 0
315.767 0
315.768 0
315.768 0
315.773 0
315.847 0
315.849 0
315.851 0
315.852 0
315.871 0
315.913 0
315.915 0
315.923 0
315.928 0
315.931 0
315.985 0
316.005 0
316.007 0
316.011 0
316.013 625
316.032 0
316.035 1177
316.059 0
316.062 0
316.063 0
316.067 0
316.068 1302
316.07 0
316.072 0
316.076 0
316.076 0
316.083 0
316.085 0
316.088 0
316.088 0
316.09 0
316.094 0
316.097 0
316.1 0
316.1 0
316.101 35
316.108 0
316.11 0
316.127 0
316.151 0
316.153 0
316.197 0
316.222 0
316.224 0
316.226 0
316.261 0
316.262 0
316.262 0
316.264 0
316.294 0
316.296 0
316.331 0
316.365 0
316.367 0
316.369 0
316.371 0
316.402 0
316.43 0
316.434 0
316.434 0
316.448 0
316.45 0
316.476 0
316.513 0
316.515 0
316.515 0
316.517 0
316.517 0
316.519 0
316.522 0
316.522 0
316.543 0
316.56 0
316.566 0
316.568 0
316.581 0
316.606 0
316.609 0
316.612 0
316.64 0
316.652 0
316.665 0
316.667 0
316.67 0
316.683 0
316.699 0
316.709 0
316.712 0
316.73 0
316.732 0
316.75 0
316.753 0
316.755 0
316.76 0
316.791 0
316.794 0
316.814 0
316.816 0
316.836 0
316.838 0
316.854 0
316.856 0
316.897 0
316.899 0
316.901 0
316.903 0
316.961 0
316.961 0
316.964 0
316.964 0
316.966 0
316.984 0
316.986 0
317.005 0
317.009 0
317.011 0
317.022 0
317.041 0
317.047 0
317.049 0
317.053 0
317.053 0
317.055 0
317.055 0
317.084 0
317.093 0
317.11 0
317.113 0
317.152 0
317.155 0
317.157 0
317.159 0
317.172 0
317.195 0
317.197 0
317.197 0
317.199 0
317.199 0
317.201 0
317.208 0
317.226 0
317.231 0
317.241 0
317.241 0
317.243 0
317.26 0
317.263 0
317.265 0
317.265 0
317.306 0
317.308 0
317.309 0
317.312 0
317.355 0
317.355 0
317.36 0
317.394 0
317.406 0
317.41 0
317.413 0
317.415 0
317.416 0
317.417 0
317.417 0
317.423 0
317.453 0
317.457 0
317.458 0
317.462 0
317.469 0
317.495 0
317.498 0
317.498 0
317.516 0
317.517 0
317.52 0
317.535 0
317.535 28
317.559 0
317.563 0
317.584 0
317.603 0
317.605 0
317.608 0
317.629 0
317.642 0
317.648 0
317.651 0
317.652 0
317.653 0
317.654 0
317.654 0
317.685 0
317.696 0
317.7 0
317.711 0
317.712 0
317.713 0
317.73 0
317.734 0
317.75 0
317.751 0
317.751 0
317.753 0
317.755 0
317.757 0
317.817 0
317.82 0
317.82 0
317.822 0
317.861 0
317.863 0
317.867 0
317.88 0
317.901 0
317.903 0
317.946 0
317.948 0
318.017 0
318.019 625
318.038 0
318.04 1177
318.062 0
318.062 0
318.063 0
318.063 1302
318.063 0
318.095 0
318.114 0
318.118 0
318.119 0
318.134 0
318.137 0
318.145 0
318.147 0
318.188 0
318.195 1244
318.195 595
318.199 0
318.201 0
318.202 0
318.263 0
318.266 0
318.268 0
318.307 0
318.309 0
318.311 0
318.313 0
318.349 0
318.351 0
318.384 41
318.411 0
318.411 0
318.415 0
318.459 0
318.459 0
318.461 0
318.499 0
318.501 0
318.501 0
318.563 0
318.565 0
318.567 0
318.608 0
318.61 0
318.648 0
318.65 0
318.71 0
318.712 0
318.755 0
318.759 0
318.797 0
318.797 0
318.8 0
318.862 0
318.865 0
318.897 43
318.905 0
318.908 0
318.908 0
318.947 0
318.95 0
318.95 0
318.995 0
319.008 0
319.01 0
319.01 0
319.012 0
319.052 0
319.052 0
319.054 0
319.056 0
319.057 0
319.096 0
319.099 0
319.1 0
319.143 0
319.162 0
319.165 0
319.206 0
319.206 0
319.247 0
319.247 0
319.251 0
319.267 0
319.267 0
319.308 0
319.311 0
319.311 0
319.313 0
319.33 0
319.352 0
319.354 0
319.392 0
319.394 0
319.418 0
319.458 0
319.461 0
319.463 0
319.502 0
319.505 0
319.545 0
319.545 0
319.565 0
319.567 0
319.585 0
319.608 0
319.611 0
319.627 0
319.63 0
319.648 0
319.651 0
319.694 0
319.696 0
319.702 0
319.702 28
319.715 0
319.716 0
319.734 0
319.737 0
319.745 0
319.747 0
319.777 0
319.779 0
319.798 0
319.8 0
319.842 0
319.845 0
319.863 0
319.865 0
319.886 0
319.906 0
319.906 0
319.909 0
319.919 0
319.991 0
319.992 0
319.995 0
319.995 0
319.998 0
319.998 0
320.002 0
320.003 625
320.016 0
320.023 0
320.026 1177
320.051 0
320.052 0
320.058 1302
320.062 0
320.062 0
320.064 0
320.067 0
320.069 0
320.069 0
320.069 0
320.07 0
320.07 0
320.072 0
320.077 0
320.079 0
320.079 0
320.09 0
320.102 0
320.116 0
320.119 0
320.121 0
320.124 0
320.129 0
320.131 0
320.16 0
320.163 0
320.165 0
320.186 0
320.186 0
320.189 0
320.189 0
320.193 0
320.228 0
320.229 0
320.23 0
320.233 0
320.249 0
320.251 0
320.269 0
320.271 0
320.287 0
320.311 0
320.313 0
320.316 0
320.337 0
320.354 0
320.357 0
320.376 0
320.378 0
320.378 0
320.405 0
320.418 0
320.418 0
320.421 0
320.44 0
320.443 0
320.467 0
320.483 0
320.483 0
320.483 0
320.516 0
320.516 0
320.537 0
320.548 0
320.548 0
320.549 0
320.551 0
320.587 0
320.587 0
320.59 0
320.631 0
320.633 0
320.633 0
320.638 0
320.66 0
320.683 0
320.697 0
320.699 0
320.721 0
320.739 0
320.739 0
320.742 0
320.742 0
320.743 0
320.749 0
320.764 0
320.774 0
320.78 0
320.782 0
320.787 0
320.79 0
320.846 0
320.849 0
320.849 0
320.864 0
320.878 0
320.88 0
320.882 0
320.909 0
320.93 0
320.933 0
320.935 0
320.936 0
320.977 0
320.98 105
320.996 0
320.996 0
320.996 0
320.997 0
320.997 35
320.999 0
321.039 0
321.041 0
321.081 0
321.081 0
321.085 0
321.146 0
321.148 0
321.162 0
321.186 0
321.189 0
321.192 0
321.209 0
321.229 0
321.232 0
321.236 0
321.244 0
321.263 0
321.293 0
321.295 0
321.297 0
321.335 0
321.337 0
321.341 0
321.381 0
321.383 0
321.386 0
321.4 0
321.402 0
321.402 0
321.424 0
321.441 0
321.442 0
321.445 0
321.446 0
321.484 0
321.486 0
321.488 0
321.501 0
321.51 0
321.515 0
321.53 0
321.539 0
321.543 0
321.547 0
321.549 0
321.549 0
321.551 0
321.558 0
321.588 0
321.59 0
321.633 0
321.635 0
321.637 0
321.639 0
321.698 0
321.7 0
321.701 0
321.701 0
321.715 0
321.743 0
321.746 0
321.747 0
321.786 0
321.789 0
321.791 0
321.85 0
321.852 0
321.853 0
321.891 0
321.895 0
321.934 0
321.936 0
321.995 0
321.998 0
322 625
322.02 0
322.022 1177
322.048 0
322.05 0
322.052 0
322.053 1302
322.055 0
322.055 0
322.058 0
322.061 0
322.061 0
322.062 0
322.062 0
322.064 0
322.084 0
322.085 35
322.105 0
322.107 0
322.145 0
322.145 0
322.148 0
322.209 0
322.211 0
322.212 0
322.254 0
322.256 0
322.257 0
322.299 0
322.301 0
322.358 0
322.36 0
322.362 0
322.402 0
322.405 0
322.407 0
322.443 0
322.446 0
322.465 0
322.465 0
322.467 0
322.467 0
322.51 0
322.511 0
322.513 0
322.552 0
322.555 0
322.556 0
322.617 0
322.62 0
322.624 0
322.624 0
322.636 0
322.639 0
322.645 0
322.647 0
322.649 0
322.68 0
322.683 0
322.685 0
322.699 0
322.701 0
322.721 0
322.723 0
322.764 0
322.767 0
322.816 0
322.828 0
322.831 0
322.831 0
322.891 0
322.895 0
322.914 0
322.916 0
322.958 0
322.961 0
322.997 0
323 0
323.064 0
323.066 0
323.105 0
323.105 0
323.106 0
323.109 0
323.118 0
323.125 0
323.137 0
323.146 0
323.17 0
323.173 0
323.176 0
323.18 0
323.214 0
323.217 0
323.217 0
323.257 0
323.258 0
323.26 0
323.26 0
323.279 0
323.281 0
323.298 0
323.298 0
323.3 0
323.307 0
323.316 0
323.318 0
323.361 0
323.364 0
323.364 0
323.366 0
323.406 0
323.409 0
323.41 0
323.481 0
323.489 0
323.493 0
323.493 0
323.524 0
323.529 0
323.531 0
323.538 0
323.552 0
323.559 0
323.573 83
323.589 0
323.6 0
323.602 0
323.615 0
323.618 0
323.638 0
323.64 0
323.666 0
323.668 0
323.681 0
323.684 0
323.688 0
323.706 0
323.708 0
323.744 0
323.747 0
323.759 0
323.767 0
323.767 0
323.769 0
323.772 104
323.788 0
323.812 0
323.812 0
323.814 0
323.815 0
323.823 0
323.831 0
323.835 0
323.852 0
323.853 0
323.879 0
323.888 0
323.895 0
323.899 0
323.911 0
323.911 0
323.913 0
323.951 0
323.974 0
323.977 0
323.98 0
323.983 0
323.983 0
323.994 0
324.003 0
324.007 625
324.016 0
324.027 0
324.03 1177
324.048 1302
324.053 0
324.061 0
324.064 0
324.064 0
324.068 0
324.073 0
324.073 0
324.075 0
324.079 0
324.079 0
324.079 0
324.081 0
324.096 0
324.098 0
324.116 0
324.13 0
324.132 0
324.143 0
324.146 0
324.17 0
324.173 0
324.176 0
324.218 0
324.236 0
324.261 0
324.282 0
324.284 0
324.353 0
324.372 0
324.451 0
324.47 0
324.471 0
324.475 0
324.514 0
324.517 0
324.52 0
324.522 0
324.524 0
324.572 0
324.601 0
324.603 0
324.646 0
324.646 0
324.667 0
324.668 0
324.668 0
324.685 0
324.706 0
324.732 0
324.735 0
324.736 0
324.744 0
324.744 0
324.745 0
324.762 0
324.765 0
324.785 0
324.818 0
324.82 0
324.882 0
324.886 0
324.888 0
324.889 0
324.891 0
324.9 0
324.965 0
324.966 0
325.028 0
325.03 0
325.073 0
325.075 0
325.075 0
325.079 0
325.082 0
325.084 0
325.086 0
325.157 0
325.159 0
325.164 0
325.166 0
325.167 0
325.219 0
325.221 0
325.222 0
325.264 0
325.266 0
325.268 0
325.323 0
325.323 0
325.326 0
325.327 0
325.369 0
325.372 0
325.374 0
325.433 0
325.437 0
325.438 0
325.441 0
325.442 0
325.475 0
325.478 0
325.52 0
325.523 0
325.523 0
325.563 0
325.583 0
325.583 0
325.585 0
325.586 0
325.626 0
325.628 0
325.631 0
325.669 0
325.672 0
325.676 0
325.678 0
325.68 0
325.731 0
325.734 0
325.737 0
325.738 0
325.774 0
325.776 0
325.875 0
325.875 0
325.877 0
325.885 0
325.886 0
325.902 0
325.902 0
325.948 0
325.95 0
325.996 0
326.001 0
326.003 0
326.004 625
326.024 0
326.027 1177
326.043 1302
326.067 0
326.069 0
326.069 0
326.071 0
326.075 0
326.077 0
326.079 0
326.079 0
326.113 0
326.115 0
326.117 0
326.119 0
326.119 0
326.133 0
326.141 0
326.147 0
326.148 0
326.179 0
326.181 0
326.2 0
326.202 0
326.225 0
326.244 0
326.247 0
326.248 0
326.25 0
326.251 0
326.254 0
326.264 0
326.267 0
326.28 0
326.307 0
326.31 0
326.311 0
326.345 0
326.35 0
326.352 0
326.354 0
326.371 0
326.373 0
326.373 0
326.412 0
326.412 0
326.416 0
326.418 0
326.436 0
326.438 0
326.44 0
326.473 0
326.479 0
326.481 0
326.483 0
326.497 0
326.499 0
326.502 0
326.504 0
326.543 0
326.545 0
326.548 0
326.563 0
326.565 0
326.567 0
326.579 0
326.589 0
326.606 0
326.609 0
326.609 0
326.619 0
326.652 0
326.652 0
326.654 0
326.657 0
326.674 0
326.676 0
326.69 0
326.693 0
326.715 0
326.718 0
326.742 0
326.745 0
326.746 0
326.748 0
326.748 0
326.76 0
326.77 0
326.77 0
326.778 0
326.78 0
326.78 0
326.782 0
326.8 0
326.802 0
326.802 0
326.804 0
326.842 0
326.845 0
326.863 0
326.863 0
326.865 0
326.866 0
326.869 0
326.885 0
326.898 0
326.9 0
326.9 0
326.901 0
326.911 0
326.947 0
326.949 0
326.951 0
326.968 0
326.97 0
326.989 0
327.01 0
327.011 0
327.015 0
327.031 0
327.031 0
327.031 0
327.032 0
327.032 0
327.075 0
327.076 0
327.087 0
327.1 0
327.101 0
327.161 0
327.165 0
327.207 0
327.217 0
327.234 0
327.241 0
327.246 0
327.248 0
327.248 0
327.25 0
327.252 0
327.264 0
327.266 0
327.268 0
327.335 0
327.339 0
327.34 0
327.376 0
327.376 0
327.379 0
327.421 0
327.421 0
327.431 0
327.48 0
327.48 0
327.483 0
327.483 0
327.485 0
327.511 0
327.521 0
327.523 0
327.526 0
327.56 0
327.564 0
327.57 0
327.571 0
327.573 0
327.629 0
327.629 0
327.631 0
327.631 0
327.633 0
327.67 0
327.673 0
327.674 0
327.712 0
327.715 0
327.717 0
327.725 0
327.789 0
327.791 0
327.792 0
327.837 0
327.864 0
327.866 0
327.866 0
327.936 0
327.938 0
327.938 0
327.939 0
327.991 0
327.994 0
327.995 625
328.016 0
328.018 1177
328.038 1302
328.058 0
328.058 0
328.065 0
328.069 0
328.069 0
328.072 0
328.072 0
328.073 0
328.075 0
328.086 0
328.087 35
328.155 0
328.203 0
328.205 0
328.278 0
328.278 0
328.313 0
328.315 0
328.327 0
328.349 0
328.351 0
328.351 0
328.397 0
328.397 0
328.398 0
328.398 0
328.499 0
328.505 0
328.507 0
328.507 0
328.51 0
328.512 0
328.514 0
328.514 0
328.592 0
328.593 0
328.61 0
328.613 0
328.654 0
328.656 0
328.656 0
328.673 0
328.675 0
328.696 0
328.698 0
328.762 0
328.766 0
328.766 0
328.766 0
328.766 0
328.797 0
328.798 0
328.847 0
328.852 0
328.853 0
328.853 0
328.854 0
328.896 0
328.897 0
328.897 0
328.954 0
328.957 0
328.959 0
328.96 0
328.961 0
329.017 0
329.019 0
329.059 0
329.06 0
329.063 0
329.102 0
329.104 0
329.164 0
329.167 0
329.17 0
329.171 0
329.171 0
329.182 0
329.197 0
329.205 0
329.208 0
329.208 0
329.208 0
329.25 0
329.251 0
329.253 0
329.315 0
329.318 0
329.359 0
329.363 0
329.363 0
329.363 0
329.363 0
329.403 0
329.405 0
329.415 0
329.463 0
329.466 0
329.468 0
329.469 0
329.48 0
329.487 0
329.496 0
329.507 0
329.508 0
329.55 0
329.554 0
329.554 0
329.555 0
329.596 0
329.6 0
329.613 0
329.616 0
329.617 0
329.658 0
329.661 0
329.664 0
329.664 0
329.684 0
329.701 0
329.702 0
329.734 0
329.763 0
329.765 0
329.766 0
329.766 0
329.768 0
329.786 0
329.786 0
329.788 0
329.799 0
329.802 0
329.823 0
329.823 0
329.823 0
329.835 0
329.845 0
329.855 0
329.855 0
329.857 0
329.86 0
329.867 0
329.878 0
329.888 0
329.914 0
329.914 0
329.978 0
329.978 0
329.98 0
329.996 0
330 0
330.002 625
330.022 0
330.025 1177
330.033 1302
330.049 0
330.053 0
330.056 0
330.06 0
330.06 0
330.065 0
330.065 0
330.065 0
330.068 0
330.071 0
330.071 0
330.071 0
330.073 0
330.078 0
330.078 0
330.078 0
330.079 0
330.079 0
330.08 0
330.082 0
330.104 0
330.106 0
330.112 0
330.118 0
330.146 0
330.148 0
330.165 0
330.17 0
330.189 0
330.211 0
330.213 0
330.248 0
330.254 0
330.257 0
330.298 0
330.3 0
330.302 0
330.302 0
330.363 0
330.366 0
330.366 0
330.368 0
330.393 0
330.405 0
330.408 0
330.446 0
330.448 0
330.451 0
330.507 0
330.51 0
330.552 0
330.555 0
330.6 0
330.617 0
330.617 0
330.619 0
330.619 0
330.638 0
330.66 0
330.662 0
330.664 0
330.666 0
330.698 0
330.7 0
330.703 0
330.706 0
330.708 0
330.726 0
330.767 0
330.767 0
330.769 0
330.772 0
330.775 0
330.775 0
330.779 0
330.806 0
330.806 0
330.81 0
330.812 0
330.855 0
330.859 0
330.861 0
330.861 0
330.914 0
330.917 0
330.918 0
330.955 0
330.957 0
330.96 0
330.96 0
330.961 0
330.961 0
330.962 0
330.962 0
331 0
331.002 0
331.003 0
331.003 0
331.006 0
331.065 0
331.067 0
331.069 0
331.07 0
331.105 0
331.105 0
331.108 0
331.132 0
331.132 0
331.134 0
331.148 0
331.148 0
331.15 0
331.153 0
331.154 0
331.182 0
331.198 0
331.212 0
331.214 0
331.219 0
331.238 0
331.251 0
331.254 0
331.256 0
331.258 0
331.277 0
331.297 0
331.299 0
331.338 0
331.34 0
331.347 0
331.36 0
331.361 0
331.363 0
331.365 0
331.367 0
331.369 0
331.401 0
331.403 0
331.408 0
331.422 0
331.432 0
331.449 0
331.452 0
331.454 0
331.456 0
331.46 0
331.468 0
331.472 0
331.474 0
331.477 0
331.485 0
331.519 0
331.534 0
331.535 0
331.54 0
331.555 0
331.558 0
331.56 0
331.562 0
331.6 0
331.601 0
331.631 0
331.649 0
331.663 0
331.665 0
331.667 0
331.668 0
331.704 0
331.706 0
331.707 0
331.732 0
331.756 0
331.758 0
331.76 0
331.764 0
331.77 0
331.784 0
331.784 0
331.787 0
331.789 0
331.832 0
331.837 0
331.853 0
331.855 0
331.897 0
331.899 0
331.901 0
331.901 0
331.919 0
331.921 0
331.923 0
331.981 0
331.983 0
332.002 0
332.004 0
332.007 0
332.009 625
332.029 1302
332.029 0
332.032 1177
332.052 0
332.054 0
332.066 0
332.068 0
332.07 0
332.072 0
332.078 0
332.096 0
332.13 0
332.132 0
332.174 0
332.177 0
332.215 0
332.215 0
332.216 0
332.216 0
332.238 0
332.239 0
332.282 0
332.284 0
332.301 0
332.305 0
332.344 0
332.344 0
332.348 0
332.366 0
332.369 0
332.37 0
332.407 0
332.409 0
332.412 0
332.432 0
332.432 0
332.434 0
332.436 0
332.469 0
332.472 0
332.475 0
332.515 0
332.517 0
332.52 0
332.54 0
332.547 0
332.585 0
332.587 0
332.606 0
332.643 0
332.645 0
332.645 0
332.647 0
332.665 0
332.666 0
332.668 0
332.705 0
332.708 0
332.749 0
332.75 0
332.753 0
332.753 0
332.772 0
332.774 0
332.774 0
332.811 0
332.811 0
332.813 0
332.815 0
332.856 0
332.877 0
332.879 0
332.879 0
332.889 0
332.898 0
332.901 0
332.901 0
332.936 0
332.942 0
332.943 0
332.945 0
332.961 0
332.964 0
332.966 0
332.979 0
333.004 0
333.007 0
333.076 0
333.077 0
333.077 0
333.078 0
333.078 0
333.112 0
333.116 0
333.118 0
333.173 0
333.195 0
333.195 0
333.195 0
333.197 0
333.199 0
333.222 0
333.26 0
333.261 0
333.321 0
333.326 0
333.329 0
333.386 0
333.388 0
333.448 0
333.452 0
333.454 0
333.454 0
333.464 0
333.519 0
333.519 0
333.519 0
333.532 0
333.534 0
333.58 0
333.582 0
333.583 0
333.584 0
333.584 0
333.586 0
333.623 0
333.626 0
333.627 0
333.644 0
333.646 0
333.662 0
333.683 0
333.685 0
333.688 0
333.73 0
333.736 0
333.757 0
333.76 0
333.761 0
333.784 0
333.797 0
333.8 0
333.802 0
333.818 0
333.82 0
333.821 0
333.847 0
333.848 0
333.848 0
333.85 0
333.88 0
333.881 0
333.921 0
333.923 0
333.926 0
333.974 0
334.008 0
334.01 0
334.012 0
334.017 0
334.019 625
334.02 0
334.022 1302
334.039 0
334.041 1177
334.048 0
334.052 0
334.065 0
334.069 0
334.073 0
334.073 0
334.073 0
334.088 0
334.101 0
334.102 35
334.114 0
334.114 0
334.117 0
334.119 0
334.142 0
334.152 0
334.181 0
334.244 0
334.244 0
334.245 0
334.255 0
334.286 0
334.288 0
334.321 0
334.33 0
334.33 0
334.349 0
334.349 0
334.37 0
334.37 0
334.419 0
334.419 0
334.421 0
334.421 0
334.435 0
334.437 0
334.437 0
334.481 0
334.483 0
334.484 0
334.484 0
334.497 0
334.497 0
334.499 0
334.522 0
334.543 0
334.543 0
334.545 0
334.547 0
334.547 0
334.566 0
334.607 0
334.608 0
334.609 0
334.61 0
334.619 0
334.648 0
334.65 0
334.669 0
334.671 0
334.671 0
334.674 0
334.681 0
334.685 0
334.714 0
334.716 0
334.736 0
334.739 0
334.74 0
334.742 0
334.775 0
334.775 0
334.779 0
334.781 0
334.781 0
334.799 0
334.801 0
334.803 0
334.843 0
334.847 0
334.851 0
334.855 0
334.863 0
334.867 0
334.868 0
334.906 0
334.908 0
334.929 0
334.949 0
334.949 0
334.951 0
334.955 0
334.972 0
334.974 0
334.998 0
335.013 0
335.015 0
335.016 0
335.028 0
335.036 0
335.039 0
335.039 0
335.04 0
335.045 0
335.065 0
335.067 0
335.086 0
335.098 0
335.102 0
335.14 0
335.141 0
335.143 0
335.175 0
335.181 0
335.183 0
335.183 0
335.185 0
335.202 0
335.202 0
335.205 0
335.205 0
335.245 0
335.249 0
335.25 0
335.268 0
335.271 0
335.314 0
335.316 0
335.316 0
335.334 0
335.336 0
335.336 0
335.364 0
335.406 0
335.417 0
335.417 0
335.421 0
335.421 0
335.439 0
335.441 0
335.443 0
335.462 0
335.48 0
335.483 0
335.5 0
335.506 0
335.509 0
335.521 0
335.529 0
335.546 0
335.549 0
335.566 0
335.566 0
335.569 0
335.572 0
335.613 0
335.613 0
335.628 0
335.635 0
335.638 0
335.642 0
335.675 0
335.677 0
335.714 0
335.716 0
335.716 0
335.74 0
335.781 0
335.781 0
335.783 0
335.804 0
335.807 0
335.808 0
335.846 0
335.848 0
335.872 0
335.873 0
335.874 0
335.901 0
335.903 0
335.903 0
335.993 0
335.993 0
335.996 0
335.997 0
335.997 0
336.002 0
336.003 625
336.018 1302
336.022 0
336.025 1177
336.05 0
336.051 0
336.157 0
336.179 0
336.226 0
336.273 0
336.276 0
336.277 0
336.277 0
336.28 0
336.28 0
336.312 0
336.312 0
336.314 0
336.314 0
336.364 0
336.365 0
336.397 0
336.397 0
336.399 0
336.461 0
336.464 0
336.505 0
336.508 0
336.549 0
336.549 0
336.591 0
336.612 0
336.614 0
336.654 0
336.657 0
336.659 0
336.696 0
336.698 0
336.698 0
336.761 0
336.764 0
336.766 0
336.766 0
336.803 0
336.804 0
336.815 0
336.846 0
336.846 0
336.849 0
336.85 0
336.865 0
336.896 0
336.898 0
336.899 0
336.951 0
336.957 0
336.957 0
336.959 0
337.015 0
337.017 0
337.019 0
337.032 0
337.058 0
337.06 0
337.06 0
337.062 0
337.1 0
337.103 0
337.104 0
337.169 0
337.17 0
337.17 0
337.172 0
337.2 0
337.202 0
337.252 0
337.254 0
337.314 0
337.317 0
337.358 0
337.36 0
337.362 0
337.366 0
337.385 0
337.405 0
337.466 0
337.467 0
337.469 0
337.471 0
337.486 0
337.506 0
337.509 0
337.522 0
337.529 0
337.543 0
337.543 0
337.55 0
337.553 0
337.554 0
337.554 0
337.583 105
337.584 39
337.599 0
337.6 35
337.605 0
337.614 0
337.616 0
337.638 0
337.655 0
337.658 0
337.659 0
337.659 0
337.669 0
337.699 0
337.7 0
337.703 0
337.704 0
337.704 0
337.762 0
337.763 0
337.765 0
337.765 0
337.782 0
337.782 0
337.801 0
337.803 0
337.876 0
337.876 0
337.876 0
337.876 0
337.876 0
337.91 0
337.912 0
337.978 0
337.98 0
337.992 0
337.996 0
337.999 0
338.001 625
338.013 1302
338.021 0
338.024 1177
338.032 0
338.048 0
338.05 0
338.051 0
338.053 0
338.055 0
338.06 0
338.06 0
338.06 0
338.06 0
338.097 0
338.097 0
338.098 0
338.098 0
338.098 0
338.098 0
338.098 0
338.147 0
338.149 0
338.149 0
338.151 0
338.184 0
338.212 0
338.212 0
338.215 0
338.252 0
338.252 0
338.252 0
338.254 0
338.267 0
338.318 0
338.318 0
338.338 0
338.349 0
338.353 0
338.36 0
338.36 0
338.361 0
338.361 0
338.374 0
338.401 0
338.403 0
338.405 0
338.451 0
338.476 0
338.539 0
338.539 0
338.539 0
338.546 0
338.575 0
338.576 0
338.58 0
338.587 0
338.61 0
338.616 0
338.618 0
338.619 0
338.68 0
338.682 0
338.697 0
338.699 0
338.7 0
338.766 0
338.768 0
338.768 0
338.771 0
338.81 0
338.811 0
338.83 0
338.832 0
338.871 0
338.873 0
338.875 0
339.269 0
339.269 0
339.271 674
339.271 4095
339.311 0
339.313 0
339.678 0
339.985 0
339.985 0
339.985 0
339.985 0
339.985 0
339.985 0
340.008 1302
340.066 0
340.067 35
340.07 0
340.12 0
340.275 1244
340.275 1250
340.275 1250
340.275 1225
340.276 0
340.309 674
340.309 2660
340.309 1284
340.319 40
340.342 0
340.344 0
340.349 0
340.361 0
340.362 2030
340.38 0
340.38 64
340.38 1170
340.402 0
340.404 0
340.406 0
340.42 0
340.422 0
340.422 0
340.422 0
340.424 0
340.424 0
340.424 0
340.426 0
340.437 0
340.437 0
340.44 0
340.44 0
340.442 0
340.443 0
340.445 0
340.447 0
340.449 0
340.45 0
340.452 0
340.453 40
340.455 0
340.457 0
340.457 0
340.459 0
340.459 0
340.46 0
340.46 0
340.46 0
340.463 0
340.463 0
340.464 0
340.465 0
340.465 0
340.469 0
340.474 0
340.476 0
340.476 0
340.478 0
340.478 0
340.48 0
340.48 0
340.482 0
340.482 0
340.484 0
340.487 0
340.492 0
340.494 0
340.494 0
340.494 0
340.497 0
340.499 1162
340.517 674
340.517 2988
340.519 0
340.519 0
340.519 0
340.52 0
340.52 0
340.553 0
340.557 0
340.569 0
340.653 0
340.753 0
340.854 0
340.902 0
340.954 0
340.957 674
340.957 2668
340.963 0
340.997 0
341.028 0
341.055 0
341.104 0
341.137 0
341.155 0
341.176 105
341.191 0
341.256 0
341.297 0
341.307 0
341.311 1244
341.311 1250
341.311 1250
341.311 969
341.328 1284
341.353 41
341.357 0
341.359 0
341.383 0
341.415 0
341.415 0
341.477 40
341.48 0
341.482 0
341.486 0
341.507 0
341.511 0
341.52 0
341.586 0
341.586 0
341.586 0
341.613 0
341.618 0
341.631 0
341.631 0
341.644 0
341.668 0
341.671 0
341.69 0
341.699 0
341.717 0
341.719 0
341.719 0
341.757 0
341.757 0
341.798 0
341.798 0
341.819 0
341.836 0
341.863 0
341.906 0
341.953 0
341.985 0
341.986 0
341.987 0
342.052 0
342.053 0
342.055 0
342.07 0
342.096 0
342.101 0
342.116 0
342.116 0
342.118 625
342.137 0
342.14 1302
342.172 0
342.175 1177
342.197 0
342.198 0
342.198 0
342.2 0
342.2 0
342.204 0
342.204 0
342.205 0
342.205 0
342.221 0
342.234 0
342.261 0
342.264 0
342.268 0
342.268 0
342.283 0
342.305 0
342.308 0
342.308 0
342.332 0
342.349 0
342.352 0
342.352 0
342.352 0
342.392 0
342.392 0
342.413 0
342.413 0
342.414 0
342.459 0
342.497 0
342.499 0
342.501 0
342.564 0
342.566 0
342.567 0
342.567 0
342.583 0
342.604 0
342.607 0
342.608 0
342.622 0
342.649 0
342.651 0
342.689 0
342.69 0
342.692 0
342.712 0
342.715 0
342.753 0
342.797 0
342.797 0
342.798 0
342.798 0
342.8 0
342.898 0
342.904 0
342.904 0
342.929 0
342.947 0
342.95 0
342.989 0
342.991 0
343.01 0
343.012 0
343.053 0
343.055 0
343.118 0
343.118 0
343.131 0
343.14 1302
343.159 0
343.163 0
343.163 0
343.163 0
343.172 0
343.18 0
343.202 0
343.204 0
343.244 0
343.246 0
343.287 0
343.29 0
343.338 0
343.338 0
343.345 0
343.347 0
343.347 0
343.357 0
343.395 0
343.395 0
343.415 0
343.417 0
343.417 0
343.437 0
343.445 0
343.459 0
343.459 0
343.479 0
343.482 0
343.499 0
343.502 0
343.569 0
343.569 0
343.57 0
343.578 0
343.579 0
343.61 0
343.613 0
343.651 0
343.694 0
343.696 0
343.714 0
343.716 0
343.756 0
343.757 0
343.759 0
343.781 0
343.798 0
343.8 0
343.865 0
343.885 0
343.885 0
343.908 0
343.908 0
343.91 0
343.951 0
343.991 0
343.993 0
343.995 0
343.996 625
343.998 0
344.011 0
344.016 0
344.018 1177
344.042 0
344.048 0
344.057 0
344.057 0
344.059 0
344.062 0
344.067 0
344.067 0
344.069 0
344.069 0
344.069 0
344.071 0
344.098 0
344.1 0
344.101 0
344.101 0
344.12 0
344.12 0
344.131 0
344.156 1302
344.16 0
344.162 0
344.165 0
344.178 105
344.189 0
344.193 0
344.194 0
344.195 35
344.204 0
344.205 0
344.208 0
344.247 0
344.249 0
344.29 0
344.291 0
344.31 0
344.312 0
344.314 0
344.349 0
344.397 0
344.397 0
344.401 674
344.401 2956
344.441 0
344.462 0
344.462 0
344.463 0
344.502 0
344.504 0
344.545 0
344.545 0
344.548 0
344.588 0
344.588 0
344.611 0
344.612 0
344.655 0
344.656 0
344.665 0
344.698 0
344.698 0
344.741 0
344.747 0
344.76 0
344.762 0
344.762 0
344.763 0
344.763 0
344.776 0
344.804 0
344.804 0
344.806 0
344.806 0
344.846 0
344.847 0
344.85 0
344.85 0
344.85 0
344.85 0
344.89 0
344.911 0
344.938 0
344.951 0
344.954 0
344.995 0
344.996 0
344.996 0
345.034 0
345.052 0
345.053 0
345.053 0
345.055 0
345.057 0
345.059 0
345.082 0
345.084 0
345.111 0
345.113 0
345.127 0
345.132 0
345.165 0
345.166 0
345.186 0
345.187 0
345.204 0
345.207 0
345.209 0
345.21 0
345.242 0
345.255 0
345.258 0
345.26 0
345.294 0
345.314 0
345.315 0
345.315 0
345.315 0
345.345 0
345.348 0
345.348 0
345.349 0
345.351 0
345.353 0
345.379 0
345.38 0
345.401 1302
345.402 1244
345.403 1250
345.403 1250
345.403 253
345.416 0
345.416 0
345.417 0
345.417 0
345.419 0
345.433 0
345.434 35
345.444 0
345.445 41
345.458 0
345.468 0
345.469 0
345.469 0
345.471 0
345.492 0
345.511 0
345.526 0
345.529 0
345.529 0
345.574 40
345.576 0
345.579 0
345.579 0
345.58 0
345.58 0
345.613 0
345.66 0
345.66 0
345.663 0
345.688 0
345.691 0
345.72 0
345.72 0
345.721 0
345.723 0
345.762 0
345.765 0
345.828 0
345.831 0
345.87 0
345.871 0
345.873 0
345.873 0
345.874 0
345.911 0
345.913 0
345.93 0
345.975 0
346.001 0
346.002 625
346.02 0
346.021 0
346.023 1177
346.053 0
346.056 0
346.062 0
346.064 0
346.067 0
346.072 0
346.074 0
346.075 0
346.075 0
346.077 0
346.08 0
346.081 0
346.081 0
346.083 0
346.103 0
346.103 0
346.104 0
346.13 0
346.148 0
346.148 0
346.189 0
346.21 0
346.212 0
346.215 0
346.252 0
346.253 0
346.254 0
346.294 0
346.297 0
346.298 0
346.347 0
346.36 0
346.362 0
346.364 0
346.404 0
346.406 0
346.407 0
346.427 0
346.428 1302
346.444 0
346.446 0
346.461 0
346.508 0
346.51 0
346.51 0
346.511 0
346.55 0
346.552 0
346.553 0
346.553 0
346.577 0
346.621 0
346.623 0
346.623 0
346.655 0
346.664 0
346.665 0
346.665 0
346.686 0
346.701 0
346.701 0
346.702 0
346.702 0
346.746 0
346.764 0
346.765 0
346.765 0
346.805 0
346.807 0
346.808 0
346.808 0
346.849 0
346.85 0
346.85 0
346.898 0
346.899 0
346.918 0
346.96 0
346.962 0
346.963 0
346.999 0
347.001 0
347.002 0
347.05 0
347.062 0
347.064 0
347.11 0
347.112 0
347.112 0
347.113 0
347.117 0
347.153 0
347.156 0
347.172 105
347.188 0
347.211 0
347.214 0
347.224 0
347.256 0
347.258 0
347.26 0
347.26 0
347.262 0
347.262 0
347.295 0
347.295 0
347.298 0
347.301 0
347.301 0
347.302 0
347.339 0
347.376 0
347.376 0
347.378 0
347.38 0
347.38 0
347.381 0
347.382 0
347.382 0
347.384 0
347.405 0
347.421 0
347.447 0
347.449 0
347.451 0
347.451 0
347.453 0
347.471 0
347.509 0
347.513 0
347.514 0
347.554 0
347.557 0
347.558 0
347.597 0
347.597 0
347.6 0
347.601 0
347.673 1302
347.697 0
347.697 0
347.701 0
347.702 0
347.725 0
347.747 0
347.749 0
347.751 0
347.771 0
347.788 0
347.789 0
347.809 0
347.811 0
347.811 0
347.839 0
347.843 0
347.848 0
347.85 0
347.855 0
347.873 0
347.873 0
347.874 0
347.916 0
347.938 0
347.945 0
347.981 0
347.984 0
347.984 0
347.985 0
347.985 0
348.003 0
348.006 0
348.007 625
348.02 0
348.026 0
348.029 1177
348.05 0
348.055 0
348.056 0
348.062 0
348.062 0
348.064 0
348.064 0
348.067 0
348.067 0
348.067 0
348.068 0
348.068 0
348.087 0
348.087 0
348.137 0
348.137 0
348.151 0
348.151 0
348.152 0
348.194 0
348.213 0
348.214 0
348.216 0
348.231 674
348.231 4064
348.243 0
348.246 0
348.256 0
348.274 0
348.296 0
348.302 0
348.302 0
348.303 0
348.357 0
348.365 0
348.367 0
348.369 0
348.395 0
348.407 0
348.411 0
348.411 0
348.451 0
348.452 0
348.452 0
348.452 0
348.512 0
348.514 0
348.514 0
348.579 0
348.579 0
348.579 0
348.579 0
348.58 1302
348.598 0
348.598 0
348.601 0
348.601 0
348.612 0
348.634 0
348.643 0
348.662 0
348.663 0
348.705 0
348.707 0
348.707 0
348.748 0
348.755 0
348.755 0
348.755 0
348.768 0
348.811 0
348.814 0
348.814 0
348.815 0
348.845 0
348.859 0
348.859 0
348.891 0
348.893 0
348.897 43
348.899 0
348.899 0
348.905 0
348.96 0
348.96 0
348.962 0
348.962 0
348.994 0
349.003 0
349.006 0
349.006 0
349.007 0
349.027 0
349.046 0
349.048 0
349.048 0
349.05 0
349.065 0
349.067 0
349.067 0
349.115 0
349.117 0
349.117 0
349.117 0
349.117 0
349.154 0
349.156 0
349.156 0
349.159 0
349.159 0
349.173 0
349.175 0
349.175 0
349.209 0
349.217 0
349.219 0
349.219 0
349.234 1244
349.234 1250
349.234 1250
349.234 1250
349.234 110
349.26 0
349.261 0
349.275 41
349.324 0
349.324 0
349.326 0
349.326 0
349.37 0
349.372 0
349.372 0
349.372 0
349.406 40
349.43 0
349.432 0
349.432 0
349.473 0
349.474 0
349.474 0
349.516 0
349.516 0
349.517 0
349.517 0
349.579 0
349.581 0
349.581 0
349.581 0
349.618 0
349.619 0
349.619 0
349.665 0
349.667 0
349.667 0
349.668 0
349.671 0
349.679 0
349.694 0
349.731 0
349.732 0
349.777 0
349.778 0
349.778 0
349.78 0
349.812 0
349.816 0
349.826 1302
349.858 0
349.864 0
349.864 0
349.879 0
349.879 0
349.881 0
349.922 0
349.925 0
349.926 0
349.993 0
349.993 0
349.995 0
349.996 0
349.998 0
349.998 0
349.999 625
350.018 0
350.021 1177
350.069 0
350.072 0
350.074 0
350.08 0
350.08 0
350.082 0
350.084 0
350.088 0
350.09 0
350.093 0
350.094 0
350.094 0
350.095 0
350.113 0
350.114 0
350.116 0
350.116 0
350.118 0
350.149 0
350.155 0
350.157 0
350.16 0
350.203 0
350.207 0
350.207 0
350.267 0
350.267 0
350.268 0
350.268 0
350.306 0
350.308 0
350.308 0
350.329 0
350.35 0
350.352 0
350.352 0
350.387 0
350.411 0
350.414 0
350.421 0
350.451 0
350.451 0
350.451 0
350.499 0
350.499 0
350.5 0
350.515 0
350.526 0
350.542 0
350.565 0
350.567 0
350.569 0
350.575 0
350.586 0
350.586 0
350.592 0
350.594 0
350.647 0
350.65 0
350.651 0
350.676 0
350.676 0
350.678 0
350.705 0
350.712 0
350.715 0
350.717 0
350.752 0
350.754 0
350.787 0
350.796 0
350.796 0
350.798 0
350.798 0
350.852 0
350.856 0
350.862 0
350.862 0
350.863 0
350.866 0
350.894 1302
350.905 0
350.906 0
350.91 0
350.911 0
350.921 0
350.923 0
350.925 0
350.927 35
350.944 0
350.946 0
350.988 0
351.01 0
351.01 0
351.012 0
351.013 0
351.035 0
351.036 0
351.095 0
351.097 0
351.097 0
351.137 0
351.14 0
351.151 0
351.178 0
351.182 0
351.244 0
351.244 0
351.245 0
351.279 0
351.281 0
351.329 0
351.329 0
351.33 0
351.33 0
351.35 0
351.359 0
351.384 0
351.392 0
351.395 0
351.396 0
351.435 0
351.437 0
351.477 0
351.479 0
351.48 0
351.518 0
351.52 0
351.544 0
351.559 0
351.583 0
351.583 0
351.586 0
351.587 0
351.628 0
351.631 0
351.631 0
351.633 0
351.691 0
351.693 0
351.712 0
351.712 0
351.713 0
351.735 0
351.735 0
351.778 0
351.781 0
351.819 0
351.821 0
351.841 0
351.841 0
351.883 0
351.883 0
351.883 0
351.884 0
351.905 0
351.978 0
351.99 0
351.991 0
351.994 0
351.996 625
352.016 0
352.019 1177
352.041 0
352.042 0
352.043 0
352.045 0
352.045 0
352.046 0
352.05 0
352.051 0
352.054 0
352.054 0
352.056 0
352.056 0
352.056 0
352.059 0
352.059 0
352.059 0
352.059 0
352.098 0
352.1 0
352.139 1302
352.16 0
352.162 0
352.164 0
352.171 0
352.207 0
352.21 0
352.21 0
352.246 0
352.247 0
352.248 0
352.287 0
352.291 0
352.292 0
352.312 0
352.315 0
352.335 0
352.348 0
352.348 0
352.35 0
352.352 0
352.397 0
352.466 0
352.466 0
352.482 0
352.482 0
352.483 0
352.503 0
352.505 0
352.546 0
352.548 0
352.548 0
352.584 0
352.61 0
352.61 0
352.646 0
352.648 0
352.648 0
352.65 0
352.716 0
352.737 0
352.757 0
352.757 0
352.76 0
352.76 0
352.782 0
352.785 0
352.802 0
352.804 0
352.844 0
352.846 0
352.846 0
352.849 0
352.85 0
352.866 0
352.866 0
352.908 0
352.936 0
352.951 0
352.951 0
352.993 0
352.994 0
352.994 0
353.016 0
353.017 0
353.054 0
353.056 0
353.064 1244
353.064 707
353.101 0
353.103 0
353.103 0
353.165 0
353.195 0
353.195 0
353.196 0
353.198 0
353.249 0
353.25 0
353.251 0
353.252 41
353.317 0
353.32 0
353.323 0
353.378 0
353.378 0
353.4 0
353.4 0
353.402 0
353.416 0
353.451 0
353.462 0
353.463 0
353.464 0
353.464 0
353.478 0
353.506 0
353.506 0
353.508 0
353.536 0
353.546 0
353.548 0
353.598 0
353.598 0
353.612 0
353.613 0
353.614 0
353.617 0
353.644 0
353.654 0
353.706 0
353.709 0
353.709 0
353.717 0
353.76 0
353.762 0
353.763 0
353.765 0
353.811 0
353.813 0
353.813 0
353.815 0
353.846 0
353.848 0
353.849 0
353.892 0
353.893 0
353.893 0
353.912 0
353.912 0
353.951 0
353.972 0
353.976 0
353.976 0
353.995 0
353.998 0
353.998 0
354 625
354.019 0
354.021 1177
354.025 0
354.086 0
354.087 0
354.089 0
354.104 0
354.104 0
354.104 0
354.107 0
354.109 0
354.111 0
354.111 0
354.113 0
354.115 0
354.117 0
354.127 0
354.127 0
354.128 0
354.129 0
354.13 0
354.133 0
354.134 1302
354.135 0
354.135 0
354.146 0
354.148 0
354.148 0
354.166 0
354.188 0
354.209 0
354.247 0
354.248 0
354.288 0
354.293 0
354.296 0
354.296 0
354.346 0
354.37 0
354.377 0
354.381 0
354.381 0
354.383 0
354.401 0
354.403 0
354.428 0
354.445 0
354.445 0
354.49 0
354.508 0
354.51 0
354.535 0
354.541 0
354.544 0
354.546 0
354.55 0
354.552 0
354.552 0
354.595 0
354.595 0
354.613 0
354.613 0
354.615 0
354.662 0
354.664 0
354.664 0
354.666 0
354.677 0
354.679 0
354.698 0
354.701 0
354.765 0
354.766 0
354.806 0
354.808 0
354.848 0
354.848 0
354.852 0
354.852 0
354.897 0
354.916 0
354.918 0
354.958 0
354.96 0
354.998 0
355 0
355 0
355.061 0
355.065 0
355.065 0
355.066 0
355.066 0
355.103 0
355.106 0
355.108 0
355.148 0
355.173 0
355.182 0
355.182 0
355.21 0
355.211 0
355.216 0
355.258 0
355.258 0
355.261 0
355.261 0
355.296 0
355.298 0
355.341 0
355.361 0
355.362 0
355.364 0
355.371 0
355.382 0
355.404 0
355.404 0
355.407 0
355.407 0
355.424 0
355.432 0
355.446 0
355.446 0
355.446 0
355.51 0
355.51 0
355.513 0
355.514 0
355.551 0
355.554 0
355.554 0
355.556 0
355.574 0
355.584 0
355.596 0
355.598 0
355.661 0
355.664 0
355.664 0
355.666 0
355.681 0
355.703 0
355.704 0
355.706 0
355.745 0
355.745 0
355.746 0
355.746 0
355.748 0
355.77 0
355.801 0
355.811 0
355.811 0
355.813 0
355.852 0
355.852 0
355.854 0
355.893 0
355.896 0
355.898 0
355.898 0
355.914 0
355.916 0
355.917 0
355.98 0
355.982 0
356.003 0
356.005 0
356.006 625
356.026 0
356.028 1177
356.054 0
356.056 0
356.056 0
356.059 0
356.059 0
356.061 0
356.061 0
356.063 0
356.064 0
356.065 0
356.065 0
356.067 0
356.067 0
356.069 0
356.069 0
356.072 0
356.072 0
356.072 0
356.085 0
356.085 0
356.127 0
356.129 0
356.129 0
356.129 1302
356.161 0
356.162 35
356.192 0
356.194 0
356.197 0
356.212 0
356.214 0
356.236 0
356.277 0
356.279 0
356.315 0
356.318 0
356.321 0
356.34 0
356.343 0
356.343 0
356.382 0
356.385 0
356.388 0
356.388 0
356.427 0
356.431 0
356.431 0
356.472 0
356.492 0
356.492 0
356.534 0
356.536 0
356.536 0
356.581 0
356.597 0
356.6 0
356.638 0
356.654 0
356.662 0
356.663 0
356.665 0
356.707 0
356.725 0
356.748 0
356.769 0
356.769 0
356.771 0
356.816 0
356.817 0
356.855 0
356.858 0
356.874 0
356.878 0
356.878 0
356.91 0
356.918 0
356.918 0
356.92 0
356.953 0
356.96 0
356.964 0
356.965 0
356.965 0
357.029 0
357.029 0
357.031 0
357.031 0
357.045 0
357.047 0
357.065 0
357.089 0
357.091 0
357.112 0
357.119 0
357.153 0
357.153 0
357.155 0
357.186 0
357.195 0
357.197 0
357.216 0
357.218 0
357.239 0
357.251 0
357.257 0
357.259 0
357.275 0
357.28 0
357.282 0
357.284 0
357.305 0
357.308 0
357.344 0
357.347 0
357.375 0
357.387 0
357.387 0
357.43 0
357.43 0
357.451 0
357.451 0
357.452 0
357.452 0
357.493 0
357.495 0
357.498 0
357.515 0
357.515 0
357.517 0
357.554 0
357.557 0
357.559 0
357.579 0
357.579 0
357.58 0
357.638 0
357.643 0
357.645 0
357.645 0
357.646 0
357.646 0
357.648 0
357.67 0
357.736 0
357.736 0
357.777 0
357.793 0
357.794 0
357.795 0
357.816 0
357.856 0
357.856 0
357.857 0
357.879 0
357.956 0
357.956 0
357.967 0
358.006 0
358.006 0
358.006 0
358.008 0
358.008 0
358.008 0
358.01 0
358.01 0
358.011 625
358.03 0
358.032 1177
358.059 0
358.062 0
358.062 0
358.064 0
358.064 0
358.071 0
358.072 0
358.072 0
358.081 0
358.09 0
358.114 0
358.124 1302
358.135 0
358.137 0
358.177 0
358.178 0
358.178 0
358.178 0
358.198 0
358.198 0
358.199 0
358.242 0
358.244 0
358.26 0
358.26 0
358.262 0
358.303 0
358.346 0
358.346 0
358.348 0
358.348 0
358.361 0
358.406 0
358.413 0
358.413 0
358.416 0
358.431 0
358.431 0
358.434 0
358.435 0
358.452 0
358.455 0
358.496 0
358.499 0
358.525 0
358.525 0
358.528 0
358.56 0
358.56 0
358.564 0
358.619 0
358.619 0
358.645 0
358.645 0
358.645 0
358.646 0
358.654 0
358.68 0
358.713 0
358.716 0
358.716 0
358.73 0
358.732 0
358.753 0
358.781 0
358.789 0
358.795 0
358.795 0
358.796 0
358.796 0
358.835 0
358.837 0
358.861 0
358.9 0
358.9 0
358.902 0
358.936 0
358.944 0
358.947 0
358.949 0
358.949 0
359.011 0
359.013 0
359.013 0
359.031 0
359.032 0
359.033 0
359.051 0
359.053 0
359.09 0
359.096 0
359.097 0
359.141 0
359.162 0
359.162 0
359.173 0
359.176 0
359.2 0
359.201 0
359.236 0
359.243 0
359.243 0
359.245 0
359.246 0
359.27 0
359.309 0
359.31 0
359.31 0
359.323 0
359.329 0
359.331 0
359.352 0
359.354 0
359.413 0
359.415 0
359.417 0
359.442 0
359.457 0
359.458 0
359.458 0
359.46 0
359.492 0
359.499 0
359.501 0
359.503 0
359.541 0
359.563 0
359.565 0
359.605 0
359.608 0
359.608 0
359.625 0
359.628 0
359.65 0
359.652 0
359.712 0
359.715 0
359.717 0
359.717 0
359.735 0
359.736 0
359.756 0
359.757 0
359.803 0
359.804 0
359.804 0
359.807 0
359.844 0
359.846 0
359.865 0
359.867 0
359.878 0
359.903 0
359.906 0
359.925 0
359.926 0
359.937 0
359.991 0
359.993 0
359.995 0
359.997 625
360.016 0
360.018 1177
360.045 0
360.046 0
360.051 0
360.051 0
360.053 0
360.053 0
360.061 0
360.061 0
360.063 0
360.063 0
360.066 0
360.066 0
360.067 0
360.098 0
360.099 0
360.119 1302
360.14 0
360.15 0
360.162 0
360.201 0
360.203 0
360.248 0
360.249 0
360.26 0
360.31 0
360.311 0
360.351 0
360.356 0
360.372 0
360.378 0
360.385 0
360.391 0
360.391 1977
360.397 0
360.397 0
360.399 0
360.41 0
360.41 64
360.41 92
360.41 1918
360.429 0
360.429 31
360.44 0
360.44 0
360.459 0
360.461 0
360.501 0
360.503 0
360.506 0
360.546 0
360.549 0
360.562 0
360.564 0
360.586 0
360.588 0
360.632 0
360.635 0
360.636 0
360.675 0
360.692 0
360.695 0
360.737 0
360.74 0
360.741 0
360.769 0
360.779 0
360.782 0
360.783 0
360.846 0
360.848 0
360.849 0
360.849 0
360.884 0
360.887 0
360.897 0
360.904 117
360.904 39
360.921 0
360.923 35
360.93 0
360.934 0
360.934 0
360.968 0
360.968 0
360.972 0
360.974 0
360.974 0
360.985 0
360.985 0
360.985 1792
360.985 1728
360.994 0
361.003 0
361.003 0
361.003 0
361.003 0
361.003 0
361.005 64
361.005 64
361.005 0
361.005 92
361.005 548
361.006 142
361.022 0
361.022 0
361.022 31
361.025 0
361.026 0
361.029 0
361.03 0
361.034 0
361.037 0
361.037 0
361.039 0
361.041 0
361.041 0
361.041 0
361.045 0
361.047 0
361.047 35
361.048 1250
361.048 1250
361.048 248
361.055 0
361.058 0
361.06 0
361.062 0
361.064 0
361.066 48
361.066 48
361.068 49
361.069 49
361.07 98
361.07 83
361.07 0
361.075 0
361.077 0
361.08 0
361.08 0
361.082 0
361.082 0
361.087 0
361.087 40
361.092 0
361.095 0
361.095 0
361.096 0
361.099 0
361.103 0
361.108 0
361.111 593
361.143 0
361.143 0
361.144 0
361.145 0
361.146 0
361.164 0
361.164 40
361.164 40
361.164 40
361.164 40
361.164 40
361.166 40
361.166 40
361.166 40
361.166 40
361.168 40
361.168 40
361.168 40
361.168 40
361.168 40
361.168 40
361.171 40
361.171 40
361.171 40
361.171 40
361.172 45
361.172 40
361.174 40
361.174 40
361.174 40
361.174 40
361.175 40
361.175 41
361.175 41
361.175 41
361.178 41
361.178 41
361.178 42
361.178 42
361.18 42
361.18 42
361.184 42
361.184 42
361.184 42
361.184 42
361.184 47
361.184 42
361.184 42
361.184 42
361.184 42
361.184 42
361.184 42
361.184 0
361.184 42
361.184 42
361.186 0
361.186 42
361.186 42
361.186 42
361.187 42
361.19 42
361.19 42
361.19 42
361.19 42
361.191 2331
361.191 42
361.191 42
361.191 39
361.193 0
361.193 42
361.193 47
361.195 44
361.195 44
361.195 44
361.195 44
361.195 45
361.195 45
361.2 45
361.203 45
361.203 44
361.203 44
361.203 45
361.203 45
361.203 45
361.206 45
361.206 45
361.206 45
361.206 45
361.206 45
361.206 45
361.207 50
361.207 45
361.207 45
361.207 45
361.208 45
361.208 45
361.209 45
361.209 45
361.209 45
361.209 45
361.209 45
361.211 45
361.211 45
361.211 45
361.211 45
361.211 45
361.211 47
361.211 47
361.211 47
361.211 47
361.213 52
361.213 47
361.213 47
361.213 47
361.213 47
361.213 47
361.214 48
361.214 48
361.214 48
361.215 0
361.216 48
361.216 49
361.216 49
361.218 49
361.218 49
361.218 49
361.218 0
361.218 49
361.219 1250
361.219 1250
361.219 1250
361.219 72
361.219 35
361.22 0
361.22 49
361.22 49
361.22 49
361.22 49
361.221 54
361.221 49
361.221 49
361.221 49
361.221 49
361.221 49
361.221 49
361.224 65
361.224 2126
361.224 4264
361.225 595
361.226 49
361.226 49
361.226 49
361.226 49
361.227 0
361.228 49
361.228 49
361.228 49
361.228 49
361.228 49
361.228 49
361.231 46
361.231 45
361.231 45
361.231 45
361.232 45
361.232 45
361.233 45
361.233 45
361.233 45
361.233 50
361.233 45
361.233 46
361.233 46
361.235 46
361.235 46
361.235 46
361.235 46
361.235 46
361.235 46
361.235 2129
361.237 46
361.237 0
361.237 46
361.237 46
361.237 46
361.238 46
361.239 46
361.239 46
361.239 46
361.239 46
361.239 46
361.239 51
361.239 46
361.241 0
361.241 46
361.241 46
361.241 46
361.241 46
361.241 46
361.241 46
361.243 46
361.243 46
361.243 46
361.243 46
361.243 46
361.243 46
361.245 46
361.245 46
361.245 46
361.245 46
361.245 46
361.245 46
361.247 51
361.247 46
361.247 46
361.247 46
361.247 46
361.247 43
361.247 43
361.251 43
361.251 43
361.251 43
361.251 43
361.252 43
361.252 43
361.253 43
361.253 43
361.253 43
361.253 43
361.253 43
361.253 43
361.253 43
361.257 48
361.257 43
361.257 43
361.257 43
361.257 43
361.257 43
361.257 0
361.259 43
361.259 43
361.259 43
361.259 43
361.259 43
361.26 43
361.26 43
361.26 43
361.261 0
361.261 43
361.261 43
361.262 0
361.262 43
361.262 43
361.262 43
361.262 43
361.262 48
361.262 43
361.264 43
361.264 43
361.264 43
361.264 43
361.264 43
361.264 43
361.265 43
361.265 43
361.265 43
361.265 0
361.266 43
361.266 43
361.266 43
361.266 1250
361.267 43
361.267 43
361.267 0
361.267 58
361.268 43
361.268 43
361.268 43
361.269 43
361.269 43
361.269 0
361.271 43
361.271 43
361.271 43
361.272 43
361.272 43
361.272 43
361.272 43
361.273 43
361.273 43
361.273 0
361.275 43
361.275 43
361.275 43
361.275 43
361.275 43
361.275 48
361.275 43
361.276 43
361.276 43
361.276 43
361.277 43
361.277 43
361.277 43
361.278 0
361.278 43
361.278 43
361.279 43
361.279 43
361.279 43
361.279 43
361.28 43
361.28 43
361.28 43
361.281 43
361.281 43
361.281 43
361.283 0
361.284 107
361.284 48
361.284 43
361.289 31
361.289 43
361.289 43
361.289 43
361.29 43
361.29 43
361.29 43
361.29 43
361.291 43
361.291 43
361.292 43
361.292 43
361.292 43
361.292 43
361.293 43
361.293 43
361.293 43
361.293 43
361.293 43
361.293 48
361.294 43
361.294 43
361.294 43
361.294 43
361.295 43
361.295 43
361.295 43
361.296 43
361.296 43
361.296 43
361.297 43
361.297 43
361.297 43
361.298 43
361.298 43
361.298 43
361.299 43
361.299 43
361.299 43
361.299 48
361.3 43
361.3 43
361.3 43
361.304 43
361.305 43
361.305 43
361.305 43
361.306 43
361.306 43
361.306 43
361.306 43
361.307 43
361.307 43
361.311 43
361.311 43
361.311 43
361.311 43
361.311 43
361.311 43
361.311 48
361.312 43
361.312 43
361.312 43
361.313 43
361.313 43
361.313 43
361.314 32
361.314 43
361.314 43
361.314 43
361.315 43
361.315 43
361.315 43
361.316 43
361.316 43
361.316 43
361.317 43
361.317 43
361.317 43
361.318 43
361.318 48
361.318 43
361.318 43
361.319 43
361.319 43
361.319 0
361.321 43
361.321 43
361.321 43
361.322 43
361.322 43
361.322 43
361.323 43
361.323 43
361.323 43
361.325 43
361.325 43
361.325 43
361.325 43
361.325 43
361.325 43
361.326 48
361.326 43
361.326 43
361.326 0
361.327 43
361.327 43
361.327 43
361.328 43
361.328 43
361.328 43
361.329 43
361.329 43
361.329 43
361.33 43
361.33 43
361.33 43
361.33 43
361.331 43
361.331 43
361.331 43
361.333 43
361.333 48
361.334 43
361.335 43
361.335 43
361.335 43
361.336 43
361.336 43
361.336 43
361.341 44
361.341 43
361.341 43
361.341 43
361.341 43
361.341 43
361.342 43
361.342 1244
361.342 1250
361.342 1250
361.342 1250
361.342 1250
361.342 371
361.343 43
361.343 43
361.343 43
361.343 0
361.344 43
361.344 43
361.344 48
361.344 43
361.346 0
361.346 43
361.346 43
361.346 43
361.346 43
361.348 0
361.349 43
361.349 43
361.349 43
361.349 43
361.349 43
361.349 43
361.349 43
361.349 43
361.349 43
361.35 43
361.351 43
361.351 43
361.351 43
361.351 43
361.351 48
361.351 43
361.353 43
361.353 43
361.353 43
361.353 43
361.353 33
361.353 0
361.353 0
361.354 0
361.354 0
361.355 131
361.355 10505
361.358 44
361.375 0
361.381 0
361.381 0
361.381 0
361.384 0
361.387 41
361.409 0
361.41 1833
361.435 0
361.435 0
361.435 0
361.435 0
361.435 0
361.435 0
361.435 0
361.436 1843
361.437 64
361.437 92
361.437 375
361.441 0
361.441 0
361.443 0
361.443 0
361.445 0
361.455 0
361.46 0
361.462 0
361.462 0
361.463 31
361.464 193
361.464 80
361.465 0
361.482 0
361.482 0
361.484 0
361.484 0
361.489 0
361.491 80
361.491 844
361.53 0
361.542 41
361.542 0
361.546 0
361.546 0
361.549 0
361.568 0
361.57 0
361.589 0
361.592 0
361.599 0
361.635 0
361.651 0
361.654 0
361.694 0
361.704 0
361.705 0
361.739 0
361.739 0
361.761 0
361.761 0
361.762 0
361.782 0
361.783 0
361.824 0
361.826 0
361.844 0
361.889 0
361.892 0
361.911 0
361.911 0
361.931 0
361.963 0
361.964 1066
361.973 0
361.973 0
361.975 0
361.977 0
361.979 0
361.981 0
361.985 0
361.995 0
361.997 0
361.998 1862
361.998 625
362.006 594
362.017 0
362.017 0
362.017 0
362.018 0
362.019 64
362.02 1177
362.02 92
362.02 622
362.028 41
362.028 41
362.028 41
362.028 41
362.028 41
362.029 42
362.029 42
362.03 42
362.03 42
362.03 42
362.03 42
362.03 42
362.031 42
362.031 42
362.031 42
362.031 42
362.032 42
362.032 42
362.033 42
362.033 47
362.033 42
362.033 42
362.033 42
362.033 42
362.035 42
362.035 42
362.035 42
362.035 42
362.035 42
362.035 42
362.035 42
362.037 42
362.037 42
362.037 42
362.037 42
362.037 42
362.037 42
362.038 42
362.038 42
362.039 47
362.039 42
362.039 42
362.039 42
362.039 42
362.04 0
362.04 42
362.04 42
362.04 42
362.04 1764
362.041 42
362.041 42
362.041 42
362.042 42
362.042 42
362.042 42
362.042 42
362.042 42
362.042 42
362.045 42
362.045 42
362.045 42
362.045 47
362.045 42
362.045 42
362.045 43
362.046 43
362.046 43
362.046 43
362.047 43
362.047 43
362.047 43
362.048 43
362.048 43
362.048 43
362.048 43
362.048 43
362.048 43
362.048 43
362.05 43
362.051 43
362.051 43
362.051 48
362.051 43
362.051 43
362.052 43
362.052 43
362.052 43
362.053 43
362.053 43
362.053 43
362.054 43
362.054 43
362.054 43
362.054 43
362.054 43
362.054 43
362.054 43
362.059 622
362.059 43
362.059 43
362.059 43
362.059 43
362.06 48
362.06 43
362.06 43
362.061 0
362.061 43
362.061 43
362.061 43
362.062 1781
362.062 43
362.062 43
362.062 43
362.063 43
362.063 43
362.063 43
362.063 43
362.063 43
362.063 43
362.063 43
362.068 43
362.068 43
362.068 43
362.068 43
362.068 48
362.068 43
362.069 43
362.069 43
362.069 43
362.069 45
362.069 45
362.069 45
362.069 45
362.071 45
362.071 45
362.071 45
362.071 45
362.071 45
362.071 45
362.071 46
362.073 46
362.073 46
362.073 46
362.073 46
362.073 51
362.073 46
362.074 46
362.074 46
362.074 46
362.074 46
362.074 48
362.074 48
362.074 48
362.074 48
362.074 50
362.074 50
362.074 50
362.074 50
362.075 52
362.075 52
362.075 52
362.075 52
362.075 54
362.075 54
362.075 59
362.076 54
362.077 56
362.077 56
362.077 56
362.077 56
362.077 58
362.077 58
362.077 58
362.077 58
362.077 60
362.077 60
362.077 60
362.077 60
362.077 62
362.077 62
362.077 62
362.077 62
362.077 64
362.077 64
362.077 69
362.077 64
362.077 66
362.077 66
362.077 66
362.077 66
362.077 68
362.077 68
362.077 68
362.077 68
362.077 70
362.077 70
362.078 70
362.078 70
362.078 72
362.078 72
362.078 72
362.078 72
362.078 74
362.078 74
362.078 79
362.078 74
362.079 76
362.094 0
362.096 0
362.1 0
362.102 76
362.102 228
362.105 230
362.105 230
362.105 230
362.105 230
362.105 232
362.105 232
362.105 232
362.105 232
362.105 234
362.105 234
362.105 234
362.105 234
362.105 236
362.105 236
362.105 236
362.105 241
362.105 238
362.105 238
362.105 238
362.105 238
362.106 238
362.106 238
362.106 238
362.107 238
362.107 238
362.107 238
362.107 239
362.107 239
362.107 239
362.109 239
362.109 239
362.109 239
362.109 239
362.109 239
362.109 239
362.111 246
362.111 241
362.111 241
362.111 241
362.111 243
362.111 243
362.111 243
362.111 243
362.111 245
362.111 245
362.111 245
362.111 245
362.111 245
362.111 245
362.111 245
362.111 245
362.112 245
362.113 245
362.113 246
362.113 246
362.113 251
362.113 246
362.114 246
362.114 246
362.115 0
362.115 1302
362.115 246
362.115 246
362.117 246
362.117 246
362.117 246
362.117 246
362.117 246
362.117 246
362.118 248
362.118 248
362.118 248
362.118 248
362.119 250
362.119 250
362.119 250
362.119 250
362.119 257
362.119 252
362.119 252
362.119 252
362.119 254
362.119 254
362.119 254
362.119 254
362.119 256
362.119 256
362.119 256
362.119 256
362.119 258
362.119 258
362.119 258
362.119 258
362.119 260
362.119 260
362.119 260
362.119 260
362.119 267
362.119 262
362.119 262
362.119 262
362.119 264
362.12 264
362.12 264
362.12 264
362.12 266
362.12 266
362.12 266
362.12 266
362.12 268
362.12 268
362.12 268
362.12 268
362.12 270
362.121 0
362.126 270
362.126 330
362.126 0
362.128 330
362.128 335
362.128 330
362.128 332
362.128 332
362.128 332
362.128 332
362.128 334
362.128 334
362.128 334
362.128 334
362.128 336
362.128 336
362.128 336
362.128 336
362.128 338
362.128 338
362.128 338
362.128 338
362.128 340
362.128 340
362.128 345
362.128 340
362.128 340
362.129 342
362.129 342
362.129 342
362.129 342
362.13 342
362.13 342
362.13 344
362.13 344
362.13 344
362.13 344
362.13 344
362.13 344
362.131 0
362.132 344
362.132 344
362.132 344
362.132 344
362.132 345
362.132 350
362.132 345
362.134 345
362.134 0
362.137 345
362.137 345
362.14 345
362.14 345
362.14 345
362.14 345
362.14 345
362.14 345
362.141 345
362.141 345
362.141 345
362.142 345
362.142 345
362.142 347
362.142 347
362.142 347
362.142 347
362.142 354
362.142 0
362.143 351
362.143 351
362.143 351
362.143 351
362.143 353
362.143 353
362.143 353
362.143 353
362.143 355
362.143 355
362.143 355
362.143 355
362.143 357
362.143 357
362.143 357
362.143 357
362.143 359
362.143 359
362.143 359
362.143 364
362.143 361
362.143 361
362.143 361
362.144 0
362.145 0
362.145 0
362.145 360
362.145 360
362.146 0
362.147 0
362.147 0
362.147 0
362.147 0
362.147 360
362.148 0
362.148 126
362.148 620
362.15 0
362.15 0
362.15 0
362.15 0
362.15 357
362.151 357
362.151 358
362.151 358
362.151 358
362.151 0
362.152 0
362.152 0
362.152 0
362.152 0
362.153 358
362.153 358
362.153 338
362.153 338
362.153 338
362.153 338
362.154 338
362.154 338
362.154 343
362.155 64
362.155 338
362.155 1442
362.157 338
362.157 338
362.157 338
362.157 338
362.157 338
362.157 338
362.157 338
362.157 338
362.157 338
362.158 166
362.158 166
362.158 166
362.158 166
362.16 166
362.16 166
362.16 166
362.16 166
362.16 166
362.16 171
362.16 171
362.162 166
362.162 166
362.162 166
362.162 166
362.162 166
362.162 166
362.163 166
362.163 166
362.163 166
362.163 165
362.163 159
362.164 159
362.164 159
362.165 159
362.165 159
362.165 159
362.165 159
362.166 159
362.172 0
362.174 0
362.176 0
362.176 0
362.178 0
362.178 0
362.178 0
362.183 0
362.185 0
362.185 0
362.187 0
362.187 0
362.187 35
362.188 159
362.188 62
362.19 0
362.19 53
362.19 53
362.19 53
362.19 53
362.19 53
362.19 0
362.19 0
362.19 53
362.19 0
362.191 0
362.191 0
362.192 31
362.193 0
362.209 43
362.209 42
362.209 42
362.209 48
362.21 42
362.21 42
362.211 0
362.211 0
362.211 42
362.211 42
362.211 42
362.211 42
362.211 42
362.213 42
362.213 42
362.213 42
362.213 42
362.213 42
362.213 42
362.214 0
362.214 42
362.214 42
362.214 42
362.215 0
362.216 42
362.216 42
362.216 42
362.216 47
362.216 42
362.216 42
362.216 941
362.216 115
362.217 42
362.217 42
362.217 42
362.218 42
362.218 42
362.218 42
362.218 42
362.218 42
362.218 42
362.218 42
362.22 42
362.22 42
362.22 43
362.221 43
362.221 43
362.221 43
362.222 43
362.222 48
362.222 43
362.222 43
362.222 43
362.222 43
362.224 43
362.224 43
362.224 43
362.224 43
362.224 43
362.224 43
362.224 43
362.226 1244
362.226 1250
362.226 1250
362.226 1250
362.226 1033
362.228 43
362.228 43
362.228 43
362.228 43
362.229 43
362.229 43
362.23 43
362.23 43
362.23 48
362.23 43
362.23 43
362.23 43
362.23 43
362.232 43
362.232 43
362.232 43
362.232 43
362.232 43
362.232 43
362.234 43
362.234 43
362.234 43
362.234 43
362.234 43
362.234 43
362.236 43
362.236 43
362.236 43
362.236 48
362.236 43
362.236 43
362.236 43
362.237 43
362.237 43
362.237 43
362.238 43
362.238 43
362.238 43
362.24 43
362.24 43
362.24 43
362.24 43
362.24 43
362.241 43
362.242 43
362.242 43
362.242 43
362.242 43
362.242 48
362.242 43
362.242 43
362.244 43
362.244 43
362.244 43
362.244 43
362.244 43
362.244 43
362.248 43
362.248 43
362.248 43
362.248 43
362.248 43
362.248 43
362.25 43
362.25 43
362.25 43
362.25 43
362.25 43
362.25 48
362.25 43
362.252 43
362.252 43
362.252 43
362.252 43
362.252 43
362.252 43
362.253 43
362.253 43
362.253 43
362.254 43
362.254 43
362.254 43
362.254 43
362.255 43
362.255 43
362.255 43
362.255 43
362.255 43
362.256 48
362.257 43
362.257 43
362.257 43
362.257 43
362.257 43
362.257 43
362.259 43
362.259 43
362.259 43
362.259 43
362.259 43
362.259 43
362.259 43
362.26 43
362.26 43
362.261 43
362.261 43
362.261 43
362.261 43
362.262 48
362.262 43
362.262 43
362.263 43
362.263 43
362.263 43
362.263 43
362.265 43
362.265 43
362.265 43
362.265 43
362.265 43
362.265 43
362.267 43
362.267 43
362.267 43
362.267 43
362.267 43
362.267 43
362.268 43
362.268 48
362.269 43
362.269 43
362.269 43
362.269 43
362.269 43
362.27 43
362.27 43
362.27 43
362.27 43
362.27 43
362.27 43
362.272 43
362.272 43
362.272 43
362.272 43
362.273 43
362.273 43
362.274 1244
362.274 43
362.274 43
362.274 48
362.274 43
362.274 43
362.274 43
362.274 43
362.276 43
362.276 43
362.276 43
362.277 43
362.277 43
362.277 43
362.278 43
362.278 43
362.278 43
362.278 43
362.278 43
362.278 43
362.279 43
362.28 0
362.28 43
362.28 43
362.28 48
362.28 43
362.28 45
362.28 45
362.28 45
362.28 45
362.284 0
362.284 45
362.284 45
362.284 45
362.284 45
362.284 45
362.284 45
362.286 46
362.286 46
362.286 46
362.286 46
362.286 46
362.286 46
362.288 46
362.288 46
362.288 51
362.288 46
362.288 46
362.288 46
362.288 46
362.289 46
362.29 46
362.29 46
362.29 0
362.29 46
362.29 46
362.291 46
362.291 46
362.291 46
362.292 46
362.292 46
362.292 46
362.292 46
362.293 46
362.293 46
362.293 46
362.293 0
362.293 51
362.294 46
362.294 46
362.294 38
362.297 46
362.297 46
362.297 46
362.297 46
362.297 46
362.297 46
362.3 46
362.3 46
362.3 46
362.3 46
362.3 46
362.3 46
362.3 46
362.301 46
362.301 46
362.301 46
362.301 46
362.301 51
362.301 46
362.303 46
362.303 46
362.303 46
362.303 46
362.303 46
362.303 46
362.304 46
362.304 46
362.305 46
362.305 46
362.305 46
362.305 46
362.305 46
362.306 46
362.307 46
362.307 46
362.307 46
362.307 46
362.307 51
362.308 46
362.308 46
362.308 46
362.308 46
362.308 46
362.308 46
362.308 46
362.311 46
362.311 46
362.311 46
362.311 46
362.311 46
362.312 46
362.313 46
362.313 46
362.313 46
362.313 46
362.313 46
362.313 46
362.313 51
362.315 46
362.315 46
362.315 46
362.315 46
362.315 46
362.315 46
362.316 46
362.317 46
362.317 46
362.317 46
362.317 46
362.317 46
362.317 46
362.321 0
362.321 46
362.321 46
362.321 46
362.322 46
362.322 46
362.322 46
362.322 1447
362.322 51
362.323 46
362.323 46
362.323 46
362.323 46
362.323 46
362.324 46
362.324 46
362.324 46
362.324 46
362.325 46
362.325 46
362.325 46
362.326 46
362.326 46
362.326 46
362.326 46
362.326 46
362.326 46
362.328 46
362.329 51
362.329 46
362.329 46
362.329 46
362.329 46
362.33 46
362.33 46
362.33 46
362.33 46
362.331 46
362.331 46
362.331 46
362.332 46
362.332 46
362.332 46
362.332 46
362.332 46
362.332 46
362.336 0
362.337 46
362.337 46
362.337 51
362.337 46
362.337 46
362.338 0
362.338 0
362.339 0
362.339 0
362.339 2030
362.34 0
362.34 0
362.34 0
362.342 44
362.349 40
362.359 0
362.362 0
362.364 0
362.379 0
362.388 0
362.388 0
362.388 64
362.423 0
362.423 0
362.426 0
362.432 0
362.445 0
362.445 0
362.447 0
362.478 0
362.514 0
362.515 0
362.518 0
362.53 0
362.531 0
362.552 0
362.553 0
362.553 0
362.571 83
362.572 39
362.587 0
362.588 35
362.614 0
362.617 0
362.617 0
362.622 0
362.634 0
362.635 0
362.637 0
362.658 0
362.701 0
362.703 0
362.742 0
362.742 0
362.764 0
362.765 0
362.806 0
362.807 0
362.827 0
362.841 40
362.85 0
362.873 0
362.913 0
362.913 0
362.914 0
362.959 0
362.963 0
363 0
363 0
363.001 0
363.045 0
363.047 0
363.062 0
363.064 0
363.105 0
363.148 0
363.148 0
363.15 0
363.152 0
363.156 0
363.213 0
363.215 0
363.215 0
363.216 0
363.217 1244
363.217 1250
363.217 1250
363.217 1250
363.217 994
363.254 0
363.254 0
363.256 0
363.257 41
363.258 0
363.302 0
363.302 0
363.304 0
363.344 0
363.345 0
363.361 0
363.363 0
363.375 78
363.391 0
363.405 0
363.405 0
363.407 0
363.413 41
363.448 0
363.45 0
363.45 0
363.482 0
363.511 0
363.515 0
363.515 0
363.53 0
363.53 0
363.532 0
363.553 0
363.594 0
363.598 0
363.638 0
363.659 0
363.66 0
363.707 0
363.708 0
363.724 0
363.744 0
363.81 0
363.813 0
363.831 0
363.833 0
363.833 0
363.86 0
363.895 0
363.915 0
363.918 0
363.982 0
364.002 0
364.006 625
364.012 0
364.025 0
364.027 1177
364.054 0
364.062 0
364.064 0
364.065 0
364.072 0
364.072 0
364.075 0
364.108 0
364.109 1302
364.11 0
364.127 42
364.129 0
364.132 0
364.14 0
364.174 0
364.215 0
364.216 935
364.216 937
364.217 880
364.217 0
364.236 0
364.236 0
364.245 0
364.278 1244
364.278 1250
364.278 1250
364.278 1250
364.278 198
364.301 0
364.304 0
364.333 0
364.336 0
364.336 0
364.336 0
364.336 0
364.344 0
364.344 0
364.346 0
364.366 0
364.369 0
364.369 0
364.369 0
364.37 0
364.37 0
364.372 0
364.385 0
364.387 0
364.43 0
364.433 0
364.433 0
364.444 0
364.447 0
364.448 40
364.46 856
364.493 0
364.495 0
364.495 0
364.496 0
364.53 0
364.532 0
364.532 0
364.579 0
364.579 0
364.58 0
364.581 0
364.581 0
364.643 0
364.644 0
364.645 0
364.685 0
364.687 0
364.69 0
364.69 0
364.733 0
364.747 0
364.749 0
364.749 0
364.791 0
364.794 0
364.794 0
364.835 0
364.837 0
364.898 0
364.901 0
364.901 0
364.939 0
364.941 0
364.942 0
364.953 0
364.961 0
364.962 0
364.98 0
364.981 0
365.046 0
365.048 0
365.091 0
365.094 0
365.095 0
365.097 0
365.131 0
365.134 0
365.199 0
365.199 0
365.201 0
365.201 0
365.234 0
365.235 0
365.237 0
365.237 0
365.259 0
365.289 0
365.291 0
365.292 0
365.294 0
365.341 1244
365.341 1250
365.341 1250
365.341 1250
365.341 198
365.345 0
365.345 0
365.348 0
365.35 0
365.356 0
365.382 41
365.388 0
365.392 0
365.393 0
365.434 0
365.436 0
365.436 0
365.436 0
365.495 0
365.498 0
365.516 40
365.53 0
365.54 0
365.54 0
365.545 0
365.559 0
365.579 0
365.579 0
365.581 0
365.581 0
365.644 0
365.645 0
365.646 0
365.648 0
365.65 0
365.65 0
365.691 0
365.691 0
365.693 0
365.693 0
365.713 0
365.73 0
365.732 0
365.797 0
365.799 0
365.8 0
365.838 0
365.838 0
365.841 0
365.88 0
365.882 0
365.945 0
365.946 0
365.948 0
366.01 0
366.016 625
366.035 0
366.037 1177
366.059 0
366.06 0
366.06 0
366.062 0
366.062 0
366.065 0
366.066 0
366.067 0
366.069 0
366.069 0
366.072 0
366.072 0
366.072 0
366.075 0
366.075 0
366.077 0
366.077 0
366.077 0
366.077 0
366.103 1302
366.112 0
366.112 0
366.115 0
366.132 0
366.134 0
366.134 0
366.156 0
366.157 0
366.178 0
366.201 0
366.203 0
366.203 0
366.261 0
366.263 0
366.265 0
366.284 0
366.303 0
366.305 0
366.346 0
366.349 0
366.402 1244
366.402 1250
366.402 1250
366.402 1250
366.402 230
366.412 0
366.413 0
366.413 0
366.445 41
366.454 0
366.455 0
366.501 0
366.503 0
366.559 0
366.559 0
366.561 0
366.561 0
366.574 40
366.602 0
366.604 0
366.649 0
366.691 0
366.711 0
366.713 0
366.753 0
366.753 0
366.755 0
366.755 0
366.761 0
366.795 0
366.796 0
366.796 0
366.859 0
366.862 0
366.864 0
366.864 0
366.902 0
366.904 0
366.904 0
366.943 0
366.945 0
366.947 0
366.968 0
367.013 0
367.015 0
367.015 0
367.045 0
367.047 0
367.05 0
367.05 0
367.08 0
367.093 0
367.095 0
367.096 0
367.097 0
367.136 0
367.16 0
367.16 0
367.2 0
367.2 0
367.201 0
367.243 0
367.245 0
367.245 0
367.301 0
367.31 0
367.312 0
367.315 0
367.333 0
367.341 0
367.352 0
367.354 0
367.416 0
367.418 0
367.42 0
367.434 0
367.437 0
367.444 0
367.465 1244
367.465 1250
367.465 1250
367.465 1250
367.465 210
367.499 0
367.507 41
367.543 0
367.544 0
367.544 0
367.563 0
367.564 0
367.573 0
367.605 0
367.607 0
367.647 0
367.648 0
367.651 0
367.653 41
367.715 0
367.715 0
367.717 0
367.733 0
367.734 0
367.775 0
367.775 0
367.797 0
367.799 0
367.839 0
367.842 0
367.842 0
367.843 0
367.859 40
367.861 0
367.864 0
367.892 0
367.894 0
367.926 0
367.926 0
367.927 0
367.996 0
367.996 0
367.999 625
368.018 0
368.021 1177
368.043 0
368.046 0
368.054 0
368.054 0
368.056 0
368.058 1450
368.058 175
368.058 117
368.06 0
368.062 0
368.067 0
368.076 0
368.078 0
368.08 0
368.08 0
368.082 0
368.082 0
368.086 0
368.087 0
368.088 0
368.091 0
368.091 0
368.099 1302
368.1 0
368.103 0
368.103 0
368.109 0
368.131 0
368.132 35
368.138 0
368.163 0
368.165 0
368.168 0
368.175 0
368.176 35
368.217 0
368.217 0
368.227 0
368.248 0
368.249 0
368.288 0
368.29 0
368.315 0
368.33 0
368.33 0
368.397 0
368.397 0
368.399 0
368.399 0
368.438 0
368.438 0
368.438 0
368.438 0
368.48 0
368.482 0
368.483 0
368.53 1244
368.53 1250
368.53 1250
368.53 1250
368.53 738
368.546 0
368.547 0
368.547 0
368.549 0
368.571 41
368.588 0
368.59 0
368.632 0
368.634 0
368.651 0
368.696 0
368.698 0
368.706 40
368.715 817
368.732 0
368.732 0
368.734 0
368.734 0
368.779 0
368.781 0
368.783 0
368.783 0
368.834 0
368.834 0
368.835 35
368.843 0
368.846 0
368.864 0
368.867 0
368.91 0
368.931 0
368.932 0
368.932 0
368.935 0
368.937 0
368.952 0
368.993 0
368.995 0
369.037 0
369.039 0
369.041 0
369.044 0
369.044 0
369.081 0
369.145 0
369.145 0
369.148 0
369.151 0
369.151 0
369.163 0
369.207 0
369.207 0
369.208 0
369.228 0
369.243 0
369.246 0
369.247 0
369.315 0
369.316 0
369.319 0
369.322 0
369.322 0
369.322 0
369.356 0
369.4 0
369.401 0
369.401 0
369.44 0
369.442 0
369.463 0
369.468 0
369.499 0
369.501 0
369.503 0
369.548 0
369.55 0
369.59 1243
369.59 1250
369.59 1250
369.59 1250
369.59 233
369.611 0
369.613 0
369.615 0
369.632 41
369.636 0
369.636 0
369.654 0
369.656 0
369.697 0
369.699 0
369.701 0
369.701 0
369.766 0
369.768 0
369.768 0
369.787 41
369.799 0
369.8 0
369.801 0
369.802 0
369.804 0
369.845 0
369.848 0
369.878 0
369.913 0
369.913 0
369.914 0
369.914 0
369.916 0
369.916 0
369.918 0
369.998 0
370.001 0
370.004 625
370.022 0
370.025 1177
370.05 0
370.059 0
370.061 0
370.062 0
370.068 0
370.071 0
370.071 0
370.074 0
370.077 0
370.08 0
370.08 0
370.082 0
370.094 1302
370.099 0
370.101 0
370.102 0
370.125 0
370.127 0
370.142 0
370.142 0
370.146 0
370.171 0
370.184 0
370.191 0
370.212 0
370.232 0
370.232 0
370.253 0
370.253 0
370.254 0
370.296 0
370.298 0
370.337 0
370.358 0
370.361 0
370.363 0
370.363 0
370.38 0
370.401 0
370.404 0
370.446 0
370.446 0
370.448 0
370.507 0
370.509 0
370.509 0
370.51 0
370.53 0
370.532 0
370.55 0
370.551 0
370.618 0
370.637 0
370.64 0
370.648 0
370.65 0
370.653 1243
370.653 1250
370.653 1250
370.653 1250
370.653 217
370.674 0
370.679 0
370.681 0
370.683 0
370.695 42
370.743 0
370.745 0
370.747 0
370.747 0
370.766 0
370.767 0
370.77 0
370.785 0
370.828 0
370.828 0
370.833 0
370.848 0
370.851 0
370.854 42
370.879 0
370.893 0
370.896 0
370.912 0
370.913 0
370.933 0
370.933 0
370.983 0
370.985 0
370.985 0
371.028 0
371.029 0
371.029 0
371.086 0
371.149 0
371.149 0
371.151 0
371.151 0
371.173 0
371.178 0
371.178 0
371.194 0
371.212 0
371.215 0
371.229 0
371.246 0
371.263 0
371.28 0
371.298 0
371.315 0
371.332 0
371.349 0
371.366 0
371.384 0
371.386 0
371.386 0
371.386 0
371.447 0
371.447 0
371.449 0
371.466 0
371.468 0
371.486 0
371.49 0
371.492 0
371.531 0
371.531 0
371.594 0
371.596 0
371.596 0
371.639 0
371.641 0
371.643 0
371.66 0
371.681 0
371.681 0
371.683 0
371.715 1243
371.715 1250
371.715 1250
371.715 1250
371.715 229
371.723 0
371.747 0
371.757 42
371.766 0
371.767 0
371.786 0
371.788 0
371.83 0
371.833 0
371.834 0
371.854 0
371.868 0
371.869 0
371.896 0
371.898 0
371.899 0
371.915 0
371.916 42
371.917 0
371.917 0
371.918 0
371.919 0
371.928 0
371.959 42
372 42
372 0
372.003 0
372.003 0
372.005 0
372.005 0
372.007 625
372.026 0
372.029 1177
372.033 0
372.051 0
372.058 0
372.059 0
372.06 0
372.06 0
372.063 0
372.064 0
372.066 0
372.069 0
372.07 0
372.07 0
372.072 0
372.074 0
372.081 0
372.089 1302
372.091 0
372.095 0
372.095 0
372.121 0
372.129 0
372.131 0
372.171 0
372.171 0
372.172 0
372.191 0
372.192 0
372.193 0
372.215 876
372.235 0
372.237 0
372.244 0
372.244 0
372.246 0
372.296 0
372.307 0
372.318 0
372.344 0
372.345 0
372.364 0
372.366 0
372.406 0
372.428 0
372.43 0
372.471 0
372.471 0
372.494 0
372.495 0
372.535 0
372.537 0
372.577 0
372.581 0
372.631 0
372.631 0
372.633 0
372.685 0
372.687 0
372.688 0
372.688 0
372.715 818
372.747 0
372.75 0
372.778 1243
372.778 1250
372.778 1250
372.778 1250
372.778 229
372.796 0
372.796 0
372.833 0
372.833 0
372.833 0
372.834 0
372.836 42
372.876 42
372.896 0
372.898 0
372.937 0
372.989 42
373.017 0
373.017 0
373.042 42
373.046 0
373.049 0
373.094 0
373.094 0
373.096 0
373.11 0
373.112 0
373.131 0
373.133 0
373.174 0
373.176 0
373.178 0
373.195 0
373.24 0
373.281 0
373.283 0
373.346 0
373.348 0
373.366 0
373.368 0
373.383 0
373.39 0
373.391 0
373.458 0
373.458 0
373.475 0
373.476 0
373.476 0
373.492 0
373.492 0
373.494 0
373.494 0
373.508 0
373.535 0
373.538 0
373.538 0
373.579 0
373.581 0
373.643 0
373.651 0
373.685 0
373.687 0
373.689 0
373.731 0
373.732 0
373.733 0
373.751 0
373.779 0
373.794 0
373.795 0
373.797 0
373.797 0
373.83 0
373.841 1243
373.841 1250
373.841 1250
373.841 1250
373.841 237
373.856 0
373.877 0
373.878 0
373.88 0
373.881 42
373.896 0
373.898 0
373.994 0
374.003 0
374.005 0
374.007 0
374.011 0
374.013 625
374.016 41
374.032 0
374.035 1177
374.057 0
374.058 0
374.06 0
374.062 0
374.062 0
374.067 0
374.067 0
374.067 0
374.085 1302
374.101 0
374.113 0
374.113 0
374.114 0
374.116 0
374.118 35
374.133 0
374.134 0
374.135 0
374.155 0
374.156 0
374.177 0
374.179 0
374.222 0
374.223 0
374.262 0
374.264 0
374.3 0
374.303 0
374.329 1445
374.329 175
374.329 114
374.344 0
374.348 0
374.349 0
374.367 0
374.371 0
374.38 0
374.38 0
374.411 0
374.411 0
374.413 0
374.413 0
374.415 0
374.446 0
374.447 35
374.476 0
374.477 0
374.495 0
374.496 0
374.537 0
374.537 0
374.542 0
374.562 0
374.563 0
374.602 0
374.625 0
374.627 0
374.668 0
374.67 0
374.681 0
374.709 0
374.712 0
374.714 0
374.731 0
374.733 0
374.734 0
374.745 0
374.749 0
374.798 0
374.798 0
374.801 0
374.813 0
374.814 0
374.86 0
374.862 0
374.862 0
374.9 0
374.904 1243
374.904 1250
374.904 1250
374.904 1250
374.904 741
374.924 0
374.944 0
374.944 0
374.957 42
374.99 0
374.992 0
375.009 0
375.051 0
375.052 0
375.094 0
375.097 0
375.098 0
375.1 0
375.159 0
375.161 0
375.201 0
375.203 0
375.205 0
375.205 0
375.206 0
375.243 0
375.307 0
375.307 0
375.31 0
375.311 0
375.348 0
375.349 0
375.349 0
375.414 0
375.416 0
375.418 0
375.457 0
375.459 0
375.459 0
375.477 0
375.499 0
375.502 0
375.502 0
375.528 41
375.564 0
375.564 0
375.566 0
375.593 0
375.593 0
375.596 0
375.596 0
375.614 0
375.651 0
375.711 0
375.711 0
375.714 0
375.715 0
375.715 0
375.756 0
375.782 0
375.782 0
375.785 0
375.798 0
375.798 0
375.799 0
375.799 0
375.799 0
375.862 0
375.864 0
375.864 0
375.866 0
375.866 0
375.868 0
375.904 0
375.906 0
375.992 0
375.993 0
375.994 0
375.996 0
375.997 625
376.016 0
376.018 1177
376.04 0
376.05 0
376.057 0
376.057 0
376.058 0
376.061 0
376.065 0
376.068 0
376.068 0
376.07 0
376.075 0
376.075 0
376.079 1302
376.098 0
376.098 0
376.099 0
376.101 0
376.107 1243
376.107 1250
376.107 1250
376.107 1250
376.107 221
376.111 0
376.148 42
376.162 0
376.164 0
376.182 0
376.184 0
376.203 0
376.205 0
376.245 0
376.248 0
376.248 0
376.289 0
376.291 0
376.301 42
376.313 0
376.314 0
376.352 0
376.352 0
376.395 0
376.397 0
376.398 0
376.462 0
376.462 0
376.464 0
376.464 0
376.465 0
376.479 0
376.503 0
376.503 0
376.543 0
376.546 0
376.587 0
376.591 0
376.591 0
376.61 0
376.613 0
376.646 0
376.648 0
376.65 0
376.696 0
376.697 0
376.759 0
376.762 0
376.763 0
376.763 0
376.779 0
376.779 0
376.801 0
376.803 0
376.844 0
376.846 0
376.847 0
376.885 0
376.887 0
376.893 0
376.893 0
376.95 0
376.952 0
376.952 0
376.954 0
376.994 0
376.996 0
377.016 0
377.017 0
377.056 0
377.056 0
377.057 0
377.079 0
377.081 0
377.1 0
377.102 0
377.163 0
377.166 0
377.167 0
377.186 1243
377.186 1250
377.186 1250
377.186 1250
377.186 441
377.187 0
377.206 0
377.207 0
377.227 0
377.228 42
377.228 0
377.257 0
377.29 0
377.293 0
377.337 0
377.34 0
377.342 0
377.378 0
377.379 0
377.381 42
377.414 0
377.417 0
377.44 0
377.473 0
377.485 0
377.486 0
377.534 0
377.535 28
377.547 0
377.549 0
377.549 0
377.59 0
377.593 0
377.595 0
377.611 0
377.634 0
377.634 0
377.637 0
377.64 0
377.697 0
377.699 0
377.718 0
377.719 0
377.742 0
377.743 0
377.815 0
377.826 0
377.827 0
377.84 0
377.845 0
377.847 0
377.849 0
377.88 0
377.886 0
377.89 0
377.891 0
377.916 0
377.917 0
377.918 0
377.935 0
377.993 0
377.997 625
378.036 0
378.039 1177
378.062 0
378.064 0
378.064 0
378.074 1302
378.082 0
378.085 0
378.085 0
378.102 0
378.105 0
378.145 0
378.146 0
378.148 0
378.185 0
378.186 0
378.186 0
378.208 0
378.21 0
378.21 0
378.247 1243
378.247 1250
378.247 1250
378.247 1250
378.247 225
378.258 0
378.258 0
378.268 0
378.269 0
378.292 0
378.295 0
378.295 0
378.297 42
378.338 0
378.341 0
378.341 0
378.379 0
378.382 0
378.382 0
378.4 0
378.403 0
378.427 41
378.429 0
378.479 0
378.479 0
378.479 0
378.48 0
378.491 0
378.494 0
378.543 0
378.546 0
378.592 0
378.594 0
378.615 0
378.615 0
378.616 0
378.635 0
378.68 0
378.682 0
378.698 0
378.741 0
378.743 0
378.762 0
378.808 0
378.81 0
378.826 0
378.827 0
378.828 0
378.87 0
378.874 0
378.897 43
378.912 0
378.912 0
378.914 0
378.93 0
378.932 0
378.979 0
378.983 0
378.983 0
378.985 0
378.994 0
378.998 0
378.998 0
379.001 0
379.031 0
379.032 0
379.034 0
379.062 0
379.065 0
379.103 0
379.103 0
379.104 0
379.147 0
379.149 0
379.167 0
379.21 0
379.213 0
379.234 0
379.236 0
379.297 0
379.299 0
379.301 0
379.301 0
379.309 1243
379.309 1250
379.309 1250
379.309 1250
379.309 225
379.339 0
379.341 0
379.341 0
379.342 0
379.35 42
379.381 0
379.383 0
379.424 0
379.426 0
379.426 0
379.444 0
379.484 0
379.484 0
379.485 41
379.51 0
379.51 0
379.512 0
379.532 0
379.595 0
379.597 0
379.599 0
379.599 0
379.657 0
379.66 0
379.661 0
379.664 0
379.701 0
379.702 28
379.721 0
379.723 0
379.725 0
379.744 0
379.745 0
379.761 0
379.831 0
379.833 0
379.834 0
379.874 0
379.877 0
379.892 0
379.915 0
379.917 0
379.919 0
379.979 0
379.981 0
379.983 0
380 0
380.002 0
380.003 625
380.022 0
380.025 1177
380.069 1302
380.093 0
380.095 0
380.095 0
380.097 0
380.102 0
380.103 35
380.114 0
380.114 0
380.116 0
380.118 0
380.118 0
380.121 0
380.123 0
380.123 0
380.13 0
380.13 0
380.137 0
380.151 0
380.152 0
380.172 0
380.179 0
380.183 1450
380.183 175
380.183 117
380.214 0
380.234 0
380.234 0
380.234 0
380.236 0
380.282 0
380.285 0
380.285 0
380.301 0
380.302 35
380.324 0
380.324 0
380.324 0
380.344 0
380.344 0
380.346 0
380.382 1243
380.382 1250
380.382 1250
380.382 1250
380.382 717
380.385 0
380.386 0
380.386 0
380.391 0
380.424 42
380.429 0
380.432 0
380.495 0
380.496 0
380.496 0
380.515 0
380.517 0
380.557 41
380.558 0
380.562 0
380.577 0
380.579 0
380.62 0
380.621 0
380.623 0
380.631 0
380.632 0
380.685 0
380.687 0
380.707 0
380.709 0
380.715 819
380.746 0
380.747 0
380.749 0
380.751 0
380.769 0
380.773 0
380.812 0
380.814 0
380.815 0
380.832 0
380.833 35
380.837 0
380.839 0
380.841 0
380.9 0
380.902 0
380.904 0
380.905 0
380.925 0
380.96 0
380.962 0
380.965 0
381.003 0
381.006 0
381.051 0
381.056 0
381.058 0
381.067 0
381.069 0
381.111 0
381.113 0
381.113 0
381.131 0
381.134 0
381.197 0
381.2 0
381.202 0
381.202 0
381.204 0
381.204 0
381.26 0
381.266 0
381.267 0
381.267 0
381.326 0
381.329 0
381.329 0
381.329 0
381.344 0
381.345 0
381.387 0
381.388 0
381.409 0
381.412 0
381.45 1243
381.45 1250
381.45 1250
381.451 1250
381.451 221
381.451 0
381.453 0
381.453 0
381.463 0
381.473 0
381.475 0
381.493 41
381.493 0
381.496 0
381.56 0
381.562 0
381.6 0
381.6 0
381.603 0
381.633 42
381.644 0
381.644 0
381.648 0
381.688 0
381.688 0
381.69 0
381.707 0
381.71 0
381.712 0
381.75 0
381.813 0
381.816 0
381.819 0
381.819 0
381.856 0
381.859 0
381.859 0
381.881 0
381.901 0
381.902 0
381.999 0
382.006 0
382.008 0
382.01 0
382.012 625
382.023 0
382.032 0
382.035 1177
382.048 0
382.059 0
382.061 0
382.065 1302
382.067 0
382.07 0
382.07 0
382.075 0
382.075 0
382.077 0
382.079 0
382.079 0
382.089 0
382.092 0
382.095 0
382.096 0
382.111 0
382.114 0
382.156 0
382.158 0
382.178 0
382.192 0
382.196 0
382.196 0
382.2 0
382.249 0
382.262 0
382.264 0
382.264 0
382.265 0
382.305 0
382.308 0
382.309 0
382.348 0
382.348 0
382.35 0
382.391 0
382.391 0
382.392 0
382.412 0
382.455 0
382.455 0
382.492 0
382.502 0
382.506 0
382.508 0
382.512 1243
382.512 1250
382.512 1250
382.512 1250
382.512 237
382.515 0
382.533 42
382.561 0
382.564 0
382.566 0
382.569 0
382.615 0
382.615 0
382.646 0
382.648 0
382.692 42
382.692 0
382.692 0
382.694 0
382.712 0
382.715 0
382.753 0
382.754 0
382.754 0
382.773 0
382.779 0
382.836 0
382.837 0
382.837 0
382.862 0
382.864 0
382.864 0
382.882 0
382.923 0
382.926 0
382.926 0
382.939 0
382.947 0
382.948 0
382.99 0
383.01 0
383.012 0
383.056 0
383.057 0
383.073 0
383.073 0
383.096 0
383.097 0
383.16 0
383.161 0
383.163 0
383.179 0
383.18 0
383.201 0
383.204 0
383.205 0
383.278 0
383.278 0
383.321 0
383.33 0
383.33 0
383.331 0
383.331 0
383.333 0
383.334 0
383.372 0
383.373 0
383.394 0
383.413 0
383.413 0
383.415 0
383.415 0
383.417 0
383.417 0
383.436 0
383.438 0
383.45 0
383.499 0
383.499 0
383.52 0
383.52 0
383.522 0
383.543 0
383.544 0
383.544 0
383.563 0
383.563 0
383.578 78
383.579 39
383.589 1243
383.589 1250
383.589 1250
383.589 1250
383.589 249
383.594 0
383.595 35
383.604 0
383.606 0
383.607 0
383.608 0
383.609 42
383.619 0
383.632 0
383.633 0
383.663 0
383.67 0
383.67 0
383.681 0
383.73 0
383.732 0
383.763 42
383.777 0
383.779 0
383.799 0
383.801 0
383.805 0
383.836 0
383.846 0
383.867 0
383.867 0
383.868 0
383.906 0
383.908 0
383.908 0
383.915 0
383.991 0
383.993 0
383.993 0
383.994 0
383.997 0
383.998 625
384.014 0
384.018 0
384.02 1177
384.046 0
384.049 0
384.052 0
384.052 0
384.059 1302
384.075 0
384.079 0
384.079 0
384.091 0
384.1 0
384.101 0
384.103 0
384.108 0
384.127 0
384.13 0
384.161 0
384.164 0
384.2 0
384.2 0
384.232 0
384.248 0
384.248 0
384.25 0
384.268 0
384.268 0
384.27 0
384.276 0
384.31 0
384.31 0
384.315 0
384.332 0
384.35 0
384.374 0
384.374 0
384.377 0
384.377 0
384.396 0
384.398 0
384.398 0
384.398 0
384.441 0
384.441 0
384.443 0
384.459 0
384.503 0
384.503 0
384.543 0
384.545 0
384.568 0
384.569 0
384.569 0
384.612 0
384.618 0
384.632 0
384.633 0
384.653 1243
384.653 1250
384.653 1250
384.653 1250
384.653 237
384.673 0
384.674 42
384.675 0
384.695 0
384.695 0
384.698 0
384.739 0
384.781 0
384.781 0
384.783 0
384.786 0
384.801 0
384.804 0
384.83 42
384.845 0
384.846 0
384.847 0
384.847 0
384.865 0
384.867 0
384.907 0
384.907 0
384.91 0
384.93 0
384.967 0
384.967 0
385.019 0
385.019 0
385.022 0
385.036 0
385.077 0
385.077 0
385.079 0
385.1 0
385.101 0
385.102 0
385.102 0
385.142 0
385.144 0
385.164 0
385.205 0
385.239 0
385.252 0
385.253 0
385.294 0
385.296 0
385.313 0
385.329 0
385.341 0
385.341 0
385.346 0
385.378 0
385.379 0
385.386 0
385.395 0
385.399 0
385.402 0
385.439 0
385.442 0
385.462 0
385.464 0
385.504 0
385.506 0
385.532 0
385.546 0
385.546 0
385.549 0
385.549 0
385.568 0
385.583 0
385.611 0
385.612 0
385.613 0
385.613 0
385.614 0
385.634 0
385.635 0
385.67 0
385.677 0
385.678 0
385.702 0
385.703 0
385.715 1243
385.715 1250
385.715 1250
385.715 1250
385.715 213
385.736 42
385.739 0
385.74 0
385.74 0
385.761 0
385.763 0
385.774 90
385.79 0
385.803 0
385.805 0
385.847 0
385.849 0
385.879 0
385.889 0
385.89 42
385.9 0
385.91 0
385.91 0
385.911 0
385.912 0
385.95 0
385.974 0
385.989 0
385.994 0
385.996 0
385.998 625
386.019 0
386.021 1177
386.022 1445
386.023 176
386.023 114
386.047 0
386.047 0
386.047 0
386.054 1302
386.059 0
386.059 0
386.061 0
386.073 0
386.073 0
386.08 0
386.081 0
386.085 0
386.086 35
386.103 0
386.103 0
386.14 0
386.141 35
386.144 0
386.146 0
386.146 0
386.147 0
386.15 0
386.151 0
386.186 0
386.21 0
386.247 0
386.247 0
386.247 0
386.249 0
386.249 0
386.27 0
386.273 0
386.292 0
386.294 0
386.344 0
386.359 0
386.4 0
386.4 0
386.444 0
386.445 0
386.457 0
386.488 0
386.505 0
386.508 0
386.508 0
386.551 0
386.552 0
386.614 0
386.617 0
386.617 0
386.619 0
386.643 0
386.645 0
386.655 0
386.658 0
386.699 0
386.7 0
386.731 0
386.75 0
386.761 0
386.761 0
386.763 0
386.769 0
386.799 1243
386.799 1250
386.799 1250
386.799 1250
386.799 929
386.804 0
386.805 0
386.805 0
386.806 0
386.818 42
386.823 0
386.836 0
386.844 0
386.847 0
386.85 0
386.863 0
386.867 0
386.893 0
386.909 0
386.909 0
386.912 0
386.949 0
386.953 0
386.953 0
386.955 0
386.957 0
386.958 0
386.968 0
386.97 0
386.972 42
386.997 0
386.998 0
387.044 0
387.054 0
387.061 0
387.063 0
387.068 0
387.105 0
387.105 0
387.125 0
387.127 0
387.148 0
387.151 0
387.166 0
387.181 0
387.21 0
387.214 0
387.215 0
387.253 0
387.255 0
387.296 0
387.298 0
387.298 0
387.319 0
387.36 0
387.363 0
387.383 0
387.383 0
387.384 0
387.401 0
387.401 0
387.403 0
387.414 0
387.445 0
387.448 0
387.461 0
387.461 0
387.463 0
387.509 0
387.512 0
387.55 0
387.552 0
387.57 0
387.572 0
387.574 0
387.574 0
387.581 0
387.594 0
387.596 0
387.658 0
387.66 0
387.66 0
387.662 0
387.702 0
387.702 0
387.704 0
387.765 0
387.765 0
387.773 0
387.773 0
387.775 0
387.8 0
387.857 0
387.872 0
387.872 0
387.874 0
387.894 0
387.894 0
387.897 0
387.98 0
387.982 0
387.999 0
388.001 0
388.002 625
388.022 0
388.024 1177
388.049 1302
388.051 1243
388.051 1250
388.051 1250
388.051 879
388.077 0
388.078 0
388.078 0
388.08 0
388.08 0
388.096 1243
388.101 42
388.106 0
388.106 0
388.11 0
388.112 0
388.15 0
388.153 0
388.153 0
388.216 0
388.217 0
388.255 0
388.255 0
388.255 42
388.257 0
388.257 0
388.258 0
388.285 29
388.297 0
388.299 0
388.301 0
388.362 0
388.363 0
388.363 0
388.408 0
388.408 0
388.447 0
388.45 0
388.451 0
388.519 0
388.555 0
388.559 0
388.598 0
388.601 0
388.663 0
388.664 0
388.681 0
388.681 0
388.712 0
388.746 0
388.75 0
388.811 0
388.813 0
388.813 0
388.817 0
388.817 0
388.818 0
388.833 0
388.834 0
388.879 0
388.88 0
388.896 0
388.897 0
388.897 0
388.935 0
388.941 0
388.942 0
388.961 0
388.964 0
388.972 0
389.025 0
389.025 0
389.027 0
389.027 0
389.044 0
389.045 0
389.068 0
389.069 0
389.069 0
389.079 0
389.102 0
389.109 0
389.11 0
389.131 0
389.135 0
389.145 0
389.173 0
389.175 0
389.208 0
389.21 0
389.216 0
389.219 0
389.219 0
389.221 0
389.24 0
389.241 0
389.281 0
389.283 0
389.283 0
389.303 0
389.303 0
389.304 0
389.304 0
389.344 0
389.347 0
389.365 0
389.368 0
389.431 0
389.433 0
389.472 0
389.475 0
389.484 0
389.495 0
389.497 0
389.515 0
389.516 0
389.53 0
389.571 0
389.58 0
389.585 0
389.647 0
389.65 0
389.65 0
389.686 0
389.686 0
389.689 0
389.708 0
389.728 0
389.73 0
389.732 0
389.765 0
389.792 0
389.792 0
389.809 0
389.812 0
389.826 0
389.844 0
389.861 0
389.878 0
389.878 0
389.895 0
389.912 0
389.929 0
389.946 0
389.968 0
389.969 0
389.969 0
389.995 0
390.004 0
390.008 0
390.01 625
390.03 0
390.032 1177
390.044 0
390.044 1302
390.051 0
390.063 0
390.065 0
390.074 0
390.076 0
390.078 0
390.078 0
390.08 0
390.08 0
390.083 0
390.083 0
390.085 0
390.085 0
390.087 0
390.09 0
390.092 0
390.092 0
390.094 0
390.109 0
390.134 0
390.161 0
390.173 0
390.177 0
390.197 0
390.2 0
390.241 0
390.243 0
390.255 0
390.265 0
390.266 0
390.303 0
390.305 0
390.307 0
390.349 0
390.35 0
390.35 0
390.352 0
390.371 0
390.373 0
390.413 0
390.419 0
390.455 0
390.458 0
390.466 0
390.498 0
390.499 0
390.5 0
390.507 0
390.51 0
390.561 0
390.563 0
390.564 0
390.565 0
390.6 0
390.602 0
390.602 0
390.606 0
390.627 0
390.63 0
390.63 0
390.641 0
390.65 0
390.65 0
390.713 0
390.714 0
390.715 0
390.715 0
390.716 0
390.753 0
390.756 0
390.798 0
390.8 0
390.8 0
390.817 0
390.817 0
390.819 0
390.86 0
390.862 0
390.863 0
390.882 0
390.884 0
390.894 0
390.95 0
391.002 0
391.015 0
391.015 0
391.056 0
391.058 0
391.058 0
391.084 0
391.095 0
391.098 0
391.156 0
391.16 0
391.164 0
391.164 0
391.179 0
391.193 0
391.201 0
391.201 0
391.203 0
391.203 0
391.203 0
391.223 0
391.225 0
391.228 0
391.246 0
391.248 0
391.31 0
391.312 0
391.312 0
391.351 0
391.354 0
391.354 0
391.39 0
391.408 0
391.414 0
391.417 0
391.419 0
391.446 0
391.456 0
391.456 0
391.459 0
391.502 0
391.504 0
391.504 0
391.52 0
391.542 0
391.544 0
391.563 0
391.569 0
391.586 0
391.601 0
391.601 0
391.603 0
391.605 0
391.607 0
391.627 0
391.629 0
391.636 0
391.648 0
391.648 0
391.65 0
391.693 0
391.713 0
391.717 0
391.735 0
391.735 0
391.744 0
391.757 0
391.757 0
391.758 0
391.76 0
391.791 0
391.8 0
391.802 0
391.803 0
391.846 0
391.863 0
391.865 0
391.898 0
391.901 0
391.992 0
391.994 0
391.998 0
391.998 0
391.999 625
392.019 0
392.021 1177
392.04 1302
392.047 0
392.049 0
392.049 0
392.05 0
392.05 0
392.054 0
392.056 0
392.056 0
392.059 0
392.059 0
392.061 0
392.061 0
392.07 0
392.072 35
392.098 0
392.1 0
392.118 0
392.161 0
392.164 0
392.186 0
392.225 0
392.227 0
392.245 0
392.247 0
392.293 0
392.295 0
392.298 0
392.299 0
392.299 0
392.31 0
392.313 0
392.355 0
392.356 0
392.396 0
392.397 0
392.418 0
392.42 0
392.462 0
392.462 0
392.464 0
392.482 0
392.485 0
392.523 0
392.526 0
392.526 0
392.547 0
392.549 0
392.59 0
392.632 0
392.656 0
392.657 0
392.697 0
392.698 0
392.717 0
392.717 0
392.717 0
392.76 0
392.762 0
392.764 0
392.779 0
392.781 0
392.825 0
392.827 0
392.829 0
392.876 0
392.888 0
392.89 0
392.89 0
392.891 0
392.928 0
392.931 0
392.932 0
392.951 0
392.953 0
392.955 0
392.993 0
392.995 0
392.998 0
392.998 0
393.004 0
393.015 0
393.018 0
393.019 0
393.029 0
393.056 0
393.059 0
393.097 0
393.128 0
393.128 0
393.131 0
393.164 0
393.164 0
393.166 0
393.169 0
393.185 0
393.188 0
393.228 0
393.231 0
393.231 0
393.245 0
393.248 0
393.25 0
393.319 0
393.319 0
393.334 0
393.352 0
393.352 0
393.352 0
393.353 0
393.354 0
393.355 0
393.379 0
393.381 0
393.381 0
393.388 0
393.388 0
393.418 0
393.42 0
393.422 0
393.471 0
393.475 0
393.483 0
393.483 0
393.485 0
393.496 0
393.539 0
393.539 0
393.539 0
393.549 0
393.549 0
393.55 0
393.55 0
393.562 0
393.573 0
393.579 0
393.581 0
393.613 0
393.613 0
393.614 0
393.635 0
393.638 0
393.644 0
393.648 0
393.648 0
393.654 0
393.657 0
393.697 0
393.699 0
393.718 0
393.72 0
393.76 0
393.761 0
393.762 0
393.784 0
393.786 0
393.786 0
393.831 0
393.844 0
393.847 0
393.848 0
393.89 0
393.892 0
393.893 0
393.893 0
393.912 0
393.912 0
393.94 0
393.946 0
393.965 0
393.976 0
393.977 117
393.978 0
393.989 0
393.992 35
393.995 0
393.998 0
393.999 625
394.019 0
394.022 1177
394.034 1302
394.045 0
394.047 0
394.054 0
394.056 0
394.056 0
394.062 0
394.064 0
394.064 0
394.066 0
394.066 0
394.07 0
394.109 0
394.173 0
394.179 0
394.223 0
394.223 0
394.245 0
394.259 0
394.295 0
394.297 0
394.297 0
394.298 0
394.3 0
394.3 0
394.303 0
394.304 0
394.304 0
394.316 0
394.317 0
394.324 0
394.359 0
394.362 0
394.379 0
394.392 0
394.4 1243
394.4 622
394.417 0
394.42 0
394.438 0
394.444 0
394.444 0
394.445 0
394.483 0
394.483 0
394.516 0
394.529 0
394.53 0
394.549 0
394.566 0
394.568 42
394.57 0
394.58 80
394.592 0
394.592 0
394.596 0
394.597 35
394.612 0
394.616 0
394.646 0
394.657 0
394.659 0
394.66 0
394.661 0
394.679 0
394.68 0
394.709 0
394.713 0
394.719 0
394.721 0
394.763 0
394.764 0
394.786 0
394.788 0
394.826 0
394.829 0
394.893 0
394.895 0
394.953 0
394.953 0
394.955 0
394.956 0
394.976 0
394.98 0
395.019 0
395.019 0
395.02 0
395.025 0
395.082 0
395.085 0
395.127 0
395.129 0
395.147 0
395.149 0
395.211 0
395.213 0
395.255 0
395.257 0
395.295 0
395.296 0
395.361 0
395.364 0
395.364 0
395.393 0
395.395 0
395.445 0
395.447 0
395.447 0
395.489 0
395.49 0
395.512 0
395.514 0
395.552 0
395.552 0
395.556 0
395.595 0
395.595 0
395.595 0
395.639 0
395.641 0
395.66 0
395.697 0
395.699 0
395.701 0
395.745 0
395.747 0
395.747 0
395.809 0
395.811 0
395.812 0
395.845 0
395.847 0
395.893 0
395.897 0
395.897 0
395.935 0
395.98 0
395.982 0
395.996 0
395.998 0
395.999 625
396.018 0
396.021 1177
396.029 1302
396.045 0
396.047 0
396.047 0
396.049 0
396.052 0
396.052 0
396.061 0
396.065 0
396.065 0
396.067 0
396.068 0
396.07 0
396.07 0
396.072 0
396.075 0
396.107 0
396.15 0
396.15 0
396.152 0
396.154 0
396.213 0
396.215 0
396.217 0
396.237 0
396.26 0
396.261 0
396.299 0
396.302 0
396.342 0
396.342 0
396.345 0
396.347 0
396.364 0
396.365 0
396.386 0
396.402 0
396.402 0
396.445 0
396.446 0
396.446 0
396.446 0
396.489 0
396.511 0
396.511 0
396.513 0
396.556 0
396.557 0
396.561 0
396.599 0
396.602 0
396.629 0
396.631 0
396.659 0
396.662 0
396.662 0
396.664 0
396.702 0
396.703 0
396.706 0
396.706 0
396.747 0
396.747 0
396.749 0
396.749 0
396.811 0
396.813 0
396.814 0
396.814 0
396.816 0
396.85 0
396.852 0
396.897 0
396.899 0
396.917 0
396.919 0
396.939 0
396.943 0
396.96 0
396.96 0
396.962 0
396.979 0
396.982 0
396.998 0
397.011 0
397.025 0
397.025 0
397.027 0
397.046 0
397.048 0
397.075 0
397.084 0
397.084 0
397.087 0
397.09 0
397.111 0
397.112 0
397.143 0
397.152 0
397.154 0
397.156 0
397.197 0
397.216 0
397.216 0
397.218 0
397.225 0
397.26 0
397.262 0
397.262 0
397.279 0
397.28 0
397.281 0
397.282 0
397.318 0
397.318 0
397.32 0
397.345 0
397.346 0
397.387 0
397.389 0
397.425 0
397.429 0
397.432 0
397.454 0
397.455 0
397.494 0
397.495 0
397.495 0
397.516 0
397.547 0
397.561 0
397.577 0
397.577 0
397.577 0
397.579 0
397.622 0
397.623 0
397.675 0
397.675 0
397.675 0
397.687 0
397.687 0
397.691 0
397.691 0
397.692 0
397.693 0
397.705 0
397.723 0
397.727 0
397.729 0
397.729 0
397.729 0
397.729 0
397.749 0
397.751 0
397.751 0
397.792 0
397.792 0
397.794 0
397.813 0
397.815 0
397.818 0
397.831 0
397.858 0
397.858 0
397.896 0
397.92 0
397.92 0
397.922 0
397.939 0
398.006 0
398.006 0
398.008 0
398.011 0
398.013 625
398.024 1302
398.031 0
398.034 1177
398.064 0
398.064 0
398.065 0
398.066 35
398.068 0
398.069 0
398.071 0
398.075 0
398.076 0
398.077 0
398.079 0
398.116 0
398.116 0
398.117 0
398.117 0
398.117 0
398.12 0
398.155 0
398.156 0
398.175 0
398.178 0
398.179 0
398.225 0
398.227 0
398.262 0
398.264 0
398.287 0
398.287 0
398.29 0
398.337 0
398.338 0
398.348 0
398.35 0
398.35 0
398.39 0
398.391 0
398.391 0
398.433 0
398.485 0
398.49 0
398.494 0
398.509 0
398.559 0
398.57 0
398.57 0
398.572 0
398.597 0
398.6 0
398.6 0
398.645 0
398.648 0
398.652 0
398.679 0
398.683 0
398.713 0
398.717 0
398.717 0
398.72 0
398.735 0
398.739 0
398.739 0
398.766 0
398.779 0
398.788 0
398.798 0
398.798 0
398.8 0
398.803 0
398.842 0
398.844 0
398.845 0
398.854 0
398.861 0
398.863 0
398.863 0
398.865 0
398.911 0
398.912 0
398.914 0
398.928 0
398.946 0
398.948 0
398.952 0
398.952 0
398.954 0
398.972 0
398.974 105
398.99 0
398.992 0
399.008 0
399.018 0
399.019 0
399.021 0
399.023 0
399.023 0
399.03 0
399.039 0
399.061 0
399.061 0
399.066 0
399.073 0
399.077 0
399.077 0
399.095 0
399.097 0
399.125 0
399.135 0
399.169 0
399.171 0
399.183 0
399.186 0
399.186 0
399.223 0
399.225 0
399.225 0
399.227 0
399.257 0
399.268 0
399.269 0
399.33 0
399.335 0
399.336 0
399.371 0
399.373 0
399.373 0
399.424 0
399.424 0
399.477 0
399.477 0
399.48 0
399.527 0
399.527 0
399.528 0
399.528 0
399.563 0
399.565 0
399.571 0
399.611 0
399.612 0
399.658 0
399.661 0
399.67 0
399.67 0
399.672 0
399.721 0
399.723 0
399.723 0
399.726 0
399.777 0
399.78 0
399.782 0
399.783 0
399.845 0
399.847 0
399.859 0
399.878 0
399.878 0
399.885 0
399.885 0
399.886 0
399.888 0
399.984 0
399.992 0
399.994 0
399.998 0
399.999 625
400.019 0
400.019 0
400.02 1302
400.022 1177
400.048 0
400.06 0
400.064 0
400.066 0
400.07 0
400.073 0
400.078 0
400.078 0
400.096 0
400.1 0
400.101 0
400.141 0
400.162 0
400.203 0
400.206 0
400.208 0
400.246 0
400.249 0
400.249 0
400.291 0
400.293 0
400.314 0
400.324 0
400.334 0
400.334 0
400.352 0
400.354 0
400.397 0
400.398 0
400.401 0
400.464 0
400.466 0
400.469 0
400.469 0
400.469 0
400.525 0
400.526 0
400.53 0
400.566 0
400.568 0
400.57 0
400.586 0
400.586 0
400.59 0
400.63 0
400.632 0
400.633 0
400.651 0
400.651 0
400.669 0
400.669 0
400.671 0
400.696 0
400.698 0
400.7 0
400.702 0
400.717 0
400.737 0
400.737 0
400.742 0
400.76 0
400.782 0
400.783 0
400.786 0
400.824 0
400.825 0
400.827 0
400.827 0
400.844 0
400.846 0
400.869 0
400.87 0
400.908 0
400.909 0
400.929 0
400.931 0
400.95 0
400.952 0
400.993 0
400.995 0
401.014 0
401.015 0
401.016 0
401.058 0
401.059 0
401.061 0
401.088 0
401.103 0
401.144 0
401.146 0
401.185 0
401.186 0
401.189 0
401.189 0
401.231 0
401.235 0
401.235 0
401.269 0
401.312 0
401.312 0
401.315 0
401.377 0
401.381 0
401.381 0
401.382 0
401.399 0
401.42 0
401.421 0
401.461 0
401.466 0
401.503 0
401.503 0
401.504 0
401.504 0
401.547 0
401.548 0
401.55 0
401.552 0
401.59 0
401.591 0
401.612 0
401.64 0
401.655 0
401.681 0
401.683 0
401.685 0
401.697 0
401.762 0
401.762 0
401.764 0
401.766 0
401.804 0
401.807 0
401.844 0
401.846 0
401.849 0
401.889 0
401.891 0
401.891 0
401.91 0
401.914 0
401.973 0
401.976 0
401.978 0
401.995 0
401.996 0
401.999 0
402 625
402.015 1302
402.019 0
402.021 1177
402.046 0
402.047 0
402.05 0
402.051 0
402.051 0
402.053 0
402.055 0
402.067 0
402.068 0
402.07 0
402.073 0
402.076 0
402.082 0
402.085 0
402.123 0
402.125 0
402.129 0
402.144 0
402.144 0
402.145 0
402.164 0
402.167 0
402.199 0
402.209 0
402.209 0
402.21 0
402.213 0
402.213 0
402.23 0
402.231 0
402.272 0
402.295 0
402.295 0
402.296 0
402.328 0
402.332 0
402.336 0
402.338 0
402.338 0
402.34 0
402.378 0
402.381 0
402.381 0
402.425 0
402.426 0
402.464 0
402.466 0
402.495 0
402.506 0
402.508 0
402.51 0
402.549 0
402.552 0
402.612 0
402.615 0
402.618 0
402.619 0
402.656 0
402.695 0
402.699 0
402.699 0
402.7 0
402.701 0
402.742 0
402.745 0
402.762 0
402.762 0
402.764 0
402.805 0
402.806 0
402.827 0
402.83 0
402.87 0
402.872 0
402.874 0
402.916 0
402.916 0
402.955 0
402.957 0
402.977 0
402.979 0
403.02 0
403.022 0
403.023 0
403.026 0
403.062 0
403.064 0
403.064 0
403.066 0
403.066 0
403.137 0
403.17 0
403.17 0
403.172 0
403.175 0
403.21 0
403.212 0
403.215 0
403.232 0
403.234 0
403.234 0
403.275 0
403.278 0
403.297 0
403.297 0
403.298 0
403.317 0
403.319 0
403.361 0
403.364 0
403.364 0
403.376 0
403.383 0
403.427 0
403.429 0
403.429 0
403.431 0
403.468 0
403.468 0
403.468 0
403.47 0
403.47 0
403.474 0
403.495 1243
403.495 711
403.511 0
403.513 0
403.55 0
403.573 0
403.575 0
403.62 0
403.623 0
403.623 0
403.625 0
403.661 0
403.663 0
403.664 0
403.666 42
403.681 0
403.683 0
403.703 0
403.705 0
403.726 0
403.727 0
403.727 0
403.745 0
403.746 0
403.746 0
403.756 0
403.787 0
403.79 0
403.829 0
403.829 0
403.832 0
403.832 0
403.864 0
403.872 0
403.872 0
403.874 0
403.874 0
403.876 0
403.915 0
403.917 0
403.919 0
403.967 0
403.975 0
404.001 0
404.003 0
404.004 0
404.007 0
404.009 625
404.01 1302
404.029 0
404.031 1177
404.057 0
404.059 0
404.059 0
404.06 0
404.06 0
404.064 0
404.064 0
404.065 0
404.067 0
404.068 35
404.106 0
404.108 0
404.128 0
404.131 0
404.173 0
404.175 0
404.195 0
404.195 0
404.196 0
404.233 0
404.235 0
404.235 0
404.277 0
404.28 0
404.346 0
404.348 0
404.348 0
404.365 0
404.368 0
404.368 0
404.405 0
404.407 0
404.451 0
404.453 0
404.471 0
404.492 0
404.492 0
404.513 0
404.515 0
404.556 0
404.557 0
404.558 0
404.559 0
404.597 0
404.599 0
404.663 0
404.668 0
404.668 0
404.669 0
404.728 0
404.728 0
404.728 0
404.728 0
404.748 0
404.772 0
404.774 0
404.776 0
404.813 0
404.814 0
404.814 0
404.852 0
404.852 0
404.853 0
404.87 0
404.875 0
404.875 0
404.877 0
404.917 0
404.918 0
404.96 0
404.961 0
404.962 0
405 0
405.003 0
405.026 0
405.026 0
405.028 0
405.044 0
405.046 0
405.047 0
405.066 0
405.067 0
405.067 0
405.11 0
405.113 0
405.113 0
405.151 0
405.153 0
405.202 0
405.204 0
405.204 0
405.216 0
405.262 0
405.262 0
405.28 0
405.28 0
405.302 0
405.302 0
405.304 0
405.308 0
405.347 0
405.348 0
405.366 0
405.37 0
405.37 0
405.383 0
405.426 1243
405.426 711
405.431 0
405.432 0
405.472 0
405.472 0
405.474 0
405.474 0
405.475 0
405.514 0
405.517 0
405.518 0
405.581 0
405.583 0
405.598 42
405.624 0
405.624 0
405.627 0
405.66 0
405.663 0
405.666 0
405.668 0
405.668 0
405.685 0
405.686 0
405.73 0
405.734 0
405.793 0
405.796 0
405.815 0
405.818 0
405.834 0
405.834 0
405.847 0
405.849 0
405.86 0
405.878 0
405.878 0
405.902 0
405.902 0
405.905 0
405.925 0
405.926 0
405.995 0
405.997 0
406 0
406.002 0
406.004 625
406.004 1302
406.023 0
406.026 1177
406.052 0
406.053 0
406.054 0
406.059 0
406.059 0
406.061 0
406.067 0
406.067 0
406.07 0
406.071 0
406.071 0
406.113 0
406.115 0
406.116 0
406.133 0
406.134 0
406.152 0
406.172 0
406.177 0
406.179 0
406.181 0
406.219 0
406.221 0
406.262 0
406.264 0
406.265 0
406.266 0
406.294 0
406.294 0
406.296 0
406.298 0
406.351 0
406.353 0
406.354 0
406.392 0
406.394 0
406.411 0
406.411 0
406.449 0
406.453 0
406.455 0
406.496 0
406.499 0
406.524 0
406.526 0
406.529 0
406.568 0
406.57 0
406.594 0
406.602 0
406.603 0
406.603 0
406.648 0
406.65 0
406.664 0
406.664 0
406.664 0
406.672 0
406.687 0
406.688 0
406.713 0
406.753 0
406.755 0
406.795 0
406.796 0
406.861 0
406.862 0
406.862 0
406.881 0
406.921 0
406.965 0
406.968 0
406.971 0
407.029 0
407.032 0
407.088 0
407.096 0
407.099 0
407.173 116
407.179 0
407.179 0
407.18 0
407.181 0
407.189 35
407.196 0
407.234 0
407.246 0
407.246 0
407.309 0
407.357 0
407.385 0
407.395 0
407.426 0
407.428 0
407.436 0
407.439 0
407.477 0
407.479 0
407.521 0
407.563 0
407.565 0
407.572 0
407.577 0
407.58 0
407.627 0
407.629 0
407.671 0
407.671 0
407.715 0
407.782 0
407.784 0
407.784 0
407.807 0
407.815 0
407.817 0
407.817 0
407.825 0
407.863 0
407.864 0
407.866 0
407.937 0
407.962 0
407.989 0
407.992 0
407.994 0
407.995 625
407.999 1302
408.014 0
408.016 1177
408.043 0
408.046 0
408.046 0
408.047 0
408.047 0
408.047 0
408.054 0
408.054 0
408.057 0
408.057 0
408.098 0
408.1 0
408.103 0
408.156 0
408.161 0
408.161 0
408.164 0
408.166 0
408.166 0
408.202 0
408.205 0
408.232 674
408.232 3859
408.245 0
408.248 0
408.25 0
408.273 0
408.274 0
408.311 0
408.311 0
408.314 0
408.314 0
408.378 0
408.378 0
408.378 0
408.395 0
408.395 0
408.398 0
408.446 0
408.46 0
408.462 0
408.462 0
408.465 0
408.465 0
408.501 0
408.501 0
408.503 0
408.545 0
408.571 0
408.586 0
408.586 0
408.588 0
408.611 0
408.653 0
408.657 0
408.657 0
408.699 0
408.736 0
408.737 0
408.738 0
408.759 0
408.761 0
408.8 0
408.803 0
408.843 0
408.846 0
408.846 0
408.864 0
408.881 0
408.896 0
408.896 0
408.896 43
408.896 0
408.896 0
408.949 0
408.952 0
408.953 0
409.013 0
409.016 0
409.045 0
409.046 0
409.048 0
409.061 0
409.102 0
409.104 0
409.167 0
409.167 0
409.168 0
409.205 0
409.209 0
409.234 1243
409.234 1250
409.234 1250
409.234 1019
409.249 0
409.249 0
409.251 0
409.253 42
409.311 0
409.311 0
409.314 0
409.314 0
409.355 0
409.356 0
409.358 0
409.368 0
409.38 0
409.397 0
409.399 0
409.404 42
409.45 0
409.462 0
409.465 0
409.466 0
409.491 0
409.502 0
409.502 0
409.504 0
409.507 0
409.548 0
409.55 0
409.552 0
409.556 0
409.59 0
409.612 0
409.614 0
409.632 0
409.634 0
409.654 0
409.695 0
409.698 0
409.698 0
409.712 0
409.761 0
409.762 0
409.762 0
409.809 0
409.809 0
409.812 0
409.845 0
409.848 0
409.878 0
409.887 0
409.912 0
409.931 0
409.931 0
409.961 0
409.962 0
409.962 0
409.995 0
409.995 1302
409.998 0
409.999 625
410.018 0
410.02 1177
410.044 0
410.047 0
410.047 0
410.049 0
410.049 0
410.052 0
410.052 0
410.053 0
410.058 0
410.059 0
410.06 35
410.061 0
410.061 0
410.101 0
410.103 0
410.103 0
410.13 0
410.144 0
410.144 0
410.145 0
410.147 0
410.193 0
410.193 0
410.209 0
410.257 0
410.274 0
410.286 0
410.295 0
410.296 0
410.297 0
410.331 0
410.333 0
410.359 0
410.402 0
410.404 0
410.404 0
410.42 0
410.445 0
410.487 0
410.487 0
410.497 0
410.498 0
410.525 0
410.55 0
410.551 0
410.553 0
410.614 0
410.617 0
410.617 0
410.618 0
410.628 0
410.641 0
410.658 0
410.661 0
410.663 0
410.7 0
410.702 0
410.703 0
410.76 0
410.766 0
410.768 0
410.77 0
410.77 0
410.808 0
410.808 0
410.811 0
410.813 0
410.829 0
410.851 0
410.853 0
410.916 0
410.958 0
410.958 0
410.96 0
410.964 0
410.997 0
410.999 0
411.063 0
411.065 0
411.066 0
411.068 0
411.109 0
411.11 0
411.11 0
411.148 0
411.15 0
411.179 0
411.205 0
411.212 0
411.214 0
411.253 0
411.255 0
411.255 0
411.259 0
411.297 0
411.299 0
411.299 0
411.342 0
411.364 0
411.366 0
411.367 0
411.382 0
411.402 0
411.404 0
411.407 0
411.408 0
411.447 0
411.45 0
411.491 0
411.493 0
411.511 0
411.512 0
411.554 0
411.557 0
411.595 0
411.599 0
411.627 0
411.631 0
411.631 0
411.661 0
411.663 0
411.706 0
411.709 0
411.71 0
411.711 0
411.744 0
411.745 0
411.747 0
411.786 0
411.789 0
411.811 0
411.812 0
411.813 0
411.851 0
411.854 0
411.863 0
411.896 0
411.915 0
411.915 0
411.98 0
411.983 0
411.985 0
411.988 1302
412.004 0
412.006 625
412.02 0
412.024 0
412.027 1177
412.052 0
412.055 0
412.055 0
412.057 0
412.057 0
412.061 0
412.087 0
412.087 0
412.107 0
412.11 0
412.119 0
412.151 0
412.16 0
412.195 0
412.21 0
412.22 0
412.222 0
412.222 0
412.224 0
412.259 0
412.263 0
412.298 0
412.3 0
412.3 0
412.364 0
412.364 0
412.366 0
412.368 0
412.403 0
412.404 0
412.447 0
412.45 0
412.451 0
412.493 0
412.495 0
412.511 0
412.512 0
412.513 0
412.533 0
412.553 0
412.555 0
412.6 0
412.6 0
412.602 0
412.66 0
412.663 0
412.735 0
412.735 0
412.739 0
412.748 0
412.748 0
412.75 0
412.75 0
412.75 0
412.752 0
412.813 0
412.813 0
412.815 0
412.815 0
412.815 0
412.82 0
412.854 0
412.856 0
412.856 0
412.856 0
412.898 0
412.9 0
412.956 0
412.956 0
412.959 0
412.96 0
412.962 0
413.003 0
413.006 0
413.006 0
413.026 1302
413.046 0
413.049 0
413.057 0
413.112 0
413.114 0
413.114 0
413.114 0
413.178 0
413.179 0
413.196 0
413.196 0
413.198 0
413.198 0
413.199 0
413.217 0
413.259 0
413.26 0
413.261 0
413.261 0
413.282 0
413.282 0
413.3 0
413.3 0
413.303 0
413.345 0
413.347 0
413.349 0
413.398 0
413.409 0
413.411 0
413.411 0
413.451 0
413.453 0
413.496 0
413.497 0
413.517 0
413.517 0
413.538 0
413.538 0
413.539 0
413.558 0
413.579 0
413.621 0
413.621 0
413.623 0
413.644 0
413.645 0
413.652 0
413.687 0
413.69 0
413.697 0
413.727 0
413.729 0
413.749 0
413.751 0
413.797 0
413.799 0
413.802 0
413.81 0
413.81 0
413.814 0
413.816 0
413.857 0
413.859 0
413.877 0
413.877 0
413.879 0
413.899 0
413.902 0
413.922 0
413.922 0
413.943 0
414.004 0
414.007 0
414.008 0
414.01 625
414.015 0
414.029 0
414.031 1177
414.062 0
414.065 0
414.067 0
414.069 0
414.069 0
414.069 0
414.071 0
414.108 0
414.116 0
414.117 0
414.117 0
414.119 0
414.156 0
414.159 0
414.173 0
414.197 0
414.199 0
414.2 0
414.216 0
414.263 0
414.265 0
414.265 0
414.267 0
414.271 1302
414.302 0
414.305 0
414.308 0
414.308 0
414.348 0
414.348 0
414.349 0
414.349 0
414.372 0
414.372 0
414.411 0
414.414 0
414.416 0
414.416 0
414.433 0
414.454 0
414.456 0
414.498 0
414.5 0
414.502 0
414.502 0
414.562 0
414.563 0
414.565 0
414.589 0
414.602 0
414.604 0
414.646 0
414.681 0
414.712 0
414.716 0
414.718 0
414.755 0
414.757 0
414.796 0
414.798 0
414.856 0
414.86 0
414.863 0
414.866 0
414.904 0
414.904 0
414.946 0
414.949 0
414.95 0
414.987 0
415.012 0
415.013 0
415.016 0
415.05 0
415.052 0
415.053 0
415.054 0
415.058 0
415.094 0
415.098 0
415.098 0
415.1 0
415.1 0
415.115 0
415.117 0
415.182 0
415.182 0
415.184 0
415.184 0
415.201 0
415.203 0
415.205 0
415.223 0
415.225 0
415.252 0
415.266 0
415.266 0
415.269 0
415.27 0
415.286 29
415.33 0
415.332 0
415.35 0
415.367 0
415.377 0
415.377 0
415.394 0
415.394 0
415.396 0
415.44 0
415.443 0
415.444 0
415.477 0
415.48 0
415.481 0
415.542 0
415.542 0
415.544 0
415.546 0
415.587 0
415.587 0
415.587 0
415.627 0
415.629 0
415.631 0
415.692 0
415.694 0
415.698 0
415.699 0
415.715 0
415.717 0
415.734 0
415.736 0
415.776 0
415.779 0
415.82 0
415.821 0
415.823 0
415.84 0
415.862 0
415.862 0
415.865 0
415.865 0
415.866 0
415.866 0
415.88 0
415.882 0
415.924 0
415.928 0
415.93 0
415.931 0
415.932 0
415.977 0
415.979 0
415.979 0
415.982 0
415.983 625
416.003 0
416.006 1177
416.028 0
416.031 0
416.034 0
416.034 0
416.036 0
416.043 0
416.053 0
416.055 0
416.075 0
416.075 0
416.095 0
416.097 0
416.117 0
416.119 0
416.159 0
416.162 0
416.164 0
416.202 0
416.202 0
416.203 0
416.206 0
416.244 0
416.248 0
416.266 1302
416.298 0
416.299 35
416.3 0
416.309 0
416.312 0
416.313 0
416.351 0
416.354 0
416.396 0
416.399 0
416.427 0
416.442 0
416.459 0
416.462 0
416.5 0
416.502 0
416.502 0
416.547 0
416.548 0
416.548 0
416.588 0
416.609 0
416.61 0
416.649 0
416.653 0
416.653 0
416.693 0
416.697 0
416.7 0
416.7 0
416.728 0
416.743 0
416.743 0
416.758 0
416.758 0
416.76 0
416.799 0
416.802 0
416.843 0
416.844 0
416.846 0
416.886 0
416.887 0
416.889 0
416.892 0
416.893 0
416.95 0
416.952 0
416.953 0
417.013 0
417.015 0
417.015 0
417.016 0
417.056 0
417.057 0
417.058 0
417.059 0
417.105 0
417.107 0
417.129 0
417.162 0
417.162 0
417.165 0
417.165 0
417.205 0
417.208 0
417.208 0
417.218 0
417.221 0
417.256 0
417.256 0
417.256 0
417.312 0
417.312 0
417.315 0
417.316 0
417.316 0
417.354 0
417.356 0
417.356 0
417.397 0
417.399 0
417.464 0
417.464 0
417.467 0
417.469 0
417.47 0
417.47 0
417.486 0
417.503 0
417.503 0
417.504 0
417.505 0
417.545 0
417.545 0
417.545 0
417.547 0
417.549 0
417.587 0
417.589 0
417.613 0
417.651 0
417.652 0
417.654 0
417.655 0
417.697 0
417.699 0
417.701 0
417.755 0
417.755 0
417.761 0
417.762 0
417.763 0
417.809 0
417.812 0
417.813 0
417.847 0
417.849 0
417.89 0
417.91 0
417.976 0
417.976 0
417.976 0
417.993 0
417.996 0
417.997 625
418.015 0
418.018 1177
418.044 0
418.046 0
418.047 0
418.047 0
418.049 0
418.051 0
418.051 0
418.052 0
418.059 0
418.062 0
418.103 0
418.106 0
418.107 0
418.145 0
418.149 0
418.149 0
418.15 0
418.21 0
418.21 0
418.212 0
418.213 0
418.214 0
418.25 0
418.251 0
418.254 0
418.261 1302
418.293 0
418.296 0
418.296 0
418.3 0
418.311 0
418.335 0
418.336 0
418.338 0
418.359 0
418.36 0
418.418 0
418.443 0
418.445 0
418.445 0
418.447 0
418.45 0
418.487 0
418.494 0
418.496 0
418.551 0
418.554 0
418.615 0
418.617 0
418.619 0
418.659 0
418.659 0
418.662 0
418.7 0
418.702 0
418.702 0
418.703 0
418.764 0
418.766 0
418.808 0
418.811 0
418.816 0
418.817 0
418.818 0
418.853 0
418.854 0
418.855 0
418.857 0
418.857 0
418.912 0
418.915 0
418.918 0
418.954 0
418.954 0
418.955 0
418.957 0
418.959 0
418.977 0
418.998 0
419 0
419 0
419.002 0
419.062 0
419.065 0
419.065 0
419.065 0
419.066 0
419.106 0
419.107 0
419.107 0
419.146 0
419.146 0
419.149 0
419.149 0
419.15 0
419.157 0
419.171 0
419.192 0
419.193 0
419.217 0
419.219 0
419.219 0
419.22 0
419.254 0
419.255 0
419.258 0
419.297 0
419.299 0
419.299 0
419.3 0
419.329 0
419.339 0
419.341 0
419.361 0
419.391 0
419.402 0
419.402 0
419.405 0
419.405 0
419.446 0
419.448 0
419.449 0
419.511 0
419.511 0
419.514 0
419.516 0
419.516 0
419.524 0
419.554 0
419.555 0
419.559 0
419.559 0
419.594 0
419.596 0
419.598 0
419.605 0
419.64 0
419.66 0
419.662 0
419.702 0
419.704 0
419.704 0
419.707 0
419.75 0
419.75 0
419.752 0
419.788 0
419.79 0
419.808 0
419.81 0
419.836 0
419.85 0
419.852 0
419.853 0
419.855 0
419.878 0
419.895 0
419.897 0
419.936 0
419.937 0
419.979 0
419.981 0
419.995 0
419.997 0
419.999 625
420.018 0
420.02 1177
420.046 0
420.048 0
420.054 0
420.056 0
420.063 0
420.064 0
420.068 0
420.068 0
420.07 0
420.075 0
420.093 0
420.097 0
420.151 0
420.152 0
420.214 0
420.216 0
420.216 0
420.218 0
420.222 0
420.256 1302
420.257 0
420.259 0
420.259 0
420.26 0
420.288 0
420.3 0
420.3 0
420.302 0
420.304 0
420.361 0
420.364 0
420.365 0
420.386 0
420.404 0
420.407 0
420.409 0
420.445 0
420.448 0
420.45 0
420.45 0
420.482 0
420.512 0
420.515 0
420.553 0
420.553 0
420.556 0
420.556 0
420.575 0
420.597 0
420.599 0
420.601 0
420.663 0
420.666 0
420.702 0
420.706 0
420.707 0
420.745 0
420.749 0
420.79 0
420.79 0
420.809 0
420.809 0
420.853 0
420.853 0
420.855 0
420.855 0
420.898 0
420.898 0
420.9 0
420.902 0
420.928 0
420.959 0
420.962 0
420.98 0
421.003 0
421.005 0
421.007 0
421.014 0
421.045 0
421.046 0
421.047 0
421.047 0
421.088 0
421.09 0
421.11 0
421.111 0
421.152 0
421.154 0
421.156 0
421.156 0
421.194 0
421.196 0
421.198 0
421.217 0
421.237 0
421.239 0
421.259 0
421.301 0
421.304 0
421.347 0
421.349 0
421.349 0
421.386 0
421.389 0
421.409 0
421.411 0
421.453 0
421.455 0
421.456 0
421.497 0
421.497 0
421.497 0
421.527 0
421.528 0
421.557 0
421.559 0
421.601 0
421.604 0
421.604 0
421.604 0
421.643 0
421.643 0
421.644 0
421.689 0
421.692 0
421.694 0
421.696 0
421.75 0
421.752 0
421.752 0
421.817 0
421.818 0
421.858 0
421.858 0
421.861 0
421.861 0
421.9 0
421.902 0
421.903 0
421.985 0
421.986 0
422.001 0
422.004 0
422.006 0
422.006 0
422.009 0
422.011 625
422.03 0
422.032 1177
422.06 0
422.06 0
422.062 0
422.062 0
422.111 0
422.113 0
422.113 0
422.152 0
422.154 0
422.155 0
422.199 0
422.201 0
422.202 0
422.243 0
422.251 1302
422.262 0
422.264 0
422.265 0
422.269 0
422.283 0
422.284 35
422.304 0
422.307 0
422.345 0
422.345 0
422.349 0
422.411 0
422.414 0
422.414 0
422.415 0
422.437 0
422.454 0
422.455 0
422.457 0
422.478 0
422.494 0
422.496 0
422.498 0
422.538 0
422.54 0
422.562 0
422.564 0
422.598 0
422.601 0
422.642 0
422.645 0
422.647 0
422.649 0
422.688 0
422.689 0
422.711 0
422.713 0
422.776 0
422.776 0
422.794 0
422.796 0
422.838 0
422.838 0
422.84 0
422.842 0
422.842 0
422.857 0
422.86 0
422.861 0
422.9 0
422.903 0
422.904 0
422.943 0
422.945 0
422.947 0
422.95 0
422.95 0
422.996 0
423.006 0
423.008 0
423.01 0
423.049 0
423.052 0
423.052 0
423.092 0
423.095 0
423.097 0
423.099 0
423.159 0
423.161 0
423.161 0
423.163 0
423.218 0
423.241 0
423.243 0
423.245 0
423.245 0
423.264 0
423.284 0
423.309 0
423.348 0
423.351 0
423.352 0
423.378 0
423.437 0
423.438 0
423.438 0
423.438 0
423.456 0
423.459 0
423.461 0
423.478 0
423.479 0
423.497 0
423.499 0
423.563 0
423.565 0
423.568 0
423.568 0
423.569 0
423.605 0
423.607 0
423.608 0
423.61 0
423.649 0
423.65 0
423.683 0
423.688 0
423.711 0
423.714 0
423.732 0
423.735 0
423.752 0
423.801 0
423.802 0
423.802 0
423.82 0
423.821 0
423.863 0
423.866 0
423.892 0
423.895 0
423.896 0
423.977 0
423.979 0
423.982 0
423.984 0
423.986 0
423.989 0
423.989 0
423.991 0
423.991 625
424.011 0
424.014 1177
424.045 0
424.046 0
424.049 0
424.051 0
424.065 0
424.067 0
424.069 0
424.069 0
424.071 0
424.074 0
424.075 0
424.078 0
424.079 0
424.097 0
424.098 0
424.101 0
424.139 0
424.159 0
424.161 0
424.204 0
424.207 0
424.245 0
424.246 1302
424.249 0
424.278 0
424.309 0
424.309 0
424.312 0
424.313 0
424.334 0
424.359 0
424.361 0
424.394 0
424.396 0
424.396 0
424.459 0
424.461 0
424.461 0
424.464 0
424.465 0
424.502 0
424.502 0
424.505 0
424.507 0
424.543 0
424.545 0
424.546 0
424.584 0
424.587 0
424.609 0
424.611 0
424.653 0
424.655 0
424.663 0
424.669 0
424.693 0
424.696 0
424.736 0
424.736 0
424.757 0
424.759 0
424.796 0
424.798 0
424.799 0
424.802 0
424.843 0
424.845 0
424.855 0
424.884 0
424.885 0
424.908 0
424.91 0
424.923 0
424.951 0
424.953 0
424.992 0
424.992 0
425.014 0
425.014 0
425.057 0
425.057 0
425.058 0
425.059 0
425.06 0
425.098 0
425.1 0
425.102 0
425.14 0
425.142 0
425.163 0
425.169 0
425.169 0
425.186 0
425.187 0
425.206 0
425.208 0
425.212 0
425.23 0
425.231 0
425.248 0
425.25 0
425.279 0
425.294 0
425.296 0
425.311 0
425.314 0
425.332 0
425.334 0
425.356 0
425.397 0
425.399 0
425.399 0
425.4 0
425.401 0
425.427 0
425.428 0
425.461 0
425.463 0
425.507 0
425.51 0
425.51 0
425.53 0
425.55 0
425.553 0
425.614 0
425.617 0
425.619 0
425.654 0
425.655 0
425.698 0
425.702 0
425.704 0
425.705 0
425.711 0
425.76 0
425.764 0
425.766 0
425.766 0
425.785 0
425.801 0
425.804 0
425.806 0
425.844 0
425.85 0
425.908 0
425.911 0
425.913 0
425.971 0
425.974 0
425.975 0
425.992 0
425.996 625
426.015 0
426.016 0
426.018 1177
426.026 0
426.044 0
426.047 0
426.052 0
426.053 0
426.055 0
426.055 0
426.058 0
426.06 0
426.06 0
426.062 0
426.064 0
426.093 0
426.096 0
426.098 0
426.12 0
426.145 0
426.211 0
426.211 0
426.212 0
426.242 1302
426.251 0
426.253 0
426.255 0
426.273 0
426.293 0
426.295 0
426.297 0
426.362 0
426.363 0
426.363 0
426.402 0
426.404 0
426.443 0
426.446 0
426.448 0
426.506 0
426.506 0
426.507 0
426.546 0
426.546 0
426.549 0
426.615 0
426.616 0
426.618 0
426.618 0
426.644 0
426.646 0
426.648 0
426.7 0
426.702 0
426.702 0
426.709 0
426.763 0
426.765 0
426.807 0
426.809 0
426.809 0
426.849 0
426.849 0
426.849 0
426.849 0
426.851 0
426.916 0
426.918 0
426.953 0
426.955 0
426.955 0
426.997 0
426.999 0
427.043 0
427.065 0
427.065 0
427.068 0
427.105 0
427.144 0
427.145 0
427.148 0
427.189 0
427.189 0
427.211 0
427.213 0
427.252 0
427.254 0
427.254 0
427.296 0
427.298 0
427.299 0
427.339 0
427.341 0
427.359 0
427.362 0
427.362 0
427.406 0
427.408 0
427.447 0
427.449 0
427.514 0
427.517 0
427.553 0
427.555 0
427.596 0
427.596 0
427.597 0
427.613 0
427.615 0
427.66 0
427.662 0
427.664 0
427.677 0
427.702 0
427.705 0
427.707 0
427.709 0
427.743 0
427.746 0
427.795 0
427.795 0
427.795 0
427.809 0
427.85 0
427.852 0
427.894 0
427.894 0
427.896 0
427.935 0
427.939 0
427.94 0
427.962 0
427.978 0
428.016 0
428.018 625
428.038 0
428.04 1177
428.069 0
428.071 0
428.071 0
428.071 0
428.086 0
428.09 0
428.107 0
428.109 0
428.151 0
428.153 0
428.199 0
428.236 1302
428.237 0
428.238 0
428.256 0
428.256 0
428.258 0
428.258 0
428.269 0
428.27 35
428.296 0
428.299 0
428.301 0
428.362 0
428.366 0
428.406 0
428.409 0
428.409 0
428.422 1243
428.422 711
428.461 0
428.461 0
428.461 0
428.51 0
428.512 0
428.514 0
428.514 0
428.52 0
428.553 0
428.557 0
428.56 0
428.56 0
428.594 42
428.597 0
428.599 0
428.601 0
428.661 0
428.663 0
428.704 0
428.704 0
428.705 0
428.745 0
428.749 0
428.749 0
428.774 0
428.774 0
428.776 0
428.781 0
428.813 0
428.859 0
428.859 0
428.9 0
428.9 0
428.932 0
428.935 0
428.959 0
429.001 0
429.004 0
429.006 0
429.045 0
429.047 0
429.05 0
429.086 0
429.089 0
429.109 0
429.109 0
429.116 0
429.152 0
429.155 0
429.193 0
429.196 0
429.196 0
429.196 0
429.198 0
429.239 0
429.241 0
429.261 0
429.264 0
429.306 0
429.309 0
429.311 0
429.348 0
429.388 0
429.388 0
429.408 0
429.41 0
429.451 0
429.452 0
429.454 0
429.457 0
429.457 0
429.507 0
429.507 0
429.509 0
429.536 0
429.56 0
429.56 0
429.576 0
429.576 0
429.578 0
429.594 0
429.595 0
429.595 0
429.61 0
429.644 0
429.648 0
429.65 0
429.664 0
429.666 0
429.705 0
429.707 0
429.716 0
429.756 0
429.756 0
429.758 0
429.813 0
429.815 0
429.815 0
429.817 0
429.818 0
429.834 0
429.836 0
429.854 0
429.856 0
429.859 0
429.861 0
429.878 0
429.897 0
429.899 0
429.996 0
429.999 0
430.001 0
430.002 0
430.005 0
430.007 625
430.026 0
430.028 1177
430.053 0
430.056 0
430.056 0
430.065 0
430.065 0
430.069 0
430.077 0
430.08 0
430.081 0
430.085 0
430.088 0
430.088 0
430.118 0
430.12 0
430.122 0
430.124 0
430.143 0
430.154 0
430.156 0
430.159 0
430.198 0
430.201 0
430.202 0
430.204 0
430.231 1302
430.262 0
430.263 0
430.263 0
430.264 0
430.264 0
430.272 1243
430.272 711
430.283 0
430.309 0
430.311 0
430.312 0
430.313 0
430.335 0
430.349 0
430.351 0
430.351 0
430.377 0
430.379 0
430.41 0
430.412 0
430.413 0
430.454 0
430.456 0
430.459 0
430.497 0
430.499 0
430.54 0
430.542 0
430.559 0
430.561 0
430.563 0
430.582 0
430.584 0
430.584 0
430.604 0
430.607 0
430.625 0
430.628 0
430.629 0
430.668 0
430.671 0
430.673 0
430.716 0
430.717 0
430.717 0
430.76 0
430.763 0
430.765 0
430.765 0
430.782 0
430.808 0
430.817 0
430.819 0
430.82 0
430.859 0
430.861 0
430.863 0
430.872 42
430.924 0
430.925 0
430.97 0
430.973 0
430.976 0
431.029 0
431.032 0
431.032 0
431.034 0
431.075 0
431.076 0
431.115 0
431.115 0
431.118 0
431.12 0
431.18 0
431.183 0
431.185 0
431.221 0
431.223 0
431.225 0
431.225 0
431.24 0
431.24 0
431.241 0
431.265 0
431.268 0
431.268 0
431.292 0
431.329 0
431.331 0
431.332 0
431.332 0
431.332 0
431.371 0
431.374 0
431.376 0
431.416 0
431.416 0
431.418 0
431.421 0
431.455 0
431.457 0
431.476 0
431.479 0
431.52 0
431.523 0
431.523 0
431.565 0
431.567 0
431.567 0
431.628 0
431.631 0
431.631 0
431.671 0
431.672 0
431.674 0
431.71 0
431.714 0
431.716 0
431.756 0
431.78 0
431.78 0
431.782 0
431.813 0
431.815 0
431.817 0
431.819 0
431.865 0
431.867 0
431.869 0
431.87 0
431.907 0
431.908 0
431.926 0
431.927 0
431.929 0
431.978 0
431.981 0
431.983 0
431.983 0
431.985 625
431.994 0
432.004 0
432.006 1177
432.038 0
432.039 0
432.042 0
432.044 0
432.044 0
432.045 0
432.045 0
432.047 0
432.095 0
432.098 0
432.099 0
432.099 0
432.118 0
432.161 0
432.163 0
432.184 0
432.205 0
432.207 0
432.226 1302
432.245 0
432.249 0
432.25 0
432.258 0
432.267 0
432.269 0
432.271 0
432.281 0
432.291 0
432.315 0
432.332 0
432.332 0
432.334 0
432.334 0
432.396 0
432.398 0
432.436 0
432.438 0
432.45 0
432.462 0
432.482 0
432.482 0
432.494 0
432.523 0
432.545 0
432.545 0
432.587 0
432.588 0
432.629 0
432.632 0
432.633 0
432.633 0
432.693 0
432.696 0
432.735 0
432.775 0
432.815 0
432.815 0
432.843 0
432.845 0
432.848 0
432.85 0
432.886 0
432.888 0
432.928 0
432.93 0
432.991 0
432.993 0
432.994 0
433.037 0
433.076 0
433.076 0
433.079 0
433.142 0
433.143 0
433.145 0
433.183 0
433.185 0
433.258 0
433.26 0
433.269 0
433.271 0
433.271 0
433.292 0
433.334 0
433.336 0
433.336 0
433.379 0
433.382 0
433.383 0
433.385 0
433.419 0
433.44 0
433.441 0
433.474 0
433.482 0
433.546 0
433.551 0
433.551 0
433.568 0
433.568 0
433.574 80
433.575 39
433.59 0
433.591 35
433.61 0
433.61 0
433.612 0
433.657 0
433.659 0
433.659 0
433.662 0
433.694 0
433.694 0
433.697 0
433.7 0
433.739 0
433.74 0
433.762 0
433.763 0
433.802 0
433.805 0
433.808 0
433.822 0
433.847 0
433.847 0
433.849 0
433.869 0
433.921 0
433.921 0
433.976 0
433.976 0
433.978 0
433.997 0
433.997 0
433.999 625
434.018 0
434.021 1177
434.043 0
434.044 0
434.044 0
434.06 0
434.06 0
434.062 0
434.101 0
434.103 0
434.145 0
434.148 0
434.175 0
434.177 0
434.21 0
434.212 0
434.222 1302
434.249 0
434.251 0
434.253 0
434.255 35
434.261 0
434.295 0
434.297 0
434.336 0
434.338 0
434.351 0
434.36 0
434.362 0
434.399 0
434.4 0
434.4 0
434.401 0
434.442 0
434.443 0
434.443 0
434.486 0
434.488 0
434.53 0
434.532 0
434.558 0
434.56 0
434.562 0
434.59 0
434.593 0
434.634 0
434.636 0
434.636 0
434.677 0
434.678 0
434.679 0
434.698 0
434.698 0
434.762 0
434.765 0
434.766 0
434.784 0
434.788 0
434.828 0
434.829 0
434.831 0
434.892 0
434.893 0
434.895 0
434.895 0
434.935 0
434.935 0
434.936 0
434.977 0
434.978 0
435.017 0
435.019 0
435.04 0
435.042 0
435.082 0
435.082 0
435.085 0
435.101 0
435.104 0
435.146 0
435.149 0
435.15 0
435.189 0
435.189 0
435.21 0
435.211 0
435.232 0
435.234 0
435.275 0
435.277 0
435.316 0
435.318 0
435.318 0
435.366 0
435.367 0
435.415 0
435.424 0
435.427 0
435.427 0
435.465 0
435.467 0
435.469 0
435.478 0
435.479 39
435.509 0
435.511 0
435.513 0
435.544 0
435.552 0
435.559 0
435.615 0
435.616 0
435.616 0
435.658 0
435.659 0
435.659 0
435.702 0
435.702 0
435.721 0
435.723 0
435.728 0
435.766 0
435.768 0
435.77 0
435.83 0
435.833 0
435.873 0
435.873 0
435.875 0
435.913 0
435.914 0
435.916 0
436 0
436 0
436.002 0
436.004 625
436.023 0
436.026 1177
436.094 0
436.097 0
436.113 0
436.113 0
436.116 0
436.116 0
436.118 0
436.121 0
436.123 0
436.123 0
436.126 0
436.15 0
436.152 0
436.153 0
436.215 0
436.215 0
436.216 1302
436.217 0
436.219 0
436.219 0
436.248 0
436.257 0
436.261 0
436.302 0
436.322 0
436.325 0
436.362 0
436.363 0
436.365 0
436.367 0
436.384 0
436.386 0
436.4 0
436.402 0
436.418 0
436.45 0
436.45 0
436.452 0
436.452 0
436.512 0
436.514 0
436.516 0
436.554 0
436.554 0
436.556 0
436.556 0
436.596 0
436.598 0
436.601 0
436.665 0
436.669 0
436.67 0
436.693 0
436.696 0
436.697 0
436.746 0
436.751 0
436.783 0
436.791 0
436.811 0
436.811 0
436.813 0
436.813 0
436.815 0
436.833 0
436.833 0
436.853 0
436.853 0
436.875 0
436.878 0
436.898 0
436.898 0
436.899 0
436.928 0
436.931 0
436.932 0
436.981 0
436.984 0
437.048 0
437.049 0
437.05 0
437.051 0
437.088 0
437.089 0
437.091 0
437.103 0
437.132 0
437.134 0
437.144 0
437.193 0
437.193 0
437.196 0
437.196 0
437.236 0
437.239 0
437.241 0
437.28 0
437.282 0
437.284 0
437.343 0
437.345 0
437.347 0
437.347 0
437.357 0
437.386 0
437.387 0
437.389 0
437.43 0
437.432 0
437.433 0
437.463 0
437.471 0
437.472 0
437.494 0
437.494 0
437.495 0
437.534 0
437.534 28
437.534 0
437.538 0
437.54 0
437.577 0
437.577 0
437.58 0
437.581 0
437.623 0
437.625 0
437.645 0
437.647 0
437.684 0
437.693 0
437.695 0
437.733 0
437.733 0
437.736 0
437.792 0
437.793 0
437.793 0
437.796 0
437.835 0
437.838 0
437.877 0
437.879 0
437.879 0
437.881 0
437.881 0
437.909 0
437.921 0
437.943 0
437.943 0
437.943 0
437.944 0
437.951 0
438.007 0
438.01 0
438.012 625
438.056 0
438.059 1177
438.081 0
438.081 0
438.082 0
438.082 0
438.083 0
438.112 0
438.114 0
438.115 0
438.116 0
438.143 0
438.146 0
438.146 0
438.186 1243
438.186 595
438.201 0
438.201 0
438.203 0
438.205 0
438.211 1302
438.278 0
438.278 0
438.278 0
438.306 0
438.306 0
438.308 0
438.308 0
438.331 0
438.345 0
438.346 0
438.346 0
438.358 42
438.376 0
438.376 0
438.408 0
438.41 0
438.455 0
438.456 0
438.456 0
438.495 0
438.496 0
438.536 0
438.539 0
438.56 0
438.56 0
438.602 0
438.603 0
438.606 0
438.607 0
438.691 0
438.702 0
438.713 0
438.747 0
438.76 0
438.769 0
438.8 0
438.817 0
438.831 0
438.831 0
438.845 0
438.877 0
438.889 0
438.897 43
438.902 0
438.94 0
438.94 0
438.941 0
438.941 0
438.953 0
438.965 0
438.969 0
438.969 0
438.979 0
438.994 0
439.008 0
439.019 0
439.019 0
439.031 0
439.037 0
439.037 0
439.039 0
439.119 0
439.121 0
439.124 0
439.133 0
439.143 0
439.169 0
439.18 0
439.18 0
439.192 0
439.195 0
439.195 0
439.239 0
439.265 0
439.273 0
439.273 0
439.284 0
439.306 0
439.315 0
439.327 0
439.328 0
439.332 0
439.388 0
439.388 0
439.39 0
439.4 0
439.409 1243
439.409 583
439.433 0
439.434 0
439.435 0
439.437 0
439.437 0
439.491 0
439.499 0
439.575 42
439.576 0
439.576 0
439.583 0
439.602 0
439.602 0
439.612 0
439.623 0
439.629 0
439.631 0
439.695 0
439.697 0
439.701 0
439.701 28
439.749 0
439.752 0
439.781 0
439.783 0
439.828 0
439.837 0
439.839 0
439.882 0
439.885 0
439.886 0
439.919 0
439.926 0
439.992 0
440.001 0
440.001 0
440.012 0
440.013 625
440.033 0
440.035 1177
440.058 0
440.059 0
440.06 0
440.06 0
440.06 0
440.06 0
440.061 0
440.061 0
440.096 0
440.096 0
440.098 0
440.098 0
440.126 0
440.129 0
440.159 0
440.161 0
440.161 0
440.203 0
440.205 0
440.205 1302
440.207 0
440.207 0
440.237 0
440.238 35
440.246 0
440.249 0
440.289 0
440.291 0
440.311 0
440.311 0
440.352 0
440.354 0
440.356 0
440.375 79
440.39 0
440.391 35
440.395 0
440.397 0
440.436 0
440.438 0
440.46 0
440.462 0
440.483 0
440.501 0
440.504 0
440.505 0
440.544 0
440.547 0
440.549 0
440.579 0
440.609 0
440.611 0
440.613 0
440.613 0
440.614 0
440.652 0
440.693 0
440.695 0
440.696 0
440.732 0
440.737 0
440.739 0
440.757 0
440.759 0
440.8 0
440.803 0
440.803 0
440.804 0
440.843 0
440.845 0
440.846 0
440.864 0
440.867 0
440.896 0
440.898 0
440.9 0
440.933 0
440.951 0
440.953 0
440.956 0
441.014 0
441.014 0
441.016 0
441.016 0
441.042 0
441.044 0
441.046 0
441.047 0
441.047 0
441.099 0
441.101 0
441.163 0
441.164 0
441.165 0
441.167 0
441.196 0
441.205 0
441.207 0
441.208 0
441.248 0
441.248 0
441.25 0
441.311 0
441.314 0
441.314 0
441.354 0
441.354 0
441.357 0
441.397 0
441.397 0
441.399 0
441.462 0
441.462 0
441.462 0
441.462 0
441.465 0
441.467 0
441.491 0
441.504 0
441.507 0
441.546 0
441.546 0
441.548 0
441.548 0
441.59 0
441.59 0
441.592 0
441.612 0
441.613 0
441.613 0
441.648 0
441.651 0
441.702 0
441.702 0
441.704 0
441.704 0
441.716 0
441.761 0
441.763 0
441.763 0
441.765 0
441.793 0
441.796 0
441.8 0
441.847 0
441.848 0
441.848 0
441.889 0
441.891 0
441.909 0
441.912 0
441.975 0
441.977 0
441.994 0
441.996 0
441.997 625
442.018 0
442.021 1177
442.044 0
442.045 0
442.047 0
442.047 0
442.063 0
442.063 0
442.103 0
442.105 0
442.105 0
442.143 0
442.146 0
442.147 0
442.186 0
442.188 0
442.201 1302
442.209 0
442.211 0
442.233 0
442.245 0
442.249 0
442.287 29
442.296 0
442.298 0
442.3 0
442.301 0
442.314 0
442.357 0
442.36 0
442.399 0
442.402 0
442.402 0
442.402 0
442.444 0
442.444 0
442.445 0
442.445 0
442.486 0
442.489 0
442.494 0
442.496 0
442.551 0
442.553 0
442.554 0
442.593 0
442.614 0
442.615 0
442.615 0
442.634 0
442.636 0
442.657 0
442.659 0
442.692 0
442.698 0
442.698 0
442.7 0
442.701 0
442.703 0
442.745 0
442.763 0
442.766 0
442.787 0
442.806 0
442.809 0
442.856 0
442.912 0
442.915 0
442.942 0
442.954 0
442.957 0
442.957 0
442.957 0
443.003 0
443.079 0
443.079 0
443.079 0
443.104 0
443.104 0
443.108 0
443.108 0
443.131 0
443.145 0
443.145 0
443.149 0
443.17 0
443.17 0
443.172 0
443.211 0
443.213 0
443.213 0
443.213 0
443.231 0
443.257 0
443.258 0
443.258 0
443.297 0
443.299 0
443.299 0
443.316 0
443.318 0
443.36 0
443.362 0
443.365 0
443.382 0
443.404 0
443.447 0
443.447 0
443.449 0
443.466 0
443.468 0
443.51 0
443.512 0
443.518 0
443.551 0
443.553 0
443.553 0
443.555 0
443.555 0
443.573 0
443.573 0
443.575 0
443.594 0
443.616 0
443.617 0
443.657 0
443.661 0
443.661 0
443.702 0
443.711 0
443.745 0
443.747 0
443.75 0
443.75 0
443.768 0
443.77 0
443.809 0
443.811 0
443.857 0
443.86 0
443.861 0
443.895 0
443.897 0
443.897 0
443.96 0
443.96 0
443.981 0
443.983 0
443.983 0
444 0
444.002 625
444.02 0
444.023 1177
444.051 0
444.053 0
444.055 0
444.058 0
444.058 0
444.061 0
444.061 0
444.109 0
444.11 0
444.149 0
444.153 0
444.196 1302
444.201 0
444.217 0
444.221 0
444.228 0
444.258 0
444.26 0
444.26 0
444.299 0
444.3 0
444.3 0
444.302 0
444.348 0
444.365 0
444.367 0
444.394 0
444.395 0
444.449 0
444.45 0
444.451 0
444.513 0
444.516 0
444.517 0
444.558 0
444.561 0
444.563 0
444.564 0
444.597 0
444.6 0
444.601 0
444.64 0
444.643 0
444.664 0
444.706 0
444.706 0
444.708 0
444.716 0
444.746 0
444.749 0
444.749 0
444.787 0
444.789 0
444.811 0
444.812 0
444.813 0
444.852 0
444.852 0
444.855 0
444.862 0
444.897 0
444.899 0
444.901 0
444.901 0
444.943 0
444.944 0
444.963 0
444.964 0
445.003 0
445.006 0
445.006 0
445.008 0
445.008 0
445.046 0
445.05 0
445.053 0
445.054 0
445.081 0
445.083 0
445.112 0
445.112 0
445.114 0
445.153 0
445.155 0
445.156 0
445.194 0
445.197 0
445.199 0
445.217 0
445.219 0
445.24 0
445.262 0
445.264 0
445.264 0
445.28 0
445.282 0
445.284 0
445.306 0
445.308 0
445.342 0
445.344 0
445.346 0
445.348 0
445.348 0
445.382 0
445.384 0
445.385 0
445.431 0
445.433 0
445.496 0
445.499 0
445.537 0
445.539 0
445.58 0
445.581 0
445.646 0
445.648 0
445.648 0
445.693 0
445.695 0
445.731 0
445.733 0
445.795 0
445.795 0
445.798 0
445.801 0
445.824 0
445.83 0
445.832 0
445.877 0
445.879 0
445.879 0
445.925 0
445.927 0
445.942 0
445.944 0
445.945 0
445.998 0
446.006 0
446.008 0
446.01 0
446.011 625
446.032 0
446.035 1177
446.056 0
446.057 0
446.063 0
446.067 0
446.071 0
446.071 0
446.071 0
446.071 0
446.071 0
446.073 0
446.073 0
446.075 0
446.075 0
446.076 0
446.114 0
446.163 0
446.191 1302
446.209 0
446.222 0
446.223 35
446.278 0
446.301 0
446.305 0
446.307 0
446.307 0
446.309 0
446.309 0
446.311 0
446.311 0
446.349 0
446.35 0
446.35 0
446.38 0
446.382 0
446.411 0
446.412 0
446.442 0
446.443 0
446.445 0
446.486 0
446.496 0
446.502 0
446.529 0
446.53 0
446.559 0
446.561 0
446.601 0
446.604 0
446.606 0
446.647 0
446.649 0
446.65 0
446.666 0
446.676 0
446.678 0
446.711 0
446.711 0
446.712 0
446.751 0
446.753 0
446.794 0
446.796 0
446.796 0
446.836 0
446.863 0
446.865 0
446.901 0
446.904 0
446.942 0
446.944 0
446.945 0
446.984 0
446.987 0
447.009 0
447.009 0
447.011 0
447.05 0
447.053 0
447.055 0
447.097 0
447.098 0
447.1 0
447.138 0
447.139 0
447.156 0
447.158 0
447.176 0
447.178 0
447.2 0
447.201 0
447.201 0
447.243 0
447.245 0
447.246 0
447.284 0
447.307 0
447.355 0
447.355 0
447.357 0
447.411 0
447.414 0
447.416 0
447.416 0
447.433 0
447.455 0
447.456 0
447.456 0
447.458 0
447.497 0
447.499 0
447.501 0
447.561 0
447.564 0
447.564 0
447.565 0
447.604 0
447.608 0
447.627 0
447.627 0
447.65 0
447.651 0
447.711 0
447.714 0
447.714 0
447.716 0
447.77 0
447.772 0
447.774 0
447.796 0
447.798 0
447.799 0
447.876 0
447.876 0
447.903 0
447.903 0
447.906 0
447.907 0
447.971 0
447.991 0
447.998 0
448 0
448.002 0
448.002 625
448.021 0
448.023 1177
448.046 0
448.051 0
448.052 0
448.054 0
448.059 0
448.06 0
448.097 0
448.097 0
448.138 0
448.14 0
448.144 0
448.161 0
448.163 0
448.186 1302
448.203 0
448.205 0
448.208 0
448.217 0
448.245 0
448.247 0
448.249 0
448.319 0
448.352 0
448.352 0
448.354 0
448.396 0
448.396 0
448.398 0
448.435 0
448.437 0
448.46 0
448.461 0
448.501 0
448.51 0
448.51 0
448.52 0
448.543 0
448.546 0
448.548 0
448.581 0
448.581 0
448.582 0
448.608 0
448.609 0
448.611 0
448.65 0
448.651 0
448.654 0
448.655 0
448.697 0
448.698 0
448.735 0
448.735 0
448.737 0
448.751 1243
448.751 751
448.758 0
448.76 0
448.8 0
448.802 0
448.842 0
448.844 0
448.844 0
448.885 0
448.887 0
448.893 0
448.895 0
448.895 0
448.923 42
448.928 0
448.93 0
448.981 0
448.986 0
449.011 0
449.014 0
449.014 0
449.017 0
449.055 0
449.056 0
449.059 0
449.098 0
449.098 0
449.101 0
449.102 0
449.102 0
449.162 0
449.165 0
449.167 0
449.205 0
449.208 0
449.209 0
449.247 0
449.249 0
449.251 0
449.31 0
449.31 0
449.315 0
449.315 0
449.354 0
449.354 0
449.357 0
449.375 0
449.398 0
449.401 0
449.401 0
449.46 0
449.461 0
449.463 0
449.463 0
449.504 0
449.504 0
449.507 0
449.546 0
449.547 0
449.549 0
449.59 0
449.612 0
449.614 0
449.615 0
449.654 0
449.657 0
449.657 0
449.695 0
449.695 0
449.697 0
449.699 0
449.7 0
449.739 0
449.74 0
449.76 0
449.761 0
449.763 0
449.803 0
449.804 0
449.805 0
449.843 0
449.845 0
449.848 0
449.878 0
449.889 0
449.891 0
449.911 0
449.912 0
449.938 0
449.962 0
449.966 0
449.994 0
449.996 0
449.997 625
450.017 0
450.019 1177
450.05 0
450.051 0
450.051 0
450.056 0
450.058 0
450.058 0
450.058 0
450.061 0
450.061 0
450.063 0
450.105 0
450.106 0
450.148 0
450.15 0
450.175 0
450.181 1302
450.189 0
450.191 0
450.21 0
450.212 0
450.214 0
450.254 0
450.256 0
450.276 0
450.294 0
450.298 0
450.3 0
450.336 0
450.341 0
450.359 0
450.359 0
450.36 0
450.36 0
450.4 0
450.4 0
450.403 0
450.406 0
450.406 0
450.445 0
450.447 0
450.486 0
450.489 0
450.507 0
450.509 0
450.549 0
450.549 0
450.552 0
450.552 0
450.574 105
450.574 39
450.589 0
450.591 35
450.617 0
450.619 0
450.619 0
450.62 0
450.661 0
450.662 0
450.699 0
450.702 0
450.764 0
450.766 0
450.766 0
450.784 0
450.784 0
450.809 0
450.811 0
450.827 0
450.828 0
450.873 0
450.875 0
450.899 0
450.912 0
450.956 0
450.956 0
450.958 0
450.98 0
450.982 0
450.983 0
451.022 0
451.024 0
451.063 0
451.063 0
451.065 0
451.067 0
451.083 0
451.083 0
451.085 0
451.105 0
451.106 0
451.147 0
451.15 0
451.151 0
451.19 0
451.193 0
451.234 0
451.236 0
451.236 0
451.238 0
451.297 0
451.299 0
451.319 0
451.319 0
451.361 0
451.363 0
451.365 0
451.385 0
451.386 0
451.426 0
451.429 0
451.431 0
451.467 0
451.471 0
451.511 0
451.514 0
451.515 0
451.553 0
451.596 0
451.599 0
451.628 0
451.628 0
451.63 0
451.679 0
451.681 0
451.682 0
451.698 0
451.699 0
451.72 0
451.72 0
451.721 0
451.748 0
451.75 0
451.768 0
451.787 0
451.787 0
451.788 0
451.831 0
451.833 0
451.835 0
451.861 0
451.862 0
451.915 0
451.917 0
451.919 0
451.961 0
452.002 0
452.004 0
452.007 0
452.009 625
452.029 0
452.032 1177
452.054 0
452.061 0
452.063 0
452.065 0
452.066 0
452.067 0
452.067 0
452.069 0
452.069 0
452.085 0
452.086 0
452.088 0
452.127 0
452.13 0
452.17 0
452.172 0
452.174 0
452.176 1302
452.207 0
452.208 35
452.213 0
452.214 0
452.214 0
452.254 0
452.276 0
452.276 0
452.34 0
452.342 0
452.342 0
452.377 0
452.38 0
452.427 0
452.428 0
452.428 0
452.441 0
452.443 0
452.49 0
452.493 0
452.512 0
452.533 0
452.534 0
452.536 0
452.577 89
452.579 0
452.579 0
452.594 0
452.616 0
452.619 0
452.619 0
452.659 0
452.661 0
452.661 0
452.661 0
452.664 0
452.703 0
452.709 0
452.727 0
452.73 0
452.768 0
452.771 0
452.771 0
452.81 0
452.811 0
452.852 0
452.895 0
452.92 0
452.922 0
452.96 0
452.961 0
452.961 0
453.024 0
453.026 0
453.066 0
453.068 0
453.068 0
453.118 0
453.174 0
453.174 0
453.174 0
453.177 0
453.179 0
453.217 0
453.219 0
453.259 0
453.261 0
453.261 0
453.301 0
453.301 0
453.337 0
453.337 0
453.364 0
453.364 0
453.367 0
453.367 0
453.431 0
453.431 0
453.434 0
453.434 0
453.462 0
453.465 0
453.504 0
453.514 0
453.517 0
453.578 0
453.578 0
453.579 0
453.579 0
453.619 0
453.621 0
453.621 0
453.663 0
453.663 0
453.665 0
453.71 0
453.73 0
453.733 0
453.735 0
453.768 0
453.771 0
453.772 0
453.772 0
453.815 0
453.815 0
453.817 0
453.857 0
453.858 0
453.877 0
453.879 0
453.919 0
453.921 0
453.921 0
453.922 0
453.964 0
454.001 0
454.001 0
454.001 0
454.003 625
454.022 0
454.025 1177
454.044 0
454.047 0
454.056 0
454.058 0
454.06 0
454.061 0
454.064 0
454.068 0
454.111 0
454.113 0
454.113 0
454.115 0
454.115 0
454.155 0
454.156 0
454.159 0
454.172 1302
454.172 105
454.188 0
454.198 0
454.2 0
454.203 0
454.204 0
454.26 0
454.262 0
454.265 0
454.266 0
454.305 0
454.307 0
454.345 0
454.346 0
454.347 0
454.349 0
454.389 0
454.39 0
454.392 0
454.411 0
454.412 0
454.454 0
454.455 0
454.457 0
454.498 0
454.5 0
454.531 26
454.56 0
454.562 0
454.564 0
454.602 0
454.605 0
454.605 0
454.608 0
454.612 0
454.646 0
454.65 0
454.651 0
454.687 0
454.688 0
454.708 0
454.711 0
454.751 0
454.755 0
454.793 0
454.796 0
454.837 0
454.841 0
454.86 0
454.862 0
454.901 0
454.903 0
454.903 0
454.904 0
454.943 0
454.946 0
454.946 0
454.986 0
454.988 0
455.008 0
455.008 0
455.01 0
455.049 0
455.051 0
455.053 0
455.092 0
455.095 0
455.138 0
455.138 0
455.159 0
455.16 0
455.201 0
455.203 0
455.24 0
455.244 0
455.245 0
455.246 0
455.262 0
455.264 0
455.308 0
455.309 0
455.31 0
455.31 0
455.328 0
455.329 0
455.352 0
455.354 0
455.391 0
455.391 0
455.393 0
455.413 0
455.415 0
455.434 0
455.436 0
455.457 0
455.46 0
455.46 0
455.501 0
455.505 0
455.505 0
455.539 0
455.541 0
455.563 0
455.565 0
455.567 0
455.581 0
455.587 0
455.625 0
455.627 0
455.628 0
455.659 0
455.669 0
455.672 0
455.693 0
455.694 0
455.733 0
455.736 0
455.736 0
455.776 0
455.779 0
455.817 0
455.82 0
455.841 0
455.843 0
455.884 0
455.887 0
455.969 0
455.98 0
455.984 0
455.99 0
455.993 0
455.995 625
456.014 0
456.016 1177
456.04 0
456.047 0
456.049 0
456.049 0
456.051 0
456.054 0
456.055 0
456.058 0
456.098 0
456.099 0
456.138 0
456.139 0
456.141 0
456.159 0
456.161 0
456.166 1302
456.181 0
456.184 0
456.197 0
456.224 0
456.226 0
456.226 0
456.246 0
456.248 0
456.256 0
456.266 0
456.268 0
456.268 0
456.282 0
456.309 0
456.313 0
456.315 0
456.351 0
456.354 0
456.393 0
456.393 0
456.396 0
456.398 0
456.401 0
456.401 0
456.402 0
456.46 0
456.461 0
456.461 0
456.48 0
456.481 0
456.482 0
456.62 0
456.664 0
456.711 0
456.715 0
456.715 0
456.717 0
456.717 0
456.718 0
456.718 0
456.72 0
456.72 0
456.737 0
456.737 0
456.76 0
456.76 0
456.8 0
456.802 0
456.842 0
456.844 0
456.844 0
456.846 0
456.867 0
456.887 0
456.906 0
456.909 0
456.911 0
456.951 0
456.952 0
457.021 0
457.021 0
457.034 0
457.058 0
457.06 0
457.064 0
457.097 0
457.1 0
457.101 0
457.164 0
457.166 0
457.169 0
457.206 0
457.21 0
457.21 0
457.211 0
457.247 0
457.25 0
457.251 0
457.314 0
457.316 0
457.355 0
457.358 0
457.359 0
457.378 0
457.395 0
457.398 0
457.4 0
457.461 0
457.464 0
457.503 0
457.506 0
457.539 0
457.546 0
457.55 0
457.589 0
457.591 0
457.61 0
457.611 0
457.613 0
457.615 0
457.654 0
457.657 0
457.658 0
457.698 0
457.7 0
457.738 0
457.74 0
457.74 0
457.759 0
457.761 0
457.803 0
457.805 0
457.807 0
457.807 0
457.845 0
457.848 0
457.85 0
457.916 0
457.975 0
457.975 0
457.978 0
457.978 0
457.994 0
457.998 0
457.999 625
458.019 0
458.022 1177
458.046 0
458.046 0
458.048 0
458.049 0
458.051 0
458.051 0
458.059 0
458.063 0
458.063 0
458.063 0
458.099 0
458.137 0
458.146 0
458.149 0
458.149 0
458.161 1302
458.187 0
458.189 0
458.192 0
458.193 35
458.228 0
458.23 0
458.233 0
458.235 0
458.271 0
458.273 0
458.295 0
458.297 0
458.359 0
458.361 0
458.361 0
458.4 0
458.402 0
458.402 0
458.404 0
458.445 0
458.446 0
458.448 0
458.505 0
458.508 0
458.508 0
458.509 0
458.55 0
458.55 0
458.591 0
458.614 0
458.618 0
458.618 0
458.62 0
458.646 0
458.657 0
458.697 0
458.699 0
458.7 0
458.763 0
458.77 0
458.771 0
458.805 0
458.808 0
458.808 0
458.817 0
458.834 0
458.835 220
458.836 0
458.849 0
458.851 0
458.853 0
458.853 0
458.854 93
458.871 99
458.871 274
458.887 38
458.91 0
458.913 0
458.929 0
458.939 0
458.954 0
458.958 0
458.958 0
459.021 0
459.059 0
459.061 0
459.061 0
459.064 0
459.066 0
459.104 0
459.106 0
459.106 0
459.148 0
459.15 0
459.151 0
459.165 0
459.167 0
459.168 0
459.211 0
459.213 0
459.232 0
459.233 0
459.253 0
459.296 0
459.298 0
459.3 0
459.338 0
459.339 0
459.343 0
459.361 0
459.362 0
459.401 0
459.404 0
459.405 0
459.443 0
459.446 0
459.447 0
459.449 0
459.449 0
459.466 0
459.468 0
459.469 0
459.491 0
459.511 0
459.514 0
459.573 0
459.576 0
459.576 0
459.593 0
459.595 0
459.617 0
459.633 0
459.659 0
459.659 0
459.661 0
459.662 0
459.701 0
459.704 0
459.743 0
459.747 0
459.747 0
459.785 0
459.788 0
459.788 0
459.811 0
459.812 0
459.83 0
459.851 0
459.854 0
459.856 0
459.878 0
459.894 0
459.897 0
459.897 0
459.978 0
459.98 0
459.98 0
459.98 0
459.989 0
459.999 0
460.002 0
460.003 625
460.026 0
460.029 1177
460.053 0
460.055 0
460.055 0
460.055 0
460.056 0
460.059 0
460.059 0
460.059 0
460.06 0
460.062 0
460.095 0
460.107 0
460.109 0
460.149 0
460.151 0
460.153 0
460.156 1302
460.157 1243
460.157 711
460.183 90
460.188 0
460.212 0
460.213 35
460.213 0
460.214 0
460.216 0
460.219 0
460.255 0
460.257 0
460.257 0
460.3 0
460.303 0
460.323 42
460.361 0
460.363 0
460.364 0
460.366 0
460.39 0
460.404 0
460.406 0
460.409 0
460.412 0
460.448 0
460.451 0
460.512 0
460.515 0
460.517 0
460.553 0
460.556 0
460.558 0
460.599 0
460.601 0
460.661 0
460.665 0
460.665 0
460.704 0
460.705 0
460.707 0
460.745 0
460.745 0
460.748 0
460.751 0
460.788 0
460.79 0
460.812 0
460.814 0
460.853 0
460.856 0
460.874 0
460.874 0
460.876 0
460.896 0
460.917 0
460.919 0
460.919 0
460.921 0
460.959 0
460.961 0
460.962 0
460.962 0
460.995 0
460.997 0
461.028 0
461.03 0
461.067 0
461.069 0
461.071 0
461.11 0
461.112 0
461.152 0
461.152 0
461.153 0
461.172 0
461.174 0
461.217 0
461.219 0
461.261 0
461.261 0
461.263 0
461.3 0
461.302 0
461.322 0
461.324 0
461.367 0
461.407 0
461.409 0
461.428 0
461.431 0
461.45 0
461.451 0
461.452 0
461.471 0
461.473 0
461.514 0
461.516 0
461.516 0
461.535 0
461.537 0
461.559 0
461.56 0
461.573 0
461.578 0
461.581 0
461.583 0
461.583 0
461.603 0
461.604 0
461.616 0
461.619 0
461.622 0
461.644 0
461.646 0
461.662 0
461.664 0
461.664 0
461.686 0
461.729 0
461.73 0
461.772 0
461.772 0
461.816 0
461.816 0
461.835 0
461.835 0
461.878 0
461.88 0
461.919 0
461.921 0
461.944 0
462.002 0
462.008 0
462.013 0
462.015 0
462.017 625
462.036 0
462.039 1177
462.066 0
462.067 0
462.067 0
462.07 0
462.07 0
462.072 0
462.111 0
462.112 0
462.114 0
462.114 0
462.151 1302
462.153 0
462.157 0
462.158 0
462.159 0
462.177 0
462.183 0
462.22 0
462.223 0
462.26 0
462.262 0
462.264 0
462.32 0
462.326 0
462.328 0
462.364 0
462.364 0
462.366 0
462.41 0
462.412 0
462.414 0
462.427 0
462.448 0
462.474 0
462.476 0
462.518 0
462.518 0
462.52 0
462.529 0
462.56 0
462.562 0
462.564 0
462.564 0
462.624 0
462.627 0
462.627 0
462.628 0
462.635 0
462.665 0
462.667 0
462.682 0
462.682 0
462.684 0
462.733 0
462.796 0
462.798 0
462.836 0
462.836 0
462.838 0
462.88 0
462.882 0
462.944 0
462.947 0
462.949 0
462.986 0
462.986 0
462.987 0
463.029 0
463.031 0
463.043 0
463.07 0
463.072 0
463.078 0
463.092 0
463.094 0
463.157 0
463.179 0
463.18 0
463.183 0
463.221 0
463.221 0
463.223 0
463.262 0
463.265 0
463.267 0
463.306 0
463.317 0
463.33 0
463.332 0
463.378 0
463.378 0
463.392 0
463.392 0
463.393 0
463.393 0
463.437 0
463.439 0
463.439 0
463.455 0
463.499 0
463.499 0
463.522 0
463.522 0
463.57 0
463.57 0
463.626 0
463.629 0
463.629 0
463.632 0
463.632 0
463.632 0
463.636 0
463.687 0
463.689 0
463.691 0
463.693 0
463.712 0
463.714 0
463.716 0
463.757 0
463.777 0
463.779 0
463.779 0
463.781 0
463.781 0
463.783 0
463.839 0
463.841 0
463.882 0
463.884 0
463.904 0
463.905 0
463.906 0
463.909 0
463.932 0
463.984 0
463.988 0
463.991 0
463.993 0
463.995 0
463.998 0
463.998 0
463.999 625
464.041 0
464.044 1177
464.066 0
464.068 0
464.068 0
464.068 0
464.069 0
464.069 0
464.095 0
464.095 0
464.098 0
464.12 0
464.146 1302
464.163 0
464.163 0
464.165 0
464.177 0
464.179 35
464.18 0
464.183 0
464.186 0
464.197 0
464.225 0
464.266 0
464.266 0
464.268 0
464.268 0
464.292 0
464.33 0
464.331 0
464.331 0
464.331 0
464.349 0
464.349 0
464.391 0
464.395 0
464.397 0
464.415 0
464.417 0
464.459 0
464.461 0
464.478 0
464.478 0
464.544 0
464.547 0
464.549 0
464.611 0
464.612 0
464.612 0
464.629 0
464.649 0
464.651 0
464.692 0
464.695 0
464.696 0
464.735 0
464.737 0
464.757 0
464.76 0
464.8 0
464.842 0
464.842 0
464.845 0
464.901 0
464.904 0
464.949 0
464.949 0
464.95 0
464.952 0
465.015 0
465.035 0
465.035 0
465.036 0
465.041 0
465.042 0
465.043 0
465.101 0
465.103 0
465.103 0
465.141 0
465.142 0
465.162 0
465.165 0
465.192 0
465.196 0
465.228 0
465.228 0
465.245 0
465.247 0
465.315 0
465.315 0
465.332 0
465.334 0
465.344 0
465.346 0
465.398 0
465.4 0
465.439 0
465.441 0
465.461 0
465.463 0
465.463 0
465.504 0
465.505 0
465.547 0
465.549 0
465.567 0
465.569 0
465.584 0
465.587 0
465.631 0
465.631 0
465.635 0
465.696 0
465.697 0
465.699 0
465.7 0
465.7 0
465.702 0
465.721 0
465.724 0
465.759 0
465.761 0
465.761 0
465.761 0
465.779 0
465.779 0
465.783 0
465.783 0
465.826 0
465.829 0
465.831 0
465.866 0
465.868 0
465.868 0
465.916 0
465.931 0
465.932 0
465.933 0
465.959 0
465.996 0
465.998 0
465.999 0
466.001 625
466.02 0
466.022 1177
466.056 0
466.058 0
466.058 0
466.061 0
466.063 0
466.07 0
466.07 0
466.072 0
466.072 0
466.074 0
466.077 0
466.077 0
466.081 0
466.102 0
466.103 0
466.104 0
466.141 1302
466.144 0
466.145 0
466.149 0
466.164 0
466.166 0
466.172 0
466.209 0
466.211 0
466.212 0
466.251 0
466.253 0
466.253 0
466.295 0
466.297 0
466.334 0
466.336 0
466.358 0
466.361 0
466.394 0
466.394 0
466.396 0
466.443 0
466.507 0
466.51 0
466.51 0
466.529 0
466.531 0
466.549 0
466.55 0
466.615 0
466.619 0
466.656 0
466.658 0
466.696 0
466.701 0
466.762 0
466.764 0
466.764 0
466.784 0
466.786 0
466.806 0
466.806 0
466.809 0
466.827 0
466.83 0
466.84 0
466.87 0
466.871 0
466.913 0
466.913 0
466.953 0
466.955 0
466.955 0
466.997 0
467 0
467.062 0
467.065 0
467.066 0
467.103 0
467.105 0
467.105 0
467.107 0
467.149 0
467.167 0
467.168 0
467.169 0
467.211 0
467.214 0
467.216 0
467.234 0
467.254 0
467.255 0
467.296 0
467.299 0
467.353 0
467.361 0
467.364 0
467.403 0
467.403 0
467.405 0
467.405 0
467.449 0
467.451 0
467.468 0
467.47 0
467.51 0
467.512 0
467.552 0
467.555 0
467.561 0
467.572 0
467.575 0
467.595 0
467.597 0
467.616 0
467.618 0
467.661 0
467.679 0
467.681 0
467.683 0
467.7 0
467.701 0
467.748 0
467.75 0
467.75 0
467.791 0
467.792 0
467.83 0
467.833 0
467.894 0
467.895 0
467.897 0
467.901 0
467.915 0
467.915 0
467.916 0
467.955 0
467.959 0
468.002 0
468.004 0
468.006 625
468.025 0
468.028 1177
468.052 0
468.054 0
468.057 0
468.057 0
468.058 0
468.059 0
468.061 0
468.063 0
468.066 0
468.068 0
468.07 0
468.107 0
468.109 0
468.112 0
468.115 0
468.129 0
468.132 0
468.136 1302
468.177 0
468.177 0
468.21 0
468.213 0
468.231 670
468.232 3855
468.236 0
468.255 0
468.257 0
468.272 0
468.274 0
468.298 0
468.301 0
468.302 0
468.341 0
468.341 0
468.343 0
468.369 0
468.369 0
468.409 0
468.41 0
468.447 0
468.451 0
468.453 0
468.455 0
468.472 0
468.474 0
468.512 0
468.512 0
468.514 0
468.514 0
468.533 0
468.537 0
468.539 0
468.578 0
468.579 0
468.59 0
468.596 0
468.598 0
468.6 0
468.64 0
468.642 0
468.662 0
468.664 0
468.664 0
468.67 0
468.705 0
468.705 0
468.708 0
468.748 0
468.748 0
468.75 0
468.768 0
468.771 0
468.772 89
468.787 0
468.788 35
468.84 0
468.84 0
468.875 0
468.878 0
468.895 0
468.897 43
468.899 0
468.901 0
468.911 0
468.923 0
468.926 0
468.926 0
468.938 0
468.939 0
468.964 0
468.966 0
468.994 0
469.002 0
469.004 0
469.062 0
469.065 0
469.066 0
469.067 0
469.108 0
469.11 0
469.113 0
469.13 0
469.133 0
469.177 0
469.192 0
469.195 0
469.195 0
469.234 1243
469.234 1250
469.234 1250
469.234 1019
469.239 0
469.242 0
469.255 42
469.258 0
469.258 0
469.26 0
469.288 29
469.3 0
469.301 0
469.343 0
469.343 0
469.345 0
469.366 0
469.369 0
469.405 42
469.427 0
469.43 0
469.432 0
469.451 0
469.471 0
469.473 0
469.483 0
469.513 0
469.514 0
469.558 0
469.558 0
469.58 0
469.599 0
469.601 0
469.648 0
469.664 0
469.666 0
469.71 0
469.728 0
469.731 0
469.794 0
469.795 0
469.795 0
469.815 0
469.832 0
469.836 0
469.876 0
469.877 0
469.877 0
469.9 0
469.94 0
469.943 0
470.004 0
470.007 0
470.008 625
470.027 0
470.03 1177
470.036 0
470.057 0
470.065 0
470.065 0
470.067 0
470.067 0
470.069 0
470.076 0
470.077 0
470.114 0
470.132 1302
470.132 0
470.133 0
470.134 0
470.164 0
470.165 35
470.175 0
470.178 0
470.196 0
470.199 0
470.24 0
470.242 0
470.261 0
470.262 0
470.302 0
470.302 0
470.305 0
470.347 0
470.347 0
470.366 0
470.368 0
470.41 0
470.41 0
470.412 0
470.431 0
470.448 0
470.465 0
470.482 0
470.499 0
470.516 0
470.533 0
470.55 0
470.567 0
470.584 0
470.601 0
470.618 0
470.635 0
470.641 0
470.654 0
470.655 0
470.655 0
470.665 0
470.668 0
470.67 0
470.684 0
470.707 0
470.711 0
470.729 0
470.729 0
470.731 0
470.772 0
470.773 0
470.775 0
470.795 0
470.795 0
470.798 0
470.84 0
470.86 0
470.862 0
470.922 0
470.924 0
470.944 0
470.945 0
470.964 0
470.966 0
471.008 0
471.01 0
471.028 0
471.028 0
471.03 0
471.043 0
471.08 0
471.082 0
471.09 0
471.129 0
471.134 0
471.142 0
471.182 0
471.217 0
471.218 0
471.241 0
471.243 0
471.245 0
471.265 0
471.267 0
471.309 0
471.311 0
471.327 0
471.328 0
471.347 0
471.371 0
471.372 0
471.396 0
471.4 0
471.415 0
471.417 0
471.436 0
471.438 0
471.477 0
471.481 0
471.5 0
471.5 0
471.543 0
471.544 0
471.563 0
471.565 0
471.568 0
471.573 116
471.588 0
471.588 35
471.606 0
471.609 0
471.61 0
471.626 0
471.627 0
471.66 0
471.669 0
471.67 0
471.712 0
471.714 0
471.714 0
471.718 0
471.721 0
471.732 0
471.734 0
471.736 0
471.782 0
471.783 0
471.795 0
471.795 0
471.798 0
471.839 0
471.841 0
471.861 0
471.864 0
471.864 0
471.894 0
471.894 0
471.895 0
472.084 0
472.089 625
472.111 0
472.114 1177
472.126 1302
472.141 0
472.142 0
472.142 0
472.142 0
472.144 0
472.144 0
472.144 0
472.157 0
472.159 0
472.159 0
472.201 0
472.201 0
472.203 0
472.205 0
472.243 0
472.245 0
472.246 0
472.265 0
472.268 0
472.27 0
472.307 0
472.308 0
472.311 0
472.313 0
472.33 0
472.332 0
472.356 0
472.372 0
472.372 0
472.373 0
472.375 0
472.393 0
472.395 0
472.405 0
472.435 0
472.437 0
472.462 0
472.464 0
472.466 0
472.5 0
472.504 0
472.543 0
472.545 0
472.545 0
472.563 0
472.568 0
472.597 0
472.608 0
472.611 0
472.633 0
472.636 0
472.67 0
472.673 0
472.674 0
472.691 0
472.694 0
472.734 0
472.736 0
472.738 0
472.738 0
472.784 0
472.786 0
472.807 0
472.807 0
472.81 0
472.811 0
472.843 0
472.845 0
472.865 0
472.867 0
472.894 0
472.904 0
472.906 0
472.908 0
472.926 0
472.928 0
472.976 0
473.014 0
473.017 0
473.033 0
473.035 0
473.035 0
473.075 0
473.077 0
473.077 0
473.097 0
473.099 0
473.101 0
473.141 0
473.143 0
473.197 0
473.206 0
473.206 0
473.209 0
473.209 0
473.227 0
473.227 0
473.229 0
473.229 0
473.269 0
473.271 0
473.273 0
473.312 0
473.314 0
473.315 0
473.332 0
473.334 0
473.375 0
473.377 0
473.397 0
473.399 0
473.426 0
473.427 0
473.428 0
473.468 0
473.471 0
473.472 0
473.499 0
473.501 0
473.542 0
473.546 0
473.548 0
473.549 0
473.569 0
473.57 0
473.611 0
473.613 0
473.631 0
473.632 0
473.674 0
473.676 0
473.693 0
473.697 0
473.698 0
473.7 0
473.74 0
473.762 0
473.763 0
473.764 0
473.824 0
473.859 0
473.86 0
473.868 0
473.871 0
473.908 0
473.908 0
473.91 0
473.912 0
473.972 0
473.973 0
473.992 0
473.994 0
473.996 625
474.015 0
474.017 1177
474.081 0
474.081 0
474.081 0
474.081 0
474.081 0
474.098 0
474.101 0
474.104 0
474.104 0
474.115 0
474.121 1302
474.149 0
474.151 0
474.154 0
474.208 0
474.21 0
474.212 0
474.248 0
474.251 0
474.293 0
474.294 0
474.295 0
474.296 0
474.297 0
474.36 0
474.361 0
474.362 0
474.363 0
474.384 0
474.399 0
474.401 0
474.402 0
474.402 0
474.444 0
474.446 0
474.448 0
474.471 0
474.474 0
474.504 0
474.506 0
474.508 0
474.511 0
474.548 0
474.55 0
474.551 0
474.589 0
474.593 0
474.594 0
474.614 0
474.615 0
474.655 0
474.658 0
474.66 0
474.676 0
474.696 0
474.698 0
474.701 0
474.762 0
474.764 0
474.782 0
474.784 0
474.788 0
474.803 0
474.806 0
474.808 0
474.848 0
474.848 0
474.848 0
474.851 0
474.891 0
474.894 0
474.911 0
474.911 0
474.954 0
474.956 0
474.956 0
474.959 0
474.976 0
474.978 0
474.978 0
474.996 0
475.062 0
475.062 0
475.063 0
475.081 0
475.083 0
475.083 0
475.103 0
475.106 0
475.144 0
475.146 0
475.146 0
475.167 0
475.17 0
475.209 0
475.209 0
475.211 0
475.212 0
475.212 0
475.233 0
475.253 0
475.255 0
475.257 0
475.265 0
475.294 0
475.296 0
475.299 0
475.3 0
475.36 0
475.361 0
475.363 0
475.363 0
475.365 0
475.378 0
475.38 0
475.4 0
475.4 0
475.402 0
475.404 0
475.451 0
475.452 0
475.454 0
475.465 0
475.507 0
475.509 0
475.512 0
475.512 0
475.55 0
475.553 0
475.553 0
475.554 0
475.579 0
475.596 0
475.598 0
475.598 0
475.6 0
475.605 0
475.66 0
475.662 0
475.663 0
475.663 0
475.663 0
475.678 0
475.679 0
475.699 0
475.748 0
475.748 0
475.75 0
475.751 0
475.776 0
475.819 0
475.819 0
475.821 0
475.85 0
475.852 0
475.894 0
475.896 0
475.978 0
475.981 0
475.982 0
475.983 0
475.998 0
476.001 0
476.003 625
476.022 0
476.024 1177
476.029 0
476.057 0
476.06 0
476.062 0
476.063 0
476.066 0
476.068 0
476.07 0
476.071 0
476.075 0
476.075 0
476.075 0
476.087 0
476.094 0
476.097 0
476.116 1302
476.144 0
476.147 0
476.147 0
476.148 0
476.148 35
476.192 0
476.192 0
476.192 0
476.211 0
476.211 0
476.213 0
476.257 0
476.259 0
476.276 0
476.279 0
476.297 0
476.298 0
476.337 0
476.363 0
476.363 0
476.366 0
476.382 0
476.383 0
476.405 0
476.406 0
476.448 0
476.45 0
476.467 0
476.467 0
476.511 0
476.513 0
476.513 0
476.533 0
476.534 0
476.534 0
476.575 0
476.577 0
476.577 0
476.597 0
476.598 0
476.599 0
476.66 0
476.663 0
476.666 0
476.668 0
476.668 0
476.669 0
476.71 0
476.724 0
476.726 0
476.744 0
476.746 0
476.768 0
476.77 0
476.81 0
476.81 0
476.812 0
476.831 0
476.832 0
476.832 0
476.896 0
476.896 0
476.896 0
476.917 0
476.919 0
476.935 0
476.938 0
476.98 0
476.982 0
477.023 0
477.026 0
477.044 0
477.048 0
477.051 0
477.087 0
477.09 0
477.109 0
477.109 0
477.11 0
477.13 0
477.13 0
477.132 0
477.192 0
477.194 0
477.194 0
477.214 0
477.216 0
477.236 0
477.237 0
477.284 0
477.287 0
477.289 0
477.308 0
477.311 0
477.343 0
477.345 0
477.36 0
477.385 0
477.387 0
477.402 0
477.43 0
477.43 0
477.497 0
477.497 0
477.499 0
477.499 0
477.501 0
477.514 0
477.516 0
477.533 0
477.536 0
477.573 0
477.578 0
477.581 0
477.62 0
477.624 0
477.649 0
477.649 0
477.651 0
477.684 0
477.686 0
477.726 0
477.73 0
477.795 0
477.795 0
477.797 0
477.799 0
477.811 0
478.111 1302
478.144 0
478.216 0
478.257 0
478.266 1250
478.266 1250
478.266 82
478.307 107
478.307 31
478.325 31
478.37 0
478.37 0
478.37 0
478.373 0
478.373 0
478.375 0
478.377 0
478.377 0
478.377 0
478.378 0
478.378 0
478.378 0
478.381 0
478.381 0
478.383 0
478.383 0
478.383 0
478.387 0
478.387 0
478.389 625
478.409 0
478.412 1177
478.438 0
478.441 0
478.444 0
478.444 0
478.444 0
478.447 0
478.447 0
478.447 0
478.449 0
478.449 0
478.449 0
478.449 0
478.452 0
478.452 0
478.452 0
478.453 0
478.453 0
478.455 0
478.455 0
478.455 0
478.458 0
478.461 0
478.462 0
478.462 0
478.465 0
478.467 0
478.467 0
478.469 0
478.469 0
478.469 0
478.472 0
478.475 0
478.475 0
478.476 0
478.477 0
478.478 0
478.482 0
478.484 0
478.519 0
478.523 0
478.525 0
478.561 0
478.564 0
478.631 0
478.631 0
478.646 0
478.649 0
478.667 0
478.669 0
478.71 0
478.712 0
478.732 0
478.734 0
478.734 0
478.737 0
478.757 0
478.797 0
478.799 0
478.801 0
478.879 0
478.879 0
478.88 0
478.881 0
478.922 0
478.925 0
478.925 0
478.944 0
478.945 0
478.948 0
478.992 0
479.012 0
479.015 0
479.052 0
479.056 0
479.057 0
479.101 0
479.117 0
479.117 0
479.118 0
479.14 0
479.141 0
479.179 0
479.181 0
479.202 0
479.243 0
479.244 0
479.246 0
479.268 0
479.27 0
479.329 0
479.333 0
479.335 0
479.335 0
479.337 0
479.395 0
479.413 0
479.415 0
479.416 0
479.457 0
479.459 0
479.476 0
479.478 0
479.496 0
479.522 0
479.525 0
479.542 0
479.542 0
479.549 0
479.584 0
479.587 0
479.608 0
479.609 0
479.652 0
479.653 0
479.668 0
479.712 0
479.714 0
479.716 0
479.735 0
479.735 0
479.776 0
479.779 0
479.797 0
479.799 0
479.861 0
479.863 0
479.868 0
479.869 0
479.878 0
479.892 0
479.927 0
479.932 0
479.945 0
479.978 0
479.98 0
479.987 0
479.989 625
480.008 0
480.01 1177
480.037 0
480.04 0
480.043 0
480.046 0
480.046 0
480.052 0
480.054 0
480.073 0
480.106 1302
480.111 0
480.112 0
480.115 0
480.138 0
480.161 0
480.164 0
480.173 0
480.223 0
480.226 0
480.246 0
480.246 0
480.261 0
480.263 0
480.278 0
480.284 0
480.307 0
480.31 0
480.329 0
480.33 0
480.348 0
480.393 0
480.396 0
480.397 0
480.457 0
480.46 0
480.48 0
480.481 0
480.483 0
480.5 0
480.504 0
480.504 0
480.505 0
480.543 0
480.544 0
480.587 0
480.606 0
480.606 0
480.649 0
480.652 0
480.652 0
480.654 0
480.684 0
480.693 0
480.696 0
480.731 0
480.753 0
480.753 0
480.757 0
480.759 0
480.777 0
480.779 0
480.802 0
480.802 0
480.843 0
480.845 0
480.883 0
480.885 0
480.906 0
480.908 0
480.947 0
480.949 0
480.99 0
480.993 0
481.01 0
481.013 0
481.074 0
481.077 0
481.079 0
481.121 0
481.14 0
481.179 0
481.179 0
481.182 0
481.182 0
481.185 0
481.227 0
481.228 0
481.255 0
481.293 0
481.293 0
481.295 0
481.298 0
481.311 0
481.313 0
481.331 0
481.333 0
481.334 0
481.376 0
481.378 0
481.378 0
481.396 0
481.398 0
481.398 0
481.427 0
481.429 0
481.484 0
481.487 0
481.489 0
481.489 0
481.546 0
481.548 0
481.588 0
481.59 0
481.608 0
481.611 0
481.631 0
481.633 0
481.636 0
481.694 0
481.694 0
481.697 0
481.699 0
481.736 0
481.741 0
481.742 0
481.783 0
481.784 0
481.824 0
481.826 0
481.847 0
481.879 0
481.887 0
481.889 0
481.909 0
481.911 0
481.929 0
481.929 0
481.995 0
481.997 0
481.999 625
482.018 0
482.02 1177
482.044 0
482.049 0
482.05 0
482.053 0
482.055 0
482.059 0
482.061 0
482.061 0
482.063 0
482.1 0
482.101 1302
482.103 0
482.103 0
482.133 0
482.134 35
482.144 0
482.146 0
482.164 0
482.205 0
482.209 0
482.211 0
482.226 0
482.249 0
482.252 0
482.252 0
482.292 0
482.294 0
482.296 0
482.322 0
482.356 0
482.359 0
482.359 0
482.36 0
482.377 0
482.38 0
482.396 0
482.397 0
482.4 0
482.444 0
482.484 0
482.484 0
482.486 0
482.506 0
482.508 0
482.553 0
482.59 0
482.591 0
482.612 0
482.613 0
482.657 0
482.659 0
482.66 0
482.676 0
482.678 0
482.692 0
482.695 0
482.695 0
482.761 0
482.764 0
482.782 0
482.784 0
482.807 0
482.807 0
482.846 0
482.848 0
482.85 0
482.89 0
482.891 0
482.91 0
482.911 0
482.911 0
482.953 0
482.956 0
482.956 0
482.975 0
482.977 0
483.016 0
483.04 0
483.04 0
483.043 0
483.058 0
483.061 0
483.062 0
483.082 0
483.084 0
483.128 0
483.128 0
483.146 0
483.148 0
483.167 0
483.169 0
483.178 0
483.21 0
483.237 0
483.246 0
483.248 0
483.274 0
483.278 0
483.316 0
483.318 0
483.321 0
483.359 0
483.371 105
483.372 39
483.377 0
483.377 0
483.378 0
483.386 0
483.387 35
483.429 0
483.429 0
483.435 0
483.445 0
483.447 0
483.447 0
483.464 0
483.466 0
483.466 0
483.508 0
483.51 0
483.51 0
483.51 0
483.512 0
483.571 0
483.571 0
483.573 0
483.574 0
483.593 0
483.595 0
483.614 0
483.618 0
483.659 0
483.664 0
483.666 0
483.68 0
483.717 0
483.72 0
483.761 0
483.765 0
483.767 0
483.828 0
483.83 0
483.848 0
483.851 0
483.9 0
483.9 0
483.913 0
483.915 0
483.915 0
483.976 0
483.978 0
483.99 0
483.998 0
484 0
484.002 625
484.021 0
484.024 1177
484.049 0
484.05 0
484.05 0
484.052 0
484.053 0
484.054 0
484.054 0
484.058 0
484.058 0
484.06 0
484.061 0
484.062 0
484.096 1302
484.121 0
484.149 0
484.15 0
484.152 0
484.155 0
484.211 0
484.213 0
484.215 0
484.239 0
484.249 0
484.252 0
484.254 0
484.275 0
484.276 0
484.298 0
484.3 0
484.33 0
484.361 0
484.363 0
484.402 0
484.406 0
484.408 0
484.417 1243
484.417 587
484.446 0
484.447 0
484.447 0
484.449 0
484.488 0
484.51 0
484.512 0
484.547 0
484.55 0
484.551 0
484.562 0
484.576 0
484.579 0
484.583 42
484.597 0
484.599 0
484.658 0
484.66 0
484.66 0
484.663 0
484.701 0
484.705 0
484.705 0
484.724 0
484.725 0
484.729 0
484.744 0
484.746 0
484.773 0
484.775 0
484.808 0
484.81 0
484.853 0
484.893 0
484.894 0
484.896 0
484.959 0
484.96 0
484.962 0
485 0
485.002 0
485.002 0
485.043 0
485.044 0
485.045 0
485.089 0
485.089 0
485.09 0
485.09 0
485.109 0
485.11 0
485.152 0
485.153 0
485.192 0
485.192 0
485.194 0
485.229 0
485.239 0
485.242 0
485.258 0
485.261 0
485.261 0
485.265 0
485.299 0
485.301 0
485.305 0
485.305 0
485.331 0
485.341 0
485.343 0
485.385 0
485.385 0
485.386 0
485.406 0
485.409 0
485.409 0
485.448 0
485.45 0
485.45 0
485.49 0
485.493 0
485.511 0
485.513 0
485.558 0
485.56 0
485.597 0
485.6 0
485.603 0
485.603 0
485.641 0
485.643 0
485.684 0
485.687 0
485.688 0
485.706 0
485.706 0
485.707 0
485.747 0
485.749 0
485.814 0
485.816 0
485.816 0
485.818 0
485.854 0
485.856 0
485.856 0
485.896 0
485.899 0
485.902 0
485.92 0
485.92 0
486.002 0
486.007 0
486.009 0
486.011 625
486.03 0
486.033 1177
486.057 0
486.06 0
486.06 0
486.061 0
486.065 0
486.065 0
486.067 0
486.067 0
486.069 0
486.07 0
486.072 0
486.074 0
486.075 0
486.086 0
486.091 1302
486.111 0
486.113 0
486.114 0
486.123 0
486.153 0
486.155 0
486.155 0
486.197 0
486.2 0
486.203 0
486.26 0
486.262 0
486.302 0
486.304 0
486.306 0
486.345 0
486.348 0
486.365 0
486.369 0
486.403 0
486.41 0
486.412 0
486.412 0
486.451 0
486.451 0
486.452 0
486.495 0
486.498 0
486.538 0
486.538 0
486.543 0
486.555 0
486.558 0
486.559 0
486.56 0
486.565 0
486.603 0
486.605 0
486.647 0
486.647 0
486.651 0
486.652 0
486.667 0
486.709 0
486.71 0
486.712 0
486.75 0
486.752 0
486.753 0
486.755 0
486.757 0
486.757 0
486.793 0
486.796 0
486.798 0
486.835 0
486.835 0
486.838 0
486.844 0
486.858 0
486.858 0
486.859 0
486.879 0
486.883 0
486.943 0
486.943 0
486.945 0
486.946 0
486.963 0
486.966 0
486.987 0
486.99 0
487.029 0
487.031 0
487.055 0
487.058 0
487.06 0
487.062 0
