0 242
0.014619 23
0.019357 242
0.0346 23
0.040087 242
0.057706 23
0.062609 242
0.070486 23
0.076577 242
0.092591 23
0.097689 242
0.114007 23
0.118807 242
0.133991 23
0.139465 242
0.158541 23
0.163242 242
0.173316 23
0.178302 242
0.194946 23
0.199985 242
0.219734 23
0.225118 242
0.230227 265
0.25334 23
0.258082 242
0.274216 23
0.278815 242
0.296761 23
0.30161 242
0.315016 23
0.321383 242
0.337205 23
0.342323 242
0.353031 23
0.359424 242
0.408226 23
0.413735 507
0.419627 265
0.43482 23
0.439746 242
0.453204 23
0.458223 242
0.545523 23
0.550658 242
0.558646 23
0.564841 242
0.582035 23
0.586446 242
0.629839 23
0.634634 507
0.640035 23
0.644848 242
0.661446 23
0.666015 242
0.678231 23
0.68404 242
0.702425 23
0.707399 242
0.713243 23
0.718644 242
0.737833 23
0.742605 242
0.757945 23
0.762632 242
0.784075 23
0.78902 242
0.802512 23
0.8073 242
0.822327 23
0.82734 242
0.840199 23
0.848427 242
0.865023 23
0.86964 242
0.876051 23
0.880638 242
0.898212 23
0.902829 242
0.919612 23
0.925439 242
0.937785 23
0.942425 242
0.959251 23
0.96384 242
0.977256 23
0.981867 242
0.998243 23
1.00287 242
1.02025 23
1.02522 242
1.0358 23
1.04064 242
1.0589 23
1.06382 242
1.07822 23
1.08305 242
1.09836 23
1.10306 242
1.1207 23
1.1254 242
1.13824 23
1.14267 242
1.16059 23
1.16526 242
1.1849 23
1.18979 242
1.1979 23
1.20247 242
1.21819 23
1.22264 242
1.23969 23
1.24419 242
1.25884 23
1.26325 242
1.2822 23
1.28663 242
1.29846 23
1.30278 242
1.32208 23
1.32626 242
1.34759 23
1.3525 242
1.35928 23
1.3636 242
1.37946 23
1.38386 242
1.39884 23
1.40304 242
1.41906 23
1.42349 242
1.43926 23
1.44369 242
1.45827 23
1.46299 242
1.47785 23
1.48207 242
1.50206 23
1.50648 242
1.5137 23
1.51867 242
1.53986 23
1.54427 242
1.55768 23
1.56188 242
1.5773 23
1.58166 242
1.6014 23
1.60638 242
1.61853 23
1.62266 242
1.64084 23
1.64486 242
1.66172 23
1.66569 242
1.67305 23
1.67755 242
1.69887 23
1.70382 242
1.71828 23
1.7227 242
1.73707 23
1.74146 242
1.75963 23
1.76428 242
1.77808 23
1.78243 242
1.79687 23
1.80109 242
1.82683 23
1.83129 242
1.83568 115
1.8402 150
1.86593 23
1.86969 242
1.87382 265
1.88706 23
1.89108 242
1.9168 23
1.92424 242
1.93788 23
1.94237 242
1.95405 23
1.95889 242
1.97974 23
1.9848 242
1.99717 23
2.00201 242
2.02092 23
2.02573 242
2.03796 23
2.0428 242
2.05408 23
2.0589 242
2.08078 23
2.08549 242
2.09908 23
2.10385 242
2.12168 23
2.12628 242
2.14346 23
2.14831 242
2.15532 23
2.15987 242
2.17413 23
2.17848 242
2.1928 23
2.19722 242
2.21249 23
2.21785 242
2.23251 23
2.23733 242
2.25241 23
2.25733 242
2.26927 23
2.27389 242
2.29129 23
2.29569 242
2.30805 23
2.31251 242
2.33117 23
2.33572 242
2.34507 23
2.34916 242
2.37034 23
2.37449 242
2.3873 23
2.39121 242
2.40986 23
2.41393 242
2.42545 23
2.42909 242
2.44352 23
2.44783 242
2.46251 23
2.46611 242
2.48271 23
2.48652 242
2.50292 23
2.50671 242
2.52321 23
2.52732 242
2.54388 23
2.54784 242
2.56331 23
2.56721 242
2.58427 23
2.58808 242
2.60707 23
2.61113 242
2.62555 23
2.6296 242
2.64613 23
2.65051 242
2.67148 23
2.67797 242
2.69271 23
2.69719 242
2.71335 23
2.71772 242
2.73211 23
2.73768 242
2.75313 23
2.75812 242
2.77694 23
2.78194 242
2.78891 23
2.79372 242
2.81275 23
2.81788 242
2.83394 23
2.83872 242
2.85227 23
2.85731 242
2.87333 23
2.87825 242
2.89269 23
2.8987 242
2.91472 23
2.91935 242
2.93776 23
2.94267 242
2.94981 23
2.95573 242
2.97317 23
2.97752 242
2.99319 23
2.99788 242
3.01252 23
3.01833 242
3.03569 23
3.03993 242
3.05274 23
3.05814 242
3.07281 23
3.07731 242
3.09673 23
3.10178 242
3.10971 23
3.11631 242
3.13291 23
3.13912 242
3.1531 23
3.1576 242
3.17393 23
3.17975 242
3.1931 23
3.19896 242
3.21474 23
3.21957 242
3.23398 23
3.23982 242
3.25813 23
3.26276 242
3.2695 23
3.27474 242
3.29456 23
3.29947 242
3.31435 23
3.31896 242
3.33349 23
3.33795 242
3.35377 23
3.35875 242
3.37275 23
3.37753 242
3.39253 23
3.39834 242
3.41778 23
3.42313 242
3.42914 23
3.43653 242
3.45309 23
3.45941 242
3.47398 23
3.47866 242
3.49455 23
3.50237 242
3.51449 23
3.52074 242
3.53376 23
3.53948 242
3.55514 23
3.56176 242
3.57741 23
3.58336 242
3.58937 23
3.59674 242
3.62117 23
3.62718 242
3.63419 23
3.63936 242
3.65423 23
3.65916 242
3.67517 23
3.68174 242
3.69303 23
3.69841 242
3.71293 23
3.71836 242
3.73715 23
3.74211 242
3.74955 23
3.75519 242
3.77296 23
3.77795 242
3.79278 23
3.79818 242
3.81302 23
3.8194 242
3.83463 23
3.8406 242
3.85606 23
3.86116 242
3.87356 23
3.87828 242
3.89733 23
3.90336 242
3.90988 23
3.91615 242
3.93377 23
3.93988 242
3.95352 23
3.96019 242
3.97376 23
3.97848 242
3.99333 23
3.99953 242
4.01394 23
4.02034 242
4.03257 23
4.03859 242
4.05708 23
4.065 242
4.07078 265
4.09298 23
4.09902 242
4.113 23
4.11904 242
4.1333 23
4.13936 242
4.15193 23
4.15955 242
4.17458 23
4.18017 242
4.57184 23
4.578 622
4.58324 150
4.6006 23
4.60461 242
4.61919 23
4.62462 242
4.63921 23
4.64359 242
4.65858 23
4.66342 242
4.68224 23
4.6876 242
4.7052 23
4.71063 242
4.71596 265
4.76589 23
4.77114 507
4.7712 20
4.77598 262
4.78101 265
4.827 0
4.92179 23
4.93016 242
4.94102 23
4.94581 242
4.98786 23
4.99284 507
5.00025 23
5.00481 242
5.02322 23
5.02791 242
5.0362 23
5.04084 242
5.06207 23
5.06666 242
5.0802 23
5.08481 242
5.09919 23
5.10521 242
5.1106 23
5.11424 242
5.13205 23
5.13641 242
5.15005 23
5.15402 242
5.17853 23
5.18364 242
5.18962 23
5.19538 242
5.21265 23
5.21855 242
5.23423 23
5.23904 242
5.25282 23
5.25875 242
5.27322 23
5.27866 242
5.29276 23
5.29842 242
5.31261 23
5.31853 242
5.33765 23
5.34364 242
5.35056 23
5.35731 242
5.37408 23
5.38021 242
5.42827 23
5.43468 507
5.44025 265
5.45383 23
5.46045 242
5.47458 23
5.48064 242
5.49866 23
5.50477 242
5.51105 265
5.53343 23
5.53976 242
5.55463 23
5.56028 242
5.57246 23
5.57904 242
5.59368 23
5.60126 242
5.64903 23
5.65504 507
5.66128 265
5.66925 23
5.67705 242
5.69304 23
5.69969 242
5.71528 23
5.72147 242
5.73346 23
5.73965 242
5.75317 23
5.75984 242
5.77343 23
5.77959 242
5.79268 23
5.79983 242
5.81758 23
5.82245 242
5.82924 23
5.83645 242
5.85349 23
5.85924 242
5.87324 23
5.87884 242
5.89327 23
5.89947 242
5.91546 23
5.92104 242
5.93377 23
5.93929 242
5.95368 23
5.9586 242
5.97776 23
5.98306 242
5.98979 23
5.99665 242
6.0145 23
6.02067 242
6.03466 23
6.04026 242
6.05346 23
6.05947 242
6.07328 23
6.07891 242
6.09351 23
6.09908 242
6.11409 23
6.12049 242
6.13907 23
6.1439 242
6.15014 23
6.157 242
6.17334 23
6.1786 242
6.19415 23
6.2004 242
6.2135 23
6.21907 242
6.23343 23
6.2393 242
6.25227 23
6.25838 242
6.27264 23
6.27866 242
6.29741 23
6.3031 242
6.3095 23
6.31603 242
6.33529 23
6.34126 242
6.35291 23
6.35864 242
6.37292 23
6.37868 242
6.39257 23
6.39926 242
6.4159 23
6.42084 242
6.43249 23
6.4389 242
6.45739 23
6.46306 242
6.46927 23
6.47763 242
6.4935 23
6.49929 242
6.51483 23
6.52292 242
6.53351 23
6.53967 242
6.55387 23
6.55947 242
6.57343 23
6.57872 242
6.59249 23
6.59792 242
6.61691 23
6.62451 242
6.6301 265
6.65289 23
6.65831 242
6.67389 23
6.67966 242
6.6929 23
6.69845 242
6.71464 23
6.72161 242
6.73731 23
6.74379 242
6.75451 23
6.76114 242
6.77949 23
6.78584 242
6.79227 265
6.81218 23
6.81892 242
6.83269 23
6.83811 242
6.85392 23
6.8609 242
6.87488 23
6.88228 242
6.89311 23
6.89931 242
6.91209 23
6.91831 242
6.93753 23
6.94329 242
6.94887 265
6.9721 23
6.97873 242
6.99291 23
6.99895 242
7.01372 23
7.01925 242
7.03273 23
7.03893 242
7.05293 23
7.0587 242
7.07249 23
7.07826 242
7.0964 23
7.1021 242
7.10893 23
7.11573 242
7.13307 23
7.13841 242
7.15252 23
7.15828 242
7.17393 23
7.17941 242
7.1951 23
7.20052 242
7.21433 23
7.22031 242
7.23551 23
7.24151 242
7.25768 23
7.26311 242
7.26932 138
7.27682 127
7.29094 23
7.29673 242
7.31304 23
7.31953 242
7.3311 23
7.33912 242
7.35295 23
7.36031 242
7.37209 23
7.37753 242
7.38913 23
7.39544 242
7.41295 23
7.41978 242
7.42964 23
7.43494 242
7.44835 23
7.45387 242
7.46697 23
7.47234 242
7.48866 23
7.49493 242
7.5093 23
7.51488 242
7.52778 23
7.53317 242
7.54593 23
7.55143 242
7.56572 23
7.57033 242
7.58384 23
7.58955 242
7.60694 23
7.61359 242
7.62883 23
7.63445 242
7.65164 23
7.65836 242
7.67424 23
7.67995 242
7.69313 23
7.70087 242
7.71316 23
7.72138 242
8.25853 23
8.25853 756
8.25853 281
8.26755 530
8.27856 23
8.28551 242
8.29697 23
8.30294 242
8.31911 23
8.32495 242
8.33857 23
8.34555 242
8.35778 23
8.365 242
8.38494 23
8.39161 242
8.39857 265
8.41829 23
8.42544 242
8.43458 23
8.44258 242
8.45754 23
8.46396 242
8.47676 23
8.48342 242
8.49935 23
8.50652 242
8.51975 23
8.52699 242
8.54774 23
8.5538 242
8.56077 265
8.57839 23
8.58581 242
8.59599 23
8.60402 242
8.61739 23
8.62458 242
8.63909 23
8.64531 242
8.65839 23
8.66572 242
8.67799 23
8.68529 242
8.70168 23
8.70757 242
8.71378 23
8.71931 242
8.73779 23
8.74414 242
8.7561 23
8.76276 242
8.77778 23
8.78353 242
8.79697 23
8.80297 242
8.81883 23
8.82578 242
8.84219 23
8.84879 242
8.86519 23
8.87233 242
8.87801 265
8.8936 23
8.89938 242
8.9136 23
8.91901 242
8.93477 23
8.94039 242
8.95797 23
8.96361 242
8.97597 23
8.98123 242
8.99639 23
9.00238 242
9.01899 23
9.02598 242
9.03452 265
9.05398 23
9.0602 242
9.07459 23
9.08201 242
9.09441 23
9.10023 242
9.11562 23
9.12201 242
9.13462 23
9.14021 242
9.15626 23
9.16288 242
9.17723 23
9.18566 242
9.19295 265
9.21521 23
9.22123 242
9.23471 23
9.24001 242
9.25419 23
9.25956 242
9.27482 23
9.28145 242
9.29599 23
9.30201 242
9.31442 23
9.3206 242
9.33742 23
9.34458 242
9.35262 265
9.37242 23
9.37899 242
9.3938 23
9.39908 242
9.41435 23
9.41982 242
9.43481 23
9.44054 242
9.4532 23
9.45904 242
9.47282 23
9.47925 242
9.49882 23
9.50479 242
9.51122 265
9.56414 23
9.57121 507
9.57789 265
9.5944 23
9.60037 242
9.61623 23
9.62184 242
9.63442 23
9.64024 242
9.65854 23
9.66519 242
9.67061 265
9.69303 23
9.70041 242
9.71595 23
9.72165 242
9.73467 23
9.74137 242
9.78496 23
9.78496 756
9.78511 20
9.79859 278
9.79859 0
9.84552 530
9.85325 23
9.85998 242
9.87522 23
9.88101 242
9.88842 23
9.89402 242
9.91825 23
9.92578 242
9.93501 23
9.94025 242
9.95637 23
9.96442 242
10.0076 23
10.0147 507
10.0209 265
10.0363 23
10.0422 242
10.0567 23
10.0627 242
10.0782 23
10.0842 242
10.097 23
10.1023 242
10.1184 23
10.1246 242
10.1416 23
10.1469 242
10.1529 23
10.1584 242
10.1769 23
10.1823 242
10.1984 23
10.228 242
10.2345 265
10.2404 265
10.2576 23
10.263 242
10.2766 23
10.2831 242
10.3008 23
10.3082 242
10.3149 23
10.3209 242
10.3441 23
10.3503 242
10.3591 23
10.3666 242
10.3763 23
10.3822 242
10.3986 23
10.4042 242
10.4483 23
10.4546 507
10.4618 23
10.4674 242
10.4768 23
10.4831 242
10.5 23
10.506 242
10.5181 23
10.5241 242
10.5384 23
10.5445 242
10.5566 23
10.5627 242
10.5771 23
10.5831 242
10.5971 23
10.6029 242
10.6271 23
10.6325 242
10.6721 530
10.6783 23
10.6835 242
10.7007 23
10.7069 242
10.7197 23
10.7251 242
10.7417 23
10.7495 242
10.7587 23
10.7649 242
10.7791 23
10.7857 242
10.7965 23
10.8019 242
10.8215 23
10.8279 242
10.8395 23
10.8471 242
10.8615 23
10.8679 242
10.8793 23
10.8853 242
10.9011 23
10.9067 242
10.9215 23
10.9278 242
10.9427 23
10.9493 242
10.9556 23
10.9607 242
10.9789 23
10.9849 242
10.9972 23
11.0026 242
11.018 23
11.0257 242
11.0403 23
11.0461 242
11.0573 23
11.0626 242
11.0774 23
11.0823 242
11.1007 23
11.1062 242
11.1173 23
11.1227 242
11.1348 23
11.1409 242
11.1557 23
11.1609 242
11.1767 23
11.1821 242
11.1947 23
11.1995 242
11.2185 23
11.2231 242
11.2389 23
11.2433 242
11.2619 23
11.2665 242
11.2743 23
11.2797 242
11.2963 23
11.3009 242
11.3235 23
11.3296 242
11.3414 23
11.3461 242
11.3591 23
11.3639 242
11.3796 23
11.3843 242
11.4013 23
11.4059 242
11.4209 23
11.4255 242
11.4348 23
11.4391 242
11.46 23
11.4648 242
11.4783 23
11.4827 242
11.4987 23
11.5031 242
11.5169 23
11.5217 242
11.5383 23
11.5426 242
11.558 23
11.5627 242
11.5817 23
11.5867 242
11.5942 23
11.5991 242
11.6143 23
11.619 242
11.6395 23
11.644 242
11.6559 23
11.6605 242
11.6791 23
11.6839 242
11.6971 23
11.7029 242
11.7179 23
11.7235 242
11.743 23
11.7481 242
11.7529 265
11.7765 23
11.7821 242
11.8003 23
11.8058 242
11.8206 23
11.826 242
11.8391 23
11.8449 242
11.8569 23
11.8616 242
11.8799 23
11.8855 242
11.9021 23
11.9075 242
11.9161 23
11.9219 242
11.9386 23
11.9438 242
11.9587 23
11.9631 242
11.9771 23
11.9816 242
12.0007 23
12.0051 242
12.0193 23
12.0237 242
12.0391 23
12.0435 242
12.0619 23
12.0663 242
12.0707 23
12.0755 242
12.0977 23
12.1021 242
12.1177 23
12.1225 242
12.141 23
12.1458 242
12.1585 23
12.1632 242
12.1787 23
12.1832 242
12.1989 23
12.2036 242
12.2239 23
12.2287 242
12.2337 23
12.2379 242
12.2587 23
12.2633 242
12.2799 23
12.2847 242
12.6617 23
12.6617 756
12.6668 281
12.6841 23
12.6892 242
12.7009 23
12.7055 242
12.7119 23
12.7169 242
12.736 23
12.7413 242
12.7571 23
12.7613 242
12.7785 23
12.784 242
12.8011 23
12.8067 242
12.821 23
12.8256 242
12.838 23
12.8432 242
12.8611 23
12.8657 242
12.8728 23
12.8776 242
12.8963 23
12.901 242
12.9184 23
12.9233 242
12.9398 23
12.9446 242
12.9587 23
12.9633 242
12.9796 23
12.9845 242
12.9996 23
13.0042 242
13.0247 23
13.0294 242
13.0368 23
13.0413 242
13.058 23
13.0624 242
13.0791 23
13.0838 242
13.0968 23
13.1019 242
13.1199 23
13.1248 242
13.1385 23
13.1432 242
13.1631 23
13.1685 242
13.1846 23
13.1898 242
13.1967 23
13.2021 242
13.2178 23
13.2229 242
13.2376 23
13.2427 242
13.2575 23
13.2626 242
13.277 23
13.2821 242
13.3008 23
13.306 242
13.3209 23
13.3261 242
13.3416 23
13.3468 242
13.355 23
13.36 242
13.3808 23
13.3859 242
13.4008 23
13.4058 242
13.4204 23
13.4256 242
13.4401 23
13.4452 242
13.4585 23
13.4643 242
13.4824 23
13.4876 242
13.5039 23
13.5094 242
13.5159 265
13.5381 23
13.5433 242
13.5596 23
13.5645 242
13.5768 23
13.5824 242
13.6004 23
13.606 242
13.6161 23
13.6214 242
13.641 23
13.6464 242
13.6623 23
13.6676 242
13.6729 23
13.6786 242
13.6978 23
13.7026 242
13.7183 23
13.723 242
13.738 23
13.7426 242
13.7576 23
13.7624 242
13.7778 23
13.7822 242
13.7978 23
13.8023 242
13.8206 23
13.8254 242
13.8321 23
13.8371 242
13.8602 23
13.865 242
13.8766 23
13.881 242
13.8986 23
13.9032 242
13.9186 23
13.9231 242
13.9391 23
13.9435 242
13.952 23
13.958 242
13.9788 23
13.9837 242
13.9886 23
13.9938 242
14.0159 23
14.0208 242
14.035 23
14.0397 242
14.0546 23
14.0589 242
14.0748 23
14.0804 242
14.0972 23
14.1023 242
14.1136 23
14.1184 242
14.1367 23
14.1414 242
14.149 23
14.155 242
14.1746 23
14.1792 242
14.1934 23
14.1984 242
14.2136 23
14.2195 242
14.2359 23
14.2402 242
14.2538 23
14.258 242
14.2738 23
14.2796 242
14.297 23
14.3025 242
14.3095 23
14.315 242
14.3328 23
14.3388 242
14.3549 23
14.3602 242
14.3734 23
14.3784 242
14.3943 23
14.3993 242
14.4164 23
14.4211 242
14.4326 23
14.4376 242
14.4562 23
14.4646 242
14.4691 265
14.4931 23
14.4991 242
14.5144 23
14.5191 242
14.532 23
14.5371 242
14.5842 23
14.5893 507
14.5938 265
14.6183 23
14.6231 242
14.8116 23
14.8117 20
14.8157 239
14.8216 0
15.3252 23
15.3252 756
15.3252 281
15.3252 756
15.3252 756
15.3294 343
15.3747 530
15.3806 23
15.3849 242
15.4003 23
15.4045 242
15.4189 23
15.4231 242
15.4681 23
15.4727 507
15.4775 23
15.4821 242
15.4987 23
15.5032 242
15.5203 23
15.5251 242
15.5405 23
15.5455 242
15.5591 23
15.5641 242
15.5843 23
15.5889 242
15.5941 23
15.5987 242
15.6173 23
15.6225 242
15.6369 23
15.6415 242
15.6895 23
15.6944 507
15.6998 265
15.7221 23
15.7271 242
15.7449 23
15.7498 242
15.7566 23
15.7611 242
15.7759 23
15.7806 242
15.7977 23
15.8025 242
15.8173 23
15.8219 242
15.8369 23
15.8413 242
15.8587 23
15.8633 242
15.8765 23
15.8817 242
15.9007 23
15.9051 242
15.9127 23
15.9181 242
15.9375 23
15.9425 242
15.9551 23
15.9597 242
15.9767 23
15.9813 242
15.9955 23
16.0001 242
16.0199 23
16.0247 242
16.0401 23
16.0451 242
16.0619 23
16.0667 242
16.0744 23
16.0795 242
16.1003 23
16.1048 242
16.1203 23
16.1247 242
16.1403 23
16.1457 242
16.1605 23
16.1649 242
16.1777 23
16.1821 242
16.1949 23
16.1991 242
16.2207 23
16.2253 242
16.2335 23
16.2379 242
16.2579 23
16.2625 242
16.2788 23
16.2833 242
16.2983 23
16.3025 242
16.3168 23
16.3211 242
16.3381 23
16.3425 242
16.3579 23
16.3623 242
16.3807 23
16.3856 242
16.3926 23
16.3969 242
16.4181 23
16.4223 242
16.4355 23
16.4408 242
16.4585 23
16.4653 242
16.4773 23
16.4828 242
16.497 23
16.5019 242
16.5183 23
16.5239 242
16.5405 23
16.5457 242
16.5527 23
16.5579 242
16.5785 23
16.5828 242
16.5955 23
16.5999 242
16.6183 23
16.623 242
16.638 23
16.6425 242
16.6571 23
16.6613 242
16.6804 23
16.6845 242
16.7021 23
16.7066 242
16.7166 23
16.7208 242
16.7362 23
16.741 242
16.7567 23
16.7619 242
16.7761 23
16.7809 242
16.798 23
16.8027 242
16.8194 23
16.824 242
16.8367 23
16.8441 242
16.8653 23
16.8706 242
16.8967 265
16.9087 530
16.9268 23
16.9308 242
16.9455 23
16.95 242
16.974 23
16.9785 242
16.9917 23
16.996 242
17.0091 23
17.013 242
17.0233 23
17.0275 242
17.0454 23
17.0492 242
17.0721 23
17.0794 242
17.0918 23
17.0961 242
17.1111 23
17.1152 242
17.1329 23
17.1386 242
17.154 23
17.1588 242
17.1782 23
17.183 242
17.1882 23
17.1927 242
17.2126 23
17.2174 242
17.2322 23
17.2365 242
17.2526 23
17.257 242
17.2728 23
17.2774 242
17.2935 23
17.2982 242
17.3134 23
17.3178 242
17.334 23
17.3387 242
17.3497 23
17.3544 242
17.3731 23
17.3778 242
17.3942 23
17.3989 242
17.4128 23
17.417 242
17.433 23
17.4378 242
17.454 23
17.4584 242
17.4735 23
17.4784 242
17.4977 23
17.5032 242
17.5092 23
17.5161 242
17.5332 23
17.5378 242
17.5531 23
17.5584 242
17.5738 23
17.5811 242
17.5918 23
17.5966 242
17.6125 23
17.6172 242
17.6344 23
17.6388 242
17.6572 23
17.6618 242
17.668 23
17.6728 242
17.6938 23
17.6985 242
17.7136 23
17.7187 242
17.7325 23
17.7376 242
17.7538 23
17.7587 242
17.7726 23
17.7776 242
17.7926 23
17.801 23
17.8056 219
17.8168 23
17.8224 242
17.8282 23
17.8324 242
17.8538 23
17.8592 242
17.8732 23
17.8778 242
17.8932 23
17.8981 242
17.9142 23
17.919 242
17.9343 23
17.9394 242
17.9556 23
17.961 242
17.9785 23
17.9839 242
17.9915 23
17.997 242
18.0146 23
18.0207 242
18.0343 23
18.0391 242
18.0541 23
18.0586 242
18.0737 23
18.0787 242
18.0946 23
18.0993 242
18.1143 23
18.1199 242
18.1393 23
18.1445 242
18.1498 265
18.1729 23
18.1782 242
18.1946 23
18.1993 242
18.214 23
18.2188 242
18.2343 23
18.2397 242
18.2538 23
18.2586 242
18.2739 23
18.2791 242
18.2988 23
18.3041 242
18.3094 23
18.3158 242
18.334 23
18.3392 242
18.3548 23
18.3605 242
18.3728 23
18.379 242
18.3954 23
18.4012 242
18.4129 23
18.4184 242
18.433 23
18.4393 242
18.4579 23
18.4637 242
18.4692 23
18.474 242
18.4938 23
18.4995 242
18.5166 23
18.522 242
18.5332 23
18.5376 242
18.5538 23
18.5586 242
18.5748 23
18.5793 242
18.5969 23
18.6022 242
18.621 23
18.6286 242
18.633 265
18.6506 23
18.655 242
18.6736 23
18.6786 242
18.6912 23
18.6967 242
18.7119 23
18.7164 242
18.7306 23
18.7354 242
18.7502 23
18.7548 242
18.7732 23
18.7802 242
18.7892 23
18.7953 242
18.8105 23
18.816 242
18.8304 23
18.835 242
18.8499 23
18.8546 242
18.87 23
18.8757 242
18.8916 23
18.8976 242
18.9102 23
18.9158 242
18.9343 23
18.9405 242
18.9485 23
18.9528 242
18.9706 23
18.9752 242
18.9893 23
18.9942 242
19.0097 23
19.0139 242
19.0303 23
19.0348 242
19.0503 23
19.0548 242
19.0714 23
19.0761 242
19.0921 23
19.0972 242
19.108 23
19.1137 242
19.1274 23
19.1323 242
19.1502 23
19.1548 242
19.1725 23
19.1768 242
19.193 23
19.1977 242
19.2143 23
19.219 242
19.2311 23
19.2357 242
19.2577 23
19.2631 242
19.2694 23
19.2758 242
19.2933 23
19.2987 242
19.3132 23
19.3197 242
19.3338 23
19.3393 242
19.3553 23
19.3601 242
19.3737 23
19.3784 242
19.3934 23
19.3994 242
19.4194 23
19.4248 242
19.43 265
19.4528 23
19.458 242
19.4743 23
19.4796 242
19.4933 23
19.4987 242
19.5136 23
19.5192 242
19.5327 23
19.5377 242
19.5529 23
19.5577 242
19.6051 23
19.6102 507
19.6152 46
19.6195 219
19.6334 23
19.6383 242
19.6533 23
19.6581 242
19.6738 23
19.6795 242
19.6951 23
19.6997 242
19.7137 23
19.7192 242
19.7375 23
19.7422 242
19.7485 23
19.7528 242
19.7724 23
19.7724 20
19.7787 504
19.7834 0
19.8251 23
19.8335 756
19.8382 16
19.8835 530
19.8971 23
19.9015 242
19.9087 23
19.9151 242
19.9329 23
19.9375 242
19.9529 23
19.9583 242
19.9736 23
19.9785 242
19.9935 23
19.9989 242
20.0175 23
20.0221 242
20.034 23
20.0385 242
20.0574 23
20.0622 242
20.0695 23
20.0754 242
20.0928 23
20.0978 242
20.1136 23
20.1188 242
20.1335 23
20.1387 242
20.1528 23
20.1584 242
20.1741 23
20.1788 242
20.1928 23
20.1978 242
20.217 23
20.2223 242
20.2281 23
20.2385 242
20.2528 23
20.2576 242
20.2716 23
20.2761 242
20.2931 23
20.2982 242
20.3131 23
20.3192 242
20.3335 23
20.3392 243
20.5465 23
20.5465 756
20.5465 281
20.5517 265
20.5577 265
20.5787 23
20.5831 242
20.5973 23
20.6017 242
20.6223 23
20.6275 242
20.6385 23
20.6429 242
20.6597 23
20.6644 242
20.7091 23
20.7142 507
20.7196 265
20.9559 23
20.9559 756
20.9559 281
20.9639 265
20.981 23
20.9859 242
21.0013 23
21.0059 242
21.0245 23
21.0295 242
21.0389 23
21.0431 242
21.052 23
21.0596 242
21.0747 23
21.0791 242
21.0953 23
21.1003 242
21.115 23
21.1195 242
21.1324 23
21.1377 242
21.1541 23
21.1599 242
21.1776 23
21.1825 242
21.1885 23
21.1943 242
21.2179 23
21.2228 242
21.2335 23
21.2392 242
21.2529 23
21.2575 242
21.2738 23
21.2783 242
21.2925 23
21.2977 242
21.3128 23
21.3178 242
21.3372 23
21.3416 242
21.3498 23
21.3555 242
21.3736 23
21.3778 242
21.3934 23
21.3982 242
21.4134 23
21.4191 242
21.4355 23
21.4402 242
21.4526 23
21.4584 242
21.4738 23
21.4786 242
21.4966 23
21.5007 242
21.5083 23
21.5126 242
21.5328 23
21.5388 242
21.5532 23
21.5575 242
21.5734 23
21.5782 242
21.5937 23
21.5985 242
21.6147 23
21.6195 242
21.6345 23
21.6397 242
21.6585 23
21.6636 242
21.6695 23
21.6771 242
21.6938 23
21.6987 242
21.7128 23
21.7176 242
21.7327 23
21.7376 242
21.753 23
21.7588 242
21.7745 23
21.779 242
21.7948 23
21.7996 242
21.8159 23
21.8214 242
21.8288 23
21.8337 242
21.8532 23
21.8594 242
21.8742 23
21.8789 242
21.8932 23
21.8983 242
21.9135 23
21.9186 242
21.9328 23
21.9375 242
21.9537 23
21.9586 242
21.9777 23
21.9832 242
21.9906 23
21.9951 242
22.0132 23
22.0178 242
22.0341 23
22.0386 242
22.0536 23
22.0584 242
22.0728 23
22.079 242
22.092 23
22.097 242
22.1132 23
22.1178 242
22.1378 23
22.1442 242
22.1489 23
22.155 242
22.1732 23
22.1783 242
22.1948 23
22.1996 242
22.2143 23
22.2191 242
22.2336 23
22.2388 242
22.2529 23
22.2588 242
22.2746 23
22.2792 242
22.2968 23
22.3029 242
22.3094 23
22.316 242
22.3336 23
22.3388 242
22.3544 23
22.3594 242
22.3727 23
22.3786 242
22.3936 23
22.3986 242
22.4132 23
22.4182 242
22.4328 23
22.4394 242
22.4572 23
22.4622 242
22.4686 23
22.4748 242
22.4928 23
22.4978 242
22.5126 23
22.5178 242
22.5342 23
22.5396 242
22.5548 23
22.5602 242
22.5765 23
22.581 242
22.5935 23
22.5985 242
22.616 23
22.6208 242
22.6288 23
22.6352 242
22.6529 23
22.6578 242
22.6732 23
22.6786 242
22.6933 23
22.6982 242
22.7134 23
22.7195 242
22.735 23
22.7404 242
22.7548 23
22.759 242
22.7806 23
22.7856 242
22.7924 265
22.8128 23
22.8172 242
22.8336 23
22.839 242
22.8546 23
22.859 242
22.8734 23
22.8791 242
22.8928 23
22.8978 242
22.9155 23
22.9198 242
22.9391 23
22.9436 242
22.9488 23
22.9528 242
22.973 23
22.9792 242
22.9956 23
23.0001 242
23.0126 23
23.017 242
23.0329 23
23.0372 242
23.0538 23
23.059 242
23.0741 23
23.0784 242
23.0969 23
23.1016 242
23.108 23
23.1127 242
23.1334 23
23.138 242
23.1518 23
23.1566 242
23.1734 23
23.178 242
23.1924 23
23.197 242
23.2116 23
23.2169 242
23.2311 23
23.2365 242
23.2544 23
23.2595 242
23.2686 23
23.273 242
23.2916 23
23.2964 242
23.312 23
23.3167 242
23.333 23
23.3389 242
23.3538 23
23.359 242
23.3729 23
23.3778 242
23.3934 23
23.398 242
23.4173 23
23.4232 242
23.4297 23
23.4346 242
23.4532 23
23.4585 242
23.4735 23
23.4786 242
23.4945 23
23.4994 242
23.517 23
23.5216 242
23.533 23
23.538 242
23.5531 23
23.5579 242
23.5772 23
23.582 242
23.5897 23
23.5959 242
23.6132 23
23.62 242
23.6337 23
23.6382 242
23.6529 23
23.6574 242
23.6733 23
23.6787 242
23.6942 23
23.6993 242
23.7137 23
23.7182 242
23.735 23
23.7396 242
23.7486 23
23.7556 242
23.7719 23
23.7785 242
23.7933 23
23.7995 242
23.8114 23
23.8177 242
23.8325 23
23.8374 242
23.8521 23
23.8581 242
23.8743 23
23.8793 242
23.8993 23
23.9041 243
24.8474 756
24.8474 281
24.8474 756
24.8474 756
24.8474 23
24.8474 20
24.8525 756
24.8552 3780
24.8621 44
24.9044 0
24.9044 756
24.9105 39
24.9261 23
24.9313 242
24.9459 23
24.9505 242
24.9643 23
24.9678 242
24.9843 23
24.9881 242
25.0056 23
25.0117 242
25.0235 23
25.0299 242
25.0671 23
25.0725 507
25.0872 23
25.0913 242
25.1078 23
25.1134 242
25.1281 23
25.1319 242
25.1447 23
25.1483 242
25.1676 23
25.1729 242
25.1853 23
25.1901 242
25.2063 23
25.2107 242
25.2271 23
25.2359 242
25.2472 23
25.2513 242
25.2891 530
25.3039 23
25.3087 242
25.3968 23
25.3968 756
25.4015 16
25.4057 265
25.4648 23
25.469 242
25.5084 265
25.5132 530
25.5489 23
25.5531 242
25.5571 530
25.5619 265
25.6284 23
25.6327 242
25.6379 265
25.6424 530
25.7302 23
25.7302 756
25.7344 281
25.7872 23
25.7915 242
25.7959 265
25.8001 265
25.8044 265
25.8707 23
25.8751 507
25.8791 265
25.8831 265
25.9469 23
25.9531 756
25.9556 39
25.9597 242
26.0281 23
26.0329 242
26.0376 265
26.0463 530
26.1118 23
26.1174 242
26.1216 265
26.1258 265
26.13 265
26.197 23
26.2023 242
26.207 265
26.2118 265
26.2171 23
26.2209 242
26.2664 23
26.271 242
26.2756 288
26.2801 507
26.3576 23
26.3624 242
26.3676 265
26.3726 265
26.3774 265
26.432 23
26.4368 242
26.4426 23
26.4488 380
26.4541 127
26.4584 265
26.5186 23
26.5249 265
26.5294 242
26.5348 265
26.5404 265
26.595 23
26.6006 69
26.605 23
26.6102 150
26.6157 530
26.62 265
26.6782 23
26.6831 334
26.6876 173
26.6944 265
26.6989 92
26.7046 173
26.7538 23
26.7589 242
26.764 265
26.7696 23
26.7753 242
26.7818 265
26.8451 23
26.8505 507
26.8553 265
26.8607 265
26.9144 23
26.9193 242
26.9243 265
26.929 23
26.9336 242
26.9383 265
26.9986 23
27.0041 507
27.0102 23
27.0153 242
27.02 265
27.0765 23
27.0817 242
27.0873 265
27.0922 265
27.098 23
27.1053 242
27.1585 23
27.1635 507
27.1704 23
27.1752 242
27.1813 265
27.2348 23
27.2405 242
27.2455 265
27.2503 265
27.2566 23
27.263 242
27.3195 23
27.3247 242
27.3298 530
27.3386 23
27.3444 242
27.394 23
27.3997 242
27.4048 265
27.411 265
27.4168 23
27.4253 242
27.4798 23
27.4853 507
27.4904 23
27.4952 242
27.5012 265
27.5551 23
27.5607 242
27.5654 265
27.5703 265
27.577 23
27.5834 242
27.6391 23
27.6449 507
27.651 23
27.6558 242
27.661 265
27.7138 23
27.7187 242
27.7245 265
27.7293 92
27.734 173
27.7388 265
27.8003 23
27.8057 507
27.8113 23
27.8161 242
27.8209 265
27.8774 23
27.8823 242
27.887 265
27.8913 69
27.8963 196
27.9023 265
27.961 23
27.9665 507
27.9724 265
27.9795 23
27.9844 242
28.0337 23
28.0389 242
28.0439 265
28.0484 92
28.0531 173
28.0592 265
28.1194 23
28.1251 507
28.13 265
28.1366 23
28.1423 242
28.1943 23
28.2001 242
28.205 265
28.2098 265
28.2164 23
28.2215 242
28.2795 23
28.2847 242
28.2901 265
28.2962 265
28.3014 265
28.3564 23
28.3616 242
28.3667 265
28.3722 265
28.3772 23
28.3822 242
28.4387 23
28.4444 507
28.45 23
28.4546 242
28.4601 265
28.5156 23
28.5208 242
28.5259 265
28.5307 265
28.5375 23
28.544 242
28.5987 23
28.6033 507
28.6089 23
28.6143 242
28.6205 265
28.6749 23
28.6806 242
28.6859 265
28.6909 92
28.6956 173
28.7019 265
28.7595 23
28.7648 265
28.7697 288
28.7745 219
28.7793 265
28.8343 23
28.84 242
28.845 265
28.8497 265
28.8551 23
28.8595 242
28.9171 23
28.9217 311
28.927 196
28.9317 265
28.9365 92
28.9409 173
29.9674 756
29.9674 546
30.0662 756
30.0662 756
30.0662 23
30.0663 20
30.3066 756
30.3066 756
30.3066 756
30.3114 756
30.3114 756
30.3137 756
30.3137 0
30.3168 1512
30.3214 1182
30.3539 23
30.3636 756
30.3678 16
30.4128 265
30.4366 23
30.4413 507
30.4453 265
30.4494 265
30.5294 23
30.5294 756
30.5345 16
30.5383 265
30.5904 23
30.5945 242
30.5988 265
30.6033 265
30.6077 265
30.668 23
30.672 242
30.676 265
30.6812 265
30.6858 265
30.7501 23
30.7556 507
30.7596 265
30.7651 265
30.8276 23
30.833 507
30.8378 23
30.8414 242
30.8454 265
30.9072 23
30.9121 242
30.9213 265
30.9269 265
30.9338 265
30.9876 23
30.9933 242
30.9979 265
31.0018 265
31.0058 265
31.0686 23
31.0728 288
31.0768 219
31.0808 265
31.085 265
31.1492 23
31.1535 507
31.158 265
31.1637 265
31.2283 23
31.2328 507
31.2375 138
31.2428 127
31.2468 265
31.3055 23
31.3102 507
31.3168 23
31.3214 265
31.3254 242
31.396 23
31.4017 265
31.406 242
31.4116 265
31.4181 265
31.4786 23
31.4864 507
31.4909 23
31.495 242
31.4994 265
31.5531 23
31.5584 242
31.5628 265
31.5685 138
31.5728 127
31.5772 265
31.639 23
31.6436 311
31.648 196
31.6524 265
31.6578 23
31.6626 242
31.7126 23
31.718 242
31.7234 265
31.7286 265
31.7356 23
31.7402 242
31.7984 23
31.803 507
31.8996 23
31.9044 242
31.9642 23
31.9686 242
31.9766 23
31.9809 242
31.9894 23
31.9936 242
31.9986 23
32.004 242
32.0355 23
32.0402 242
32.0456 265
32.0514 265
32.0589 23
32.0646 242
32.1191 23
32.1236 507
32.13 23
32.1346 242
32.1404 265
32.1947 23
32.1994 242
32.2048 265
32.2093 138
32.2136 127
32.2192 265
32.2796 23
32.285 242
32.2894 265
32.2939 265
32.299 265
32.3528 23
32.3573 242
32.3617 265
32.3668 23
32.372 242
32.377 265
32.4397 23
32.4445 507
32.4499 23
32.4536 242
32.4577 265
32.5044 23
32.509 507
32.5141 265
32.5193 265
32.5972 23
32.6019 507
32.6062 23
32.611 242
32.6155 265
32.6728 23
32.6776 243
33.6538 23
33.6538 756
33.6538 281
33.6538 756
33.6538 23
33.6598 756
33.6598 873
33.7181 23
33.7223 242
33.7279 265
33.7323 265
33.7376 265
33.7941 23
33.7995 242
33.8043 265
33.8087 23
33.8139 242
33.818 92
33.8241 173
33.8779 23
33.8825 242
33.8871 265
33.8915 265
33.8961 23
33.9037 242
33.9567 23
33.9617 242
33.9671 265
33.9733 265
33.9777 23
33.9835 242
34.0397 23
34.0443 242
34.0495 265
34.0541 265
34.0595 23
34.0653 242
34.1153 23
34.1211 242
34.1257 265
34.1311 23
34.1364 242
34.1423 265
34.1981 23
34.2029 311
34.2077 196
34.2123 265
34.2181 265
34.2736 23
34.2789 242
34.2849 265
34.2893 23
34.2937 242
34.299 265
34.3587 23
34.3643 265
34.37 288
34.3743 219
34.3787 23
34.3857 242
34.4351 23
34.4411 242
34.4465 265
34.4509 265
34.4573 23
34.4649 242
34.5191 23
34.5243 242
34.5291 265
34.5337 265
34.5409 265
34.5953 23
34.6001 242
34.6047 265
34.61 69
34.6141 196
34.6195 265
34.6791 23
34.6854 507
34.6904 265
34.6979 23
34.704 242
34.7484 23
34.7565 507
34.763 23
34.7675 507
34.772 23
34.7721 20
34.7813 239
34.8282 0
34.8282 23
34.8399 756
34.8443 16
34.8901 265
34.9135 23
34.9196 380
34.9241 127
34.9296 265
34.9339 138
34.9392 127
34.999 23
35.0035 242
35.0081 265
35.0131 265
35.0199 23
35.0242 242
35.0777 23
35.0824 242
35.0867 265
35.0927 265
35.0988 23
35.105 242
35.1595 23
35.1646 507
35.1694 265
35.1771 23
35.1831 242
35.2346 23
35.2394 242
35.2439 265
35.2493 23
35.2539 242
35.2594 265
35.328 23
35.328 756
35.3329 16
35.3377 265
36.0091 23
36.0091 756
36.0143 16
36.0409 23
36.0457 242
36.0531 23
36.058 242
36.0641 23
36.0684 242
36.0731 23
36.0788 242
36.1192 23
36.1241 311
36.1288 196
36.1346 265
36.1424 23
36.1468 242
36.1941 23
36.1988 242
36.2036 265
36.2102 23
36.2162 242
36.2212 265
36.2792 23
36.284 242
36.29 265
36.2947 265
36.2992 69
36.3066 196
36.3544 23
36.3594 242
36.364 265
36.37 115
36.3754 150
36.3828 265
36.4388 23
36.4442 288
36.449 219
36.4538 265
36.4586 265
36.5159 23
36.522 242
36.528 265
36.5334 265
36.5384 115
36.5432 150
36.6004 23
36.6054 334
36.6106 173
36.6164 265
36.6243 265
36.6735 23
36.6799 242
36.687 265
36.6935 265
36.699 138
36.7048 127
36.7598 23
36.7649 288
36.7697 219
36.7746 265
36.7804 23
36.7866 242
36.8342 23
36.8392 242
36.8456 265
36.8514 23
36.8562 242
36.8624 265
36.9188 23
36.9247 357
36.9297 150
36.9346 265
36.9404 265
36.9958 23
37.0009 242
37.0071 265
37.012 265
37.017 23
37.0233 242
37.0795 23
37.085 288
37.0903 484
37.098 23
37.1048 242
37.1553 23
37.1602 242
37.1649 265
37.1712 265
37.177 23
37.1833 242
37.2384 23
37.2435 357
37.2483 150
37.2536 265
37.2585 265
37.3145 23
37.3196 334
37.3244 173
37.3298 265
37.3356 23
37.3425 242
37.3985 23
37.4048 507
37.4105 265
37.4168 23
37.4235 242
37.4749 23
37.4815 242
37.4876 265
37.4935 265
37.4995 265
37.5604 23
37.5657 334
37.5705 438
37.579 23
37.5853 242
37.6367 23
37.6417 242
37.6464 265
37.6513 69
37.6579 196
37.6655 265
37.7191 23
37.7248 507
37.7301 23
37.7353 242
37.7403 265
37.7973 23
37.8035 507
37.8106 23
37.8167 242
37.8239 265
37.88 23
37.8855 507
37.8911 138
37.8961 127
37.9033 265
37.9553 23
37.9603 242
37.9665 265
37.9711 265
37.9765 23
37.9829 242
38.0399 23
38.0451 380
38.0499 127
38.0548 265
38.0607 265
38.1153 23
38.1202 242
38.1251 265
38.1307 23
38.1358 242
38.1409 265
38.1985 23
38.2033 242
38.2079 265
38.2127 265
38.2185 265
38.2743 23
38.2791 242
38.2837 265
38.2897 23
38.2943 242
38.2987 265
38.3602 23
38.3651 380
38.3699 196
38.3745 196
38.3795 265
38.4366 23
38.4432 507
38.4504 23
38.4554 242
38.4627 265
38.5181 23
38.5231 265
38.5279 242
38.5327 265
38.5377 23
38.5437 242
38.5953 23
38.6001 242
38.6049 265
38.6095 92
38.6141 173
38.6189 265
38.6791 23
38.6845 265
38.6899 242
38.6954 265
38.7014 265
38.757 23
38.7626 507
38.7695 23
38.7748 242
38.7798 265
38.8397 23
38.8447 242
38.8495 357
38.8543 173
38.8592 138
38.8641 127
38.9149 23
38.9199 242
38.9247 265
38.9293 265
38.938 23
38.9441 242
38.9988 23
39.0037 357
39.0083 150
39.0135 265
39.0183 265
39.0762 23
39.0817 242
39.0864 265
39.0909 265
39.0979 23
39.1029 242
39.1596 23
39.165 507
39.1703 265
39.1781 23
39.1848 242
39.2334 23
39.2387 242
39.2436 265
39.2488 265
39.2559 23
39.263 242
39.3196 23
39.325 507
39.33 46
39.3353 219
39.34 265
39.3966 23
39.4016 242
39.4078 265
39.4131 265
39.4192 23
39.4253 242
39.4798 23
39.4849 242
39.4914 403
39.4974 127
39.5043 265
39.556 23
39.561 242
39.5659 265
39.5716 265
39.5778 115
39.584 150
39.6396 23
39.6448 507
39.6843 23
39.6898 507
39.7161 23
39.7211 242
39.7264 265
39.7316 265
39.7378 23
39.7423 242
39.7732 20
39.7732 23
39.7798 239
39.786 0
39.7986 23
39.809 756
39.8139 16
39.86 265
39.8767 23
39.8813 334
39.886 173
39.8907 265
39.8961 23
39.901 242
39.9575 23
39.9626 265
39.9672 242
39.9721 265
39.9765 46
39.9809 219
40.0368 23
40.0417 242
40.0466 265
40.0514 265
40.0576 23
40.0642 242
40.1273 23
40.1314 756
40.1314 16
40.1374 23
40.1435 242
40.1938 23
40.1988 242
40.2038 265
40.2084 46
40.2132 219
40.2194 265
40.2786 23
40.2838 507
40.29 23
40.2948 242
40.3012 265
40.3553 23
40.3605 242
40.3656 265
40.3706 23
40.3755 242
40.3803 265
40.4394 23
40.4444 507
40.4496 23
40.4545 242
40.4594 265
40.5157 23
40.521 242
40.526 265
40.531 138
40.5685 127
40.5738 265
40.5989 23
40.6042 507
40.6094 23
40.6142 242
40.6212 265
40.6756 23
40.681 242
40.6862 265
40.6912 265
40.6981 23
40.7045 242
40.7894 23
40.7894 756
40.7949 281
40.8338 23
40.8388 242
40.844 265
40.8488 265
40.8563 23
40.8612 242
40.919 23
40.925 357
40.9304 150
40.9355 265
40.9403 265
40.9956 23
41.001 242
41.0066 265
41.012 265
41.0185 23
41.023 242
41.0784 23
41.0835 242
41.0886 265
41.0934 265
41.0984 265
41.1554 23
41.1605 242
41.1656 265
41.1704 265
41.1764 23
41.1826 242
41.2379 23
41.2426 242
41.2476 265
41.2527 265
41.3292 23
41.3346 242
41.341 23
41.3456 242
41.403 23
41.4083 242
41.4127 265
41.4212 23
41.4254 242
41.43 23
41.4358 242
41.473 23
41.4777 242
41.4834 23
41.4882 242
41.4922 138
41.4962 127
41.5006 265
41.5592 23
41.5644 242
41.5694 265
41.5758 265
41.948 23
41.9689 756
41.9709 16
41.9761 23
41.9804 242
41.9859 23
41.99 242
41.9962 23
42.003 242
42.0395 23
42.0448 311
42.0496 196
42.0545 265
42.0592 265
42.1133 23
42.1181 242
42.123 265
42.1287 23
42.1333 242
42.1379 265
42.1995 23
42.2045 242
42.2092 265
42.2137 265
42.2185 23
42.2246 242
42.2751 23
42.2801 242
42.2851 265
42.2907 23
42.2953 242
42.3004 265
42.3595 23
42.3643 334
42.3691 173
42.3737 265
42.3789 23
42.3851 242
42.4349 23
42.4395 242
42.4443 265
42.4495 23
42.4537 242
42.4597 265
42.518 23
42.5227 507
42.5305 23
42.5347 242
42.5395 265
42.5957 23
42.6007 242
42.6055 265
42.6115 23
42.6166 242
42.6215 265
42.6781 23
42.6832 265
42.6885 242
42.6931 265
42.6998 23
42.7047 242
42.7531 23
42.7575 242
42.7623 265
42.7685 23
42.7729 242
42.7777 265
42.8381 23
42.8429 334
42.8477 173
42.8525 265
42.8577 23
42.8643 242
42.9149 23
42.9201 242
42.9255 265
42.9311 23
42.9372 242
42.9441 265
43.0009 23
43.0062 242
43.0115 265
43.0167 265
43.0239 265
43.0754 23
43.0812 242
43.0864 265
43.0913 265
43.0967 23
43.1019 242
43.1581 23
43.1635 242
43.1695 265
43.176 265
43.1826 265
43.2356 23
43.2407 242
43.2465 265
43.2523 265
43.2595 23
43.2655 242
43.3202 23
43.3251 265
43.3299 242
43.3349 265
43.3397 265
43.3951 23
43.4 242
43.4053 265
43.4111 23
43.4156 242
43.4201 23
43.4249 242
43.4794 23
43.4849 242
43.4903 265
43.4963 265
43.5009 265
43.5553 23
43.5605 242
43.5651 265
43.5703 23
43.5756 242
43.5805 265
43.6393 23
43.6443 334
43.6548 438
43.6595 23
43.6659 242
43.7222 23
43.727 507
43.7315 265
43.7376 23
43.7436 242
43.8011 23
43.806 357
43.8108 150
43.8159 265
43.8207 265
43.8757 23
43.8809 242
43.8857 265
43.8907 23
43.8965 242
43.9012 265
43.9588 23
43.9638 242
43.9692 265
43.9739 265
43.9787 46
43.9856 219
44.0346 23
44.0393 242
44.0446 265
44.0496 23
44.0545 242
44.0595 265
44.1195 23
44.1247 507
44.131 23
44.136 242
44.1411 265
44.1971 23
44.2024 242
44.2073 265
44.2121 69
44.2169 196
44.2233 265
44.2786 23
44.2838 288
44.2889 219
44.294 265
44.2987 23
44.3053 242
44.3553 23
44.3606 242
44.3659 265
44.3711 265
44.3781 23
44.3844 242
44.4406 23
44.4458 265
44.4514 380
44.4569 127
44.462 265
44.5138 23
44.5196 242
44.5246 265
44.5294 23
44.5342 242
44.5402 265
44.5998 23
44.6054 507
44.6114 23
44.6172 242
44.6236 265
44.7042 23
44.7042 756
44.709 281
44.7558 23
44.7601 507
44.7656 23
44.7701 242
44.7718 20
44.775 527
44.8244 0
44.8358 23
44.8506 756
44.8556 16
44.9296 756
44.9296 39
44.9346 265
44.941 265
44.9926 23
44.9972 242
45.0018 265
45.0074 23
45.0118 242
45.0166 265
45.0776 23
45.0826 507
45.0902 23
45.0948 242
45.0998 265
45.1558 23
45.1604 242
45.1651 265
45.1756 23
45.1804 242
45.1869 265
45.2374 23
45.2426 242
45.2474 265
45.2524 265
45.2608 23
45.2658 242
45.3141 23
45.319 242
45.3243 265
45.3302 265
45.3686 23
45.3742 242
45.3988 23
45.404 507
45.4118 23
45.417 242
45.4241 265
45.4769 23
45.4821 242
45.4873 265
45.4925 265
45.5004 23
45.5054 242
45.5885 23
45.5885 756
45.5932 281
45.6341 23
45.6392 242
45.6444 265
45.6494 265
45.6568 23
45.6632 242
45.7188 23
45.7244 507
45.7308 23
45.7361 242
45.7411 265
45.8103 23
45.8103 756
45.815 16
45.8198 265
45.8768 23
45.8816 288
45.8868 219
45.8916 265
45.8964 23
45.9011 242
45.9538 23
45.9588 242
45.9637 265
45.969 46
45.9736 219
45.9797 265
46.0371 23
46.0435 311
46.0497 242
46.0541 219
46.059 265
46.1168 23
46.122 242
46.1272 265
46.1323 265
46.1387 23
46.1459 242
46.1997 23
46.2049 507
46.2106 23
46.2151 242
46.2198 265
46.2741 23
46.2793 242
46.2841 265
46.2895 23
46.2944 242
46.3009 265
46.3593 23
46.3646 507
46.3702 23
46.3751 242
46.3814 265
46.4366 23
46.442 242
46.4471 265
46.453 265
46.459 23
46.4652 242
46.5204 23
46.5256 507
46.5309 92
46.5358 173
46.5421 265
46.5938 23
46.599 242
46.6043 265
46.6097 265
46.6152 23
46.6222 242
46.6781 23
46.6833 334
46.6883 173
46.6935 265
46.6987 265
46.7569 23
46.7619 242
46.7667 265
46.7718 265
46.7783 23
46.7845 242
46.8404 23
46.8453 507
46.8499 69
46.8548 196
46.8609 23
46.8681 242
46.9148 23
46.9197 242
46.9245 265
46.9295 23
46.9341 242
46.9385 265
47.0006 23
47.0065 507
47.0121 23
47.0169 242
47.0227 265
47.0747 23
47.0793 242
47.0845 265
47.0899 23
47.0954 242
47.1011 265
47.1583 23
47.1629 242
47.1677 265
47.1729 265
47.1773 23
47.1831 242
47.2341 23
47.2385 242
47.2431 265
47.2491 23
47.2537 242
47.2585 265
47.3191 23
47.324 507
47.3301 23
47.3349 242
47.3398 265
47.3959 23
47.4007 242
47.4056 265
47.4107 23
47.4161 242
47.4224 265
47.4786 23
47.4833 357
47.4879 150
47.4931 265
47.4977 265
47.5549 23
47.5597 242
47.5653 265
47.5701 265
47.5765 23
47.5811 242
47.6399 23
47.6447 357
47.6497 265
47.6546 150
47.6597 265
47.715 23
47.7204 242
47.7254 265
47.7303 23
47.7355 242
47.7407 265
47.7996 23
47.8047 380
47.8095 127
47.8145 265
47.8197 265
47.8739 23
47.879 242
47.8841 265
47.8901 265
47.8971 23
47.9034 242
47.9593 23
47.9642 265
47.9693 242
47.9739 265
47.9808 23
47.986 242
48.0335 23
48.0385 242
48.0436 265
48.0497 23
48.0545 242
48.0611 265
48.1191 23
48.1244 288
48.1295 219
48.1346 265
48.1394 115
48.1447 150
48.1944 23
48.1993 242
48.2047 265
48.2101 265
48.2165 23
48.2213 242
48.2778 23
48.2831 507
48.2895 23
48.2944 242
48.3007 265
48.3556 23
48.3607 242
48.3655 265
48.3707 23
48.3754 242
48.3806 265
48.4387 23
48.4441 311
48.4488 196
48.4538 265
48.4597 138
48.4645 127
48.5139 23
48.519 242
48.5241 265
48.5294 23
48.5343 242
48.5401 265
48.6 23
48.605 288
48.61 265
48.6146 219
48.6195 265
48.6767 23
48.6818 242
48.6868 265
48.6918 265
48.6982 23
48.7045 242
48.7593 23
48.7645 242
48.7695 265
48.7742 265
48.7789 265
48.8345 23
48.8396 242
48.8444 265
48.849 265
48.856 23
48.861 242
48.918 23
48.9231 265
48.9281 242
48.9332 265
48.938 23
48.9444 242
48.9968 23
49.0022 242
49.0076 265
49.013 265
49.0184 23
49.025 242
49.0799 23
49.0848 380
49.0898 127
49.0946 265
49.0998 265
49.155 23
49.16 242
49.1646 265
49.1694 265
49.1765 23
49.1831 242
49.2395 23
49.2448 507
49.2497 69
49.2545 196
49.2592 265
49.3148 23
49.32 242
49.3248 265
49.3294 23
49.3342 242
49.339 265
49.4002 23
49.4052 242
49.4102 265
49.4164 23
49.421 242
49.4738 23
49.4789 242
49.4836 265
49.4897 23
49.4948 242
49.5011 265
49.56 23
49.5652 507
49.5704 23
49.5754 242
49.5809 265
49.6355 23
49.6414 242
49.6462 265
49.6516 265
49.7731 23
49.7733 20
49.7792 239
49.7848 0
49.9351 23
49.9776 756
49.9809 16
49.9856 265
49.9951 23
49.9998 242
50.0373 23
50.0424 380
50.047 127
50.0518 265
50.0574 23
50.062 242
50.1147 23
50.1196 288
50.1242 219
50.1291 265
50.1376 23
50.167 242
50.1981 23
50.2033 357
50.2078 150
50.2134 265
50.2182 265
50.2754 23
50.2806 242
50.2853 265
50.29 265
50.2969 23
50.3027 242
50.3882 23
50.3882 756
50.3936 281
50.4364 23
50.4416 507
50.4486 23
50.4534 242
50.4596 265
50.5185 23
50.5237 507
50.5299 23
50.5348 242
50.5415 265
50.6092 23
50.6092 756
50.6141 16
50.619 265
50.6782 23
50.6829 242
50.6892 265
50.6937 265
50.6987 92
50.7032 173
50.7491 23
50.7538 311
50.7583 265
50.7626 196
50.7671 265
50.8302 23
50.8352 507
50.8408 265
50.8462 265
50.9139 23
50.9183 242
50.9226 265
50.9279 265
50.9333 265
50.9995 23
51.0049 265
51.0095 242
51.0143 265
51.0187 115
51.0249 150
51.0749 23
51.0795 242
51.084 265
51.0903 23
51.0946 242
51.099 265
51.1599 23
51.1651 311
51.17 242
51.1747 219
51.1796 265
51.2352 23
51.2403 242
51.2453 265
51.2507 23
51.2557 242
51.2619 265
51.3195 23
51.3245 334
51.3292 219
51.334 219
51.3386 69
51.3449 196
51.3946 23
51.3998 242
51.4049 265
51.4098 23
51.4149 242
51.4201 265
51.4786 23
51.4837 311
51.4885 196
51.4934 265
51.4983 265
51.5545 23
51.5594 242
51.5643 265
51.5699 23
51.5749 242
51.5802 265
51.6385 23
51.6436 242
51.6485 265
51.6539 265
51.6592 265
51.7149 23
51.7207 242
51.7264 265
51.7315 265
51.739 23
51.7451 242
51.7965 23
51.8013 288
51.8057 219
51.8103 265
51.8157 23
51.8201 242
51.8729 23
51.8779 242
51.8835 265
51.8889 23
51.8933 242
51.898 265
51.9589 23
51.9637 311
51.9685 196
51.9731 265
52.2906 23
52.2906 756
52.2906 281
52.3065 756
52.3089 39
52.3147 265
52.3553 23
52.3599 242
52.3651 265
52.3705 92
52.3749 173
52.3791 265
52.4401 23
52.4447 242
52.4493 265
52.4539 265
52.4585 138
52.4654 127
52.5152 23
52.5201 242
52.5257 265
52.5308 265
52.5369 23
52.5431 242
52.6004 23
52.6058 357
52.611 196
52.6158 219
52.6217 265
52.6749 23
52.6801 242
52.6849 265
52.69 265
52.6975 23
52.7042 242
52.7588 23
52.7641 507
52.7695 23
52.7745 242
52.7809 265
52.8355 23
52.8407 242
52.8456 265
52.8503 265
52.8589 23
52.8637 242
52.9191 23
52.9241 265
52.9292 242
52.9341 265
52.9388 265
52.9941 23
52.9991 242
53.0038 265
53.0103 265
53.0176 23
53.0237 242
53.0792 23
53.0841 265
53.0895 242
53.0945 265
53.0995 23
53.1051 242
53.1528 23
53.1571 242
53.163 265
53.1679 115
53.1719 150
53.1772 265
53.2377 23
53.243 357
53.2478 150
53.2526 265
53.2571 265
53.3136 23
53.3183 242
53.3228 265
53.328 23
53.3324 242
53.337 265
53.3988 23
53.4038 242
53.4086 265
53.4135 265
53.4181 265
53.4758 23
53.4809 242
53.486 265
53.491 138
53.496 127
53.501 265
53.559 23
53.5641 380
53.5693 127
53.574 265
53.5787 265
53.6339 23
53.639 242
53.6439 265
53.649 138
53.6538 127
53.6586 265
53.7175 23
53.7234 334
53.7287 173
53.7338 265
53.7388 265
53.7954 23
53.8002 242
53.8056 265
53.8106 265
53.817 23
53.823 242
53.8778 23
53.8834 507
53.8902 23
53.8957 242
54.7482 23
54.9525 546
55.1868 20
55.1869 23
55.1869 756
55.1869 756
55.1869 756
55.7724 756
55.7724 756
56.0795 756
56.0795 756
56.0861 756
56.0861 756
56.0861 0
56.0907 2268
56.0951 2268
56.0995 2268
56.1045 3024
56.11 3024
56.1145 442
56.129 756
56.1339 39
56.1828 265
56.1928 23
56.1995 242
56.2059 265
56.2123 265
56.218 265
56.2789 23
56.2853 380
56.2903 127
56.2951 265
56.3001 265
56.3564 23
56.3613 242
56.3664 265
56.3711 265
56.3782 23
56.3844 242
56.4383 23
56.4432 507
56.4512 23
56.4561 242
56.461 265
56.5122 23
56.5173 242
56.5227 265
56.5278 23
56.5327 242
56.5375 265
56.5987 23
56.6042 507
56.6102 23
56.615 242
56.6215 265
56.6753 23
56.6801 243
56.6849 69
56.6897 196
56.6947 265
56.7005 23
56.7073 242
56.7573 23
56.7623 507
56.7703 23
56.7754 242
56.7802 265
56.8335 23
56.8387 242
56.8437 265
56.8489 265
56.8561 23
56.8623 242
56.9179 23
56.923 507
56.9289 23
56.9339 242
56.9397 265
56.9959 23
57.0019 242
57.0071 265
57.0123 265
57.0173 23
57.0243 242
57.0801 23
57.0864 507
57.0924 23
57.098 242
57.1049 265
57.1552 23
57.1607 242
57.1663 265
57.1709 265
57.1781 23
57.1841 242
57.2381 23
57.2431 288
57.249 219
57.254 265
57.2599 265
57.3151 23
57.3209 242
57.3262 265
57.3309 23
57.3357 242
57.3419 265
57.3995 23
57.4046 357
57.4098 150
57.4147 265
57.4212 265
57.4737 23
57.4788 242
57.4835 265
57.4885 23
57.4933 242
57.4992 265
57.559 23
57.564 357
57.5689 150
57.5741 265
57.5787 265
57.6352 23
57.6406 242
57.6457 265
57.6505 46
57.6561 219
57.663 265
57.7191 23
57.7243 288
57.7296 219
57.7346 265
57.7411 265
57.7971 23
57.8026 242
57.808 265
57.8131 265
57.8212 23
57.8263 242
57.8798 23
57.8856 334
57.8908 173
57.8958 265
57.901 265
57.9547 23
57.9598 242
57.9647 265
57.9694 69
57.9741 196
57.9802 265
58.0401 23
58.0452 288
58.05 219
58.055 265
58.0611 265
58.1145 23
58.1201 242
58.1251 265
58.1311 265
58.136 23
58.1407 242
58.1998 23
58.2046 265
58.2094 242
58.214 265
58.2186 23
58.2232 242
58.2761 23
58.2813 242
58.2864 265
58.2916 265
58.2977 23
58.3028 242
58.3598 23
58.365 507
58.3706 23
58.3756 242
58.3808 265
58.4356 23
58.4406 242
58.4455 265
58.451 23
58.4553 242
58.4602 92
58.4648 173
58.5188 23
58.5238 288
58.5284 219
58.5334 265
58.538 46
58.544 219
58.5953 23
58.6005 242
58.6056 265
58.6104 46
58.6156 219
58.6218 265
58.6792 23
58.6844 507
58.6893 23
58.6946 242
58.7001 265
58.7536 23
58.7591 242
58.7642 265
58.7696 265
58.7766 23
58.783 242
58.8401 23
58.8453 265
58.8503 242
59.8682 23
59.8682 20
59.9067 756
59.9092 13
59.9579 0
59.9876 265
59.9876 756
59.9929 39
59.9973 265
60.0438 23
60.0489 507
60.0561 23
60.0606 242
60.0653 23
60.0722 242
60.1174 23
60.1229 507
60.1283 23
60.1337 242
60.1401 265
60.2085 23
60.2085 756
60.214 16
60.2219 265
60.2791 23
60.284 242
60.2891 265
60.2941 265
60.2993 23
60.3055 242
60.3563 23
60.3619 242
60.3683 265
60.3734 265
60.3811 23
60.3875 242
60.44 23
60.4449 288
60.4504 219
60.4558 265
60.4612 23
60.4677 242
60.5143 23
60.5199 242
60.5251 265
60.5331 23
60.5381 242
60.5427 265
60.6051 23
60.6091 756
60.6091 16
60.6497 23
60.6557 242
60.6731 23
60.6781 242
60.6831 265
60.6885 46
60.6935 219
60.7001 265
60.7583 23
60.7637 288
60.7692 219
60.7746 265
60.7813 265
60.8347 23
60.8717 756
60.8748 281
60.9175 23
60.9229 507
60.9292 23
60.9338 242
60.9387 265
60.9938 23
60.9987 242
61.0035 265
61.0089 265
61.0169 23
61.0229 242
61.0785 23
61.0835 380
61.0882 127
61.0925 265
61.0979 23
61.1039 242
61.1557 23
61.1608 242
61.1655 265
61.1703 265
61.1776 23
61.1822 242
61.2285 23
61.2334 311
61.2381 461
61.2427 265
61.3131 23
61.3184 507
61.3233 23
61.3282 242
61.3329 265
61.3991 23
61.4051 507
61.4121 23
61.4169 242
61.4239 265
61.4755 23
61.4811 242
61.4859 265
61.4907 23
61.4955 242
61.5019 265
61.5592 23
61.5643 242
61.5693 265
61.5739 265
61.5792 138
61.5852 127
61.6332 23
61.6381 242
61.643 265
61.6479 23
61.6527 242
61.659 265
61.7185 23
61.7235 507
61.7306 23
61.7355 242
61.7413 265
61.7951 23
61.7999 242
61.8047 265
61.8095 23
61.8147 242
61.8211 265
61.8795 23
61.8846 507
61.8897 23
61.8947 242
61.8995 265
61.9541 23
61.9591 242
61.9637 265
61.9689 115
61.9738 150
61.9787 265
62.0375 23
62.0429 507
62.0489 23
62.054 242
62.0608 265
62.1128 23
62.1178 242
62.1239 265
62.1289 265
62.136 23
62.1411 242
62.1978 23
62.203 507
62.2091 23
62.2146 242
62.2207 265
62.2736 23
62.2793 242
62.2848 265
62.2901 265
62.2965 23
62.3026 242
62.3573 23
62.363 507
62.3688 23
62.3736 242
62.3785 265
62.435 23
62.4397 242
62.4443 265
62.45 265
62.4577 23
62.4626 242
62.5186 23
62.5239 507
62.5298 23
62.5347 242
62.5412 265
62.5939 23
62.5989 242
62.6041 265
62.6091 23
62.614 242
62.6189 265
62.677 23
62.6825 242
62.6877 265
62.6925 265
62.698 265
62.7566 23
62.7618 265
62.7665 242
62.7745 265
62.7797 265
62.8373 23
62.843 507
62.8503 23
62.855 242
62.8617 265
62.9156 23
62.921 242
62.9261 265
62.931 265
62.9371 23
62.943 242
63.0003 23
63.0051 507
63.0103 265
63.0178 23
63.0243 242
63.0743 23
63.079 242
63.084 265
63.0891 265
63.0968 23
63.103 242
63.1591 23
63.1646 507
63.1702 23
63.1756 242
63.1804 265
63.2333 23
63.238 242
63.2428 265
63.2496 23
63.2546 242
63.2596 265
63.319 23
63.3241 507
63.3298 23
63.3346 242
63.3411 265
63.3964 23
63.4016 242
63.4066 265
63.4114 265
63.418 23
63.4246 242
63.4803 23
63.4854 507
63.4903 265
63.4971 23
63.5028 242
63.5556 23
63.5604 242
63.5653 265
63.57 23
63.5749 242
63.5796 265
63.6395 23
63.6446 507
63.6498 23
63.655 242
63.6606 265
63.7144 23
63.7195 242
63.7246 265
63.7293 265
63.7369 23
63.7434 242
63.8044 23
63.8095 599
63.8147 173
63.8194 265
63.8748 23
63.8805 242
63.8864 265
63.892 265
63.8974 23
63.9041 242
63.9581 23
63.9633 507
63.9706 23
63.9755 242
63.98 138
63.9846 127
64.0355 23
64.0404 242
64.0451 265
64.0515 23
64.0561 242
64.062 265
64.12 23
64.125 507
64.1296 46
64.1346 219
64.141 265
64.1942 23
64.1989 242
64.204 265
64.21 23
64.2148 242
64.2201 265
64.2784 23
64.2841 288
64.2889 219
64.2938 265
64.2998 265
64.3556 23
64.3606 242
64.3656 265
64.3702 46
64.3766 219
64.3828 265
64.4387 23
64.4443 334
64.4498 173
64.4558 265
64.4641 265
64.515 23
64.5206 242
64.5263 265
64.5319 265
64.5371 23
64.5438 242
64.5989 23
64.6049 507
64.6114 265
64.6166 46
64.6223 219
64.6746 23
64.6802 242
64.6851 265
64.6908 23
64.6955 242
64.7 265
64.7854 23
64.7854 756
64.7854 20
64.7899 543
64.7961 0
64.8346 23
64.8495 756
64.8541 16
64.9001 265
64.9205 23
64.9253 507
64.9302 23
64.9349 242
64.9394 265
65.0067 23
65.0101 756
65.0101 16
65.0174 23
65.0225 242
65.0799 23
65.0853 507
65.0917 265
65.0983 23
65.1049 242
65.1557 23
65.1613 311
65.1669 196
65.1725 265
65.1771 265
65.2397 23
65.2452 507
65.2507 23
65.2555 242
65.2602 46
65.2658 219
65.3142 23
65.3191 242
65.3239 265
65.3309 23
65.3355 242
65.3401 265
65.3991 23
65.4039 242
65.4085 265
65.4478 265
65.4535 265
65.4725 23
65.4775 242
65.4835 265
65.4897 23
65.4943 242
65.5011 265
65.5585 23
65.5634 380
65.5683 127
65.5729 265
65.5775 69
65.5839 196
65.6685 23
65.6685 756
65.6734 281
65.7189 23
65.7237 334
65.7285 173
65.7333 265
65.7381 69
65.7425 196
65.7928 23
65.798 242
65.8031 265
65.8083 46
65.8131 219
65.8194 265
65.8903 23
65.8966 243
65.9781 23
65.9829 507
66.0463 23
66.0511 242
66.0583 23
66.063 242
66.0687 23
66.0732 242
66.079 23
66.0835 242
66.1161 23
66.1213 242
66.1256 92
66.1299 173
66.1344 265
66.1418 23
66.1471 242
66.1978 23
66.203 507
66.2106 23
66.2162 242
66.2231 265
66.2733 23
66.2779 242
66.2833 265
66.2895 23
66.295 242
66.3021 265
66.3581 23
66.3629 243
66.3686 23
66.3734 242
66.3783 265
66.4346 23
66.4395 242
66.4446 265
66.4493 265
66.4571 23
66.4639 242
66.5172 23
66.5235 334
66.5286 438
66.5363 23
66.5412 242
66.5939 23
66.5987 242
66.6038 265
66.6089 23
66.6137 242
66.6184 265
66.6788 23
66.6839 507
66.6904 23
66.6954 242
66.7001 265
66.7537 23
66.7583 242
66.7629 265
66.7682 23
66.7729 242
66.7779 265
66.8364 23
66.8416 507
66.8506 23
66.8556 242
66.8615 265
66.9151 23
66.9201 242
66.925 265
66.9297 92
66.9347 173
66.9409 265
66.9985 23
67.0036 334
67.0085 173
67.0135 265
67.0182 265
67.0735 23
67.0787 242
67.0836 265
67.0883 138
67.0931 127
67.098 265
67.1584 23
67.1641 507
67.1696 138
67.1751 127
67.1818 265
67.2342 23
67.2403 243
67.2577 23
67.263 242
67.3178 23
67.3236 507
67.3299 23
67.3354 242
67.3427 265
67.3945 23
67.4 242
67.4048 265
67.4096 265
67.4161 23
67.423 242
67.4778 23
67.4827 507
67.4898 23
67.4946 242
67.5012 265
67.5544 23
67.5598 242
67.565 265
67.5698 265
67.5776 23
67.5836 242
67.6351 23
67.6401 507
67.6485 23
67.6544 242
67.6606 265
67.7146 23
67.7198 242
67.7246 265
67.7294 23
67.7341 242
67.7388 265
67.7974 23
67.8026 242
67.8073 265
67.8123 265
67.8178 265
67.8742 23
67.8796 242
67.8843 265
67.8894 23
67.8948 242
67.901 265
67.9588 23
67.9636 507
67.969 69
67.9746 196
67.9805 265
68.0342 23
68.0393 242
68.0446 265
68.0494 265
68.0574 23
68.0643 242
68.1196 23
68.1247 288
68.13 219
68.135 265
68.1415 265
68.1951 23
68.2004 242
68.2056 265
68.2107 265
68.2166 23
68.2232 242
68.2789 23
68.2842 357
68.2893 150
68.2941 265
68.3012 265
68.3562 23
68.3614 242
68.3667 265
68.3716 265
68.3765 23
68.383 242
68.4391 23
68.4442 507
68.449 23
68.4538 242
68.4584 265
68.5153 23
68.5201 242
68.5249 265
68.5318 23
68.5366 242
68.5416 265
68.5985 23
68.6041 357
68.6095 150
68.615 265
68.6198 23
68.625 242
68.6741 23
68.6797 242
68.6851 265
68.6904 265
68.6994 23
68.7061 242
68.7598 23
68.7647 242
68.7694 265
68.7743 265
68.7796 69
68.7854 196
68.8341 23
68.8389 242
68.8434 265
68.8503 23
68.855 242
68.8598 265
68.9189 23
68.9238 242
68.9289 265
68.9343 265
68.9399 23
68.9464 242
68.9936 23
68.9986 242
69.0037 265
69.0097 23
69.0152 242
69.0213 265
69.0791 23
69.0839 242
69.0886 265
69.0937 265
69.1008 23
69.1061 242
69.1548 23
69.1601 242
69.1649 265
69.171 23
69.1757 242
69.1821 265
69.2386 23
69.2444 507
69.2499 115
69.2556 150
69.2611 265
69.3136 23
69.3191 242
69.3248 265
69.3303 265
69.3365 23
69.3429 242
69.3984 23
69.4037 357
69.4087 150
69.4143 265
69.4212 265
69.4749 23
69.48 242
69.4849 265
69.4911 23
69.4972 242
69.5035 265
69.5591 23
69.5643 242
69.5692 265
69.5739 265
69.5815 23
69.5879 242
69.6347 23
69.6391 242
69.6441 265
69.6515 23
69.6566 242
69.663 265
69.7189 23
69.7241 334
69.7289 173
69.7337 265
69.7387 46
69.7451 219
69.7759 23
69.7759 20
69.7807 239
69.7953 23
69.8097 756
69.8147 16
69.86 265
69.8797 23
69.8847 507
69.8895 23
69.8939 242
69.8987 23
69.9045 242
69.9538 23
69.9587 242
69.9637 265
69.9699 23
69.9747 242
69.9791 138
69.984 127
70.0371 23
70.0421 334
70.0469 173
70.0517 265
70.0582 23
70.0645 242
70.1149 23
70.1199 242
70.1255 265
70.1317 23
70.1365 242
70.1421 265
70.1983 23
70.2039 507
70.2465 23
70.2527 507
70.2733 23
70.2787 242
70.2841 265
70.2895 265
70.2959 23
70.3023 242
70.3581 23
70.3637 507
70.3696 23
70.3747 242
70.3794 265
70.4678 23
70.4695 756
70.4731 281
70.5171 23
70.5221 507
70.5299 23
70.5347 242
70.541 265
70.5944 23
70.5999 242
70.6049 265
70.6107 23
70.6157 242
70.6211 265
70.6899 23
70.6899 756
70.6947 16
70.6996 265
70.7542 23
70.7591 242
70.7643 265
70.7701 23
70.7749 242
70.781 265
70.8381 23
70.8433 357
70.8483 150
70.8531 265
70.8581 23
70.8641 242
70.9152 23
70.9201 334
70.9251 173
70.931 265
70.9358 265
70.998 23
71.0036 334
71.009 196
71.0145 242
71.0208 265
71.0756 23
71.0805 242
71.0855 265
71.091 46
71.0956 219
71.1 265
71.1586 23
71.1635 507
71.1687 92
71.1736 173
71.1782 265
71.234 23
71.2386 242
71.2433 265
71.248 23
71.2525 242
71.2571 265
71.3187 23
71.3238 507
71.3304 23
71.3352 242
71.3407 265
71.3957 23
71.4007 242
71.4056 265
71.4101 92
71.4147 173
71.4193 265
71.4797 23
71.4848 507
71.49 23
71.4946 242
71.5007 265
71.5535 23
71.5585 242
71.5637 265
71.5686 265
71.5764 23
71.5825 242
71.6401 23
71.6451 507
71.6501 265
71.6574 23
71.6638 242
71.7155 23
71.7204 242
71.726 265
71.7314 265
71.7371 23
71.7434 242
71.7993 23
71.805 507
71.8106 23
71.8161 242
71.8229 265
71.8751 23
71.8803 242
71.8851 265
71.8901 265
71.8978 23
71.9026 242
71.9582 23
71.9629 242
71.968 265
71.9725 265
71.9772 46
71.9832 219
72.0353 23
72.0402 242
72.0452 265
72.05 23
72.0552 242
72.0613 265
72.1188 23
72.124 242
72.1288 265
72.1336 265
72.1384 138
72.1446 127
72.1951 23
72.2001 242
72.2044 265
72.211 23
72.2173 242
72.222 265
72.275 23
72.2798 242
72.2852 265
72.2906 530
72.353 23
72.3588 242
72.3664 265
72.3714 265
72.3758 265
72.433 23
72.4398 507
72.4448 265
72.4498 265
72.5064 23
72.5114 507
72.5169 23
72.5221 507
72.5881 23
72.5925 242
72.5967 265
72.602 357
72.6062 173
72.6661 23
72.6732 507
72.6786 265
72.6828 265
72.7511 23
72.7566 507
72.7623 288
72.7668 242
72.8324 23
72.8384 242
72.8438 265
72.8496 23
72.854 242
72.8581 265
72.9102 23
72.9146 242
72.9189 265
72.923 265
72.9278 265
72.99 23
72.9947 242
72.9994 265
73.005 288
73.009 242
73.0771 23
73.0826 242
73.0876 265
73.0923 265
73.0963 46
73.1005 219
73.1462 23
73.1516 242
73.1566 265
73.1612 530
73.2281 23
73.2321 242
73.2365 265
73.2407 265
73.2447 265
73.3125 23
73.3172 242
73.3222 265
73.3269 265
73.3328 23
73.3389 242
73.3981 23
73.4031 334
73.4081 173
73.4129 265
73.42 23
73.4253 242
73.4731 23
73.4786 242
73.484 265
73.4918 265
73.4972 23
73.5036 242
73.5576 23
73.5634 265
73.5684 507
73.576 23
73.5807 242
73.6355 23
73.6406 242
73.6455 265
73.6506 23
73.6553 242
73.6604 265
73.7215 23
73.7266 507
73.7313 265
73.7361 23
73.741 242
73.7939 23
73.7992 242
73.8042 265
73.8087 115
73.8135 150
73.8181 265
73.8777 23
73.8825 357
73.8875 150
73.8922 265
73.8985 92
73.9035 173
73.9543 23
73.9592 242
73.9641 265
73.9687 69
73.9737 196
73.9784 265
74.0384 23
74.0435 507
74.0501 23
74.0549 242
74.0612 265
74.1149 23
74.1202 242
74.1252 265
74.13 265
74.1362 23
74.1409 242
74.1996 23
74.2052 242
74.2102 265
74.2148 265
74.2198 265
74.2764 23
74.2815 242
74.2865 265
74.2912 265
74.2971 23
74.3019 242
74.3581 23
74.3632 288
74.3683 219
74.3731 265
74.3777 265
74.433 23
74.4379 242
74.443 265
74.4481 23
74.4527 242
74.4576 265
74.5179 23
74.5229 507
74.528 23
74.5327 242
74.5373 265
74.5945 23
74.5992 242
74.6071 265
74.6133 265
74.6183 265
74.6646 23
74.6685 756
74.6685 16
74.6771 265
74.7414 23
74.7471 242
74.7507 265
74.7545 265
74.7582 265
74.7706 23
74.7707 20
74.7745 239
74.8261 0
74.8261 23
74.8321 756
74.8359 62
74.882 219
74.9028 23
74.9071 507
74.9111 265
74.9148 265
74.9223 23
74.9259 242
74.9403 23
74.9453 242
74.9621 23
74.9663 242
74.9811 23
74.9851 242
75.0011 23
75.0047 242
75.0471 23
75.0507 507
75.0622 23
75.0658 242
75.0827 23
75.0863 242
75.1011 23
75.1047 242
75.1219 23
75.1257 242
75.1415 23
75.1453 242
75.1625 23
75.1663 242
75.1824 23
75.1861 242
75.1999 23
75.2036 242
75.2202 23
75.2241 242
75.2675 23
75.2711 507
75.2782 23
75.2816 242
75.2981 23
75.3016 242
75.3184 23
75.322 242
75.3384 23
75.3417 242
75.3581 23
75.3615 242
75.3779 23
75.3813 242
75.3985 23
75.4021 242
75.4181 23
75.4216 242
75.4411 23
75.4447 242
75.4883 23
75.4921 507
75.5009 23
75.5045 242
75.5217 23
75.525 242
75.5417 23
75.5454 242
75.5617 23
75.5653 242
75.6221 23
75.6257 242
75.6415 23
75.6449 242
75.6615 23
75.665 242
75.7092 23
75.7129 507
75.7232 23
75.7268 242
75.7411 23
75.7449 242
75.7621 23
75.766 242
75.7822 23
75.7861 242
75.8016 23
75.8051 242
75.8225 23
75.8261 242
75.8437 23
75.8477 242
75.8617 23
75.8652 242
75.8838 23
75.8876 242
75.9304 23
75.934 507
75.9421 23
75.9464 242
75.9625 23
75.9666 242
75.9833 23
75.987 242
76.0023 23
76.0059 242
76.0226 23
76.0261 242
76.0434 23
76.05 242
76.062 23
76.0676 92
76.0716 150
76.087 23
76.0911 242
76.1074 23
76.1116 242
76.1244 23
76.128 242
76.1474 23
76.1541 23
76.1729 484
76.1882 23
76.1946 242
76.209 23
76.2163 242
76.2246 23
76.2336 242
76.2561 23
76.2685 242
76.2725 265
76.2794 23
76.2831 242
76.3039 23
76.3084 242
76.3204 23
76.3242 242
76.3417 23
76.3463 242
76.3634 23
76.3669 242
76.3801 23
76.3838 242
76.4022 23
76.4058 242
76.4226 23
76.4268 242
76.4428 23
76.4482 242
76.4634 23
76.4669 242
76.482 23
76.4856 242
76.502 23
76.5059 242
76.5232 23
76.5268 242
76.5409 23
76.5461 242
76.5618 23
76.5657 242
76.5802 23
76.5836 242
76.6007 23
76.6044 242
76.6216 23
76.6256 242
76.6398 23
76.6434 242
76.6612 23
76.6648 242
76.6822 23
76.6859 242
76.7008 23
76.7044 242
76.7222 23
76.7258 242
76.7411 23
76.7446 242
76.7618 23
76.7666 242
76.7832 23
76.7868 242
76.8017 23
76.8058 242
76.8218 23
76.8254 242
76.8431 23
76.8468 242
76.8614 23
76.8664 242
76.8818 23
76.8854 242
76.9014 23
76.905 242
76.922 23
76.9256 242
76.9423 23
76.9459 242
76.9615 23
76.9651 242
76.9812 23
76.9848 242
77.0033 23
77.0071 242
77.0208 23
77.0244 242
77.042 23
77.0458 242
77.0618 23
77.0653 242
77.0826 23
77.0862 242
77.1034 23
77.1074 242
77.1217 23
77.1254 242
77.1414 23
77.145 242
77.1623 23
77.1658 242
77.1814 23
77.185 242
77.2018 23
77.2054 242
77.2214 23
77.225 242
77.2418 23
77.2454 242
77.2635 23
77.2672 242
77.2816 23
77.2854 242
77.3018 23
77.3054 242
77.323 23
77.3266 242
77.3408 23
77.3447 242
77.3614 23
77.365 242
77.3821 23
77.388 242
77.4006 23
77.4048 242
77.4218 23
77.4253 242
77.4443 23
77.4478 242
77.4638 23
77.4674 242
77.4836 23
77.4876 242
77.5011 23
77.5048 242
77.5218 23
77.5254 242
77.5412 23
77.5448 242
77.5623 23
77.5658 242
77.5827 23
77.5862 242
77.6031 23
77.6066 242
77.6222 23
77.6257 242
77.6424 23
77.646 242
77.661 23
77.6646 242
77.6822 23
77.6869 242
77.702 23
77.706 242
77.7224 23
77.7261 242
77.7441 23
77.7478 242
77.7616 23
77.7656 242
77.7818 23
77.7857 242
77.8035 23
77.8072 242
77.8219 23
77.826 242
77.8418 23
77.8455 242
77.8617 23
77.8651 242
77.8814 23
77.8851 242
77.9028 23
77.9065 242
77.9222 23
77.9258 242
77.9423 23
77.9459 242
77.9613 23
77.9648 242
77.9788 23
77.9823 242
78.002 23
78.0057 242
78.022 23
78.0253 242
78.0411 23
78.0447 242
78.0628 23
78.0666 242
78.0819 23
78.0855 242
78.1016 23
78.1055 242
78.1228 23
78.1266 242
78.1404 23
78.1441 242
78.1617 23
78.1655 242
78.1817 23
78.1855 242
78.2031 23
78.2069 242
78.2236 23
78.2271 242
78.2412 23
78.2454 242
78.2609 23
78.2644 242
78.2826 23
78.2864 242
78.3017 23
78.3054 242
78.3216 23
78.3252 242
78.3416 23
78.3451 242
78.3621 23
78.3659 242
78.3821 23
78.3857 242
78.4026 23
78.4062 242
78.4224 23
78.4266 242
78.4429 23
78.4465 242
78.4609 23
78.4644 242
78.4814 23
78.4851 242
78.5025 23
78.5075 242
78.5209 23
78.5245 242
78.5429 23
78.5463 242
78.5619 23
78.5659 242
78.5859 23
78.5897 242
78.6031 23
78.6072 242
78.6213 23
78.6248 242
78.6415 23
78.6453 242
78.6612 23
78.6655 242
78.6833 23
78.6869 242
78.7031 23
78.7066 242
78.7227 23
78.7266 242
78.7422 23
78.7459 242
78.7629 23
78.7665 242
78.7819 23
78.7857 242
78.8019 23
78.8055 242
78.8217 23
78.8253 242
78.8424 23
78.8463 242
78.863 23
78.8667 242
78.8825 23
78.8861 242
78.902 23
78.9055 242
78.9229 23
78.9266 242
78.9412 23
78.9451 242
78.9615 23
78.965 242
78.9821 23
78.9857 242
79.0019 23
79.0057 242
79.023 23
79.0265 242
79.0417 23
79.0457 242
79.0612 23
79.0648 242
79.0827 23
79.0861 242
79.1007 23
79.1043 242
79.1217 23
79.1253 242
79.1419 23
79.1462 242
79.1621 23
79.1659 242
79.1839 23
79.1875 242
79.2037 23
79.2077 242
79.2229 23
79.2269 242
79.2424 23
79.2461 242
79.2607 23
79.2647 242
79.2906 23
79.2948 242
79.3101 23
79.3145 242
79.3287 23
79.3333 242
79.3471 23
79.3517 242
79.3709 23
79.376 242
79.389 23
79.394 242
79.4171 23
79.4259 242
79.432 23
79.4365 242
79.4513 23
79.4561 242
79.4707 23
79.475 242
79.4916 23
79.4974 242
79.5091 23
79.5147 242
79.5309 23
79.5361 242
79.5531 23
79.5578 242
79.5777 23
79.5829 242
79.59 23
79.5945 242
79.6139 23
79.6182 242
79.6325 23
79.6377 242
79.6517 23
79.6567 242
79.6725 23
79.6797 242
79.6921 23
79.6977 242
79.7089 23
79.7148 242
79.7297 23
79.7347 242
79.7478 23
79.7523 242
79.7695 23
79.7718 20
79.7743 504
79.7799 0
79.7925 23
79.847 756
79.849 16
79.8547 23
79.8598 242
79.8765 23
79.8815 242
79.8978 23
79.9024 242
79.9086 23
79.9131 92
79.9175 150
79.9327 23
79.938 242
79.955 23
79.9604 242
79.9689 23
79.9737 242
79.9919 23
79.9967 242
80.0072 23
80.0111 242
80.0254 23
80.0292 242
80.0669 23
80.0731 507
80.0851 23
80.089 242
80.1046 23
80.1085 242
80.1253 23
80.1294 242
80.1444 23
80.1484 242
80.1655 23
80.1693 242
80.1868 23
80.1908 242
80.2049 23
80.209 242
80.2221 23
80.226 242
80.2457 23
80.2497 242
80.2885 530
80.3054 23
80.3092 242
80.3263 23
80.3304 242
80.3458 23
80.3509 242
80.366 23
80.3702 242
80.3848 23
80.3887 242
80.4048 23
80.4088 242
80.4248 23
80.4287 242
80.4461 23
80.4506 242
80.4695 23
80.508 242
80.5127 530
80.537 23
80.5428 242
80.5497 23
80.5544 242
80.5734 23
80.5779 242
80.5945 23
80.5989 242
80.6118 23
80.6166 242
80.6322 23
80.637 242
80.6518 23
80.6575 242
80.67 23
80.6747 242
80.729 23
80.7338 756
80.7338 16
80.752 23
80.7576 242
80.7724 23
80.7767 242
80.7894 23
80.7938 242
80.8106 23
80.815 242
80.8297 23
80.8344 242
80.8548 23
80.8601 242
80.8668 23
80.8718 242
80.8897 23
80.8948 242
80.9116 23
80.9497 242
80.9544 530
80.9708 23
80.9752 242
80.9903 23
80.9948 242
81.0144 23
81.0192 242
81.0288 23
81.0336 242
81.0532 23
81.0582 242
81.0728 23
81.0772 242
81.0957 23
81.1001 242
81.1093 23
81.1139 242
81.1312 23
81.1366 242
81.1518 23
81.157 242
81.1762 23
81.1806 242
81.1888 23
81.1932 242
81.2128 23
81.2172 242
81.2311 23
81.2365 242
81.2531 23
81.2576 242
81.2749 23
81.2805 242
81.2912 23
81.2966 242
81.3122 23
81.317 242
81.3367 23
81.3416 242
81.3478 23
81.353 242
81.3735 23
81.3777 242
81.3852 23
81.3898 242
81.4122 23
81.4185 242
81.4334 23
81.4396 242
81.4541 23
81.459 242
81.4744 23
81.4794 242
81.4958 23
81.5004 242
81.5086 23
81.5149 242
81.5328 23
81.5383 242
81.552 23
81.5569 242
81.5719 23
81.578 242
81.5944 23
81.5988 242
81.611 23
81.6161 242
81.633 23
81.6374 242
81.6568 23
81.6611 242
81.6681 23
81.6726 242
81.6926 23
81.6981 242
81.7106 23
81.7154 242
81.7332 23
81.7381 242
81.7494 23
81.754 242
81.7728 23
81.777 242
81.7904 23
81.795 242
82.1917 23
82.1917 756
82.1917 39
82.198 507
82.2132 23
82.2199 242
82.2288 23
82.2328 242
82.2482 23
82.2534 242
82.2702 23
82.2742 242
82.2966 23
82.3009 242
82.3058 23
82.3103 242
82.3323 23
82.3369 242
82.3508 23
82.3561 242
82.3684 23
82.374 242
82.392 23
82.3973 242
82.4165 23
82.4233 242
82.4338 23
82.4378 242
82.4473 23
82.4512 242
82.4643 23
82.469 242
82.4879 23
82.4944 242
82.5079 23
82.5123 242
82.5262 23
82.532 242
82.5492 23
82.5534 242
82.57 23
82.5743 242
82.5892 23
82.5941 242
82.6075 23
82.6116 242
82.624 23
82.6285 242
82.6454 23
82.6506 242
82.6671 23
82.6714 242
82.6854 23
82.6901 242
82.7058 23
82.7122 115
82.7167 127
82.7283 23
82.7325 242
82.7486 23
82.7533 242
82.7734 23
82.7783 242
82.7879 23
82.7931 242
82.8127 23
82.8187 242
82.8308 23
82.8361 242
82.8499 23
82.8543 242
82.8735 23
82.8801 242
82.8899 23
82.8944 242
82.9124 23
82.9182 242
82.9362 23
82.9411 242
82.9466 23
82.9519 242
82.9745 23
82.9793 242
82.993 23
82.9975 242
83.0117 23
83.0166 242
83.0282 23
83.0331 242
83.0516 23
83.0583 242
83.074 23
83.0804 242
83.0938 23
83.0983 242
83.1078 23
83.1123 242
83.1287 23
83.1341 242
83.1486 23
83.1532 242
83.1711 23
83.1761 242
83.1913 23
83.1955 242
83.2101 23
83.215 242
83.2335 23
83.2379 242
83.2565 23
83.261 242
83.2681 23
83.2727 242
83.292 23
83.2973 242
83.3117 23
83.3172 242
83.3319 23
83.3367 242
83.3491 23
83.3535 242
83.3704 23
83.3747 242
83.3917 23
83.3969 242
83.4147 23
83.4196 242
83.4281 23
83.4326 242
83.4517 23
83.4573 242
83.4772 23
83.4821 242
83.4919 23
83.4971 242
83.5126 23
83.5237 242
83.5302 23
83.5345 242
83.5495 23
83.555 242
83.5735 23
83.5781 242
83.5847 23
83.5909 242
83.6112 23
83.6161 242
83.6299 23
83.6347 242
83.6523 23
83.6571 242
83.6725 23
83.6775 242
83.6919 23
83.6981 242
83.7136 23
83.7192 242
83.7378 23
83.743 242
83.7509 23
83.7562 242
83.774 23
83.7784 242
83.7915 23
83.7967 242
83.8119 23
83.8165 242
83.8347 23
83.8395 242
83.8513 23
83.8566 242
83.8721 23
83.8771 242
83.8962 23
83.9023 242
83.9087 23
83.9139 242
83.9321 23
83.9367 242
83.9527 23
83.9582 242
83.9737 23
83.9787 242
83.9937 23
83.9983 242
84.0126 23
84.0185 242
84.034 23
84.0391 242
84.0598 23
84.0655 242
84.0701 46
84.0743 219
84.0937 23
84.0995 242
84.1139 23
84.1183 242
84.1299 23
84.1368 242
84.1513 23
84.1562 242
84.1704 23
84.1744 242
84.1918 23
84.1975 242
84.2142 23
84.2209 242
84.231 23
84.2353 242
84.2491 23
84.2543 242
84.2723 23
84.2775 242
84.2923 23
84.2982 242
84.3106 23
84.3153 242
84.3315 23
84.3377 242
84.3534 23
84.3595 242
84.384 23
84.389 507
84.4137 23
84.4184 242
84.4315 23
84.4381 242
84.4541 23
84.4587 242
84.4717 23
84.4787 242
84.4937 23
84.4995 242
84.5088 23
84.5134 242
84.5343 23
84.5391 242
84.5476 23
84.552 242
84.5713 23
84.5761 242
84.5927 23
84.5974 242
84.6135 23
84.6185 242
84.6355 23
84.6401 242
84.6522 23
84.6583 242
84.6753 23
84.6804 242
84.6928 23
84.6974 242
84.7089 23
84.7138 242
84.7341 23
84.74 242
84.7507 23
84.7567 242
84.7716 23
84.7716 20
84.7773 504
84.7928 23
84.836 756
84.8655 16
84.8701 530
84.8949 23
84.9002 242
84.9121 23
84.9166 242
84.9316 23
84.9395 242
84.9523 23
84.961 242
84.9679 23
84.9737 242
84.9871 23
84.992 242
85.0102 23
85.0147 242
85.0291 23
85.0336 242
85.056 23
85.0637 242
85.0713 23
85.0759 242
85.0941 23
85.0985 242
85.11 23
85.1146 242
85.1288 23
85.1334 242
85.1531 23
85.1578 242
85.1757 23
85.1806 242
85.1878 23
85.1927 242
85.2136 23
85.2185 242
85.2334 23
85.238 242
85.2524 23
85.2606 242
85.3058 23
85.3103 756
85.3103 16
85.3336 23
85.338 242
85.3456 23
85.35 242
85.376 23
85.3806 242
85.3923 23
85.3972 242
85.4114 23
85.4164 242
85.4306 23
85.4348 242
85.4468 23
85.4522 242
85.465 23
85.4704 242
85.5267 23
85.5316 507
85.537 265
85.5524 23
85.5572 242
85.5701 23
85.5748 242
85.59 23
85.5946 242
85.6108 23
85.6195 242
85.6323 23
85.637 242
85.6534 23
85.6578 242
85.6688 23
85.674 242
85.6914 23
85.6964 242
85.7118 23
85.7501 507
85.7546 265
85.7722 23
85.7774 242
85.7936 23
85.7982 242
85.8182 23
85.8226 242
85.8281 23
85.8325 242
85.8516 23
85.8564 242
85.8735 23
85.8798 242
85.8926 23
85.8984 242
85.9128 23
85.9181 242
85.9319 23
85.9698 242
85.9747 288
85.9796 242
85.9882 23
85.9923 242
86.0116 23
86.0164 242
86.0293 23
86.034 242
86.0516 23
86.0564 242
86.0685 23
86.0762 242
86.0843 23
86.0894 242
86.1044 23
86.1081 242
86.1245 23
86.1294 242
86.143 23
86.1468 242
86.1663 23
86.1704 242
86.189 23
86.193 242
86.209 23
86.2136 242
86.2298 23
86.2364 242
86.255 23
86.26 242
86.2746 23
86.2798 242
86.2916 23
86.297 242
86.3063 23
86.3108 242
86.3304 23
86.3349 242
86.3544 23
86.3588 242
86.3708 23
86.375 242
86.3919 23
86.3963 242
86.4114 23
86.4172 242
86.4326 23
86.4372 242
86.4565 23
86.4613 242
86.4686 23
86.4732 242
86.4935 23
86.5001 242
86.5124 23
86.517 242
86.5334 23
86.5378 242
86.5522 23
86.5568 242
86.5714 23
86.5764 242
86.5926 23
86.5978 242
86.6132 23
86.6181 242
86.625 23
86.6294 242
86.651 23
86.6556 242
86.6733 23
86.678 242
86.6942 23
86.7 242
86.7122 23
86.7172 242
86.7319 23
86.7375 242
86.756 23
86.7616 242
86.7764 23
86.7811 242
86.7873 23
86.792 242
86.8112 23
86.8168 242
86.8355 23
86.8404 242
86.8513 23
86.8559 242
86.8753 23
86.8798 242
87.6203 23
87.6203 756
87.6203 281
87.6257 265
87.6394 23
87.6442 242
87.659 23
87.6641 242
87.685 23
87.6891 242
87.6985 23
87.7024 242
87.7141 23
87.7184 242
87.7438 23
87.7479 242
87.7557 23
87.7612 242
87.7781 23
87.7828 242
87.8005 23
87.8053 242
87.8189 23
87.8245 242
87.8324 23
87.8371 242
87.8589 23
87.8639 242
87.8808 23
87.8854 242
87.9051 23
87.9103 242
87.9146 23
87.9192 242
87.9363 23
87.941 242
87.9559 23
87.9607 242
87.9777 23
87.9822 242
87.9956 23
88.0006 242
88.0202 23
88.0251 242
88.0396 23
88.0445 242
88.0619 23
88.067 242
88.0739 23
88.0784 242
88.1 23
88.1045 242
88.1183 23
88.123 242
88.1437 23
88.1487 242
88.1593 23
88.1639 242
88.1767 23
88.1812 242
88.2001 23
88.2053 242
88.2231 23
88.2282 242
88.2341 23
88.2388 242
88.2572 23
88.2623 242
88.2792 23
88.2841 242
88.2969 23
88.3016 242
88.3144 23
88.3187 242
88.3348 23
88.3397 242
88.3541 23
88.3588 242
88.3802 23
88.3852 242
88.3901 265
88.4135 23
88.4184 242
88.4354 23
88.4414 242
88.4539 23
88.4587 242
88.474 23
88.4785 242
88.4949 23
88.4996 242
88.5141 23
88.519 242
88.5363 23
88.5413 242
88.5482 23
88.5547 242
88.5729 23
88.5785 242
88.5927 23
88.5983 242
88.6129 23
88.6185 242
88.6344 23
88.6397 242
88.6515 23
88.6565 242
88.6727 23
88.6783 242
88.696 23
88.7011 242
88.7085 23
88.7142 242
88.7317 23
88.7375 242
88.7529 23
88.7599 242
88.7739 23
88.7802 242
88.7921 23
88.7967 242
88.8119 23
88.8171 242
88.8325 23
88.8371 242
88.8557 23
88.8603 242
88.868 23
88.8724 242
88.8918 23
88.8965 242
88.9121 23
88.9171 242
88.9322 23
88.937 242
88.9527 23
88.9583 242
88.9755 23
88.9802 242
88.9951 23
89.0005 242
89.0183 23
89.0238 242
89.0295 265
89.0538 23
89.0584 242
89.0731 23
89.078 242
89.094 23
89.0986 242
89.1136 23
89.1186 242
89.1346 23
89.1391 242
89.1524 23
89.1581 242
89.176 23
89.1806 242
89.1886 23
89.1936 242
89.2114 23
89.2163 242
89.231 23
89.236 242
89.2516 23
89.2564 242
89.2714 23
89.2767 242
89.291 23
89.2973 242
89.3122 23
89.3172 242
89.337 23
89.3427 242
89.3478 23
89.3526 242
89.3723 23
89.379 242
89.3944 23
89.3992 242
89.4143 23
89.4188 242
89.4332 23
89.4378 242
89.4539 23
89.4586 242
89.4742 23
89.4787 242
89.497 23
89.5024 242
89.5085 23
89.5145 242
89.5324 23
89.5371 242
89.5523 23
89.5574 242
89.5725 23
89.578 242
89.5938 23
89.5989 242
89.6141 23
89.6188 242
89.6337 23
89.6383 242
89.656 23
89.6611 242
89.6693 23
89.6741 242
89.6927 23
89.6981 242
89.7147 23
89.7194 242
89.7332 23
89.7377 242
89.7525 23
89.7574 242
89.7719 20
89.7719 23
89.7771 504
89.7927 23
89.8289 756
89.8335 16
89.8894 530
89.8964 265
89.9122 23
89.9182 242
89.9324 23
89.9372 242
89.9523 23
89.9574 242
89.9766 23
89.9816 242
89.9892 23
89.9954 242
90.0132 23
90.0176 242
90.0296 23
90.034 242
90.0528 23
90.0581 242
90.1058 23
90.1109 507
90.1169 265
90.1351 23
90.1399 242
90.1479 23
90.1526 242
90.1732 23
90.1783 242
90.1918 23
90.1966 242
90.2141 23
90.2186 242
90.232 23
90.2373 242
90.2524 23
90.257 242
90.2722 23
90.277 242
90.3266 23
90.332 507
90.3372 265
90.3528 23
90.3578 242
90.3728 23
90.3774 242
90.3954 23
90.4002 242
90.4154 23
90.4198 242
90.4348 23
90.44 242
90.4571 23
90.4618 242
90.4693 23
90.4739 242
90.4944 23
90.4986 242
90.5479 23
90.5534 756
90.5534 16
90.5718 23
90.5762 242
90.5909 23
90.5956 242
90.6151 23
90.6195 242
90.628 23
90.6326 242
90.6524 23
90.6566 242
90.672 23
90.6763 242
90.6916 23
90.6962 242
90.7122 23
90.7166 242
90.7321 23
90.7717 507
90.7766 265
90.7894 23
90.7948 242
90.8158 23
90.8216 242
90.833 23
90.8379 242
90.8529 23
90.8576 242
90.8727 23
90.8773 242
90.8914 23
90.8965 242
90.9128 23
90.9174 242
90.9335 23
90.9384 242
90.952 23
90.9896 242
90.9943 530
91.013 23
91.0176 242
91.0316 23
91.0366 242
91.0528 23
91.057 242
91.0728 23
91.0774 242
91.0972 23
91.1027 242
91.1078 23
91.1124 242
91.1322 23
91.1382 242
91.1554 23
91.1602 242
91.1738 23
91.1799 242
91.1942 23
91.1988 242
91.2181 23
91.2234 242
91.2304 23
91.2346 242
91.2556 23
91.2603 242
91.2687 23
91.2746 242
91.2933 23
91.2981 242
91.3197 23
91.3241 242
91.3313 23
91.3357 242
91.3485 23
91.3524 242
91.3711 23
91.3744 242
91.3828 23
91.3865 242
91.4045 23
91.4098 242
91.4255 23
91.4296 242
91.4491 23
91.4537 242
91.4735 23
91.4782 242
91.4934 23
91.4981 242
91.5136 23
91.5183 242
91.5343 23
91.5392 242
91.5525 23
91.5572 242
91.5776 23
91.5829 242
91.5881 23
91.5933 242
91.6131 23
91.6179 242
91.6342 23
91.6387 242
91.6531 23
91.6582 242
91.6743 23
91.6797 242
91.6928 23
91.6981 242
91.7119 23
91.7173 242
91.7373 23
91.7437 242
91.7521 23
91.7569 242
91.7743 23
91.7785 242
91.7941 23
91.7983 242
91.8127 23
91.8181 242
91.8329 23
91.8382 242
91.8527 23
91.8573 242
91.8728 23
91.8783 242
91.8967 23
91.9022 242
91.9083 23
91.9133 242
91.9323 23
91.9369 242
91.9531 23
91.9587 242
91.9727 23
91.9773 242
91.993 23
91.998 242
92.0182 23
92.025 242
92.0322 23
92.0381 242
92.0547 23
92.0598 242
92.0662 23
92.0708 242
92.0923 23
92.0967 242
92.113 23
92.1177 242
92.1321 23
92.1371 242
92.1524 23
92.1572 242
92.1721 23
92.1769 242
92.1921 23
92.1972 242
92.2201 23
92.226 242
92.2304 265
92.2516 23
92.2567 242
92.2724 23
92.2771 242
92.2929 23
92.2978 242
92.3117 23
92.3163 242
92.332 23
92.3367 242
92.3528 23
92.3578 242
92.3761 23
92.3807 242
92.39 23
92.3953 242
92.4151 23
92.4207 242
92.4323 23
92.4365 242
92.453 23
92.4571 242
92.4722 23
92.4772 242
92.4921 23
92.4969 242
92.5126 23
92.5172 242
92.5359 23
92.5406 115
92.5465 127
92.5511 265
92.5727 23
92.5781 242
92.5934 23
92.5978 242
92.613 23
92.6185 242
92.6356 23
92.6405 242
92.6529 23
92.6579 242
92.6725 23
92.6773 242
92.6991 23
92.7041 242
92.7091 23
92.7137 242
92.7327 23
92.7381 242
92.7519 23
92.7599 242
92.7725 23
92.7777 242
92.7921 23
92.7969 242
92.8129 23
92.8177 242
92.8329 23
92.8379 242
92.8575 23
92.8621 242
92.8697 23
92.8743 242
92.8924 23
92.8975 242
92.9133 23
92.9197 242
92.933 23
92.9375 242
92.9564 23
92.9618 242
92.9724 23
92.9773 242
92.9881 23
92.9929 242
93.0152 23
93.0211 242
93.0281 23
93.0331 242
93.051 23
93.0559 242
93.0727 23
93.0774 242
93.0955 23
93.1015 242
93.1139 23
93.1183 242
93.134 23
93.1418 242
93.1503 23
93.1554 242
93.1798 23
93.1842 242
93.1885 265
93.2135 23
93.218 242
93.232 23
93.2372 242
93.2518 23
93.257 242
93.2715 23
93.2764 242
93.2917 23
93.2967 242
93.3112 23
93.3165 242
93.3359 23
93.3405 242
93.3461 23
93.3501 242
93.3714 23
93.3768 242
93.3914 23
93.3965 242
93.4124 23
93.4176 242
93.432 23
93.4374 242
93.4555 23
93.4603 242
93.4738 23
93.4789 242
93.4968 23
93.5018 242
93.5085 23
93.5129 242
93.5313 23
93.5374 242
93.5524 23
93.5573 242
93.572 23
93.5768 242
93.5935 23
93.5984 242
93.6122 23
93.618 242
93.6318 23
93.6397 242
93.6566 23
93.6614 242
93.6671 23
93.6713 242
93.6913 23
93.6961 242
93.7525 23
93.7571 242
93.7726 23
93.7777 242
93.7932 23
93.7978 242
93.8183 23
93.8229 242
93.8285 23
93.8333 242
93.859 23
93.8642 242
93.876 23
93.8824 242
93.8912 23
93.8956 242
93.9112 23
93.9157 242
93.9336 23
93.938 242
93.9562 23
93.9612 242
93.9794 23
93.9836 242
93.989 23
93.9931 242
94.0122 23
94.0171 242
94.0322 23
94.0368 242
94.0521 23
94.0566 242
94.0708 23
94.0804 242
94.0948 23
94.0992 242
94.113 23
94.1186 242
94.1378 23
94.1431 242
94.1494 23
94.1554 242
94.1733 23
94.1782 242
94.1928 23
94.1981 242
94.2124 23
94.22 242
94.2319 23
94.2362 242
94.2518 23
94.2567 242
94.2738 23
94.279 242
94.2962 23
94.301 242
94.3072 23
94.312 242
94.3454 23
94.3502 242
94.3547 265
94.3724 23
94.378 242
94.3927 23
94.3974 242
94.412 23
94.4165 242
94.4332 23
94.4378 69
94.4435 173
94.4554 23
94.4598 242
94.4686 23
94.4734 242
94.4928 23
94.4973 242
94.512 23
94.5168 242
94.5323 23
94.5368 242
94.5518 23
94.5568 242
94.5719 23
94.5769 242
94.5948 23
94.5996 242
94.6152 23
94.6197 242
94.6275 23
94.6318 242
94.651 23
94.656 242
94.6714 23
94.6764 242
94.6947 23
94.7011 242
94.7104 23
94.7152 242
94.7311 23
94.7362 242
94.751 23
94.7559 242
94.7717 23
94.7718 20
94.7763 504
94.828 0
95.1243 23
95.1243 756
95.1243 281
95.1268 756
95.1311 39
95.1742 756
95.177 39
95.2008 23
95.2054 242
95.2132 23
95.2184 242
95.233 23
95.2384 242
95.2552 23
95.26 242
95.2676 23
95.2722 242
95.2906 23
95.2951 242
95.3466 23
95.3521 645
95.3567 127
95.3721 23
95.3767 242
95.3914 23
95.3974 242
95.4188 23
95.4234 242
95.4297 23
95.4339 242
95.4516 23
95.4564 242
95.4717 23
95.4762 242
95.4921 23
95.4966 242
95.512 23
95.5164 242
95.5678 23
95.5727 507
95.5771 138
95.5818 127
95.5881 23
95.5928 242
95.6119 23
95.6168 242
95.6328 23
95.6374 242
95.65 23
95.6544 242
95.6707 23
95.6752 242
95.6918 23
95.6968 242
95.713 23
95.7174 242
95.7356 23
95.7404 242
95.7494 23
95.7888 242
95.793 530
95.8137 23
95.8188 242
95.8326 23
95.8372 242
95.852 23
95.8562 242
95.872 23
95.8781 242
95.8969 23
95.9013 242
95.9088 23
95.9139 242
95.9322 23
95.9379 242
95.9537 23
95.9585 242
95.973 23
96.0129 622
96.0182 150
96.0338 23
96.0389 242
96.0578 23
96.0627 242
96.0682 23
96.0747 242
96.0923 23
96.0969 242
96.1115 23
96.1173 242
96.1321 23
96.1371 242
96.1526 23
96.1584 242
96.1731 23
96.1776 242
96.1927 23
96.1981 242
96.217 23
96.223 242
96.23 23
96.2351 242
96.2534 23
96.2587 242
96.2741 23
96.2791 242
96.2932 23
96.2981 242
96.3119 23
96.3171 242
96.3327 23
96.3383 242
96.3517 23
96.3569 242
96.3753 23
96.3803 242
96.3879 23
96.3929 242
96.4135 23
96.4186 242
96.4337 23
96.4385 242
96.4524 23
96.4573 242
96.4711 23
96.4766 242
96.4907 23
96.4953 242
96.5111 23
96.5175 242
96.5353 23
96.5403 242
96.5486 23
96.5549 242
96.5714 23
96.5765 243
96.8346 23
96.8346 756
96.8398 39
96.8445 242
96.8663 23
96.8705 242
96.8769 23
96.8821 242
96.8999 23
96.9045 242
96.9159 23
96.9201 242
96.9362 23
96.9413 242
96.9555 23
96.9599 242
96.9765 23
96.9807 242
96.9955 23
97.0001 242
97.0233 23
97.0279 243
97.0833 23
97.0895 242
97.1011 23
97.1055 242
97.1171 23
97.1217 242
97.1387 23
97.1447 242
97.1589 23
97.1637 242
97.1847 23
97.1891 242
97.1947 23
97.1989 242
97.2161 23
97.2207 242
97.2327 23
97.2371 242
97.2573 23
97.2627 242
97.2769 23
97.2815 242
97.2942 23
97.2989 242
97.3185 23
97.3232 242
97.3437 23
97.3497 242
97.356 23
97.3607 242
97.3719 23
97.3764 242
97.3909 23
97.3953 242
97.4132 23
97.4184 242
97.4343 23
97.4388 242
97.4541 23
97.4582 242
97.4745 23
97.4791 242
97.4983 23
97.5027 242
97.5115 23
97.5159 242
97.5299 23
97.5339 242
97.5445 23
97.5483 242
97.5645 23
97.5691 242
97.5899 23
97.5942 242
97.6129 23
97.6181 242
97.6331 23
97.6381 242
97.6568 23
97.6616 242
97.6685 23
97.6746 242
97.6913 23
97.6973 242
97.7125 23
97.7169 242
97.7329 23
97.738 242
97.7513 23
97.7574 242
97.7718 23
97.7765 242
97.7921 23
97.797 242
97.8171 23
97.8216 242
97.8302 23
97.8366 242
97.852 23
97.8566 242
97.8723 23
97.877 242
97.8934 23
97.8977 242
97.9125 23
97.9167 242
97.9309 23
97.936 242
97.9527 23
97.9581 242
97.9775 23
97.9828 242
97.9889 23
97.9954 242
98.013 23
98.0179 242
98.0313 23
98.0363 242
98.0524 23
98.0588 242
98.0735 23
98.0786 242
98.0928 23
98.0977 242
98.1121 23
98.1169 242
98.1352 23
98.14 242
98.1477 23
98.152 242
98.1725 23
98.1782 242
98.1939 23
98.1987 242
98.2128 23
98.2189 242
98.2334 23
98.2386 242
98.2539 23
98.2586 242
98.2719 23
98.2773 242
98.2953 23
98.3 242
98.3081 23
98.3126 242
98.3318 23
98.3374 242
98.3523 23
98.3594 242
98.3718 23
98.3764 242
98.3891 23
98.3939 242
98.4115 23
98.4164 242
98.4317 23
98.437 242
98.4556 23
98.4605 242
98.4687 23
98.4748 242
98.4928 23
98.4983 242
98.5135 23
98.5183 242
98.5328 23
98.5382 242
98.5537 23
98.5588 242
98.5732 23
98.579 242
98.592 23
98.597 242
98.6148 23
98.6198 242
98.6287 23
98.6348 242
98.6526 23
98.6588 242
98.6734 23
98.679 242
98.6932 23
98.6984 242
98.7135 23
98.7188 242
98.7336 23
98.739 242
98.7532 23
98.7586 242
98.7773 23
98.7831 242
98.7893 23
98.7951 242
98.8123 23
98.8181 242
98.8344 23
98.8392 242
98.8527 23
98.8582 242
98.8734 23
98.8785 242
98.894 23
98.8983 242
98.9125 23
98.918 242
98.9368 23
98.9419 242
98.9487 23
98.9548 242
98.9722 23
98.9782 242
98.9932 23
98.9983 242
99.0128 23
99.018 242
99.032 23
99.037 242
99.0523 23
99.0574 242
99.072 23
99.0788 242
99.0975 23
99.1023 242
99.1072 23
99.1135 242
99.1338 23
99.1389 242
99.1534 23
99.1585 242
99.1723 23
99.1773 242
99.1926 23
99.1985 242
99.2145 23
99.2192 242
99.233 23
99.2384 242
99.2594 23
99.2644 242
99.2691 265
99.2934 23
99.298 242
99.3132 23
99.3182 242
99.334 23
99.339 242
99.3552 23
99.36 242
99.3743 23
99.379 242
99.394 23
99.3992 242
99.4192 23
99.4239 242
99.4291 265
99.4526 23
99.4584 242
99.4742 23
99.4792 242
99.4951 23
99.501 242
99.5135 23
99.5185 242
99.5334 23
99.5386 242
99.5548 23
99.5597 242
99.5785 23
99.5833 242
99.5887 23
99.5946 242
99.6136 23
99.6178 242
99.6322 23
99.638 242
99.6552 23
99.6603 242
99.675 23
99.6796 242
99.6923 23
99.697 242
99.7139 23
99.7194 242
99.737 23
99.742 242
99.7491 23
99.7536 242
99.7718 23
99.7718 20
99.7782 504
99.7828 0
99.7933 23
99.835 756
99.839 16
99.8536 23
99.8584 242
99.8726 23
99.8788 242
99.9251 23
99.93 507
99.9347 265
99.9522 23
99.9583 242
99.9738 23
99.9792 242
99.994 23
99.999 242
100.013 23
100.018 242
100.032 23
100.036 242
100.055 23
100.06 242
100.068 23
100.074 242
100.093 23
100.098 242
100.145 23
100.15 507
100.156 265
100.172 23
100.176 242
100.192 23
100.198 242
100.217 23
100.222 242
100.227 23
100.232 243
100.828 23
100.828 756
100.828 281
100.834 265
100.841 23
100.845 242
100.865 23
100.87 242
100.878 23
100.883 242
100.895 23
100.899 242
100.918 23
100.922 242
100.94 23
100.945 242
100.957 23
100.962 242
100.976 23
100.981 242
101.029 23
101.034 507
101.039 265
101.061 23
101.066 242
101.08 23
101.085 242
101.098 23
101.103 242
101.123 23
101.128 242
101.14 23
101.145 242
101.162 23
101.167 242
101.185 23
101.189 242
101.196 23
101.2 242
101.217 23
101.222 242
101.238 23
101.242 242
101.256 23
101.261 242
101.278 23
101.283 242
101.295 23
101.299 242
101.317 23
101.322 242
101.34 23
101.345 242
101.355 23
101.36 242
101.376 23
101.381 242
101.399 23
101.404 242
101.416 23
101.421 242
101.442 23
101.447 242
101.459 23
101.463 242
101.478 23
101.483 242
101.504 23
101.508 242
101.514 23
101.518 242
101.538 23
101.543 242
101.557 23
101.561 242
101.576 23
101.582 242
101.597 23
101.602 242
101.62 23
101.625 242
101.637 23
101.642 242
101.662 23
101.667 242
101.677 23
101.681 242
101.702 23
101.706 242
101.718 23
101.723 242
101.741 23
101.746 242
101.758 23
101.763 242
101.781 23
101.786 242
101.8 23
101.805 242
101.827 23
101.833 242
101.839 23
101.844 242
101.858 23
101.863 242
101.877 23
101.885 242
101.898 23
101.904 242
101.92 23
101.927 242
101.94 23
101.947 242
101.961 23
101.97 242
101.985 23
101.993 242
101.998 265
102.012 23
102.017 242
102.033 23
102.038 242
102.052 23
102.057 242
102.072 23
102.078 242
102.094 23
102.1 242
102.111 23
102.117 242
102.136 23
102.141 242
102.149 23
102.155 242
102.172 23
102.178 242
102.193 23
102.198 242
102.212 23
102.218 242
102.231 23
102.237 242
102.57 23
102.57 756
102.57 281
102.585 756
102.585 39
102.597 23
102.602 242
102.619 23
102.625 242
102.632 23
102.638 242
102.659 23
102.665 242
102.68 23
102.685 242
102.698 23
102.704 242
102.721 23
102.727 242
102.74 23
102.744 242
102.752 23
102.757 242
102.777 23
102.782 242
102.789 23
102.796 242
102.813 23
102.818 242
102.832 23
102.838 242
102.852 23
102.857 242
102.871 23
102.878 242
102.893 23
102.899 242
102.913 23
102.919 242
102.936 23
102.942 242
102.949 23
102.955 242
102.972 23
102.978 242
102.995 23
103.001 242
103.014 23
103.02 242
103.035 23
103.04 242
103.055 23
103.061 242
103.074 23
103.08 242
103.098 23
103.103 242
103.109 115
103.114 150
103.132 23
103.138 242
103.152 23
103.157 242
103.174 23
103.18 242
103.194 23
103.199 242
103.213 23
103.218 242
103.232 23
103.238 242
103.256 23
103.262 242
103.269 23
103.275 242
103.292 23
103.299 242
103.312 23
103.319 242
103.332 23
103.339 242
103.354 23
103.361 242
103.373 23
103.379 242
103.395 23
103.401 242
103.416 23
103.421 242
103.428 23
103.433 242
103.454 23
103.459 242
103.473 23
103.478 242
103.494 23
103.499 242
103.512 23
103.517 242
103.531 23
103.537 242
103.551 23
103.558 242
103.577 23
103.582 242
103.589 23
103.595 242
103.612 23
103.618 242
103.633 23
103.638 242
103.653 23
103.658 242
103.673 23
103.678 242
103.693 23
103.698 242
103.713 23
103.717 242
103.736 23
103.742 242
103.749 23
103.754 242
103.774 23
103.778 242
103.793 23
103.798 242
103.814 23
103.818 242
103.833 23
103.838 242
103.854 23
103.858 242
103.877 23
103.882 242
103.897 23
103.902 242
103.908 23
103.913 242
103.933 23
103.946 242
103.953 23
103.958 242
103.972 23
103.977 242
103.991 23
103.997 242
104.011 23
104.016 242
104.032 23
104.037 242
104.055 23
104.06 242
104.069 23
104.075 242
104.091 23
104.097 242
104.113 23
104.118 242
104.132 23
104.138 242
104.153 23
104.158 242
104.173 23
104.178 242
104.193 23
104.198 242
104.217 23
104.223 242
104.228 23
104.232 242
104.253 23
104.258 242
104.272 23
104.277 242
104.291 23
104.298 242
104.314 23
104.319 242
104.332 23
104.339 242
104.353 23
104.359 242
104.376 23
104.382 242
104.389 23
104.395 242
104.414 23
104.418 242
104.433 23
104.439 242
104.451 23
104.456 242
104.472 23
104.478 242
104.493 23
104.498 242
104.512 23
104.518 242
104.537 23
104.542 242
104.549 23
104.555 242
104.572 23
104.578 242
104.594 23
104.599 242
104.613 23
104.618 242
104.633 23
104.638 242
104.654 23
104.659 242
104.673 23
104.677 242
104.697 23
104.702 242
104.71 23
104.716 242
104.733 23
104.738 242
104.754 23
104.758 242
104.772 23
104.772 20
104.778 504
104.792 23
104.831 756
104.836 16
104.882 530
104.893 23
104.898 242
104.915 23
104.92 242
104.933 23
104.938 242
104.953 23
104.958 242
104.971 23
104.976 242
104.991 23
104.996 242
105.016 23
105.021 242
105.028 23
105.034 242
105.051 23
105.056 242
105.072 23
105.077 242
105.092 23
105.097 242
105.113 23
105.118 242
105.165 23
105.17 507
105.176 23
105.181 242
105.188 23
105.192 242
105.212 23
105.218 242
105.233 23
105.238 242
105.252 23
105.257 242
105.271 23
105.276 242
105.293 23
105.298 242
105.313 23
105.317 242
105.336 23
105.342 242
105.349 23
105.389 507
105.395 265
105.412 23
105.417 242
105.432 23
105.437 242
105.451 23
105.456 242
105.473 23
105.478 242
105.495 23
105.5 242
105.508 23
105.513 242
105.532 23
105.539 242
105.552 23
105.557 242
105.607 23
105.613 756
105.613 16
105.632 23
105.639 242
105.662 23
105.668 242
105.674 265
105.692 23
105.698 242
105.713 23
105.718 242
105.732 23
105.737 242
105.752 23
105.757 242
105.773 23
105.778 242
105.792 23
105.83 756
105.83 16
105.852 23
105.858 242
105.874 23
105.88 242
105.892 23
105.898 242
105.913 23
105.919 242
105.933 23
105.939 242
105.952 23
105.958 242
105.976 23
105.981 242
105.989 23
105.995 242
106.012 23
106.052 530
106.056 242
106.072 23
106.076 242
106.092 23
106.097 242
106.111 23
106.116 242
106.135 23
106.14 242
106.148 23
106.154 242
106.172 23
106.177 242
106.193 23
106.198 242
106.212 23
106.216 242
106.233 23
106.238 242
106.253 23
106.258 242
106.271 23
106.275 242
106.294 23
106.299 242
106.308 23
106.313 242
106.332 23
106.339 242
106.354 23
106.359 242
106.374 23
106.379 242
106.392 23
106.398 242
106.413 23
106.417 242
106.433 23
106.438 242
106.456 23
106.461 242
106.468 23
106.472 242
106.493 23
106.497 242
106.513 23
106.517 242
106.532 23
106.539 242
106.554 23
106.559 242
106.573 23
106.577 242
106.593 23
106.598 242
106.617 23
106.622 242
106.628 23
106.633 242
106.653 23
106.658 242
106.673 23
106.677 242
106.692 23
106.696 242
106.712 23
106.719 242
106.734 23
106.738 242
106.752 23
106.759 242
106.777 23
106.783 242
106.791 23
106.797 242
106.812 23
106.819 242
106.833 23
106.839 242
106.853 23
106.859 242
106.873 23
106.878 242
106.894 23
106.899 242
106.914 23
106.919 242
106.938 23
106.944 242
106.949 23
106.955 242
106.974 23
106.979 242
106.992 23
106.999 242
107.014 23
107.018 242
107.033 23
107.038 242
107.052 23
107.057 242
107.072 23
107.079 242
107.097 23
107.102 242
107.109 23
107.114 242
107.133 23
107.137 242
107.153 23
107.157 242
107.173 23
107.178 242
107.194 23
107.199 242
107.214 23
107.219 242
107.233 23
107.237 242
107.257 23
107.261 242
107.269 23
107.273 242
107.291 23
107.297 242
107.313 23
107.317 242
107.332 23
107.338 242
107.354 23
107.358 242
107.374 23
107.378 242
107.393 23
107.399 242
107.418 23
107.423 242
107.429 23
107.433 242
107.452 23
107.459 242
107.474 23
107.479 242
107.492 23
107.497 242
107.512 23
107.517 242
107.532 23
107.536 242
107.552 23
107.557 242
107.576 23
107.581 242
107.588 23
107.594 242
107.612 23
107.618 242
107.632 23
107.637 242
107.652 23
107.657 242
107.674 23
107.678 242
107.692 23
107.697 242
107.712 23
107.717 242
107.736 23
107.741 242
107.747 23
107.752 242
107.772 23
107.777 242
107.793 23
107.798 242
107.814 23
107.819 242
107.833 23
107.838 242
107.852 23
107.857 242
107.872 23
107.878 242
107.896 23
107.901 242
107.908 23
107.914 242
107.933 23
107.937 242
107.952 23
107.956 242
107.973 23
107.978 242
107.992 23
107.998 242
108.011 23
108.016 242
108.03 23
108.034 242
108.05 23
108.056 242
108.069 23
108.075 242
108.093 23
108.098 242
108.112 23
108.117 242
108.132 23
108.137 242
108.152 23
108.158 242
108.171 23
108.176 242
108.191 23
108.197 242
108.215 23
108.22 242
108.228 23
108.235 242
108.252 23
108.258 242
108.273 23
108.279 242
108.292 23
108.296 242
108.312 23
108.317 242
108.333 23
108.338 242
108.352 23
108.357 242
108.376 23
108.381 242
108.389 23
108.394 242
108.413 23
108.418 242
108.432 23
108.436 242
108.452 23
108.458 242
108.472 23
108.478 242
108.493 23
108.498 242
108.514 23
108.519 242
108.537 23
108.542 242
108.548 23
108.552 242
108.573 23
108.578 242
108.594 23
108.599 242
108.612 23
108.617 242
108.632 23
108.636 242
108.652 23
108.657 242
108.672 23
108.678 242
108.697 23
108.702 242
108.707 23
108.714 242
108.732 23
108.738 242
108.753 23
108.758 242
108.772 23
108.777 242
108.792 23
108.797 242
108.815 23
108.819 242
108.832 23
108.836 242
108.855 23
108.86 242
108.868 23
108.874 242
108.892 23
108.898 242
108.913 23
108.919 242
108.931 23
108.936 242
108.952 23
108.957 242
108.971 23
108.978 242
108.993 23
108.998 242
109.017 23
109.023 242
109.028 265
109.052 23
109.057 242
109.072 23
109.077 242
109.094 23
109.098 242
109.113 23
109.118 242
109.134 23
109.14 242
109.155 23
109.159 242
109.177 23
109.182 242
109.189 23
109.196 242
109.213 23
109.218 242
109.234 23
109.239 242
109.253 23
109.259 242
109.275 23
109.28 242
109.292 23
109.298 242
109.313 23
109.318 242
109.336 23
109.34 242
109.349 23
109.355 242
109.372 23
109.378 242
109.394 23
109.398 242
109.413 23
109.418 242
109.435 23
109.439 242
109.453 23
109.457 242
109.472 23
109.479 242
109.498 23
109.503 242
109.508 23
109.515 242
109.533 23
109.538 242
109.553 23
109.559 242
109.575 23
109.579 242
109.591 23
109.597 242
109.612 23
109.618 242
109.633 23
109.638 242
109.656 23
109.661 242
109.668 23
109.672 242
109.693 23
109.698 242
109.714 23
109.719 242
109.733 23
109.739 242
109.755 23
109.759 242
109.772 23
109.772 20
109.777 504
109.792 23
109.828 756
109.833 16
109.879 530
109.893 23
109.898 242
109.913 23
109.918 242
109.935 23
109.94 242
109.952 23
109.958 242
109.978 23
109.983 242
109.987 23
109.992 242
110.012 23
110.018 242
110.034 23
110.039 242
110.054 23
110.059 242
110.073 23
110.078 242
110.093 23
110.098 242
110.112 23
110.117 242
110.135 23
110.14 242
110.148 23
110.188 507
110.193 265
110.212 23
110.217 242
110.232 23
110.237 242
110.252 23
110.257 242
110.271 23
110.276 242
110.296 23
110.3 242
110.309 23
110.314 242
110.333 23
110.338 242
110.353 23
110.358 242
110.406 23
110.411 507
110.417 265
110.432 23
110.438 242
110.457 23
110.463 242
110.468 23
110.472 242
110.494 23
110.499 242
110.513 23
110.518 242
110.533 23
110.537 242
110.553 23
110.558 242
110.574 23
110.578 242
110.627 23
110.629 756
110.632 16
110.652 23
110.658 242
110.674 23
110.679 242
110.693 23
110.698 242
110.713 23
110.718 242
110.733 23
110.738 242
110.752 23
110.758 242
110.777 23
110.782 242
110.788 23
110.793 242
110.812 23
110.851 507
110.857 265
110.871 23
110.878 242
110.892 23
110.896 242
110.912 23
110.918 242
110.936 23
110.941 242
110.948 23
110.953 242
110.973 23
110.978 243
111.273 23
111.273 756
111.273 281
111.279 530
111.3 23
111.304 242
111.314 23
111.317 242
111.335 23
111.34 242
111.372 23
111.377 265
111.382 242
111.398 23
111.402 242
111.424 23
111.428 242
111.433 23
111.437 242
111.451 23
111.458 242
111.474 23
111.479 242
111.492 23
111.497 242
111.512 23
111.517 242
111.534 23
111.538 242
111.552 23
111.558 242
111.571 23
111.58 242
111.588 23
111.595 242
111.612 23
111.617 242
111.633 23
111.638 242
111.651 23
111.656 242
111.669 23
111.674 242
111.693 23
111.699 242
111.711 23
111.717 242
111.736 23
111.74 242
111.747 23
111.751 242
111.768 23
111.774 242
111.787 23
111.792 242
111.809 23
111.814 242
111.83 23
111.835 242
111.85 23
111.855 242
111.87 23
111.874 242
111.893 23
111.898 242
111.907 23
111.911 242
111.928 23
111.933 242
111.952 23
111.957 242
111.975 23
111.98 242
111.991 23
111.995 242
112.012 23
112.018 242
112.034 23
112.038 242
112.056 23
112.06 242
112.067 23
112.071 242
112.092 23
112.097 242
112.112 23
112.117 242
112.133 23
112.138 242
112.154 23
112.159 242
112.174 23
112.179 242
112.192 23
112.198 242
112.217 23
112.221 242
112.229 23
112.234 242
112.253 23
112.258 242
112.274 23
112.279 242
112.292 23
112.297 242
112.313 23
112.318 242
112.332 23
112.338 242
112.354 23
112.359 242
112.376 23
112.38 242
112.388 23
112.395 242
112.414 23
112.419 242
112.433 23
112.438 242
112.454 23
112.459 242
112.475 23
112.48 242
112.493 23
112.497 242
112.513 23
112.518 242
112.538 23
112.543 242
112.549 23
112.555 242
112.572 23
112.578 242
112.593 23
112.598 242
112.612 23
112.619 242
112.635 23
112.639 242
112.653 23
112.658 242
112.674 23
112.679 242
112.694 23
112.698 242
112.708 23
112.712 242
112.727 23
112.731 242
112.745 23
112.748 242
112.764 23
112.768 242
112.785 23
112.789 242
112.806 23
112.811 242
112.825 23
112.828 242
112.846 23
112.9 242
112.904 530
112.908 265
112.924 23
112.928 242
112.945 23
112.949 242
112.964 23
112.968 242
112.984 23
112.989 242
113.042 23
113.045 756
113.045 16
113.065 23
113.069 242
113.084 23
113.088 242
113.105 23
113.109 242
113.126 23
113.13 242
113.184 23
113.189 756
113.189 16
113.213 23
113.218 242
113.234 23
113.239 242
113.254 23
113.259 242
113.274 23
113.279 242
113.294 23
113.299 242
113.315 23
113.319 242
113.336 23
113.387 756
113.391 16
113.396 265
113.412 23
113.418 242
113.433 23
113.439 242
113.454 23
113.459 242
113.473 23
113.477 242
113.497 23
113.503 242
113.508 46
113.513 219
113.533 23
113.538 242
113.552 23
113.557 242
113.573 23
113.578 242
113.593 23
113.599 242
113.613 23
113.619 242
113.672 23
113.672 756
113.678 16
113.693 23
113.698 242
113.714 23
113.719 242
113.734 23
113.739 242
113.752 23
113.757 242
113.772 23
113.777 242
113.837 23
113.837 756
113.842 16
113.853 23
113.858 242
113.872 23
113.878 242
113.893 23
113.899 242
113.915 23
113.919 242
113.933 23
113.971 242
113.976 265
113.981 265
113.988 23
113.993 242
114.014 23
114.019 242
114.033 23
114.038 242
114.052 23
114.057 242
114.099 23
114.103 507
114.108 265
114.13 23
114.134 242
114.142 23
114.145 242
114.16 23
114.164 242
114.178 23
114.182 242
114.227 23
114.231 507
114.24 23
114.244 242
114.262 23
114.266 242
114.283 23
114.286 242
114.301 23
114.305 242
114.34 23
114.343 288
114.365 219
114.369 265
114.382 23
114.386 242
114.403 23
114.407 242
114.422 23
114.426 242
114.442 23
114.447 242
114.493 23
114.498 507
114.503 265
114.523 23
114.527 242
114.544 23
114.548 242
114.564 23
114.568 242
114.585 23
114.622 756
114.626 16
114.644 23
114.648 242
114.663 23
114.668 242
114.683 23
114.687 242
114.703 23
114.707 242
114.744 23
114.748 507
114.764 23
114.768 242
114.771 262
114.771 20
114.781 23
114.822 756
114.826 16
114.844 23
114.848 242
114.864 23
114.868 242
114.882 23
114.886 242
114.945 23
114.945 756
114.948 16
114.986 23
114.99 507
115.004 23
115.008 242
115.025 23
115.028 242
115.055 23
115.06 242
115.065 265
115.082 23
115.086 242
115.102 23
115.106 242
115.124 23
115.127 242
115.144 23
115.148 242
115.166 23
115.17 242
115.467 756
115.467 304
115.467 756
115.467 756
115.467 530
115.519 756
115.519 647
115.533 23
115.538 242
115.553 23
115.559 242
115.577 23
115.583 242
115.589 23
115.593 242
115.612 23
115.894 756
115.894 756
115.894 756
115.894 756
115.896 156
115.899 507
115.904 265
115.908 23
115.912 242
115.931 23
115.936 242
115.953 23
115.958 242
115.974 23
115.978 242
115.992 23
115.997 242
116.017 23
116.021 242
116.032 23
116.037 242
116.061 23
116.066 242
116.07 265
116.127 23
116.132 576
116.138 196
116.154 23
116.158 242
116.173 23
116.178 242
116.192 23
116.198 242
116.218 23
116.223 242
116.228 138
116.235 127
116.292 23
116.292 756
116.297 16
116.312 23
116.317 242
116.334 23
116.34 242
116.353 23
116.358 242
116.376 23
116.381 242
116.391 23
116.397 242
116.457 23
116.457 756
116.462 16
116.476 23
116.481 242
116.492 23
116.497 242
116.513 23
116.517 242
116.536 23
116.541 242
116.55 23
116.554 242
116.573 23
116.577 242
116.593 23
116.597 242
116.613 23
116.617 242
116.632 23
116.637 242
116.653 23
116.658 242
116.675 23
116.68 242
116.742 23
116.742 756
116.747 16
116.753 23
116.758 242
116.775 23
116.78 242
116.793 23
116.798 242
116.813 23
116.818 242
116.833 23
116.839 242
116.907 23
116.907 756
116.912 16
116.917 265
116.933 23
116.939 242
116.956 23
116.96 242
116.974 23
116.978 242
116.993 23
116.998 242
117.017 23
117.072 242
117.072 756
117.077 39
117.092 23
117.097 242
117.113 23
117.118 242
117.134 23
117.139 242
117.153 23
117.159 242
117.177 23
117.182 242
117.189 23
117.194 242
117.214 23
117.219 242
117.232 23
117.237 242
117.252 23
117.258 242
117.274 23
117.279 242
117.294 23
117.299 242
117.356 23
117.356 756
117.361 16
117.373 23
117.378 242
117.394 23
117.399 242
117.412 23
117.417 242
117.432 23
117.436 242
117.452 23
117.456 242
117.521 23
117.521 756
117.534 16
117.55 265
117.555 265
117.574 23
117.58 242
117.595 23
117.598 242
117.607 23
117.611 242
117.625 23
117.629 242
117.686 23
117.686 756
117.69 16
117.703 23
117.718 242
117.724 265
117.742 23
117.747 242
117.762 23
117.769 242
117.784 23
117.789 242
117.804 23
117.812 242
117.822 23
117.826 242
117.843 23
117.849 242
117.864 23
117.868 242
117.884 23
117.888 242
117.902 23
117.907 242
117.971 23
117.971 756
117.975 16
117.987 23
117.991 242
118.006 23
118.01 242
118.027 23
118.035 242
118.047 23
118.051 242
118.068 23
118.072 242
118.086 23
118.136 756
118.141 16
118.145 23
118.149 242
118.167 23
118.171 242
118.185 23
118.189 242
118.301 23
118.301 756
118.305 281
118.348 23
118.353 507
118.357 265
118.362 265
118.425 23
118.429 507
118.434 265
118.438 265
118.509 23
118.515 507
118.519 265
118.523 265
118.59 23
118.593 756
118.595 16
118.598 265
118.666 23
118.67 507
118.674 265
118.678 265
118.75 23
118.755 756
118.755 16
118.761 23
118.765 242
118.827 23
118.834 507
118.839 265
118.843 265
118.915 23
118.92 507
118.924 530
118.988 23
118.998 756
118.998 16
119.006 265
119.068 23
119.073 507
119.077 265
119.081 265
119.147 23
119.2 507
119.204 530
119.241 23
119.241 756
119.245 281
119.365 23
119.365 756
119.365 281
119.387 23
119.393 507
119.399 265
119.419 23
119.423 242
119.501 23
119.501 756
119.512 281
119.548 23
119.557 756
119.56 281
119.627 23
119.631 507
119.636 265
119.64 265
119.736 23
119.736 756
119.74 281
119.771 23
119.771 20
119.776 239
119.806 23
119.806 756
119.811 281
119.874 23
119.879 242
119.884 265
119.889 23
119.894 242
119.899 265
119.955 23
119.959 242
119.964 265
119.968 265
119.977 265
120.033 23
120.037 242
120.042 265
120.051 23
120.056 288
120.061 219
120.112 23
120.117 242
120.121 265
120.125 265
120.128 265
120.226 23
120.226 756
120.23 281
120.268 23
120.272 242
120.276 265
120.28 265
120.284 265
120.354 23
120.359 242
120.363 265
120.369 265
120.375 23
120.379 242
120.449 23
120.449 756
120.453 16
120.457 265
120.513 23
120.518 242
120.523 265
120.528 46
120.532 219
120.537 265
120.598 23
120.603 507
120.609 23
120.614 242
120.618 265
121.514 756
121.514 281
121.514 756
121.514 23
121.521 756
121.521 1668
121.549 23
121.554 357
121.558 150
121.563 265
121.568 23
121.573 242
121.634 23
121.639 242
121.645 265
121.649 265
121.657 23
121.662 242
121.719 23
121.724 380
121.729 127
121.734 265
121.739 265
121.792 23
121.796 288
121.801 219
121.805 265
121.812 23
121.816 242
121.876 23
121.881 507
121.887 23
121.892 242
121.899 265
121.955 23
121.961 242
121.965 265
121.971 23
121.976 242
121.981 265
122.04 23
122.045 357
122.05 150
122.054 265
122.06 23
122.065 242
122.113 23
122.118 242
122.123 265
122.131 23
122.135 242
122.14 265
122.206 23
122.21 756
122.21 16
122.218 23
122.224 242
122.275 23
122.279 242
122.284 265
122.289 23
122.295 242
122.299 265
122.359 23
122.364 242
122.369 265
122.374 265
122.379 265
122.435 23
122.44 242
122.445 265
122.45 265
122.456 23
122.463 242
122.518 23
122.523 507
122.529 23
122.534 242
122.54 265
122.594 23
122.599 242
122.604 265
122.61 23
122.615 242
122.62 265
122.675 23
122.68 380
122.685 127
122.69 265
122.696 265
122.746 23
122.75 507
122.754 23
122.758 242
122.762 265
122.832 23
122.836 507
122.842 265
122.847 265
122.907 23
122.913 507
122.919 530
122.986 23
122.993 507
122.999 265
123.003 265
123.072 23
123.077 242
123.081 265
123.085 265
123.089 265
123.153 23
123.157 265
123.162 242
123.166 265
123.17 265
123.232 23
123.239 507
123.244 265
123.248 265
123.314 23
123.319 507
123.323 265
123.327 265
123.393 23
123.397 242
123.408 23
123.413 507
123.417 265
123.477 23
123.481 242
123.485 265
123.489 265
123.494 23
123.499 242
123.551 23
123.556 242
123.561 265
123.565 265
123.569 265
123.627 23
123.632 242
123.636 265
123.641 265
123.645 23
123.649 242
123.704 23
123.709 507
123.713 265
123.718 265
123.786 23
123.79 243
125.098 20
125.098 756
125.098 281
125.302 756
125.507 23
125.712 756
125.712 756
125.717 756
125.717 1512
125.722 2268
125.727 2268
125.731 3024
125.736 2211
125.743 23
125.789 242
125.795 23
125.8 242
125.805 265
125.81 23
125.815 242
125.822 265
125.908 23
125.908 756
125.913 281
125.955 23
125.96 242
125.965 265
125.969 23
125.974 242
125.979 265
126.037 23
126.043 507
126.049 23
126.054 242
126.059 265
126.131 23
126.131 756
126.135 16
126.142 265
126.198 23
126.203 242
126.208 265
126.212 265
126.217 69
126.223 196
126.273 23
126.278 242
126.284 265
126.288 115
126.293 150
126.299 265
126.358 23
126.363 242
126.368 265
126.372 265
126.377 46
126.381 219
126.434 23
126.438 242
126.443 265
126.449 23
126.453 242
126.457 138
126.463 127
126.518 23
126.523 242
126.528 265
126.532 265
126.538 23
126.543 242
126.594 23
126.599 242
126.603 265
126.609 23
126.613 242
126.617 265
126.941 23
126.941 756
126.941 281
126.941 756
126.946 39
126.951 265
126.997 23
127.002 242
127.008 265
127.013 265
127.017 92
127.023 173
127.075 23
127.081 242
127.085 265
127.09 23
127.095 242
127.1 265
127.158 23
127.163 242
127.168 265
127.174 23
127.179 242
127.184 23
127.189 242
127.234 23
127.239 242
127.243 265
127.249 23
127.254 242
127.26 265
127.318 23
127.324 242
127.328 265
127.333 265
127.338 23
127.345 242
127.395 23
127.399 242
127.404 265
127.409 23
127.413 242
127.418 265
127.479 23
127.484 242
127.489 265
127.494 265
127.499 23
127.505 242
127.554 23
127.559 242
127.564 265
127.569 23
127.573 242
127.579 265
127.638 23
127.643 242
127.648 265
127.652 265
127.659 23
127.663 242
127.714 23
127.719 242
127.725 265
127.733 23
127.738 242
127.743 265
127.791 23
127.796 242
127.8 265
127.805 265
127.808 265
127.873 23
127.877 242
127.884 23
127.889 242
127.893 265
127.898 23
127.903 242
127.957 23
127.961 242
127.966 265
127.971 265
127.975 23
127.98 242
128.035 23
128.04 242
128.046 265
128.052 23
128.056 242
128.061 69
128.068 196
128.118 23
128.123 242
128.128 311
128.133 219
128.137 265
128.193 23
128.198 242
128.203 265
128.208 138
128.213 127
128.218 265
128.278 23
128.283 380
128.288 127
128.293 265
128.298 265
128.354 23
128.358 242
128.363 265
128.368 23
128.374 242
128.379 265
128.437 23
128.442 311
128.447 196
128.452 265
128.457 265
128.513 23
128.518 242
128.522 265
128.53 23
128.534 242
128.539 265
128.597 23
128.602 334
128.607 173
128.612 265
128.617 265
128.674 23
128.678 242
128.685 265
128.689 138
128.694 127
128.699 265
128.764 23
128.768 46
128.773 576
128.778 415
128.833 23
128.838 242
128.843 265
128.85 23
128.855 242
128.861 265
128.918 23
128.932 507
128.937 265
128.942 265
128.996 23
129.001 380
129.006 127
129.011 265
129.017 23
129.023 242
129.078 23
129.083 311
129.089 196
129.095 265
129.101 265
129.155 23
129.16 242
129.165 265
129.169 265
129.176 23
129.182 242
129.235 23
129.24 357
129.245 150
129.25 265
129.256 23
129.261 242
129.314 23
129.319 242
129.324 265
129.328 115
129.333 150
129.338 265
129.398 23
129.403 507
129.41 23
129.415 242
129.42 265
129.475 23
129.481 242
129.486 265
129.49 265
129.498 23
129.505 242
129.558 23
129.563 507
129.569 23
129.574 242
129.579 265
129.634 23
129.639 242
129.644 265
129.65 23
129.655 242
129.661 265
129.719 23
129.724 507
129.73 23
129.735 242
129.74 265
129.773 23
129.773 20
129.778 239
129.793 23
129.809 756
129.814 16
129.86 265
129.878 23
129.883 242
129.888 265
129.893 265
129.9 23
129.907 242
129.953 23
129.959 242
129.964 265
129.969 46
129.974 219
129.979 265
130.045 23
130.048 756
130.05 16
130.056 23
130.063 242
130.116 23
130.122 242
130.127 265
130.131 265
130.136 23
130.141 242
130.199 23
130.204 507
130.209 23
130.214 242
130.219 265
130.275 23
130.28 242
130.285 265
130.29 115
130.295 150
130.3 265
130.357 23
130.363 507
130.369 23
130.374 242
130.379 265
130.435 23
130.44 242
130.445 265
130.45 265
130.49 265
130.517 23
130.522 311
130.529 461
130.535 23
130.54 242
130.594 23
130.599 242
130.604 265
130.61 23
130.615 242
130.621 265
130.708 23
130.708 756
130.714 281
130.752 23
130.756 242
130.761 265
130.768 23
130.773 242
130.779 265
130.839 23
130.844 242
130.849 265
130.853 265
130.858 23
130.864 242
130.929 23
130.929 756
130.934 16
130.939 265
130.998 23
131.003 507
131.009 23
131.014 242
131.018 265
131.074 23
131.079 242
131.084 265
131.088 138
131.093 127
131.098 265
131.157 23
131.162 242
131.167 265
131.172 265
131.177 265
131.235 23
131.241 242
131.245 265
131.25 265
131.257 23
131.263 242
131.319 23
131.324 507
131.33 23
131.335 242
131.339 265
131.394 23
131.399 242
131.403 265
131.409 23
131.414 242
131.418 265
131.479 23
131.484 242
131.488 265
131.493 265
131.498 265
131.555 23
131.56 242
131.564 265
131.569 23
131.574 242
131.578 265
131.638 23
131.644 242
131.648 265
131.654 265
131.658 265
131.714 23
131.719 242
131.724 265
131.729 265
131.737 23
131.741 242
131.804 23
131.809 756
131.809 16
131.816 23
131.82 242
131.875 23
131.88 242
131.885 265
131.89 265
131.897 23
131.903 242
131.957 23
131.963 334
131.968 173
131.973 265
131.978 265
132.034 23
132.039 242
132.044 265
132.049 138
132.054 127
132.06 265
132.119 23
132.124 288
132.129 311
132.134 173
132.14 265
132.196 23
132.201 242
132.206 265
132.21 265
132.217 23
132.223 242
132.277 23
132.282 242
132.287 265
132.292 265
132.299 23
132.304 242
132.353 23
132.358 242
132.363 265
132.369 23
132.374 242
132.379 265
132.437 23
132.442 311
132.447 196
132.451 265
132.457 23
132.463 242
132.514 23
132.519 242
132.523 265
132.53 23
132.535 242
132.54 23
132.545 242
132.598 23
132.603 265
132.609 242
132.614 265
132.618 265
132.674 23
132.679 242
132.684 265
132.69 23
132.695 242
132.7 265
132.758 23
132.763 242
132.77 530
132.777 23
132.783 242
132.833 23
132.838 242
132.843 265
132.851 23
132.855 242
132.86 265
132.918 23
132.923 311
132.928 196
132.932 265
132.939 23
132.943 242
132.991 23
132.996 242
133.001 265
133.005 265
133.011 23
133.015 242
133.077 23
133.083 265
133.088 242
133.093 265
133.099 23
133.105 242
133.153 23
133.158 242
133.163 265
133.169 23
133.174 242
133.179 265
133.237 23
133.242 507
133.248 23
133.253 242
133.258 265
133.314 23
133.318 242
133.323 265
133.329 23
133.334 243
133.904 23
133.904 756
133.909 546
133.953 23
133.957 242
133.965 23
133.969 242
133.974 265
133.977 265
134.045 23
134.05 507
134.055 265
134.061 265
134.115 23
134.119 242
134.124 265
134.131 23
134.135 242
134.141 265
134.198 23
134.203 357
134.208 150
134.214 265
134.221 265
134.274 23
134.279 242
134.284 265
134.289 23
134.294 242
134.298 265
134.357 23
134.362 507
134.368 23
134.372 242
134.377 265
134.435 23
134.44 242
134.445 265
134.45 265
134.457 23
134.463 242
134.517 23
134.524 507
134.529 69
134.534 196
134.539 265
134.593 23
134.598 242
134.602 265
134.608 23
134.614 242
134.62 265
134.678 23
134.683 243
134.772 20
134.772 23
134.776 239
134.825 0
136.259 23
136.259 756
136.259 546
136.259 756
136.28 23
136.284 592
136.288 242
136.292 265
136.301 23
136.306 242
136.353 23
136.359 242
136.372 23
136.377 576
136.382 196
136.437 23
136.442 334
136.447 173
136.451 265
136.457 23
136.461 242
136.515 23
136.52 242
136.525 265
136.529 265
136.537 23
136.543 242
136.599 23
136.604 334
136.609 219
136.614 219
136.62 265
136.673 23
136.678 242
136.683 265
136.689 23
136.694 242
136.699 265
136.758 23
136.764 507
136.77 23
136.775 242
136.78 265
136.833 23
136.839 242
136.844 265
136.848 46
136.853 219
136.859 265
136.916 23
136.921 265
136.927 242
136.932 265
136.937 265
136.995 23
136.999 242
137.005 265
137.011 265
137.018 23
137.024 242
137.078 23
137.083 242
137.088 265
137.092 265
137.097 23
137.102 242
137.154 23
137.158 242
137.163 265
137.169 23
137.174 242
137.18 265
137.238 23
137.243 380
137.248 127
137.253 265
137.257 265
137.315 23
137.32 242
137.324 265
137.329 138
137.334 127
137.341 265
137.397 23
137.403 507
137.409 23
137.414 242
137.419 265
137.472 23
137.477 242
137.482 265
137.489 23
137.495 288
137.501 219
137.556 23
137.561 265
137.566 242
137.571 265
137.577 23
137.584 242
137.635 23
137.64 242
137.645 265
137.649 23
137.654 242
137.659 265
137.717 23
137.722 507
137.727 23
137.732 242
137.737 265
137.793 23
137.799 242
137.804 265
137.81 265
137.816 23
137.822 242
137.879 23
137.885 507
137.89 23
137.895 242
137.904 265
137.954 23
137.959 242
137.963 265
137.969 265
137.976 23
137.982 242
138.039 23
138.045 380
138.051 392
138.056 23
138.061 242
138.114 23
138.119 242
138.124 265
138.129 23
138.135 242
138.139 265
138.199 23
138.204 507
138.21 23
138.215 242
138.221 265
138.273 23
138.278 242
138.283 265
138.289 23
138.293 242
138.298 265
138.357 23
138.361 242
138.366 265
138.371 265
138.376 23
138.382 242
138.434 23
138.439 242
138.444 265
138.449 23
138.454 242
138.459 265
138.517 23
138.522 242
138.527 265
138.532 265
138.537 265
138.595 23
138.6 242
138.606 265
138.61 265
138.616 23
138.621 242
138.679 23
138.684 288
138.689 219
138.694 265
138.701 265
138.754 23
138.76 242
138.772 530
138.777 23
138.781 242
138.836 23
138.841 507
138.849 23
138.854 242
138.859 265
138.913 23
138.919 242
138.924 265
138.929 265
138.934 265
138.999 23
139.004 242
139.012 530
139.017 46
139.022 219
139.073 23
139.078 242
139.084 265
139.09 23
139.095 242
139.1 265
139.159 23
139.164 242
139.169 265
139.174 265
139.179 23
139.186 242
139.234 23
139.24 242
139.245 265
139.25 265
139.258 23
139.264 242
139.318 23
139.324 507
139.331 23
139.336 242
139.343 265
139.394 23
139.399 242
139.405 265
139.41 265
139.416 23
139.422 242
139.479 23
139.485 242
139.49 265
139.494 265
139.501 265
139.554 23
139.559 242
139.565 265
139.57 46
139.575 219
139.581 265
139.639 23
139.646 507
139.653 265
139.659 23
139.667 242
139.713 23
139.72 242
139.725 265
139.731 265
139.736 23
139.744 242
139.772 23
139.772 20
139.78 239
139.786 0
139.799 23
139.811 756
139.817 16
139.864 265
139.875 23
139.882 242
139.888 265
139.894 265
139.901 265
139.958 23
139.964 507
139.97 265
139.977 23
139.984 242
140.033 23
140.039 242
140.044 265
140.084 23
140.089 507
140.118 23
140.124 357
140.13 415
140.136 23
140.142 242
140.194 23
140.199 242
140.204 265
140.209 265
140.217 23
140.223 242
140.307 23
140.307 756
140.312 281
140.354 23
140.36 242
140.365 265
140.37 265
140.376 23
140.382 242
140.439 23
140.443 507
140.45 23
140.456 242
140.465 265
140.527 23
140.527 756
140.533 281
140.588 23
140.594 288
140.598 357
140.601 127
140.605 265
140.67 23
140.675 242
140.679 265
140.685 23
140.689 242
140.694 265
140.759 23
140.764 507
140.769 265
140.776 23
140.781 242
140.832 23
140.837 242
140.842 265
140.848 23
140.854 242
140.86 265
140.917 23
140.923 507
140.929 23
140.969 242
140.976 265
140.992 23
140.998 242
141.004 265
141.009 265
141.016 23
141.022 242
141.077 23
141.082 507
141.089 23
141.094 242
141.1 265
141.161 23
141.166 507
141.171 265
141.176 23
141.182 242
141.238 23
141.245 507
141.251 265
141.258 23
141.265 242
141.313 23
141.318 242
141.324 265
141.329 265
141.336 23
141.34 242
141.398 23
141.403 242
141.41 265
141.415 265
141.422 265
141.469 23
141.475 242
141.482 530
141.486 265
141.548 23
141.552 507
141.557 265
141.562 23
141.568 242
141.634 23
141.64 242
141.646 265
141.652 265
141.658 23
141.664 242
141.719 23
141.724 507
141.73 23
141.736 242
141.743 265
141.794 23
141.799 242
141.805 265
141.811 23
141.817 242
141.825 265
141.878 23
141.885 507
141.892 23
141.898 242
141.905 265
141.953 23
141.958 242
141.965 265
141.969 265
141.978 23
141.983 242
142.037 23
142.044 507
142.05 265
142.057 23
142.064 242
142.114 23
142.12 242
142.125 265
142.131 265
142.137 138
142.145 127
142.198 23
142.204 507
142.21 265
142.217 23
142.224 242
142.274 23
142.28 242
142.284 265
142.29 265
142.296 23
142.303 242
142.359 23
142.365 507
142.371 265
142.377 23
142.384 242
142.435 23
142.44 242
142.446 265
142.453 265
142.46 265
142.516 23
142.521 507
142.528 138
142.533 127
142.541 265
142.592 23
142.599 242
142.605 265
142.612 265
142.62 265
142.676 23
142.681 243
142.687 265
142.693 265
142.699 265
142.755 23
142.761 242
142.767 265
142.773 138
142.779 127
142.784 265
142.839 23
142.844 507
142.85 265
142.856 23
142.864 242
142.914 23
142.92 242
142.926 265
142.931 265
142.938 23
142.944 242
142.999 23
143.005 507
143.011 265
143.019 23
143.025 242
143.074 23
143.08 334
143.085 173
143.092 265
143.097 265
143.156 23
143.161 507
143.167 265
143.172 265
143.231 23
143.236 242
143.242 265
143.249 265
143.257 265
143.319 23
143.326 507
143.332 265
143.339 23
143.346 242
143.395 23
143.4 242
143.405 265
143.412 265
143.417 23
143.425 242
143.479 23
143.485 507
143.491 265
143.498 23
143.504 242
143.555 23
143.56 242
143.566 265
143.57 265
143.576 138
143.583 127
143.637 23
143.643 507
143.649 46
143.654 219
143.658 265
143.715 23
143.721 265
143.726 242
143.73 265
143.738 23
143.744 242
143.798 23
143.804 507
143.811 265
143.818 23
143.825 242
143.875 23
143.881 242
143.887 265
143.892 265
143.897 265
143.958 23
143.963 507
143.97 23
143.976 242
143.984 265
144.034 23
144.041 242
144.046 265
144.053 265
144.06 265
144.118 23
144.124 507
144.13 265
144.137 23
144.143 242
144.195 23
144.201 380
144.208 127
144.214 265
144.221 265
144.279 23
144.285 507
144.292 265
144.298 23
144.303 242
144.354 23
144.359 242
144.365 265
144.37 23
144.375 242
144.383 265
144.439 23
144.445 507
144.452 23
144.458 242
144.466 265
144.514 23
144.52 242
144.526 265
144.531 265
144.537 265
144.597 23
144.603 507
144.609 23
144.613 242
144.619 265
144.673 23
144.679 242
144.687 265
144.693 265
144.7 265
144.76 23
144.766 507
144.771 265
144.772 20
144.777 262
144.787 265
144.833 0
144.833 115
144.838 150
144.842 92
144.847 173
144.853 265
144.858 265
144.919 23
144.925 507
144.93 23
144.936 242
144.941 265
144.996 23
145.002 242
145.007 265
145.013 265
145.02 23
145.025 242
145.106 23
145.106 756
145.111 281
145.154 23
145.159 242
145.164 265
145.169 265
145.176 23
145.181 242
145.238 23
145.243 507
145.249 46
145.254 219
145.259 265
145.326 23
145.331 756
145.331 16
145.336 115
145.342 150
145.398 23
145.403 507
145.409 265
145.416 23
145.423 242
145.474 23
145.48 242
145.486 265
145.49 265
145.496 23
145.502 242
145.885 23
145.885 756
145.897 281
145.903 23
145.908 242
145.913 138
145.92 127
145.96 23
145.99 507
145.996 530
146.04 23
146.045 357
146.051 150
146.056 265
146.062 265
146.112 23
146.117 242
146.122 265
146.128 265
146.135 23
146.14 242
146.211 23
146.211 756
146.216 16
146.223 265
146.274 23
146.279 242
146.285 265
146.29 265
146.296 23
146.302 242
146.359 23
146.365 507
146.37 265
146.376 23
146.384 242
146.434 23
146.441 507
146.448 23
146.453 242
146.46 265
146.518 23
146.524 311
146.529 461
146.533 265
146.595 23
146.601 242
146.606 265
146.612 265
146.617 23
146.622 242
146.666 23
146.67 242
146.676 265
146.681 530
146.753 23
146.759 357
146.765 150
146.77 265
146.776 265
146.838 23
146.844 507
146.849 23
146.854 242
146.86 265
147.73 756
147.73 546
148.343 756
148.343 756
148.65 23
148.65 756
148.661 1512
148.666 2268
148.672 2268
148.677 2268
148.683 3024
148.688 2822
148.693 265
148.699 265
148.76 23
148.765 507
148.771 23
148.776 242
148.781 265
148.833 23
148.838 242
148.844 265
148.848 69
148.855 196
148.86 265
148.919 23
148.925 380
148.93 265
148.936 127
148.941 265
148.995 23
149.001 242
149.006 265
149.013 265
149.02 265
149.076 23
149.083 507
149.088 265
149.096 23
149.102 242
149.154 23
149.16 242
149.166 265
149.171 265
149.177 265
149.238 23
149.244 507
149.249 265
149.257 23
149.264 242
149.315 23
149.321 507
149.328 23
149.334 242
149.341 265
149.397 23
149.404 507
149.409 265
149.981 23
149.981 756
149.981 278
149.981 20
150.216 1364
150.216 0
150.216 756
150.493 0
150.493 756
150.602 1512
150.607 1512
150.612 2268
150.616 2167
150.62 265
150.68 23
150.687 507
150.691 23
150.697 242
150.702 265
150.748 23
150.788 242
150.788 756
150.798 39
150.839 23
150.845 265
150.85 242
150.855 265
150.861 265
150.914 23
150.92 242
150.925 23
150.929 242
150.934 265
150.942 23
150.947 242
151.009 23
151.009 756
151.015 16
151.021 265
151.075 23
151.08 242
151.085 265
151.091 23
151.097 242
151.101 265
151.151 23
151.155 507
151.159 23
151.165 507
151.231 23
151.236 756
151.236 16
151.24 138
151.247 127
151.309 23
151.314 507
151.319 265
151.323 265
151.394 23
151.399 242
151.405 265
151.409 265
151.416 23
151.421 242
151.479 23
151.486 507
152.234 23
152.234 756
152.234 281
152.244 530
152.278 23
152.285 357
152.29 415
152.297 23
152.304 242
152.355 23
152.362 242
152.367 265
152.372 265
152.378 23
152.385 242
152.44 23
152.445 288
152.45 357
152.455 127
152.462 265
152.514 23
152.519 242
152.524 265
152.529 265
152.536 23
152.543 242
152.599 23
152.604 357
152.61 150
152.616 265
152.621 265
152.676 23
152.681 242
152.687 265
152.693 265
152.699 265
152.757 23
152.762 242
152.767 265
152.773 265
152.778 265
152.835 23
152.841 242
152.847 265
152.853 265
152.859 265
152.918 23
152.925 507
152.93 23
152.935 242
152.939 265
152.998 23
153.004 357
153.01 173
153.015 242
153.021 265
153.078 23
153.083 242
153.088 265
153.093 265
153.098 23
153.104 242
153.155 23
153.161 242
153.166 265
153.171 265
153.176 23
153.182 242
153.239 23
153.245 265
153.25 242
153.255 265
153.261 265
153.317 23
153.322 242
153.327 265
153.332 265
153.338 23
153.344 242
153.4 23
153.405 507
153.41 115
153.415 150
153.42 265
153.474 23
153.48 242
153.485 265
153.489 46
153.494 219
153.499 265
153.559 23
153.565 380
153.57 242
153.575 150
153.58 265
153.635 23
153.64 242
153.646 265
153.651 115
153.656 150
153.661 265
153.72 23
153.725 357
153.73 415
153.739 23
153.744 242
153.795 23
153.801 242
153.806 265
153.811 265
153.818 23
153.824 242
153.878 23
153.884 507
153.89 23
153.895 242
153.902 265
153.955 23
153.961 242
153.966 265
153.972 23
153.978 242
153.984 265
154.039 23
154.044 507
154.051 23
154.057 242
154.062 265
154.114 23
154.119 242
154.124 265
154.129 69
154.134 196
154.139 265
154.199 23
154.204 507
154.211 23
154.216 242
154.221 265
154.276 23
154.281 242
154.286 265
154.291 265
154.298 23
154.304 242
154.36 23
154.365 507
154.37 138
154.375 127
154.379 265
154.434 23
154.439 242
154.444 265
154.449 23
154.454 242
154.459 265
154.518 23
154.524 357
154.529 150
154.534 265
154.539 265
154.596 23
154.601 242
154.606 265
154.611 265
154.618 23
154.623 242
154.679 23
154.685 380
154.691 392
154.698 23
154.704 242
154.756 23
154.761 242
154.766 265
154.771 265
154.772 20
154.776 354
154.783 173
154.783 0
154.84 23
154.845 265
154.85 507
154.857 23
154.864 242
154.915 23
154.92 242
154.925 265
154.93 23
154.935 242
154.94 265
155 23
155.005 507
155.011 23
155.016 242
155.021 265
155.074 23
155.079 242
155.084 265
155.089 265
155.096 23
155.102 242
155.158 23
155.164 265
155.168 242
155.173 265
155.18 265
155.235 23
155.24 242
155.245 265
155.25 115
155.255 150
155.261 265
155.318 23
155.323 334
155.328 173
155.366 265
155.371 265
155.392 23
155.397 242
155.403 265
155.409 23
155.414 242
155.421 265
155.477 23
155.483 507
155.489 23
155.494 242
155.5 265
155.587 23
155.587 756
155.594 281
155.639 23
155.644 242
155.649 265
155.654 265
155.661 265
155.715 23
155.72 242
155.725 265
155.73 265
155.737 23
155.743 242
155.809 23
155.809 756
155.813 16
155.819 265
155.873 23
155.878 242
155.883 265
155.889 23
155.894 242
155.9 265
155.959 23
155.964 334
155.969 173
155.974 265
155.98 265
156.034 23
156.039 242
156.044 265
156.049 23
156.054 242
156.059 265
156.122 23
156.128 507
156.132 265
156.138 23
156.143 242
156.193 23
156.198 242
156.203 265
156.209 23
156.214 242
156.251 265
156.277 23
156.283 507
156.289 23
156.294 242
156.299 265
156.355 23
156.36 242
156.365 265
156.37 115
156.374 150
156.381 265
156.438 23
156.444 507
156.45 23
156.455 242
156.461 265
156.514 23
156.519 242
156.524 265
156.529 23
156.534 242
156.539 265
156.598 23
156.603 334
156.608 173
156.613 265
156.618 23
156.623 242
156.842 23
156.842 756
156.842 281
156.848 530
156.853 265
156.858 23
156.863 242
156.915 23
156.921 380
156.927 127
156.933 265
156.938 265
156.995 23
157.001 242
157.006 265
157.012 265
157.017 23
157.024 242
157.08 23
157.085 242
157.09 265
157.095 265
157.101 265
157.154 23
157.16 242
157.166 265
157.171 265
157.177 23
157.184 242
157.239 23
157.244 242
157.249 265
157.256 265
157.261 265
157.314 23
157.319 242
157.324 265
157.331 23
157.336 242
157.34 265
157.4 23
157.405 242
157.409 265
157.414 265
157.419 265
157.476 23
157.481 242
157.486 265
157.492 23
157.496 242
157.501 265
157.558 23
157.564 507
157.57 23
157.575 242
157.58 265
157.634 23
157.639 242
157.645 265
157.65 23
157.655 242
157.66 265
157.721 23
157.726 507
157.731 265
157.738 23
157.745 242
157.794 23
157.8 242
157.804 265
157.81 265
157.816 23
157.823 242
157.878 23
157.882 357
157.888 150
157.893 265
157.9 23
157.904 242
157.954 23
157.958 242
157.963 265
157.97 23
157.975 242
157.979 23
157.983 242
158.038 23
158.043 242
158.047 265
158.052 265
158.059 23
158.065 242
158.115 23
158.12 242
158.125 265
158.129 265
158.137 23
158.143 242
158.198 23
158.203 507
158.209 23
158.214 242
158.22 265
158.275 23
158.281 242
158.286 265
158.291 265
158.297 23
158.303 242
158.359 23
158.365 242
158.369 288
158.374 242
158.379 265
158.435 23
158.441 242
158.446 265
158.45 265
158.458 23
158.466 242
158.519 23
158.525 507
158.531 23
158.536 242
158.541 265
158.594 23
158.6 242
158.605 265
158.61 69
158.614 196
158.621 265
158.677 23
158.683 380
158.689 265
158.694 127
158.699 265
158.755 23
158.761 242
158.766 265
158.771 265
158.779 23
158.785 242
158.839 23
158.845 507
158.851 23
158.856 242
158.861 265
158.914 23
158.92 242
158.925 265
158.93 23
158.936 242
158.941 265
158.999 23
159.005 242
159.01 357
159.015 173
159.022 265
159.074 23
159.08 242
159.085 265
159.091 265
159.096 23
159.102 242
159.159 23
159.164 242
159.17 265
159.175 265
159.182 265
159.234 23
159.24 242
159.245 265
159.251 265
159.257 23
159.263 242
159.318 23
159.323 242
159.329 265
159.334 265
159.34 265
159.395 23
159.401 242
159.407 265
159.412 265
159.419 23
159.425 242
159.479 23
159.485 357
159.49 150
159.495 265
159.5 265
159.554 23
159.56 242
159.565 265
159.571 265
159.576 23
159.583 242
159.639 23
159.645 242
159.65 288
159.655 242
159.661 265
159.714 23
159.72 242
159.725 265
159.73 265
159.735 265
159.771 23
159.771 20
159.775 239
159.78 0
159.788 23
159.797 756
159.801 281
159.865 23
159.869 507
159.874 265
159.878 265
159.948 23
159.952 507
159.957 265
159.961 92
159.965 173
160.028 23
160.032 311
160.037 334
160.042 127
160.048 265
160.119 23
160.124 242
160.128 265
160.169 530
160.195 23
160.2 242
160.205 265
160.209 265
160.216 23
160.222 242
160.279 23
160.284 507
160.29 23
160.294 242
160.3 265
160.386 23
160.386 756
160.39 281
160.438 23
160.443 507
160.45 23
160.454 242
160.46 265
160.513 23
160.518 242
160.522 265
160.528 23
160.533 242
160.539 265
160.608 23
160.61 756
160.612 16
160.617 23
160.624 242
160.673 23
160.677 242
160.682 265
160.688 23
160.693 242
160.699 265
160.758 23
160.763 507
160.769 23
160.774 242
160.78 265
160.835 23
160.84 242
160.845 265
160.85 265
160.856 23
160.862 242
160.918 23
160.923 507
160.93 23
160.934 242
160.939 265
160.995 23
161 242
161.005 265
161.01 23
161.02 242
161.026 265
161.08 23
161.085 507
161.09 23
161.095 242
161.1 265
161.155 23
161.16 242
161.165 265
161.169 265
161.177 23
161.183 242
161.241 23
161.247 507
161.252 115
161.257 150
161.262 23
161.268 242
161.316 23
161.321 507
161.327 23
161.332 242
161.337 265
161.398 23
161.403 507
161.41 23
161.415 242
161.42 265
161.473 23
161.478 242
161.484 265
161.489 265
161.497 23
161.501 242
161.558 23
161.563 507
161.57 23
161.575 242
161.58 23
161.585 242
161.635 23
161.64 242
161.645 265
161.65 265
161.658 23
161.664 242
161.72 23
161.725 507
161.73 265
161.738 23
161.744 242
161.794 23
161.799 242
161.804 265
161.809 115
161.813 150
161.82 265
161.878 23
161.884 380
161.889 127
161.894 265
161.901 265
161.955 23
161.961 242
161.966 265
161.971 265
161.977 23
161.983 242
162.036 23
162.042 265
162.047 242
162.052 265
162.057 115
162.064 150
162.115 23
162.12 242
162.125 265
162.13 265
162.137 23
162.143 242
162.198 23
162.204 242
162.209 265
162.214 265
162.219 265
162.276 23
162.281 242
162.286 265
162.291 265
162.297 23
162.303 242
162.358 23
162.363 242
162.368 265
162.374 265
162.379 265
162.432 23
162.437 242
162.442 265
162.449 23
162.454 242
162.46 265
162.518 23
162.523 357
162.528 150
162.532 265
162.538 23
162.544 242
162.595 23
162.6 242
162.605 265
162.61 69
162.614 196
162.619 265
162.677 23
162.683 507
162.688 23
162.693 242
162.698 265
162.754 23
162.759 242
162.764 265
162.769 69
162.774 196
162.781 265
162.838 23
162.843 507
162.849 23
162.854 242
162.86 265
162.914 23
162.92 242
162.925 265
162.93 138
162.935 127
162.94 265
162.998 23
163.005 288
163.009 219
163.013 265
163.018 265
163.075 23
163.08 242
163.085 265
163.09 265
163.097 23
163.104 242
163.158 23
163.164 507
163.17 23
163.175 242
163.18 265
163.235 23
163.24 242
163.245 265
163.25 265
163.255 23
163.261 242
163.319 23
163.324 507
163.329 138
163.334 127
163.341 265
163.395 23
163.4 242
163.406 265
163.411 138
163.416 127
163.422 265
163.478 23
163.484 507
163.489 69
163.494 196
163.499 265
163.554 23
163.56 242
163.565 265
163.57 265
163.576 23
163.581 242
163.639 23
163.644 507
163.649 23
163.654 242
163.661 265
163.713 23
163.718 242
163.724 265
163.729 138
163.734 127
163.74 265
163.798 23
163.805 380
163.81 392
163.817 23
163.823 242
163.876 23
163.882 242
163.887 265
163.892 265
163.897 92
163.903 173
163.958 23
163.964 507
163.969 23
163.974 242
163.979 265
164.035 23
164.04 242
164.045 265
164.05 265
164.056 23
164.063 242
164.118 23
164.123 507
164.129 23
164.134 242
164.141 265
164.196 23
164.201 242
164.206 265
164.211 265
164.218 23
164.224 242
164.28 23
164.285 242
164.29 530
164.297 23
164.303 242
164.353 23
164.358 242
164.363 265
164.368 23
164.373 242
164.377 265
164.438 23
164.443 242
164.449 265
164.454 265
164.46 265
164.516 23
164.521 242
164.526 265
164.531 265
164.537 23
164.543 242
164.599 23
164.604 507
164.609 265
164.616 23
164.621 242
164.673 23
164.678 242
164.684 265
164.689 23
164.694 242
164.701 265
164.758 23
164.764 507
164.77 23
164.773 20
164.776 504
164.783 265
164.824 0
164.834 23
164.839 242
164.844 265
164.849 265
164.858 23
164.864 242
164.918 23
164.924 507
164.929 92
164.934 173
164.939 265
164.994 23
164.999 242
165.004 265
165.009 265
165.016 23
165.022 242
165.077 23
165.083 507
165.089 23
165.094 242
165.101 265
165.185 23
165.185 756
165.19 281
165.237 23
165.243 507
165.249 23
165.254 242
165.259 265
165.315 23
165.32 242
165.326 265
165.331 265
165.337 23
165.343 242
165.407 23
165.41 756
165.413 16
165.417 69
165.423 196
165.475 23
165.48 242
165.485 265
165.49 92
165.495 173
165.5 265
165.558 23
165.563 507
165.569 23
165.574 242
165.581 265
165.634 23
165.638 242
165.643 265
165.65 23
165.654 242
165.658 265
165.719 23
165.724 242
165.73 357
165.734 173
165.74 265
165.795 23
165.8 242
165.805 265
165.81 265
165.848 23
165.853 242
165.878 23
165.883 242
165.888 265
165.893 265
165.897 265
165.954 23
165.959 242
165.964 265
165.969 265
165.976 23
165.983 242
166.04 23
166.046 507
166.051 265
166.057 23
166.063 242
166.114 23
166.119 242
166.124 23
166.129 507
166.136 23
166.14 242
166.198 23
166.204 507
166.209 46
166.213 219
166.219 265
166.291 23
166.291 756
166.296 281
166.358 23
166.365 507
166.369 265
166.378 23
166.384 242
166.434 23
166.438 242
166.443 265
166.448 23
166.453 242
166.459 265
166.519 23
166.524 507
167.185 281
167.594 23
167.594 756
167.902 756
167.902 756
167.909 756
167.909 756
167.915 2268
167.92 2268
167.925 3024
167.929 3024
167.934 1762
167.957 23
167.962 242
167.967 265
167.971 265
167.976 23
167.981 242
168.035 23
168.04 242
168.045 265
168.052 23
168.056 242
168.061 265
168.118 23
168.123 507
168.131 23
168.135 242
168.141 265
168.194 23
168.198 242
168.203 265
168.208 265
168.216 23
168.223 242
168.28 23
168.285 288
168.29 219
168.295 265
168.299 265
168.355 23
168.361 242
168.366 265
168.371 265
168.379 23
168.383 242
168.438 23
168.443 242
168.448 265
168.453 265
168.458 265
168.515 23
168.52 242
168.525 265
168.53 265
168.536 23
168.542 242
168.599 23
168.603 242
168.608 265
168.613 311
168.618 219
168.677 23
168.682 242
168.687 265
168.693 23
168.698 242
168.705 265
168.758 23
168.763 507
168.771 23
168.776 242
168.781 265
168.833 23
168.838 242
168.843 265
168.849 23
168.854 242
168.859 265
168.919 23
168.925 507
168.93 265
168.937 23
168.942 242
168.995 23
169.001 242
169.006 265
169.011 265
169.017 23
169.023 242
169.078 23
169.084 507
169.09 23
169.095 242
169.1 265
169.154 23
169.159 242
169.164 265
169.169 46
169.174 219
169.178 265
169.238 23
169.243 265
169.248 242
169.253 265
169.258 265
169.315 23
169.32 242
169.325 265
169.33 265
169.337 23
169.343 242
169.398 23
169.403 507
169.409 23
169.414 242
169.419 265
169.474 23
169.48 242
169.485 265
169.49 23
169.494 242
169.501 265
169.558 23
169.563 507
169.569 23
169.573 242
169.578 265
169.634 23
169.639 242
169.646 265
169.651 265
169.658 23
169.664 242
169.719 23
169.724 507
169.731 23
169.736 242
169.742 265
169.772 23
169.772 20
169.779 239
169.785 0
169.794 23
169.81 756
169.815 16
169.861 265
169.878 23
169.883 242
169.888 265
169.893 265
169.899 265
169.955 23
169.96 242
169.965 265
169.97 23
169.975 242
169.981 265
170.038 23
170.043 265
170.047 242
170.053 265
170.059 265
170.114 23
170.119 242
170.124 265
170.129 265
170.137 23
170.143 242
170.206 23
170.209 756
170.209 16
170.216 23
170.222 242
170.275 23
170.28 242
170.285 265
170.29 265
170.297 23
170.303 242
170.359 23
170.364 380
170.369 127
170.374 265
170.379 265
170.435 23
170.44 242
170.445 265
170.45 265
170.456 23
170.461 242
170.518 23
170.523 265
170.528 242
170.533 265
170.537 265
170.595 23
170.6 242
170.605 265
170.61 265
170.647 23
170.654 242
170.677 23
170.683 507
170.689 23
170.694 242
170.699 265
170.753 23
170.758 242
170.763 265
170.768 265
170.775 23
170.782 242
170.868 23
170.868 756
170.874 281
170.914 23
170.919 242
170.924 265
170.929 23
170.934 242
170.939 265
170.998 23
171.004 507
171.009 265
171.017 23
171.023 242
171.09 23
171.09 756
171.095 16
171.101 265
171.157 23
171.162 507
171.168 23
171.173 242
171.179 265
171.235 23
171.24 242
171.246 265
171.251 265
171.256 23
171.263 242
171.319 23
171.324 311
171.329 219
171.334 242
171.339 265
171.394 23
171.399 242
171.404 265
171.41 23
171.415 242
171.42 265
171.477 23
171.482 265
171.488 242
171.494 265
171.498 23
171.502 242
171.555 23
171.561 242
171.566 265
171.571 265
171.578 23
171.584 242
171.638 23
171.644 507
171.65 23
171.654 242
171.659 265
171.712 23
171.717 242
171.722 265
171.728 23
171.733 242
171.738 265
171.797 23
171.802 507
171.809 23
171.814 242
171.818 265
171.874 23
171.879 243
172.714 756
172.714 16
173.329 756
173.636 23
173.943 756
173.943 756
174.25 2268
174.259 2268
174.264 2268
174.269 3024
174.274 3024
174.279 3024
174.284 3024
174.289 3780
174.294 227
174.3 265
174.358 23
174.363 507
174.37 23
174.374 242
174.379 265
174.433 23
174.438 242
174.443 265
174.447 23
174.452 242
174.459 265
174.518 23
174.523 242
174.528 530
174.536 23
174.541 242
174.594 23
174.599 242
174.604 265
174.609 265
174.616 23
174.62 242
174.678 23
174.683 242
174.689 265
174.694 265
174.699 265
174.754 23
174.76 242
174.768 265
174.771 455
174.771 20
174.776 337
174.824 0
174.838 23
174.85 756
174.854 16
174.901 265
174.914 23
174.919 242
174.924 265
174.929 265
174.937 23
174.943 242
174.996 23
175.001 242
175.006 265
175.011 265
175.016 23
175.022 242
175.075 23
175.08 242
175.085 265
175.09 265
175.097 23
175.103 242
175.158 23
175.163 507
175.168 23
175.173 242
175.178 265
175.234 23
175.239 242
175.244 265
175.249 23
175.253 242
175.259 265
175.318 23
175.323 507
175.329 23
175.334 242
175.338 115
175.344 150
175.395 23
175.4 242
175.405 265
175.41 115
175.45 415
175.478 23
175.483 507
175.488 23
175.493 242
175.497 23
175.502 242
175.553 23
175.558 242
175.563 265
175.568 23
175.573 242
175.578 265
175.668 23
175.668 756
175.672 281
175.715 23
175.72 242
175.725 265
175.73 23
175.734 242
175.739 265
175.798 23
175.803 507
175.81 23
175.815 242
175.82 265
175.889 23
175.889 756
175.894 16
175.901 265
175.959 23
175.964 242
175.968 403
175.973 127
175.977 265
176.034 23
176.039 242
176.043 265
176.048 265
176.056 23
176.062 242
176.118 23
176.123 357
176.128 150
176.132 265
176.137 265
176.195 23
176.2 265
176.205 242
176.21 265
176.217 23
176.222 242
176.278 23
176.283 507
176.291 23
176.33 242
176.336 265
176.353 23
176.358 242
176.363 265
176.368 92
176.373 173
176.377 265
176.436 23
176.442 311
176.447 196
176.452 265
176.457 23
176.463 242
176.513 23
176.518 243
177.015 23
177.015 756
177.02 281
177.029 23
177.033 242
177.039 23
177.044 242
177.078 23
177.083 311
177.088 196
177.094 265
177.099 265
177.154 23
177.158 242
177.163 265
177.168 23
177.173 242
177.178 265
177.239 23
177.244 380
177.249 127
177.254 265
177.258 23
177.263 242
177.314 23
177.318 242
177.323 265
177.329 23
177.333 242
177.339 265
177.396 23
177.4 242
177.405 265
177.409 265
177.416 23
177.421 242
177.474 23
177.478 242
177.482 265
177.49 23
177.494 242
177.499 23
177.504 242
177.558 23
177.563 507
177.57 23
177.574 242
177.579 265
177.633 23
177.639 242
177.643 265
177.65 23
177.654 242
177.658 265
177.718 23
177.724 507
177.729 265
177.736 23
177.743 242
177.794 23
177.799 242
177.803 265
177.81 23
177.813 242
177.818 265
177.879 23
177.884 242
177.89 265
177.893 265
177.9 23
177.905 242
177.955 23
177.959 242
177.963 265
177.969 23
177.973 242
177.977 265
178.039 23
178.044 507
178.049 265
178.056 23
178.063 242
178.112 23
178.117 242
178.122 265
178.127 23
178.132 242
178.135 138
178.139 127
178.198 23
178.203 507
178.208 23
178.213 242
178.218 265
178.273 23
178.278 242
178.283 265
178.288 23
178.293 242
178.299 265
178.358 23
178.362 265
178.367 242
178.371 265
178.377 23
178.382 242
178.432 23
178.437 242
178.441 265
178.448 23
178.451 242
178.456 265
178.519 23
178.524 242
178.528 265
178.534 265
178.539 23
178.544 242
178.594 23
178.6 242
178.605 265
178.609 265
178.618 23
178.623 242
178.675 23
178.68 311
178.685 196
178.689 265
178.694 265
178.744 23
178.748 242
178.752 265
178.757 265
178.761 265
178.834 23
178.838 242
178.844 265
178.848 265
178.854 23
178.861 242
178.917 23
178.923 380
178.928 127
178.932 265
178.936 138
178.943 127
178.997 23
179.002 242
179.007 265
179.012 265
179.018 23
179.025 242
179.073 23
179.078 242
179.084 265
179.089 265
179.096 23
179.101 242
179.159 23
179.165 507
179.17 265
179.177 23
179.181 242
179.234 23
179.239 242
179.244 265
179.249 265
179.257 23
179.263 242
179.319 23
179.324 265
179.329 242
179.333 265
179.338 265
179.394 23
179.399 242
179.404 265
179.409 115
179.414 150
179.42 265
179.479 23
179.484 380
179.49 242
179.495 150
179.5 265
179.556 23
179.561 242
179.566 265
179.571 265
179.578 23
179.584 242
179.638 23
179.644 507
179.649 46
179.654 219
179.66 265
179.711 23
179.715 242
179.72 265
179.727 23
179.732 242
179.736 265
179.773 23
179.773 20
179.78 239
179.786 0
179.798 23
179.81 756
179.814 16
179.86 265
179.874 23
179.879 242
179.885 265
179.889 265
179.897 23
179.901 242
179.958 23
179.965 507
179.97 265
179.978 23
179.984 242
180.033 23
180.038 242
180.043 265
180.048 265
180.056 23
180.061 242
180.117 23
180.123 507
180.128 138
180.133 127
180.139 265
180.194 23
180.199 242
180.205 265
180.209 138
180.249 392
180.277 23
180.282 334
180.287 173
180.293 265
180.298 265
180.353 23
180.358 242
180.363 265
180.368 265
180.375 23
180.38 242
180.467 23
180.467 756
180.473 281
180.514 23
180.52 242
180.525 265
180.53 265
180.538 23
180.544 242
180.6 23
180.604 507
180.609 265
180.615 23
180.619 242
180.689 23
180.69 756
180.694 16
180.701 265
180.758 23
180.763 265
180.768 242
180.773 265
180.776 265
180.835 23
180.84 242
180.844 265
180.85 23
180.853 242
180.858 23
180.863 242
180.918 23
180.923 507
180.93 23
180.935 242
180.939 265
180.994 23
180.998 242
181.003 265
181.008 23
181.012 242
181.017 23
181.021 242
181.078 23
181.083 507
181.09 23
181.1 242
181.106 265
181.154 23
181.158 242
181.163 265
181.168 265
181.175 23
181.18 242
181.237 23
181.242 507
181.248 23
181.253 242
181.258 265
181.313 23
181.35 242
181.35 756
181.355 39
181.397 23
181.403 507
182.044 546
182.442 756
184.799 23
184.799 20
184.806 1512
184.812 756
184.812 756
184.817 2268
184.822 2268
184.826 2268
184.831 3024
184.836 3024
184.841 3024
184.846 3024
184.851 3780
184.856 3780
184.864 3780
184.869 3780
184.875 3498
184.918 23
184.931 756
184.936 16
184.982 265
184.995 23
185 242
185.005 265
185.012 23
185.016 242
185.021 265
185.078 23
185.083 311
185.09 196
185.094 265
185.1 265
185.155 23
185.16 242
185.165 265
185.17 69
185.174 196
185.18 265
185.266 23
185.266 756
185.272 281
185.315 23
185.32 242
185.325 265
185.33 69
185.335 196
185.34 265
185.398 23
185.404 507
185.41 23
185.415 242
185.421 265
185.488 23
185.49 756
185.493 16
185.499 265
185.559 23
185.564 380
185.569 127
185.574 265
185.579 265
185.634 23
185.639 242
185.644 265
185.649 23
185.653 242
185.658 265
185.719 23
185.723 507
185.73 23
185.735 242
185.738 265
185.794 23
185.798 242
185.803 265
185.808 23
185.813 242
185.819 265
185.878 23
185.884 507
185.89 23
185.9 242
185.906 265
185.956 23
185.961 242
185.966 265
185.971 92
185.976 173
185.983 265
186.04 23
186.046 288
186.051 484
186.059 23
186.065 242
186.121 23
186.126 507
186.132 265
186.137 265
186.199 23
186.204 507
186.21 23
186.215 242
186.221 265
186.275 23
186.281 242
186.286 265
186.291 265
186.297 23
186.303 242
186.371 23
186.371 756
186.376 108
186.381 173
186.435 23
186.44 380
186.445 127
186.45 265
186.456 23
186.463 242
186.519 23
186.524 507
186.53 23
186.535 242
186.541 265
186.593 23
186.598 242
186.603 265
186.608 23
186.614 242
186.849 23
186.854 242
186.859 265
186.871 23
186.876 242
186.881 23
186.887 242
186.914 23
186.919 242
186.924 265
186.929 23
186.934 242
186.938 265
186.997 23
187.005 507
187.01 265
187.017 23
187.021 242
187.07 23
187.075 242
187.079 265
187.084 311
187.088 219
187.148 23
187.152 507
187.157 265
187.161 265
187.347 23
187.352 242
187.404 23
187.408 242
187.416 23
187.421 242
187.427 23
187.432 242
187.437 23
187.443 242
187.48 23
187.484 507
187.488 265
187.496 23
187.5 242
187.556 23
187.561 242
187.567 265
187.572 265
187.578 23
187.584 242
187.639 23
187.644 380
187.649 127
187.654 265
187.659 265
187.714 23
187.719 242
187.724 265
187.728 69
187.733 196
187.738 265
187.798 23
187.804 507
187.809 23
187.814 242
187.819 265
187.875 23
187.881 242
187.886 265
187.891 265
187.898 23
187.905 242
187.958 23
187.962 507
187.968 23
187.973 242
187.978 265
188.033 23
188.038 242
188.043 265
188.048 23
188.053 242
188.058 265
188.12 23
188.125 507
188.13 23
188.135 242
188.14 265
188.196 23
188.2 242
188.205 265
188.21 23
188.215 242
188.221 265
188.279 23
188.283 507
188.289 23
188.294 242
188.301 265
188.352 23
188.356 242
188.361 23
188.365 242
188.37 265
188.375 23
188.382 242
188.437 23
188.442 507
188.447 23
188.452 242
188.458 265
188.515 23
188.52 242
188.524 265
188.53 23
188.535 242
188.538 265
188.597 23
188.601 242
188.606 265
188.61 265
188.616 23
188.62 242
188.673 23
188.678 242
188.682 265
188.688 23
188.693 242
188.698 265
188.758 23
188.763 507
188.77 23
188.773 242
188.777 265
188.834 23
188.839 242
188.844 265
188.85 23
188.855 242
188.859 265
188.917 23
188.921 380
188.926 127
188.931 265
188.942 23
188.947 242
188.993 23
188.997 242
189.002 265
189.007 46
189.012 219
189.018 265
189.077 23
189.082 357
189.087 150
189.09 265
189.098 23
189.104 242
189.154 23
189.158 242
189.163 265
189.17 23
189.175 242
189.179 265
189.242 23
189.247 507
189.253 23
189.258 242
189.264 23
189.268 242
189.306 23
189.309 242
189.312 265
189.316 265
189.321 46
189.325 219
189.388 23
189.393 507
189.397 23
189.4 242
189.402 265
189.471 23
189.476 242
189.48 265
189.485 265
189.49 265
189.558 23
189.563 242
189.566 265
189.571 265
189.579 23
189.585 242
189.635 23
189.639 242
189.644 265
189.648 23
189.652 242
189.657 23
189.661 242
189.718 23
189.723 242
189.728 265
189.733 265
189.737 265
189.774 20
189.774 23
189.78 239
189.795 23
189.811 756
189.818 16
189.864 265
189.878 23
189.884 507
189.889 23
189.893 242
189.898 265
189.952 23
189.957 242
189.962 265
189.967 46
189.97 219
191.14 546
191.14 756
191.659 756
191.77 23
191.777 756
191.777 1512
191.787 2268
191.791 3024
191.797 3024
191.801 585
191.804 265
191.809 23
191.814 242
191.82 265
191.873 23
191.878 242
191.883 265
191.889 23
191.893 242
191.898 265
191.96 23
191.965 507
191.969 265
191.977 23
191.983 242
192.035 23
192.04 242
192.045 265
192.05 23
192.054 242
192.059 265
192.119 23
192.124 334
192.129 173
192.134 265
192.138 265
192.193 23
192.198 242
192.202 265
192.21 23
192.215 242
192.221 265
192.279 23
192.284 288
192.289 219
192.294 265
192.298 265
192.353 23
192.357 242
192.363 265
192.368 23
192.373 242
192.38 265
192.438 23
192.443 242
192.448 265
192.453 265
192.458 46
192.464 219
192.514 23
192.519 242
192.524 265
192.529 23
192.534 242
192.54 265
192.599 23
192.603 242
192.608 265
192.612 265
192.618 23
192.624 242
192.673 23
192.678 242
192.683 265
192.688 69
192.693 196
192.698 265
192.757 23
192.762 242
192.767 265
192.772 265
192.777 265
192.834 23
192.838 242
192.842 265
192.848 23
192.853 242
192.858 266
193.172 23
193.181 242
193.186 265
193.193 23
193.197 242
193.247 23
193.252 242
193.259 23
193.264 242
193.271 23
193.276 242
193.279 23
193.283 242
193.314 23
193.318 242
193.322 265
193.33 23
193.335 242
193.341 265
193.396 23
193.4 380
193.405 127
193.413 265
193.417 265
193.466 23
193.47 242
193.475 265
193.478 265
193.483 265
193.547 23
193.551 507
193.555 265
193.56 265
193.632 23
193.636 242
193.641 265
193.644 265
193.649 265
193.716 23
193.722 380
193.727 127
193.732 265
193.737 23
193.742 242
193.793 23
193.798 242
193.803 265
193.809 23
193.813 242
193.819 265
193.878 23
193.883 507
193.889 23
193.894 242
193.898 265
193.954 23
193.959 242
193.964 265
193.969 46
193.974 219
193.979 265
194.033 23
194.037 265
194.042 242
194.046 265
194.05 265
194.109 23
194.114 242
194.119 265
194.123 265
194.128 23
194.132 242
194.197 23
194.202 357
194.207 288
194.212 127
194.217 265
194.274 23
194.28 242
194.285 265
194.293 23
194.297 242
194.302 265
194.357 23
194.362 507
194.37 23
194.374 242
194.379 265
194.434 23
194.439 242
194.444 265
194.451 23
194.455 242
194.461 23
194.466 242
194.518 23
194.523 507
194.53 23
194.535 242
194.539 265
194.592 23
194.597 242
194.602 265
194.613 23
194.618 242
194.623 265
194.678 23
194.682 242
194.686 265
194.691 23
194.695 242
194.7 23
194.704 242
194.755 23
194.76 242
194.765 265
194.772 23
194.772 20
194.777 504
194.781 265
194.824 0
194.838 23
194.842 507
194.85 23
194.854 242
194.86 23
194.865 242
194.914 23
194.924 507
194.928 23
194.932 242
194.937 23
194.941 242
194.989 23
194.993 242
194.998 334
195.002 219
195.007 242
195.071 23
195.076 242
195.08 265
195.085 265
195.089 265
195.154 23
195.159 311
195.164 196
195.169 265
195.174 265
195.235 23
195.242 242
195.247 265
195.252 92
195.257 173
195.261 265
195.32 23
195.326 242
195.331 334
195.335 196
195.34 265
195.394 23
195.399 242
195.404 265
195.41 23
195.414 242
195.42 265
195.48 23
195.484 242
195.489 265
195.526 530
195.552 23
195.556 242
195.561 69
195.565 196
195.569 23
195.573 242
195.577 265
195.637 23
195.641 242
195.646 265
195.651 265
195.658 23
195.662 242
195.747 23
195.747 756
195.747 281
195.796 23
195.801 357
195.806 150
195.811 265
195.817 23
195.823 242
195.875 23
195.879 242
195.884 265
195.89 23
195.895 242
195.9 23
195.904 242
195.969 23
195.969 756
195.974 16
195.979 265
196.034 23
196.038 242
196.043 265
196.048 23
196.052 242
196.057 265
196.116 23
196.12 242
196.125 265
196.13 265
196.136 23
196.143 242
196.193 23
196.198 242
196.203 265
196.209 23
196.213 242
196.218 265
196.277 23
196.283 311
196.288 196
196.292 265
196.297 265
196.356 23
196.361 334
196.366 173
196.372 265
196.41 23
196.417 242
196.438 23
196.443 507
196.448 138
196.453 127
196.458 265
196.515 23
196.52 242
196.525 265
196.53 23
196.535 242
196.54 265
196.598 23
196.603 265
196.608 242
196.613 265
196.617 265
196.673 23
196.678 242
196.683 265
196.688 23
196.693 242
196.698 265
196.757 23
196.762 380
196.767 127
196.771 265
196.778 23
196.783 242
196.832 23
196.836 242
196.843 23
196.847 242
196.851 265
196.856 23
196.86 242
196.918 23
196.923 311
196.927 196
196.932 265
196.936 23
196.94 242
196.993 23
196.998 242
197.002 265
197.008 23
197.013 242
197.017 265
197.078 23
197.085 334
197.089 173
197.094 265
197.098 23
197.103 242
197.153 23
197.158 242
197.163 265
197.171 23
197.175 242
197.18 265
197.94 756
197.94 55
197.96 23
197.962 756
197.964 756
197.964 756
197.968 1668
198.031 23
198.035 507
198.04 265
198.044 265
198.109 23
198.114 507
198.12 23
198.125 242
198.129 265
198.198 23
198.203 242
198.206 265
198.211 23
198.216 242
198.223 265
198.276 23
198.281 242
198.286 265
198.291 265
198.299 265
198.355 23
198.36 242
198.365 265
198.37 265
198.377 23
198.382 242
198.435 23
198.439 242
198.444 265
198.449 23
198.455 242
198.467 265
198.52 23
198.525 242
198.53 265
198.535 265
198.54 265
198.595 23
198.6 242
198.604 265
198.609 23
198.614 242
198.619 23
198.624 242
198.677 23
198.682 507
198.69 23
198.695 242
198.7 265
198.754 23
198.76 242
198.776 530
198.781 265
198.839 23
198.844 265
198.848 242
198.854 265
198.858 265
198.914 23
198.917 242
198.922 265
198.928 23
198.933 242
198.938 265
198.998 23
199.003 242
199.007 265
199.012 265
199.021 23
199.024 242
199.075 23
199.08 242
199.085 265
199.09 46
199.094 219
199.099 23
199.104 242
199.157 23
199.162 242
199.167 265
199.171 265
199.18 23
199.184 242
199.233 23
199.239 242
199.243 265
199.249 23
199.254 242
199.26 265
199.318 23
199.323 242
199.328 265
199.333 265
199.338 23
199.343 242
199.396 23
199.4 242
199.405 265
199.411 23
199.415 242
199.42 46
199.426 219
199.478 23
199.482 242
199.487 265
199.492 265
199.498 23
199.505 242
199.553 23
199.557 242
199.562 265
199.57 23
199.574 242
199.579 265
199.638 23
199.642 242
199.647 265
199.651 138
199.656 127
199.661 265
199.716 23
199.721 242
199.726 265
199.73 265
199.74 23
199.744 242
199.773 23
199.773 20
199.78 239
199.784 0
199.797 23
199.81 756
199.814 16
199.86 265
199.873 23
199.878 242
199.883 265
199.89 23
199.894 242
199.898 265
199.957 23
199.962 334
199.967 173
199.972 265
199.977 23
199.984 242
200.036 23
200.041 242
200.046 265
200.05 265
200.058 23
200.065 242
200.12 23
200.125 334
200.13 219
200.134 219
200.139 265
200.195 23
200.2 242
200.204 265
200.209 46
200.214 219
200.219 265
200.279 23
200.284 507
200.325 23
200.331 507
200.354 23
200.359 242
200.364 265
200.369 23
200.373 242
200.378 265
200.439 23
200.443 507
200.451 23
200.456 242
200.46 265
200.547 23
200.547 756
200.551 281
200.6 23
200.604 242
200.609 265
200.614 265
200.618 92
200.622 173
200.674 23
200.679 242
200.684 265
200.689 265
200.697 23
200.701 242
200.768 23
200.77 756
200.773 16
200.78 265
200.834 23
200.838 242
200.844 265
200.849 265
200.857 23
200.862 242
200.919 23
200.924 507
200.932 23
200.937 242
200.942 265
200.992 23
200.997 242
201.002 115
201.007 150
201.01 265
201.017 23
201.022 242
201.078 23
201.085 507
201.088 265
201.097 23
201.102 242
201.153 23
201.158 242
201.164 265
201.169 23
201.181 242
201.186 265
201.239 23
201.244 334
201.249 173
201.254 265
201.259 265
201.315 23
201.321 242
201.326 265
201.332 23
201.338 242
201.343 265
201.43 23
201.43 756
201.433 281
201.474 23
201.48 242
201.485 265
201.49 265
201.497 23
201.503 242
201.558 23
201.564 507
201.57 23
201.575 242
201.58 265
201.634 23
201.64 242
201.644 265
201.65 23
201.656 242
202.06 23
202.065 242
202.069 265
202.12 23
202.124 242
202.132 23
202.137 242
202.144 23
202.148 242
202.153 23
202.157 242
202.2 23
202.205 357
202.21 415
202.217 23
202.222 242
202.275 23
202.279 242
202.284 265
202.29 23
202.294 242
202.301 265
202.358 23
202.363 507
202.37 23
202.375 242
202.38 265
202.435 23
202.439 242
202.444 265
202.45 23
202.454 242
202.459 265
202.518 23
202.522 507
202.531 23
202.536 242
202.542 265
202.594 23
202.599 242
202.604 265
202.609 265
202.615 23
202.621 242
202.68 23
202.684 242
202.688 265
202.692 265
202.699 23
202.703 242
202.752 23
202.757 242
202.762 265
202.768 23
202.773 242
202.778 265
202.837 23
202.842 242
202.846 265
202.852 265
202.857 115
202.862 150
202.915 23
202.92 242
202.925 265
202.931 23
202.936 242
202.941 265
202.993 23
202.997 311
203.002 196
203.006 265
203.013 23
203.017 242
203.067 23
203.071 507
203.076 23
203.08 242
203.085 265
203.148 23
203.152 242
203.157 265
203.161 265
203.165 265
203.232 23
203.237 357
203.242 150
203.246 265
203.25 265
203.306 23
203.31 507
203.317 23
203.321 288
203.325 219
203.386 23
203.39 507
203.394 23
203.398 242
203.402 265
203.467 23
203.471 507
203.475 265
203.48 265
203.546 23
203.55 242
203.554 265
203.558 265
203.562 265
203.628 23
203.633 242
203.637 530
203.643 265
203.706 23
203.71 311
203.714 196
203.718 265
203.722 265
203.786 23
203.79 242
203.795 265
203.798 265
203.804 265
203.866 23
203.87 242
203.874 530
203.878 265
203.947 23
203.952 288
203.956 484
203.961 115
203.964 150
204.024 23
204.028 242
204.032 265
204.036 265
204.04 92
204.044 173
204.108 23
204.113 242
204.118 265
204.122 265
204.126 265
204.194 23
204.199 242
204.204 265
204.208 265
204.215 23
204.219 242
204.267 23
204.272 242
204.276 265
204.28 265
204.284 265
204.35 23
204.354 507
204.36 265
204.364 265
204.428 23
204.434 242
204.438 265
204.442 265
204.45 23
204.454 242
204.511 23
204.516 242
204.521 265
204.526 265
204.533 23
204.537 242
204.595 23
204.599 242
204.603 265
204.608 265
204.612 265
204.665 23
204.67 242
204.674 265
204.679 265
204.682 265
204.747 23
204.751 242
204.755 530
204.76 23
204.764 242
204.771 23
204.771 20
204.775 239
204.824 0
204.826 23
204.837 756
204.841 281
204.914 23
204.919 242
204.924 530
204.929 23
204.935 242
204.993 23
204.998 242
205.003 265
205.008 23
205.013 242
205.018 265
205.078 23
205.082 507
205.089 23
205.094 242
205.1 265
205.154 23
205.159 242
205.165 265
205.169 46
205.175 219
205.179 265
205.237 23
205.242 357
205.246 150
205.251 265
205.256 23
205.26 242
205.345 23
205.345 756
205.35 281
205.398 23
205.403 507
205.409 23
205.414 242
205.419 265
205.475 23
205.48 242
205.486 265
205.491 265
205.497 23
205.503 242
205.567 23
205.569 756
205.572 16
205.577 23
205.583 242
205.633 23
205.638 242
205.642 265
205.649 23
205.654 242
205.66 265
205.719 23
205.723 242
205.728 265
205.733 265
205.737 138
205.743 127
205.795 23
205.8 242
205.805 265
205.81 23
205.815 242
205.82 265
205.879 23
205.884 380
205.889 127
205.895 265
205.901 265
205.955 23
205.96 242
205.965 265
205.97 265
205.98 23
205.987 242
206.038 23
206.044 507
206.05 23
206.055 242
206.06 265
206.114 23
206.119 242
206.124 265
206.129 23
206.134 242
206.139 265
206.23 23
206.23 756
206.235 281
206.273 23
206.278 242
206.283 265
206.288 115
206.293 150
206.299 265
206.359 23
206.364 265
206.369 242
206.374 265
206.38 265
206.451 23
206.451 756
206.456 16
206.463 265
206.519 23
206.525 380
206.53 173
206.534 219
206.54 265
206.593 23
206.598 242
206.603 265
206.609 23
206.614 242
206.618 265
206.68 23
206.685 507
206.69 265
206.698 23
206.705 242
206.755 23
206.761 242
206.766 265
206.77 265
206.777 23
206.783 242
206.838 23
206.844 380
206.849 392
206.857 23
206.863 242
206.914 23
206.92 265
206.926 242
206.93 265
206.937 23
206.943 242
206.999 23
207.004 507
207.736 756
207.736 419
208.35 756
208.657 23
208.862 756
208.862 756
208.869 2268
208.874 2268
208.88 2268
208.886 3024
208.892 3024
208.898 3024
208.903 1063
208.917 23
208.922 265
208.927 242
208.932 265
208.937 23
208.941 242
208.996 23
209.001 242
209.006 265
209.011 23
209.015 242
209.02 92
209.025 173
209.078 23
209.083 507
209.088 46
209.093 219
209.098 265
209.153 23
209.158 242
209.163 265
209.168 23
209.173 242
209.179 265
209.238 23
209.243 507
209.25 23
209.254 242
209.261 265
209.315 23
209.32 242
209.325 265
209.33 23
209.335 242
209.34 265
209.398 23
209.404 311
209.409 265
209.414 196
209.419 265
209.474 23
209.48 242
209.485 265
209.49 265
209.497 23
209.503 242
209.558 23
209.564 507
209.569 265
209.576 23
209.582 242
209.635 23
209.64 242
209.644 265
209.65 23
209.655 242
209.66 265
209.719 23
209.724 507
209.73 23
209.734 242
209.739 265
209.772 23
209.772 20
209.776 239
209.781 0
209.794 23
209.809 756
209.814 16
209.86 265
209.878 23
209.883 334
209.888 173
209.893 265
209.9 23
209.906 242
209.954 23
209.958 242
209.963 265
209.968 23
209.972 242
209.977 115
209.983 150
210.038 23
210.042 242
210.047 265
210.052 265
210.058 23
210.064 242
210.115 23
210.12 265
210.125 242
210.13 115
210.134 150
210.139 265
210.198 23
210.203 507
210.208 23
210.214 242
210.218 265
210.275 23
210.28 242
210.285 265
210.289 265
210.297 23
210.303 242
210.366 23
210.37 756
210.37 16
210.458 23
210.464 242
210.524 23
210.529 242
210.534 265
210.545 23
210.55 242
210.589 265
210.594 265
210.604 23
210.608 242
210.613 265
210.622 23
210.626 242
210.685 23
210.69 507
210.694 265
210.699 265
210.753 23
210.758 243
210.91 23
210.915 242
210.92 23
210.925 242
210.933 23
210.938 242
210.944 23
210.949 242
210.954 23
210.96 242
211.03 23
211.03 756
211.036 281
211.074 23
211.079 242
211.085 265
211.09 23
211.095 242
211.101 265
211.157 23
211.162 334
211.166 173
211.17 265
211.174 265
211.25 23
211.25 756
211.255 281
211.319 23
211.324 334
211.329 173
211.333 265
211.338 46
211.344 219
211.396 23
211.401 288
211.405 219
211.41 265
211.416 23
211.421 242
211.478 23
211.484 357
211.488 150
211.493 265
211.498 265
211.556 23
211.56 242
211.565 265
211.57 23
211.574 242
211.58 265
211.639 23
211.644 242
211.648 265
211.653 265
211.66 23
211.666 242
211.714 23
211.719 242
211.724 265
211.73 23
211.735 242
211.74 265
211.798 23
211.803 507
211.811 23
211.816 242
211.821 265
211.874 23
211.879 242
211.884 265
211.888 92
211.893 173
211.9 265
211.959 23
211.963 334
211.968 173
211.973 265
211.979 23
211.985 242
212.033 23
212.039 242
212.044 265
212.049 23
212.054 243
212.624 23
212.624 756
212.624 16
212.624 756
212.669 23
212.671 756
212.671 608
212.677 265
212.682 23
212.687 242
212.691 265
212.698 23
212.702 242
212.759 23
212.764 242
212.769 265
212.773 265
212.778 115
212.784 150
212.834 23
212.839 242
212.843 92
212.848 173
212.853 265
212.858 46
212.864 219
212.919 23
212.924 507
212.93 23
212.934 242
212.939 265
212.993 23
212.998 242
213.003 265
213.009 23
213.014 242
213.021 265
213.084 23
213.09 507
213.095 265
213.1 265
213.155 23
213.16 242
213.165 265
213.17 46
213.174 219
213.179 265
213.239 23
213.244 334
213.248 173
213.253 265
213.259 23
213.266 242
213.313 23
213.318 242
213.323 265
213.329 23
213.334 242
213.339 265
213.399 23
213.405 242
213.409 265
213.414 265
213.419 265
213.475 23
213.48 242
213.485 265
213.49 265
213.496 23
213.501 242
213.559 23
213.564 507
213.572 23
213.576 242
213.581 265
213.635 23
213.64 242
213.645 265
213.65 23
213.654 242
213.659 265
213.719 23
213.724 242
213.729 265
213.734 265
213.738 265
213.795 23
213.8 242
213.805 265
213.81 265
213.817 23
213.823 242
213.877 23
213.884 507
213.889 265
213.896 23
213.9 242
213.954 23
213.96 242
213.964 265
213.97 138
213.974 127
213.981 265
214.037 23
214.042 242
214.046 265
214.051 265
214.056 46
214.06 219
214.115 23
214.12 242
214.125 265
214.13 46
214.134 219
214.139 265
214.198 23
214.205 507
214.21 23
214.214 242
214.219 265
214.273 23
214.278 242
214.283 265
214.29 23
214.294 507
214.359 23
214.364 311
214.369 196
214.373 265
214.378 265
214.436 23
214.441 242
214.445 265
214.45 23
214.455 242
214.46 265
214.519 23
214.524 507
214.53 23
214.535 242
214.54 265
214.594 23
214.601 242
214.606 265
214.611 265
214.617 23
214.623 242
214.679 23
214.685 380
214.69 219
214.695 173
214.701 265
214.754 23
214.758 242
214.763 265
214.769 23
214.772 20
214.772 504
214.777 23
214.822 242
214.838 23
214.843 242
214.848 265
214.852 265
214.857 265
214.914 23
214.918 242
214.923 265
214.929 23
214.934 242
214.94 265
215 23
215.005 242
215.01 265
215.014 265
215.018 265
215.074 23
215.079 242
215.084 265
215.089 92
215.094 173
215.099 265
215.157 23
215.162 242
215.167 265
215.172 265
215.177 23
215.183 242
215.235 23
215.24 242
215.244 265
215.249 265
215.256 23
215.263 242
215.319 23
215.325 507
215.33 265
215.338 23
215.344 242
215.395 23
215.399 242
215.405 265
215.41 23
215.415 242
215.42 265
215.476 23
215.482 507
215.488 23
215.492 242
215.497 265
215.553 23
215.558 242
215.563 265
215.569 23
215.606 242
215.611 265
215.637 23
215.642 507
215.649 23
215.654 242
215.66 265
215.716 23
215.721 242
215.726 265
215.731 265
215.737 23
215.743 242
215.799 23
215.804 311
215.808 196
215.813 265
215.818 23
215.822 242
215.874 23
215.879 242
215.884 265
215.89 23
215.894 242
215.9 265
215.958 23
215.964 507
215.969 92
215.974 173
215.98 265
216.05 23
216.05 756
216.054 16
216.059 265
216.119 23
216.124 507
216.131 23
216.136 242
216.142 265
216.192 23
216.198 242
216.202 265
216.211 23
216.215 243
216.849 756
216.849 16
216.849 756
217.259 756
217.259 756
217.463 23
217.463 756
217.469 756
217.469 756
217.474 2268
217.479 2268
217.484 3024
217.489 1154
217.494 265
217.499 265
217.559 23
217.565 507
217.57 265
217.577 23
217.583 242
217.636 23
217.641 242
217.646 265
217.65 265
217.66 23
217.666 242
217.718 23
217.723 507
217.73 23
217.734 242
217.741 265
217.793 23
217.798 242
217.803 265
217.808 265
217.816 23
217.821 242
217.878 23
217.884 507
217.89 23
217.895 242
217.901 265
217.952 23
217.957 242
217.962 265
217.968 23
217.973 242
217.979 265
218.039 23
218.044 507
218.049 265
218.056 23
218.063 242
218.114 23
218.118 242
218.123 265
218.128 23
218.133 242
218.138 265
218.199 23
218.204 507
218.209 23
218.214 242
218.221 265
218.275 23
218.281 242
218.286 265
218.292 265
218.297 23
218.302 242
218.358 23
218.364 507
218.37 23
218.375 242
218.38 265
218.434 23
218.44 242
218.445 265
218.45 265
218.457 23
218.462 242
218.518 23
218.523 242
218.528 265
218.533 265
218.538 265
218.596 23
218.602 265
218.606 242
218.611 265
218.616 23
218.62 242
218.679 23
218.684 357
218.689 150
218.695 265
218.701 265
218.755 23
218.76 242
218.765 265
218.77 265
218.777 23
218.784 242
218.839 23
218.844 288
218.848 219
218.853 265
218.858 265
218.915 23
218.92 242
218.926 265
218.931 265
218.936 23
218.943 242
218.999 23
219.004 507
219.01 23
219.014 242
219.019 265
219.072 23
219.077 242
219.082 265
219.088 23
219.093 242
219.099 265
219.157 23
219.162 507
219.168 23
219.173 242
219.178 265
219.235 23
219.24 242
219.245 265
219.25 138
219.255 127
219.26 265
219.318 23
219.323 507
219.331 23
219.336 242
219.342 265
219.406 23
219.406 756
219.41 281
219.462 23
219.466 756
219.466 16
219.48 265
219.544 23
219.548 507
219.552 530
219.622 23
219.625 756
219.625 16
219.629 265
219.701 23
219.706 507
219.71 530
219.721 23
219.725 242
219.738 23
219.742 242
219.764 23
219.767 242
219.771 46
219.771 20
219.774 216
219.78 23
219.821 756
219.824 16
219.869 530
219.881 23
219.885 242
219.899 23
219.902 242
219.923 23
219.926 242
219.942 23
219.946 242
219.962 23
219.965 242
219.983 23
219.987 242
220.001 23
220.005 242
220.02 23
220.023 242
220.044 23
220.047 242
220.058 23
220.061 242
220.078 23
220.082 242
220.098 23
220.102 242
220.118 23
220.121 242
220.138 23
220.141 242
220.158 23
220.162 242
220.181 23
220.184 242
220.202 23
220.205 242
220.221 23
220.225 242
220.241 23
220.245 242
220.262 23
220.266 242
220.282 23
220.285 242
220.302 23
220.306 242
220.322 23
220.325 242
220.342 23
220.345 242
220.364 23
220.367 242
220.407 23
220.411 507
220.422 23
220.425 242
220.442 23
220.446 242
220.462 23
220.466 242
220.482 23
220.486 242
220.502 23
220.506 242
220.523 23
220.527 242
220.542 23
220.546 242
220.562 23
220.566 242
220.589 23
220.627 242
220.631 530
220.646 23
220.661 242
220.665 265
220.683 23
220.687 242
220.699 23
220.751 242
220.765 756
220.767 39
220.812 23
220.849 756
220.849 16
220.853 265
220.863 23
220.87 242
220.883 23
220.888 242
220.905 23
220.914 242
220.923 23
220.928 242
220.941 23
220.946 242
220.961 23
220.965 242
220.981 23
220.985 242
221.002 23
221.006 242
221.021 23
221.025 242
221.07 23
221.074 507
221.082 23
221.085 242
221.1 23
221.104 243
221.457 23
221.457 756
221.457 281
221.463 265
221.511 23
221.514 507
221.521 23
221.525 242
221.541 23
221.545 242
221.561 23
221.565 242
221.581 23
221.585 242
221.601 23
221.605 242
221.622 23
221.625 242
221.641 23
221.645 242
221.661 23
221.665 242
221.681 23
221.685 242
221.701 23
221.705 242
221.721 23
221.725 242
221.741 23
221.744 242
221.761 23
221.764 242
221.781 23
221.785 242
221.802 23
221.805 242
221.82 23
221.824 242
221.841 23
221.845 242
221.861 23
221.865 242
221.881 23
221.885 242
221.901 23
221.904 242
221.921 23
221.925 242
221.941 23
221.945 242
221.962 23
221.966 242
221.981 23
221.985 242
222.002 23
222.005 242
222.021 23
222.025 242
222.041 23
222.045 242
222.061 23
222.065 242
222.081 23
222.084 242
222.101 23
222.104 242
222.123 23
222.126 242
222.14 23
222.144 242
222.162 23
222.165 242
222.182 23
222.185 242
222.201 23
222.204 242
222.221 23
222.224 242
222.241 23
222.244 242
222.261 23
222.264 242
222.282 23
222.285 242
222.3 23
222.304 242
222.321 23
222.325 242
222.342 23
222.345 242
222.361 23
222.364 242
222.381 23
222.385 242
222.401 23
222.404 242
222.421 23
222.425 242
222.442 23
222.446 242
222.46 23
222.463 242
222.482 23
222.488 242
222.501 23
222.504 242
222.521 23
222.525 242
222.542 23
222.546 242
222.561 23
222.566 242
222.581 23
222.586 242
222.602 23
222.605 242
222.62 23
222.623 242
222.641 23
222.644 242
222.661 23
222.664 242
222.68 23
222.684 242
222.702 23
222.705 242
222.722 23
222.725 242
222.742 23
222.745 242
222.762 23
222.766 242
222.78 23
222.784 242
222.802 23
222.806 242
222.822 23
222.826 242
222.841 23
222.844 242
222.861 23
222.865 242
222.881 23
222.885 242
222.901 23
222.904 242
222.922 23
222.925 242
222.94 23
222.944 242
222.961 23
222.965 242
222.982 23
222.985 242
223.002 23
223.005 242
223.022 23
223.025 242
223.041 23
223.044 242
223.061 23
223.065 242
223.082 23
223.086 242
223.101 23
223.105 242
223.122 23
223.126 242
223.14 23
223.143 242
223.161 23
223.165 242
223.182 23
223.186 242
223.202 23
223.206 242
223.221 23
223.225 242
223.242 23
223.245 242
223.261 23
223.265 242
223.282 23
223.286 242
223.303 23
223.307 242
223.323 23
223.327 242
223.342 23
223.345 242
223.362 23
223.365 242
223.381 23
223.385 242
223.403 23
223.406 242
223.421 23
223.425 242
223.442 23
223.445 242
223.461 23
223.465 242
223.481 23
223.485 242
223.501 23
223.505 242
223.522 23
223.525 242
223.541 23
223.544 242
223.562 23
223.566 242
223.581 23
223.585 242
223.602 23
223.606 242
223.623 23
223.626 242
223.641 23
223.645 242
223.66 23
223.664 242
223.682 23
223.686 242
223.702 23
223.705 242
223.725 23
223.729 242
223.744 23
223.748 242
223.769 23
223.773 242
223.791 23
223.795 242
223.808 23
223.814 242
223.829 23
223.834 242
223.849 23
223.854 242
223.87 23
223.875 242
223.892 23
223.896 242
223.91 23
223.916 242
223.932 23
223.937 242
223.955 23
223.959 242
223.973 23
223.978 242
223.989 23
223.993 242
224.01 23
224.015 242
224.036 23
224.041 242
224.056 23
224.061 242
224.07 23
224.074 242
224.096 23
224.101 242
224.115 23
224.121 242
224.138 23
224.144 242
224.157 23
224.164 242
224.173 23
224.177 242
224.188 23
224.192 242
224.215 23
224.221 242
224.232 23
224.237 242
224.249 23
224.255 242
224.273 23
224.278 242
224.29 23
224.296 242
224.312 23
224.317 242
224.334 23
224.339 242
224.351 23
224.356 242
224.375 23
224.379 242
224.386 23
224.39 242
224.412 23
224.416 242
224.429 23
224.434 242
224.448 23
224.453 242
224.469 23
224.473 242
224.492 23
224.498 242
224.512 23
224.516 242
224.533 23
224.538 242
224.547 23
224.552 242
224.572 23
224.577 242
224.592 23
224.6 242
224.612 23
224.618 242
224.635 23
224.641 242
224.655 23
224.661 242
224.673 23
224.678 242
224.701 23
224.707 242
224.713 265
224.732 23
224.739 242
224.756 23
224.76 242
224.77 23
224.772 20
224.774 504
224.79 23
224.823 756
224.828 16
224.873 530
224.89 23
224.895 242
224.908 23
224.913 242
224.93 23
224.935 242
224.946 23
224.95 242
224.965 23
224.969 242
224.986 23
224.992 242
225.006 23
225.01 242
225.024 23
225.029 242
225.046 23
225.05 242
225.065 23
225.07 242
225.085 23
225.089 242
225.105 23
225.109 242
225.125 23
225.129 242
225.145 23
225.149 242
225.165 23
225.169 242
225.183 23
225.187 242
225.204 23
225.208 242
225.224 23
225.229 242
225.245 23
225.25 242
225.264 23
225.268 242
225.29 23
225.295 242
225.312 23
225.317 242
225.337 23
225.342 242
225.35 23
225.355 242
225.374 23
225.379 242
225.427 23
225.432 507
225.437 265
225.453 23
225.458 242
225.475 23
225.483 242
225.497 23
225.502 242
225.513 23
225.518 242
225.533 23
225.538 242
225.554 23
225.559 242
225.57 23
225.574 242
225.592 23
225.598 242
225.647 23
225.651 507
225.657 265
225.665 23
225.67 242
225.689 23
225.694 242
225.709 23
225.713 242
225.729 23
225.734 242
225.751 23
225.757 242
225.772 23
225.776 242
225.795 23
225.8 242
225.814 23
225.818 242
225.825 23
225.83 242
225.862 23
225.867 242
225.876 23
225.881 242
225.893 23
225.902 242
225.912 23
225.917 242
226.68 23
226.68 756
226.68 281
226.68 756
226.68 23
226.686 756
226.686 1403
226.7 23
226.706 242
226.713 23
226.717 242
226.73 23
226.735 242
226.751 23
226.755 242
226.773 23
226.779 242
226.79 23
226.794 242
226.813 23
226.817 242
226.831 23
226.837 242
226.856 23
226.86 242
226.872 23
226.878 242
226.892 23
226.898 242
226.91 23
226.914 242
226.94 23
226.945 242
226.95 265
226.972 23
226.978 242
226.992 23
226.998 242
227.012 23
227.017 242
227.035 23
227.04 242
227.054 23
227.058 242
227.071 23
227.075 242
227.097 23
227.102 242
227.108 23
227.114 242
227.134 23
227.139 242
227.153 23
227.158 242
227.173 23
227.177 242
227.193 23
227.197 242
227.213 23
227.218 242
227.233 23
227.238 242
227.258 23
227.262 242
227.268 23
227.273 242
227.293 23
227.298 242
227.311 23
227.316 242
227.332 23
227.337 242
227.358 23
227.363 242
227.372 23
227.377 242
227.392 23
227.398 242
227.416 23
227.421 242
227.43 23
227.435 242
227.453 23
227.457 242
227.473 23
227.478 242
227.492 23
227.497 242
227.516 23
227.52 242
227.535 23
227.541 242
227.553 23
227.558 242
227.577 23
227.582 242
227.589 23
227.594 242
227.614 23
227.619 242
227.633 23
227.637 242
227.654 23
227.659 242
227.674 23
227.68 242
227.695 23
227.699 242
227.712 23
227.716 242
227.744 23
227.748 242
227.752 265
227.774 23
227.783 242
227.794 23
227.798 242
227.818 23
227.822 242
227.836 23
227.84 242
227.852 23
227.857 242
227.872 23
227.877 242
227.898 23
227.902 242
227.909 23
227.914 242
227.933 23
227.938 242
227.953 23
227.957 242
227.972 23
227.976 242
227.991 23
227.996 242
228.013 23
228.017 242
228.032 23
228.038 242
228.056 23
228.061 242
228.071 23
228.076 242
228.092 23
228.096 242
228.115 23
228.12 242
228.132 23
228.137 242
228.153 23
228.158 242
228.176 23
228.182 242
228.195 23
228.199 242
228.217 23
228.222 242
228.229 23
228.234 242
228.252 23
228.256 242
228.273 23
228.278 242
228.295 23
228.3 242
228.314 23
228.323 242
228.336 23
228.34 242
228.354 23
228.359 242
228.376 23
228.381 242
228.389 23
228.395 242
228.413 23
228.418 242
228.432 23
228.437 242
228.453 23
228.458 242
228.475 23
228.48 242
228.492 23
228.497 242
228.513 23
228.517 242
228.537 23
228.541 242
228.549 23
228.554 242
228.572 23
228.576 242
228.592 23
228.597 242
228.613 23
228.619 242
228.634 23
228.639 242
228.653 23
228.658 242
228.673 23
228.677 242
228.698 23
228.703 242
228.709 23
228.714 242
228.732 23
228.738 242
228.754 23
228.759 242
228.777 23
228.782 242
228.792 23
228.797 242
228.813 23
228.818 242
228.833 23
228.838 242
228.856 23
228.861 242
228.87 23
228.876 242
228.894 23
228.899 242
228.915 23
228.92 242
228.932 23
228.939 242
228.955 23
228.96 242
228.972 23
228.977 242
228.992 23
228.997 242
229.016 23
229.021 242
229.029 23
229.036 242
229.053 23
229.057 242
229.072 23
229.078 242
229.093 23
229.099 242
229.114 23
229.119 242
229.133 23
229.139 242
229.154 23
229.159 242
229.177 23
229.182 242
229.189 23
229.195 242
229.213 23
229.219 242
229.234 23
229.241 242
229.253 23
229.258 242
229.274 23
229.28 242
229.293 23
229.298 242
229.314 23
229.319 242
229.337 23
229.342 242
229.35 23
229.356 242
229.374 23
229.379 242
229.395 23
229.4 242
229.414 23
229.419 242
229.434 23
229.439 242
229.452 23
229.457 242
229.473 23
229.479 242
229.496 23
229.501 242
229.51 23
229.514 242
229.53 23
229.535 242
229.552 23
229.557 242
229.574 23
229.579 242
229.593 23
229.598 242
229.613 23
229.618 242
229.633 23
229.638 242
229.658 23
229.663 242
229.669 23
229.673 242
229.692 23
229.697 242
229.714 23
229.719 242
229.734 23
229.738 242
229.753 23
229.758 242
229.771 23
229.771 20
229.776 504
229.823 0
231.288 756
231.288 281
231.288 756
231.288 756
231.288 23
231.595 756
231.595 3024
231.6 3780
231.604 203
231.649 530
231.656 23
231.66 242
231.677 23
231.682 242
231.697 23
231.702 242
231.715 23
231.72 242
231.739 23
231.744 242
231.754 23
231.759 242
231.776 23
231.781 242
231.798 23
231.803 242
231.817 23
231.822 242
231.837 23
231.841 242
231.86 23
231.864 242
231.88 23
231.884 242
231.904 23
231.909 242
231.915 23
231.919 242
231.937 23
231.941 242
231.959 23
231.964 242
231.979 23
231.984 242
232.002 23
232.007 242
232.014 23
232.019 242
232.036 23
232.041 242
232.058 23
232.063 242
232.071 23
232.077 242
232.097 23
232.102 242
232.116 23
232.121 242
232.138 23
232.143 242
232.156 23
232.16 242
232.176 23
232.181 242
232.196 23
232.2 242
232.222 23
232.226 242
232.234 23
232.238 242
232.253 23
232.258 242
232.274 23
232.279 242
232.291 23
232.296 242
232.313 23
232.317 242
232.332 23
232.337 242
232.352 23
232.358 242
232.376 23
232.381 242
232.389 23
232.395 242
232.412 23
232.418 242
232.433 23
232.438 242
232.452 23
232.458 242
232.473 23
232.478 242
232.493 23
232.499 242
232.513 23
232.52 242
232.537 23
232.542 242
232.548 23
232.555 242
232.573 23
232.578 242
232.593 23
232.599 242
232.614 23
232.619 242
232.631 23
232.636 242
232.652 23
232.656 242
232.672 23
232.678 242
232.697 23
232.702 242
232.708 23
232.712 242
232.732 23
232.737 242
232.751 23
232.757 242
232.772 23
232.776 242
232.792 23
232.798 242
232.813 23
232.817 242
232.831 23
232.837 242
232.856 23
232.862 242
232.868 23
232.873 242
232.894 23
232.898 242
232.914 23
232.919 242
232.932 23
232.938 242
232.953 23
232.958 242
232.972 23
232.977 242
232.992 23
232.996 242
233.016 23
233.021 242
233.029 23
233.035 242
233.053 23
233.057 242
233.073 23
233.079 242
233.095 23
233.099 242
233.112 23
233.118 242
233.132 23
233.137 242
233.151 23
233.157 242
233.176 23
233.18 242
233.189 23
233.195 242
233.212 23
233.217 242
233.232 23
233.237 242
233.252 23
233.257 242
233.273 23
233.277 242
233.292 23
233.297 242
233.314 23
233.318 242
233.337 23
233.342 242
233.349 23
233.355 242
233.372 23
233.377 242
233.393 23
233.399 242
233.416 23
233.42 242
233.433 23
233.437 242
233.453 23
233.457 242
233.472 23
233.478 242
233.498 23
233.503 242
233.508 23
233.515 242
233.532 23
233.537 242
233.552 23
233.558 242
233.573 23
233.578 242
233.592 23
233.598 242
233.613 23
233.618 242
233.634 23
233.639 242
233.658 23
233.662 242
233.668 23
233.673 242
233.692 23
233.698 242
233.713 23
233.718 242
233.732 23
233.738 242
233.755 23
233.76 242
233.772 23
233.777 242
233.794 23
233.799 242
233.817 23
233.821 242
233.829 23
233.833 242
233.852 23
233.856 242
233.873 23
233.877 242
233.89 23
233.894 242
233.907 23
233.911 242
233.929 23
233.934 242
233.952 23
233.957 242
233.976 23
233.981 242
233.988 23
233.993 242
234.013 23
234.019 242
234.034 23
234.039 242
234.055 23
234.059 242
234.073 23
234.078 242
234.094 23
234.099 242
234.115 23
234.119 242
234.136 23
234.141 242
234.149 23
234.155 242
234.173 23
234.178 242
234.194 23
234.198 242
234.213 23
234.218 242
234.232 23
234.239 242
234.254 23
234.259 242
234.275 23
234.28 242
234.298 23
234.302 242
234.308 23
234.315 242
234.333 23
234.338 242
234.353 23
234.359 242
234.374 23
234.38 242
234.393 23
234.398 242
234.413 23
234.418 242
234.433 23
234.438 242
234.457 23
234.462 242
234.467 23
234.472 242
234.492 23
234.499 242
234.513 23
234.518 242
234.533 23
234.538 242
234.554 23
234.559 242
234.574 23
234.579 243
234.872 23
234.872 20
234.877 504
234.881 0
234.881 23
234.92 756
234.925 16
234.97 530
234.978 23
234.982 242
234.999 23
235.004 242
235.019 23
235.024 242
235.038 23
235.042 242
235.058 23
235.062 242
235.076 23
235.081 242
235.102 23
235.107 242
235.115 23
235.12 242
235.14 23
235.144 242
235.16 23
235.164 242
235.182 23
235.187 242
235.198 23
235.203 242
235.219 23
235.223 242
235.238 23
235.243 242
235.263 23
235.267 242
235.273 23
235.277 242
235.293 23
235.298 242
235.314 23
235.319 242
235.334 23
235.339 242
235.354 23
235.358 242
235.373 23
235.377 242
235.394 23
235.398 242
235.418 23
235.422 242
235.429 23
235.469 507
235.474 23
235.479 242
235.495 23
235.5 242
235.513 23
235.519 242
235.536 23
235.541 242
235.553 23
235.558 242
235.578 23
235.583 242
235.589 23
235.594 242
235.613 23
235.619 242
235.635 23
235.64 242
235.687 23
235.692 756
235.692 16
235.713 23
235.719 242
235.738 23
235.743 242
235.749 23
235.755 242
235.774 23
235.779 242
235.794 23
235.799 242
235.813 23
235.819 242
235.834 23
235.839 242
235.853 23
235.858 242
235.872 23
235.909 242
235.986 23
235.99 242
236.015 23
236.02 242
236.041 23
236.046 242
236.077 23
236.081 507
236.1 23
236.105 242
236.113 23
236.119 242
236.133 23
236.138 242
236.152 23
236.157 242
236.172 23
236.177 242
236.193 23
236.198 242
236.217 23
236.222 242
236.227 23
236.233 242
236.252 23
236.257 242
236.272 23
236.279 242
236.294 23
236.299 242
236.312 23
236.35 242
236.357 530
236.376 23
236.381 242
236.389 23
236.395 242
236.413 23
236.419 242
236.435 23
236.44 242
236.453 23
236.458 242
236.473 23
236.478 242
236.493 23
236.499 242
236.515 23
236.52 242
236.571 23
236.573 756
236.576 16
236.592 23
236.599 242
236.614 23
236.619 242
236.632 23
236.638 242
236.654 23
236.659 242
236.672 23
236.677 242
236.698 23
236.703 242
236.709 23
236.716 242
236.733 23
236.739 242
236.752 23
236.759 242
236.778 23
236.788 242
236.794 23
236.801 242
236.813 23
236.819 242
236.832 23
236.837 242
236.855 23
236.86 242
236.867 23
236.872 242
236.893 23
236.898 242
236.914 23
236.919 242
236.934 23
236.939 242
236.954 23
236.959 242
236.972 23
236.976 242
236.992 23
236.997 242
237.017 23
237.022 242
237.028 23
237.033 242
237.052 23
237.056 243
237.432 23
237.432 756
237.437 16
237.442 265
237.46 23
237.466 242
237.479 23
237.485 242
237.502 23
237.507 242
237.514 23
237.518 242
237.536 23
237.541 242
237.556 23
237.561 242
237.579 23
237.584 242
237.598 23
237.603 242
237.62 23
237.625 242
237.64 23
237.645 242
237.659 23
237.665 242
237.672 23
237.678 242
237.698 23
237.703 242
237.72 23
237.725 242
237.734 23
237.74 242
237.76 23
237.765 242
237.776 23
237.781 242
237.796 23
237.801 242
237.821 23
237.826 242
237.833 23
237.838 242
237.857 23
237.862 242
237.877 23
237.881 242
237.894 23
237.898 242
237.914 23
237.919 242
237.937 23
237.941 242
237.957 23
237.962 242
237.982 23
237.987 242
237.991 69
237.996 196
238.018 23
238.024 242
238.036 23
238.041 242
238.058 23
238.062 242
238.075 23
238.08 242
238.096 23
238.101 242
238.118 23
238.123 242
238.143 23
238.148 242
238.155 23
238.159 242
238.174 23
238.179 242
238.195 23
238.2 242
238.215 23
238.22 242
238.239 23
238.243 242
238.259 23
238.264 242
238.28 23
238.284 242
238.307 23
238.312 242
238.316 265
238.339 23
238.344 242
238.358 23
238.363 242
238.377 23
238.382 242
238.398 23
238.403 242
238.416 23
238.421 242
238.437 23
238.442 242
238.461 23
238.466 242
238.473 265
238.498 23
238.503 242
238.512 23
238.519 242
238.534 23
238.539 242
238.554 23
238.559 242
238.572 23
238.577 242
238.592 23
238.598 242
238.617 23
238.621 242
238.627 23
238.632 242
238.653 23
238.658 242
238.672 23
238.677 242
238.693 23
238.699 242
238.714 23
238.719 242
238.733 23
238.738 242
238.752 23
238.757 242
238.776 23
238.781 242
238.79 23
238.796 242
238.813 23
238.818 242
238.835 23
238.84 242
238.853 23
238.858 242
238.873 23
238.878 242
238.893 23
238.898 242
238.928 23
238.932 242
238.937 23
238.941 242
238.949 23
238.954 242
238.971 23
238.978 242
238.992 23
238.997 242
239.012 23
239.018 242
239.034 23
239.038 242
239.053 23
239.058 242
239.073 23
239.078 242
239.098 23
239.102 242
239.11 23
239.117 242
239.134 23
239.139 242
239.155 23
239.159 242
239.174 23
239.179 242
239.192 23
239.199 242
239.215 23
239.22 242
239.233 23
239.239 242
239.262 23
239.267 242
239.272 265
239.294 23
239.299 242
239.315 23
239.32 242
239.333 23
239.338 242
239.354 23
239.358 242
239.372 23
239.379 242
239.393 23
239.399 242
239.418 23
239.423 242
239.429 23
239.435 242
239.452 23
239.457 242
239.472 23
239.477 242
239.491 23
239.497 242
239.511 23
239.516 242
239.531 23
239.536 242
239.552 23
239.557 242
239.578 23
239.583 242
239.588 23
239.594 242
239.613 23
239.619 242
239.634 23
239.639 243
239.889 23
239.889 20
239.895 239
239.944 0
240.506 23
240.506 756
240.506 546
240.506 756
240.511 569
240.552 756
240.556 39
240.579 23
240.584 242
240.597 23
240.601 242
240.612 23
240.617 242
240.63 23
240.635 242
240.652 23
240.657 242
240.708 23
240.71 756
240.713 16
240.734 23
240.739 242
240.754 23
240.759 242
240.773 23
240.777 242
240.792 23
240.798 242
240.814 23
240.819 242
240.834 23
240.839 242
240.862 23
240.867 242
240.872 265
240.893 23
240.93 242
240.935 530
240.952 23
240.957 242
240.973 23
240.978 242
240.992 23
240.997 242
241.017 23
241.023 242
241.029 23
241.033 242
241.053 23
241.058 242
241.073 23
241.078 242
241.093 23
241.099 242
241.113 23
241.152 507
241.156 265
241.176 23
241.181 242
241.188 23
241.194 242
241.214 23
241.22 242
241.234 23
241.239 242
241.253 23
241.258 242
241.272 23
241.279 242
241.295 23
241.3 242
241.316 23
241.321 242
241.37 23
241.373 756
241.373 16
241.392 23
241.398 242
241.414 23
241.419 242
241.433 23
241.438 242
241.454 23
241.458 242
241.472 23
241.478 242
241.497 23
241.502 242
241.509 23
241.516 242
241.533 23
241.538 242
241.553 23
241.591 242
241.597 530
241.612 23
241.618 242
241.634 23
241.639 242
241.658 23
241.663 242
241.669 23
241.675 242
241.692 23
241.698 242
241.714 23
241.719 242
241.734 23
241.739 242
241.753 23
241.759 242
241.774 23
241.779 242
241.793 23
241.799 242
241.818 23
241.823 242
241.828 23
241.836 242
241.854 23
241.859 242
241.873 23
241.879 242
241.894 23
241.899 242
241.914 23
241.919 242
241.934 23
241.939 242
241.953 23
241.959 242
241.978 23
241.984 242
241.989 265
242.013 23
242.018 242
242.033 23
242.039 242
242.054 23
242.059 242
242.072 23
242.079 242
242.093 23
242.098 242
242.112 23
242.118 242
242.138 23
242.143 242
242.149 23
242.155 242
242.172 23
242.178 242
242.193 23
242.199 242
242.215 23
242.219 242
242.232 23
242.238 242
242.254 23
242.259 242
242.272 23
242.278 242
242.298 23
242.303 242
242.309 23
242.315 242
242.332 23
242.338 242
242.353 23
242.359 242
242.373 23
242.378 242
242.392 23
242.398 242
242.414 23
242.419 242
242.434 23
242.439 242
242.458 23
242.462 242
242.47 23
242.476 242
242.493 23
242.498 242
242.514 23
242.518 242
242.533 23
242.538 242
242.553 23
242.558 242
242.574 23
242.579 242
242.594 23
242.599 242
242.618 23
242.622 242
242.629 23
242.636 242
242.653 23
242.658 242
242.673 23
242.679 242
242.695 23
242.699 242
242.713 23
242.718 242
242.733 23
242.738 242
242.753 23
242.758 242
242.778 23
242.783 242
242.788 23
242.792 242
242.814 23
242.819 242
242.833 23
242.839 242
242.854 23
242.858 242
242.875 23
242.88 242
242.893 23
242.898 242
242.915 23
242.92 242
242.939 23
242.945 242
242.952 23
242.956 242
242.97 23
242.975 242
243.001 23
243.005 242
243.009 265
243.026 23
243.031 242
243.049 23
243.054 242
243.072 23
243.077 242
243.097 23
243.102 242
243.108 23
243.115 242
243.133 23
243.138 242
243.154 23
243.158 242
243.173 23
243.178 242
243.193 23
243.199 242
243.215 23
243.22 242
243.232 23
243.238 242
243.257 23
243.261 242
243.27 23
243.275 242
243.293 23
243.298 242
243.313 23
243.319 242
243.334 23
243.339 242
243.352 23
243.359 242
243.374 23
243.379 242
243.392 23
243.398 242
243.417 23
243.422 242
243.428 23
243.435 242
243.454 23
243.459 242
243.475 23
243.48 242
243.493 23
243.499 242
243.514 23
243.519 242
243.533 23
243.539 242
243.556 23
243.561 242
243.577 23
243.582 242
243.589 23
243.596 242
243.613 23
243.619 242
243.634 23
243.639 242
243.652 23
243.659 242
243.674 23
243.679 242
243.693 23
243.699 242
243.713 23
243.719 242
243.737 23
243.742 242
243.748 23
243.755 242
243.773 23
243.778 242
243.793 23
243.8 242
243.814 23
243.819 242
243.833 23
243.838 242
243.855 23
243.86 242
243.872 23
243.879 242
243.898 23
243.904 242
243.909 23
243.914 242
243.932 23
243.939 242
243.952 23
243.959 242
243.974 23
243.98 242
243.994 23
243.999 242
244.013 23
244.018 242
244.037 23
244.042 242
244.057 23
244.061 242
244.069 23
244.076 242
244.093 23
244.098 242
244.114 23
244.119 242
244.133 23
244.139 242
244.154 23
244.16 242
244.6 23
244.6 756
244.605 16
244.621 23
244.626 242
244.643 23
244.647 242
244.665 23
244.67 242
244.676 23
244.682 242
244.698 23
244.705 242
244.709 265
244.731 23
244.735 242
244.751 23
244.756 242
244.769 23
244.772 504
244.772 20
244.778 0
244.789 23
244.832 756
244.834 16
244.853 23
244.857 242
244.864 23
244.868 242
244.885 23
244.889 242
244.904 23
244.909 242
244.928 23
244.934 242
244.948 23
244.954 242
244.97 23
244.974 242
244.99 23
244.994 242
245.011 23
245.016 242
245.028 23
245.035 242
245.049 23
245.054 242
245.072 23
245.076 242
245.091 23
245.096 242
245.109 23
245.116 242
245.128 23
245.135 242
245.15 23
245.156 242
245.171 23
245.175 242
245.186 23
245.191 242
245.212 23
245.218 242
245.232 23
245.236 242
245.251 23
245.256 242
245.273 23
245.278 242
245.292 23
245.297 242
245.312 23
245.317 242
245.336 23
245.341 242
245.624 23
245.624 756
245.624 281
245.63 530
245.637 23
245.642 242
245.666 23
245.67 242
245.675 23
245.679 242
245.698 23
245.703 242
245.72 23
245.726 242
245.742 23
245.746 242
245.765 23
245.772 23
245.777 484
245.786 23
245.79 242
245.806 23
245.811 242
245.826 23
245.83 242
245.845 23
245.849 242
245.865 23
245.869 242
245.89 23
245.897 242
245.906 23
245.911 242
245.949 23
245.956 507
245.985 23
245.989 507
246.006 23
246.01 242
246.026 23
246.031 242
246.048 23
246.054 242
246.073 23
246.079 242
246.09 23
246.094 242
246.112 23
246.115 242
246.124 23
246.128 242
246.17 23
246.177 507
246.19 23
246.196 242
246.211 23
246.215 242
246.23 23
246.234 242
246.254 23
246.261 242
246.272 23
246.278 242
246.294 23
246.299 242
246.307 23
246.313 242
246.332 23
246.336 242
246.351 23
246.39 242
246.395 530
246.413 23
246.418 242
246.432 23
246.437 242
246.457 23
246.461 242
246.469 23
246.474 242
246.493 23
246.498 242
246.514 23
246.519 242
246.532 23
246.539 242
246.555 23
246.56 242
246.574 23
246.611 242
246.616 265
246.62 265
246.628 23
246.632 242
246.653 23
246.659 242
246.673 23
246.678 242
246.694 23
246.699 242
246.715 23
246.72 242
246.732 23
246.737 242
246.754 23
246.759 242
246.778 23
246.783 242
246.79 23
246.795 242
246.812 23
246.817 242
246.833 23
246.839 242
246.854 23
246.859 242
246.874 23
246.879 242
246.894 23
246.899 242
246.914 23
246.919 242
246.938 23
246.943 242
246.948 23
246.954 242
246.972 23
246.977 242
246.992 23
246.999 242
247.014 23
247.02 242
247.035 23
247.04 242
247.053 23
247.057 242
247.073 23
247.078 242
247.096 23
247.101 242
247.108 23
247.113 242
247.133 23
247.139 242
247.154 23
247.159 242
247.174 23
247.179 242
247.192 23
247.198 242
247.214 23
247.219 242
247.234 23
247.239 242
247.258 23
247.263 242
247.269 23
247.275 242
247.292 23
247.298 242
247.314 23
247.319 242
247.335 23
247.34 242
247.353 23
247.359 242
247.376 23
247.38 242
247.393 23
247.398 242
247.418 23
247.423 242
247.429 23
247.435 242
247.453 23
247.459 242
247.474 23
247.479 242
247.494 23
247.499 242
247.514 23
247.519 242
247.534 23
247.539 242
247.553 23
247.558 242
247.578 23
247.583 242
247.59 23
247.595 242
247.613 23
247.619 242
247.635 23
247.64 242
247.653 23
247.659 242
247.674 23
247.679 242
247.694 23
247.699 242
247.714 23
247.719 242
247.738 23
247.743 242
247.748 23
247.754 242
247.774 23
247.778 242
247.792 23
247.799 242
247.814 23
247.819 242
247.833 23
247.838 242
247.854 23
247.858 242
247.874 23
247.88 242
247.898 23
247.903 242
247.909 23
247.915 242
247.934 23
247.939 242
247.953 23
247.959 242
247.974 23
247.98 242
247.993 23
247.998 242
248.015 23
248.02 242
248.034 23
248.039 242
248.058 23
248.063 242
248.069 23
248.073 242
248.095 23
248.1 242
248.113 23
248.118 242
248.134 23
248.139 242
248.154 23
248.159 242
248.175 23
248.18 242
248.193 23
248.198 242
248.218 23
248.223 242
248.229 23
248.234 242
248.255 23
248.26 242
248.273 23
248.278 242
248.296 23
248.301 242
248.314 23
248.319 242
248.334 23
248.339 242
248.354 23
248.359 242
248.379 23
248.384 242
248.39 46
248.394 219
248.414 23
248.419 242
248.433 23
248.438 242
248.455 23
248.46 242
248.473 23
248.479 242
248.495 23
248.5 242
248.513 23
248.518 242
248.538 23
248.543 242
248.548 23
248.554 242
248.573 23
248.579 242
248.593 23
248.597 242
248.612 23
248.617 242
248.632 23
248.638 242
248.653 23
248.657 242
248.673 23
248.679 242
248.698 23
248.703 242
248.709 23
248.715 242
248.732 23
248.738 242
248.754 23
248.759 242
248.773 23
248.779 242
248.792 23
248.798 242
248.813 23
248.818 242
248.833 23
248.839 242
248.857 23
248.862 242
248.869 23
248.875 242
248.893 23
248.899 242
248.914 23
248.919 242
248.934 23
248.938 242
249.72 23
249.72 756
249.72 281
249.72 756
249.72 756
249.72 23
249.726 608
249.743 23
249.748 242
249.76 23
249.765 242
249.772 23
249.772 20
249.777 239
249.783 265
249.824 0
249.828 530
249.835 23
249.839 242
249.858 23
249.862 242
249.877 23
249.881 242
249.898 23
249.902 242
249.92 23
249.925 242
249.94 23
249.945 242
249.961 23
249.966 242
249.984 23
249.989 242
249.994 23
249.999 242
250.019 23
250.024 242
250.037 23
250.042 242
250.058 23
250.063 242
250.079 23
250.085 242
250.097 23
250.102 242
250.118 23
250.122 242
250.141 23
250.146 242
250.154 23
250.159 242
250.181 23
250.186 242
250.199 23
250.204 242
250.221 23
250.225 242
250.241 23
250.246 242
250.261 23
250.265 242
250.279 23
250.284 242
250.304 23
250.309 242
250.313 23
250.318 242
250.336 23
250.341 242
250.361 23
250.365 242
250.381 23
250.385 242
250.4 23
250.405 242
250.419 23
250.424 242
250.44 23
250.445 242
250.463 23
250.468 242
250.476 23
250.48 242
250.526 23
250.531 507
250.536 23
250.54 242
250.556 23
250.56 242
250.583 23
250.588 242
250.6 23
250.605 242
250.625 23
250.63 242
250.637 23
250.641 242
250.658 23
250.662 242
250.678 23
250.683 242
250.697 23
250.702 242
250.718 23
250.723 242
250.738 23
250.743 242
250.758 23
250.763 242
250.779 23
250.784 242
250.793 23
250.797 242
250.817 23
250.821 242
250.838 23
250.843 242
250.858 23
250.863 242
250.875 23
250.88 242
250.899 23
250.904 242
250.916 23
250.921 242
250.969 23
250.973 507
250.979 265
250.993 23
250.997 242
251.012 23
251.017 242
251.032 23
251.038 242
251.054 23
251.058 242
251.072 23
251.077 242
251.097 23
251.102 242
251.109 23
251.115 242
251.133 23
251.138 242
251.189 23
251.193 756
251.193 16
251.212 23
251.218 242
251.234 23
251.239 242
251.257 23
251.262 242
251.272 23
251.277 242
251.294 23
251.299 242
251.313 23
251.319 242
251.334 23
251.339 242
251.352 23
251.358 242
251.372 23
251.41 242
251.415 265
251.42 265
251.428 23
251.433 242
251.453 23
251.458 242
251.474 23
251.479 242
251.494 23
251.499 242
251.512 23
251.518 242
251.533 23
251.538 242
251.554 23
251.559 242
251.577 23
251.582 242
251.588 23
251.592 242
251.632 23
251.638 507
251.654 23
251.658 242
251.674 23
251.679 242
251.693 23
251.698 242
251.715 23
251.719 242
251.736 23
251.741 242
251.749 23
251.754 242
251.774 23
251.779 242
251.793 23
251.797 242
251.813 23
251.819 242
251.834 23
251.839 242
251.854 23
251.859 242
251.875 23
251.88 242
251.897 23
251.902 242
251.909 23
251.915 242
251.933 23
251.939 242
251.954 23
251.959 242
251.974 23
251.979 242
251.993 23
251.997 242
252.012 23
252.018 242
252.033 23
252.038 242
252.057 23
252.062 242
252.068 23
252.074 242
252.093 23
252.097 242
252.112 23
252.118 242
252.134 23
252.139 242
252.154 23
252.159 242
252.172 23
252.178 242
252.192 23
252.197 242
252.215 23
252.219 242
252.226 23
252.231 242
252.251 23
252.256 242
252.271 23
252.276 242
252.293 23
252.298 242
252.313 23
252.318 242
252.334 23
252.34 242
252.351 23
252.356 242
252.375 23
252.38 242
252.792 23
252.792 756
252.792 281
252.798 265
252.802 265
252.818 23
252.823 242
252.834 23
252.839 242
252.86 23
252.865 242
252.871 23
252.876 242
252.894 23
252.899 242
252.92 23
252.925 242
252.939 23
252.945 242
252.958 23
252.963 242
252.978 23
252.983 242
253.202 23
253.202 756
253.202 281
253.207 530
253.219 23
253.224 242
253.243 23
253.248 242
253.26 23
253.265 242
253.279 23
253.284 242
253.3 23
253.305 242
253.322 23
253.326 242
253.342 23
253.347 242
253.352 23
253.357 242
253.378 23
253.383 242
253.395 23
253.4 242
253.418 23
253.423 242
253.441 23
253.446 242
253.462 23
253.467 242
253.478 23
253.483 242
253.501 23
253.505 242
253.515 23
253.52 242
253.539 23
253.544 242
253.56 23
253.565 242
253.579 23
253.584 242
253.603 23
253.609 242
253.62 23
253.625 242
253.642 23
253.647 242
253.662 23
253.667 242
253.673 23
253.677 242
253.698 23
253.703 242
253.717 23
253.721 242
253.739 23
253.744 242
253.757 23
253.761 242
253.782 23
253.786 242
253.802 23
253.806 242
253.824 23
253.829 242
253.835 23
253.839 242
253.857 23
253.862 242
253.877 23
253.882 242
253.9 23
253.904 242
253.918 23
253.923 242
253.939 23
253.944 242
253.962 23
253.966 242
253.982 23
253.987 242
253.994 23
253.999 242
254.023 23
254.028 242
254.092 23
254.097 242
254.103 23
254.108 242
254.122 23
254.127 242
254.144 23
254.149 242
254.159 23
254.163 242
254.176 23
254.18 242
254.198 23
254.202 242
254.217 23
254.222 242
254.236 23
254.241 242
254.263 23
254.268 242
254.276 23
254.283 242
254.303 23
254.308 242
254.312 69
254.317 196
254.336 23
254.341 242
254.359 23
254.364 242
254.376 23
254.381 242
254.398 23
254.402 242
254.417 23
254.422 242
254.438 23
254.443 242
254.46 23
254.465 242
254.475 23
254.479 242
254.5 23
254.505 242
254.521 23
254.525 242
254.54 23
254.545 242
254.557 23
254.562 242
254.578 23
254.583 242
254.595 23
254.6 242
254.619 23
254.624 242
254.633 23
254.639 242
254.66 23
254.665 242
254.677 23
254.682 242
254.701 23
254.706 242
254.72 23
254.725 242
254.74 23
254.745 242
254.76 23
254.765 242
254.771 23
254.771 20
254.776 239
254.783 0
254.783 23
254.819 756
254.823 16
254.869 530
254.876 23
254.881 242
254.9 23
254.905 242
254.919 23
254.925 242
254.944 23
254.949 242
254.957 23
254.962 242
254.973 23
254.979 242
254.994 23
254.999 242
255.015 23
255.019 242
255.033 23
255.039 242
255.055 23
255.059 242
255.074 23
255.079 242
255.098 23
255.102 242
255.108 23
255.113 242
255.132 23
255.138 242
255.153 23
255.158 242
255.173 23
255.178 242
255.195 23
255.2 242
255.212 23
255.217 242
255.232 23
255.238 242
255.257 23
255.262 242
255.269 23
255.274 242
255.293 23
255.298 242
255.313 23
255.317 242
255.332 23
255.338 242
255.354 23
255.359 242
255.373 23
255.378 242
255.394 23
255.399 242
255.419 23
255.424 242
255.429 23
255.435 242
255.454 23
255.459 242
255.473 23
255.477 242
255.493 23
255.499 242
255.546 23
255.551 507
255.556 265
255.576 23
255.58 242
255.59 23
255.594 242
255.613 23
255.618 242
255.634 23
255.639 242
255.654 23
255.659 242
255.676 23
255.681 242
255.693 23
255.699 242
255.715 23
255.72 242
255.739 23
255.744 242
255.749 23
255.755 242
255.774 23
255.779 242
255.794 23
255.799 242
255.813 23
255.818 242
255.833 23
255.838 242
255.854 23
255.859 242
255.873 23
255.878 242
255.896 23
255.901 242
255.908 23
255.913 242
255.932 23
255.937 242
255.952 23
255.989 242
255.994 530
256.013 23
256.018 242
256.033 23
256.038 242
256.058 23
256.064 242
256.069 265
256.092 23
256.098 242
256.114 23
256.119 242
256.134 23
256.139 242
256.152 23
256.159 242
256.209 23
256.214 507
256.219 265
256.228 23
256.235 242
256.252 23
256.259 242
256.275 23
256.281 242
256.292 23
256.297 242
256.313 23
256.319 242
256.335 23
256.34 242
256.353 23
256.358 242
256.377 23
256.382 242
256.388 23
256.43 242
256.435 530
256.451 23
256.458 242
256.474 23
256.48 242
256.493 23
256.497 242
256.513 23
256.518 242
256.537 23
256.543 242
256.549 23
256.556 242
256.574 23
256.578 242
256.593 23
256.598 242
256.612 23
256.651 242
256.657 530
256.674 23
256.678 242
256.695 23
256.7 242
256.709 23
256.715 242
256.732 23
256.737 242
256.754 23
256.766 242
256.772 23
256.778 242
256.792 23
256.797 242
256.812 23
256.818 242
256.835 23
256.839 242
256.856 23
256.861 242
256.868 23
256.872 242
256.893 23
256.899 242
256.915 23
256.92 242
256.933 23
256.938 242
256.953 23
256.958 242
256.973 23
256.977 242
256.993 23
256.998 242
257.018 23
257.023 242
257.029 23
257.035 242
257.054 23
257.059 242
257.074 23
257.08 242
257.094 23
257.099 242
257.114 23
257.119 242
257.133 23
257.138 242
257.153 23
257.158 242
257.179 23
257.184 242
257.189 69
257.195 196
257.212 23
257.217 242
257.232 23
257.237 242
257.251 23
257.258 242
257.273 23
257.279 242
257.293 23
257.299 242
257.313 23
257.318 242
257.335 23
257.34 242
257.349 23
257.355 242
257.371 23
257.378 242
257.393 23
257.399 242
257.412 23
257.419 242
257.433 23
257.438 242
257.453 23
257.458 242
257.473 23
257.478 242
257.496 23
257.501 242
257.508 23
257.515 242
257.532 23
257.538 242
257.553 23
257.558 242
257.573 23
257.578 242
258.834 756
258.834 281
258.834 756
258.834 756
258.834 23
259.141 756
259.141 3780
259.147 3780
259.148 756
259.151 281
259.159 23
259.163 242
259.182 23
259.187 242
259.197 23
259.202 242
259.216 23
259.221 242
259.237 23
259.243 242
259.261 23
259.265 242
259.271 23
259.276 242
259.295 23
259.3 242
259.32 23
259.325 242
259.339 23
259.343 242
259.36 23
259.366 242
259.384 23
259.393 242
259.397 115
259.402 150
259.421 23
259.425 242
259.433 23
259.439 242
259.462 23
259.467 242
259.479 23
259.483 242
259.497 23
259.502 242
259.522 23
259.527 242
259.54 23
259.545 242
259.558 23
259.562 242
259.584 23
259.589 242
259.595 23
259.599 242
259.618 23
259.622 242
259.636 23
259.64 242
259.656 23
259.661 242
259.678 23
259.682 242
259.698 23
259.703 242
259.719 23
259.723 242
259.74 23
259.744 242
259.75 23
259.754 242
259.773 23
259.773 20
259.778 504
259.797 23
259.839 756
259.842 16
259.861 23
259.865 242
259.881 23
259.885 242
259.903 23
259.908 242
259.913 23
259.918 242
259.937 23
259.941 242
259.957 23
259.963 242
259.977 23
259.981 242
260.004 23
260.009 242
260.016 23
260.021 242
260.034 23
260.039 242
260.062 23
260.066 242
260.07 265
260.091 23
260.096 242
260.111 23
260.117 242
260.131 23
260.136 242
260.152 23
260.158 242
260.174 23
260.179 242
260.192 23
260.198 242
260.217 23
260.222 242
260.228 23
260.233 242
260.253 23
260.258 242
260.274 23
260.279 242
260.293 23
260.299 242
260.313 23
260.319 242
260.333 23
260.338 242
260.352 23
260.357 242
260.377 23
260.382 242
260.388 23
260.393 243
260.677 23
260.681 756
260.681 16
260.705 23
260.711 242
260.715 23
260.72 242
260.741 23
260.746 242
260.759 23
260.763 242
260.781 23
260.785 242
260.8 23
260.804 242
260.818 23
260.822 242
260.838 23
260.843 242
260.866 23
260.87 242
260.875 23
260.88 242
260.894 23
260.898 242
260.913 23
260.918 242
260.934 23
260.939 242
260.954 23
260.959 242
260.972 23
261.01 242
261.015 265
261.019 265
261.029 23
261.034 242
261.054 23
261.059 242
261.073 23
261.078 242
261.093 23
261.097 242
261.114 23
261.119 242
261.133 23
261.137 242
261.153 23
261.158 242
261.177 23
261.184 242
261.19 23
261.229 242
261.235 403
261.239 127
261.252 23
261.259 242
261.274 23
261.279 242
261.294 23
261.298 242
261.312 23
261.317 242
261.336 23
261.341 242
261.349 23
261.353 242
261.372 23
261.378 242
261.394 23
261.398 242
261.413 23
261.45 242
261.456 530
261.474 23
261.478 242
261.497 23
261.502 242
261.509 23
261.516 242
261.533 23
261.538 242
261.555 23
261.56 242
261.572 23
261.577 242
261.593 23
261.6 242
261.614 23
261.619 242
261.633 23
261.671 242
261.678 530
261.693 23
261.698 242
261.713 23
261.719 242
261.734 23
261.739 242
261.753 23
261.758 242
261.775 23
261.779 242
261.792 23
261.798 242
261.817 23
261.822 242
261.828 23
261.835 242
261.854 23
261.86 242
261.874 23
261.879 242
261.895 23
261.9 242
261.914 23
261.919 242
261.934 23
261.938 242
261.953 23
261.958 242
261.977 23
261.982 242
261.99 23
261.996 242
262.012 23
262.019 242
262.034 23
262.039 242
262.052 23
262.057 242
262.072 23
262.077 242
262.093 23
262.098 242
262.113 23
262.118 242
262.138 23
262.143 242
262.149 23
262.155 242
262.173 23
262.179 242
262.193 23
262.197 242
262.213 23
262.218 242
262.233 23
262.239 242
262.254 23
262.259 242
262.273 23
262.279 242
262.297 23
262.302 242
262.309 23
262.317 242
262.333 23
262.338 242
262.354 23
262.359 242
262.374 23
262.379 242
262.393 23
262.398 242
262.413 23
262.419 242
262.435 23
262.44 242
262.457 23
262.461 242
262.468 23
262.472 242
262.493 23
262.498 242
262.513 23
262.52 242
262.535 23
262.54 242
262.554 23
262.559 242
262.573 23
262.578 242
262.592 23
262.597 242
262.616 23
262.621 242
262.628 23
262.634 242
262.654 23
262.658 242
262.673 23
262.678 242
262.694 23
262.698 242
262.713 23
262.718 242
262.734 23
262.739 242
262.752 23
262.759 242
262.777 23
262.782 242
262.788 23
262.794 242
262.813 23
262.819 242
262.834 23
262.839 242
262.851 23
262.856 242
262.873 23
262.878 242
262.894 23
262.898 242
262.914 23
262.918 242
262.937 23
262.942 242
262.949 23
262.956 242
262.973 23
262.978 242
262.993 23
262.997 242
263.013 23
263.018 242
263.034 23
263.039 242
263.053 23
263.058 242
263.074 23
263.078 242
263.096 23
263.102 242
263.108 23
263.113 242
263.134 23
263.139 242
263.154 23
263.159 242
263.173 23
263.178 242
263.193 23
263.197 242
263.211 23
263.216 242
263.234 23
263.241 242
263.26 23
263.265 242
263.27 23
263.274 242
263.292 23
263.297 242
263.312 23
263.316 242
263.333 23
263.339 242
263.354 23
263.359 242
263.375 23
263.381 242
263.394 23
263.399 242
263.419 23
263.424 242
263.43 23
263.434 242
263.452 23
263.457 242
263.472 23
263.478 242
263.495 23
263.499 242
263.512 23
263.517 242
263.534 23
263.538 242
263.554 23
263.559 242
263.58 23
263.584 242
263.589 23
263.593 242
263.614 23
263.619 242
263.634 23
263.64 242
263.654 23
263.659 242
263.674 23
263.679 242
263.693 23
263.698 242
263.713 23
263.718 242
263.737 23
263.742 242
263.748 23
263.755 242
263.775 23
263.78 242
263.793 23
263.798 242
263.813 23
263.819 242
263.835 23
263.84 242
263.854 23
263.858 242
263.874 23
263.879 242
263.898 23
263.903 242
263.909 23
263.913 242
263.933 23
263.938 242
263.955 23
263.959 242
263.974 23
263.98 242
263.994 23
263.998 242
264.012 23
264.019 242
264.034 23
264.039 242
264.058 23
264.062 242
264.069 23
264.073 242
264.093 23
264.098 242
264.112 23
264.117 242
264.133 23
264.138 242
264.152 23
264.158 242
264.173 23
264.179 242
264.192 23
264.197 242
264.217 23
264.221 242
264.229 23
264.235 242
264.253 23
264.258 242
264.275 23
264.28 242
264.294 23
264.299 242
264.314 23
264.319 242
264.334 23
264.338 242
264.353 23
264.358 242
264.378 23
264.383 242
264.388 23
264.393 242
264.413 23
264.418 242
264.436 23
264.44 242
264.454 23
264.458 242
264.473 23
264.479 242
264.496 23
264.5 242
264.514 23
264.519 242
264.537 23
264.541 242
264.548 23
264.553 242
264.572 23
264.578 242
264.593 23
264.597 242
264.614 23
264.619 242
264.635 23
264.64 242
264.653 23
264.658 242
264.673 23
264.678 242
264.697 23
264.702 242
264.708 23
264.713 242
264.734 23
264.74 242
264.755 23
264.759 242
264.772 20
264.772 23
264.777 504
264.793 23
264.834 756
264.839 16
264.857 23
264.862 242
264.869 23
264.875 242
264.892 23
264.896 242
264.912 23
264.917 242
264.932 23
264.937 242
264.953 23
264.958 242
264.975 23
264.981 242
264.993 23
264.998 242
265.016 23
265.021 242
265.029 23
265.035 242
265.054 23
265.059 242
265.074 23
265.08 242
265.093 23
265.097 242
265.111 23
265.119 242
265.132 23
265.138 242
265.154 23
265.159 242
265.177 23
265.182 242
265.189 23
265.195 242
265.212 23
265.217 242
265.232 23
265.239 242
265.255 23
265.26 242
265.274 23
265.279 242
265.294 23
265.298 242
265.313 23
265.319 242
265.337 23
265.342 242
265.348 23
265.353 242
265.373 23
265.379 242
265.392 23
265.397 242
265.413 23
265.419 242
265.434 23
265.44 242
265.453 23
265.458 242
265.472 23
265.477 242
265.496 23
265.501 242
265.508 23
265.513 242
265.532 23
265.537 242
265.586 23
265.592 242
266.514 756
266.514 281
266.514 756
266.514 756
266.514 23
266.719 1512
266.719 3601
266.724 756
266.724 569
266.738 23
266.742 242
266.754 23
266.759 242
266.788 23
266.792 242
266.796 265
266.808 23
266.812 242
266.826 23
266.829 242
266.844 23
266.849 242
266.869 23
266.873 242
266.885 23
266.889 242
266.904 23
266.908 242
266.925 23
266.929 242
266.944 23
266.948 242
266.973 23
266.978 242
266.989 23
266.993 242
267.01 23
267.015 242
267.031 23
267.037 242
267.052 23
267.056 242
267.072 23
267.077 242
267.231 23
267.231 756
267.235 16
267.24 92
267.244 173
267.264 23
267.269 242
267.275 23
267.28 242
267.296 23
267.301 242
267.316 23
267.321 242
267.339 23
267.344 242
267.356 23
267.361 242
267.377 23
267.381 242
267.39 23
267.397 242
267.422 23
267.427 242
267.432 23
267.439 242
267.454 23
267.459 242
267.475 23
267.479 242
267.492 23
267.499 242
267.513 23
267.518 242
267.533 23
267.539 242
267.553 23
267.558 242
267.576 23
267.58 242
267.586 23
267.59 242
267.613 23
267.618 242
267.633 23
267.639 242
267.654 23
267.659 242
267.672 23
267.678 242
267.692 23
267.699 242
267.713 23
267.718 242
267.737 23
267.742 242
267.748 23
267.753 242
267.775 23
267.779 242
267.787 23
267.792 242
267.813 23
267.818 242
267.834 23
267.838 242
267.853 23
267.858 242
267.874 23
267.879 242
267.898 23
267.903 242
267.908 23
267.914 242
267.932 23
267.939 242
267.955 23
267.96 242
267.973 23
267.978 242
267.992 23
267.998 242
268.014 23
268.019 242
268.033 23
268.038 242
268.057 23
268.061 242
268.068 23
268.072 242
268.093 23
268.099 242
268.113 23
268.118 242
268.132 23
268.136 242
268.154 23
268.159 242
268.172 23
268.178 242
268.188 23
268.193 242
268.217 23
268.222 242
268.228 23
268.234 242
268.252 23
268.259 242
268.272 23
268.279 242
268.293 23
268.299 242
268.313 23
268.318 242
268.332 23
268.338 242
268.353 23
268.358 242
268.378 23
268.383 242
268.388 23
268.393 242
268.412 23
268.416 242
268.432 23
268.439 242
268.453 23
268.457 242
268.472 23
268.478 242
268.493 23
268.498 242
268.513 23
268.519 242
268.543 23
268.548 242
268.553 265
268.573 23
268.579 242
268.593 23
268.6 242
268.616 23
268.621 242
268.634 23
268.639 242
268.653 23
268.658 242
268.672 23
268.679 242
268.696 23
268.701 242
268.709 23
268.715 242
268.732 23
268.738 242
268.753 23
268.757 242
268.772 23
268.778 242
268.792 23
268.798 242
268.814 23
268.818 242
268.834 23
268.839 242
268.858 23
268.863 242
268.869 69
268.876 196
268.894 23
268.899 242
268.914 23
268.92 242
268.935 23
268.94 242
268.953 23
268.958 242
268.974 23
268.979 242
268.993 23
268.998 242
269.016 23
269.021 242
269.03 23
269.035 242
269.053 23
269.058 242
269.073 23
269.079 242
269.095 23
269.1 242
269.114 23
269.118 242
269.135 23
269.14 242
269.154 23
269.159 242
269.177 23
269.182 242
269.188 23
269.194 242
269.213 23
269.218 242
269.234 23
269.238 242
269.254 23
269.259 242
269.273 23
269.278 242
269.294 23
269.298 242
269.315 23
269.319 242
269.337 23
269.342 242
269.349 23
269.355 242
269.373 23
269.378 242
269.395 23
269.399 242
269.413 23
269.419 242
269.435 23
269.44 242
269.452 23
269.457 242
269.472 23
269.478 242
269.498 23
269.502 242
269.508 23
269.513 242
269.533 23
269.539 242
269.556 23
269.56 242
269.573 23
269.578 242
269.595 23
269.6 242
269.613 23
269.618 242
269.644 23
269.649 242
269.657 23
269.661 242
269.669 23
269.675 242
269.692 23
269.698 242
269.714 23
269.719 242
269.736 23
269.74 242
269.753 23
269.758 242
269.771 23
269.771 20
269.776 504
269.793 23
269.829 756
269.835 16
269.881 530
269.894 23
269.899 242
269.913 23
269.919 242
269.934 23
269.939 242
269.952 23
269.958 242
269.979 23
269.983 242
269.988 23
269.993 242
270.014 23
270.028 242
270.034 23
270.039 242
270.061 23
270.065 242
270.078 23
270.084 242
270.094 23
270.099 242
270.11 23
270.115 242
270.133 23
270.137 242
270.146 23
270.151 242
270.167 23
270.172 242
270.188 23
270.193 242
270.212 23
270.218 242
270.233 23
270.237 242
270.246 23
270.25 242
270.27 23
270.274 242
270.293 23
270.298 243
270.308 23
270.315 242
270.329 23
270.334 242
270.35 23
270.354 242
270.368 23
270.372 242
270.39 23
270.394 242
270.412 23
270.418 242
270.427 23
270.432 242
270.452 23
270.456 242
270.468 23
270.472 242
270.489 23
270.494 242
270.509 23
270.515 242
270.527 23
270.532 242
270.548 23
270.552 242
270.566 23
270.57 243
271.124 23
271.124 756
271.124 281
271.124 756
271.124 756
271.129 343
271.137 23
271.142 242
271.165 23
271.17 242
271.175 23
271.18 242
271.197 23
271.202 242
271.214 23
271.218 242
271.269 23
271.273 756
271.273 16
271.305 23
271.31 242
271.318 23
271.322 242
271.34 23
271.345 242
271.36 23
271.365 242
271.379 23
271.385 242
271.402 23
271.406 242
271.425 23
271.43 242
271.435 23
271.439 242
271.49 23
271.495 553
271.5 219
271.515 23
271.52 242
271.54 23
271.544 242
271.558 23
271.563 242
271.582 23
271.586 242
271.594 23
271.598 242
271.612 23
271.616 242
271.643 23
271.648 242
271.652 23
271.658 242
271.673 23
271.712 242
271.718 530
271.737 23
271.742 242
271.748 23
271.754 242
271.774 23
271.778 242
271.792 23
271.797 242
271.812 23
271.816 242
271.832 23
271.838 242
271.854 23
271.858 242
271.873 23
271.878 242
271.896 23
271.901 242
271.909 23
271.914 242
271.932 23
271.938 242
271.954 23
271.959 242
271.974 23
271.979 242
271.992 23
271.998 242
272.013 23
272.019 242
272.034 23
272.04 242
272.058 23
272.063 242
272.068 23
272.072 242
272.093 23
272.098 242
272.113 23
272.118 242
272.133 23
272.139 242
272.154 23
272.158 242
272.172 23
272.176 242
272.192 23
272.198 242
272.217 23
272.223 242
272.229 23
272.236 242
272.252 23
272.257 242
272.273 23
272.282 242
272.286 265
272.305 23
272.309 242
272.324 23
272.328 242
272.342 23
272.346 242
272.364 23
272.368 242
272.388 23
272.393 242
272.41 23
272.415 242
272.433 23
272.437 242
272.45 23
272.454 242
272.471 23
272.476 242
272.488 23
272.492 242
272.512 23
272.516 242
272.529 23
272.533 242
272.542 23
272.548 242
272.564 23
272.567 242
272.587 23
272.591 242
272.61 23
272.614 242
272.632 23
272.637 242
272.653 23
272.657 242
272.668 23
272.673 242
272.693 23
272.697 242
272.707 23
272.712 242
272.73 23
272.734 242
272.746 23
272.751 242
272.769 23
272.773 242
272.789 23
272.794 242
272.81 23
272.815 242
272.831 23
272.836 242
272.849 23
272.855 242
272.866 23
272.869 242
272.888 23
272.892 242
272.91 23
272.915 242
272.933 23
272.937 242
272.951 23
272.956 242
272.971 23
272.975 242
272.992 23
272.996 242
273.016 23
273.02 242
273.029 23
273.033 242
273.053 23
273.058 242
273.074 23
273.081 242
273.092 23
273.098 242
273.112 23
273.118 242
273.133 23
273.14 242
273.149 23
273.154 242
273.18 23
273.184 242
273.191 46
273.195 219
273.213 23
273.218 242
273.232 23
273.237 242
273.252 23
273.262 242
273.273 23
273.279 242
273.292 23
273.297 242
273.313 23
273.317 242
273.337 23
273.342 242
273.348 23
273.352 242
273.371 23
273.377 242
273.394 23
273.399 242
273.413 23
273.417 242
273.432 23
273.438 242
273.451 23
273.456 242
273.471 23
273.477 242
273.495 23
273.499 242
273.509 23
273.513 242
273.531 23
273.536 242
273.553 23
273.559 243
274.604 756
274.604 281
274.604 756
274.604 756
274.604 23
274.808 20
274.808 3024
274.808 2268
274.814 1811
274.82 127
274.86 0
274.866 530
274.871 23
274.877 242
274.892 23
274.897 242
274.912 23
274.917 242
274.936 23
274.941 242
274.95 23
274.955 242
274.974 23
274.979 243
276.447 756
276.447 756
276.447 756
276.447 756
276.447 756
276.447 702
276.452 23
276.452 756
276.457 304
276.511 23
276.513 756
276.515 16
276.538 23
276.544 242
276.55 23
276.556 242
276.574 23
276.58 242
276.594 23
276.598 242
276.613 23
276.617 242
276.632 23
276.638 242
276.653 23
276.657 242
276.673 23
276.678 242
276.731 23
276.731 756
276.737 16
276.753 23
276.76 242
276.773 23
276.777 242
276.794 23
276.799 242
276.813 23
276.817 242
276.833 23
276.839 242
276.858 23
276.863 242
276.868 23
276.873 242
276.893 23
276.899 242
276.914 23
276.919 242
276.932 23
276.937 242
276.953 23
276.959 242
276.973 23
276.98 242
276.994 23
276.999 242
277.016 23
277.02 242
277.026 23
277.031 242
277.053 23
277.058 242
277.074 23
277.078 242
277.091 23
277.096 242
277.111 23
277.117 242
277.132 23
277.137 242
277.157 23
277.163 242
277.18 23
277.185 242
277.189 138
277.194 127
277.21 23
277.215 242
277.232 23
277.237 242
277.252 23
277.258 242
277.273 23
277.279 242
277.292 23
277.297 242
277.313 23
277.318 242
277.338 23
277.343 242
277.348 23
277.353 242
277.372 23
277.377 242
277.39 23
277.396 242
277.407 23
277.413 242
277.426 23
277.431 242
277.447 23
277.453 242
277.471 23
277.475 242
277.497 23
277.502 242
277.509 23
277.514 242
277.534 23
277.541 242
277.552 23
277.557 242
277.573 23
277.579 242
277.594 23
277.598 242
277.609 23
277.613 242
277.632 23
277.637 242
277.658 23
277.663 242
277.668 265
277.693 23
277.697 242
277.713 23
277.717 242
277.731 23
277.736 242
277.752 23
277.757 242
277.771 23
277.777 242
277.793 23
277.798 242
277.816 23
277.821 242
277.828 23
277.832 242
277.852 23
277.857 242
277.871 23
277.876 243
278.7 23
278.7 756
278.7 281
278.7 756
278.7 23
278.706 756
278.706 608
278.718 23
278.722 242
278.736 23
278.74 242
278.758 23
278.762 242
278.782 23
278.786 242
278.792 23
278.798 242
278.819 23
278.823 242
278.835 23
278.839 242
278.858 23
278.863 242
278.878 23
278.882 242
278.897 23
278.901 242
278.919 23
278.924 242
278.941 23
278.946 242
278.956 23
278.96 242
278.978 23
278.983 242
278.999 23
279.004 242
279.02 23
279.025 242
279.041 23
279.046 242
279.056 23
279.061 242
279.077 23
279.082 242
279.102 23
279.107 242
279.113 265
279.138 23
279.143 242
279.16 23
279.166 242
279.181 23
279.186 242
279.201 23
279.208 242
279.221 23
279.226 242
279.241 23
279.246 242
279.26 23
279.265 242
279.272 23
279.278 242
279.299 23
279.304 242
279.316 23
279.321 242
279.337 23
279.341 242
279.36 23
279.364 242
279.381 23
279.386 242
279.401 23
279.405 242
279.424 23
279.428 242
279.434 23
279.438 242
279.458 23
279.462 242
279.477 23
279.482 242
279.498 23
279.502 242
279.518 23
279.523 242
279.541 23
279.546 242
279.561 23
279.566 242
279.585 23
279.59 242
279.596 23
279.601 242
279.612 23
279.617 242
279.638 23
279.643 242
279.66 23
279.665 242
279.679 23
279.684 242
279.698 23
279.702 242
279.71 23
279.716 242
279.736 23
279.74 242
279.75 23
279.754 242
279.771 23
279.772 20
279.777 504
279.781 0
279.793 23
279.833 756
279.837 16
279.882 530
279.898 23
279.902 242
279.909 23
279.914 242
279.934 23
279.938 242
279.953 23
279.959 242
279.974 23
279.979 242
279.994 23
279.999 242
280.015 23
280.02 242
280.034 23
280.038 242
280.057 23
280.062 242
280.07 23
280.074 242
280.094 23
280.099 242
280.116 23
280.121 242
280.135 23
280.139 242
280.154 23
280.16 242
280.174 23
280.179 242
280.193 23
280.198 242
280.218 23
280.223 242
280.228 23
280.233 242
280.253 23
280.258 242
280.274 23
280.279 242
280.293 23
280.299 242
280.316 23
280.321 242
280.333 23
280.339 242
280.356 23
280.361 242
280.376 23
280.381 242
280.391 23
280.397 242
280.413 23
280.419 242
280.434 23
280.44 242
280.456 23
280.46 242
280.475 23
280.481 242
280.493 23
280.498 242
280.514 23
280.519 242
280.539 23
280.544 242
280.549 265
280.575 23
280.58 242
280.593 23
280.598 242
280.618 23
280.623 242
280.633 23
280.639 242
280.654 23
280.658 242
280.674 23
280.679 242
280.698 23
280.703 242
280.708 23
280.714 242
280.736 23
280.741 242
280.753 23
280.758 242
280.771 23
280.776 242
280.793 23
280.798 242
280.813 23
280.818 242
280.839 23
280.844 242
280.857 23
280.862 242
280.869 23
280.875 242
280.893 23
280.897 242
280.913 23
280.918 242
280.936 23
280.941 242
280.952 23
280.957 242
280.967 23
280.971 242
280.991 23
280.997 242
281.016 23
281.021 242
281.029 23
281.035 242
281.052 23
281.092 507
281.098 265
281.113 23
281.119 242
281.134 23
281.139 242
281.153 23
281.158 242
281.177 23
281.182 242
281.189 23
281.194 242
281.213 23
281.218 242
281.233 23
281.238 242
281.254 23
281.259 242
281.31 23
281.312 756
281.316 16
281.337 23
281.341 242
281.348 23
281.352 242
281.373 23
281.378 242
281.393 23
281.399 242
281.414 23
281.419 242
281.434 23
281.439 242
281.454 23
281.459 242
281.472 23
281.479 242
281.53 23
281.533 756
281.535 16
281.551 23
281.556 242
281.571 23
281.577 242
281.591 23
281.596 242
281.613 23
281.618 242
281.634 23
281.639 242
281.656 23
281.661 242
281.668 23
281.673 242
281.692 23
281.697 242
281.712 23
281.751 242
281.757 530
281.773 23
281.778 242
281.793 23
281.797 242
281.816 23
281.821 242
281.828 23
281.834 242
281.853 23
281.858 242
281.873 23
281.878 242
281.894 23
281.899 242
281.912 23
281.917 242
281.933 23
281.938 242
281.953 23
281.958 242
281.977 23
281.982 242
281.988 23
281.993 242
282.013 23
282.019 242
282.033 23
282.038 242
282.284 23
282.289 507
282.302 23
282.307 242
282.316 23
282.32 242
282.339 23
282.343 242
282.364 23
282.368 242
282.378 23
282.382 242
282.396 23
282.401 242
282.418 23
282.422 242
282.439 23
282.443 242
282.463 23
282.468 242
282.476 23
282.481 242
282.496 23
282.5 242
282.518 23
282.522 243
282.898 23
282.898 756
282.898 281
282.903 265
282.922 23
282.926 242
282.945 23
282.949 242
282.953 265
282.973 23
282.978 242
282.994 23
282.998 242
283.013 23
283.017 242
283.032 23
283.038 242
283.052 23
283.056 242
283.072 23
283.076 242
283.096 23
283.102 242
283.109 23
283.114 242
283.134 23
283.139 242
283.154 23
283.159 242
283.172 23
283.178 242
283.192 23
283.198 242
283.213 23
283.217 242
283.232 23
283.238 242
283.258 23
283.263 242
283.269 23
283.274 242
283.293 23
283.299 242
283.314 23
283.32 242
283.332 23
283.339 242
283.354 23
283.36 242
283.374 23
283.379 242
283.392 23
283.397 242
283.416 23
283.421 242
283.429 23
283.433 242
283.453 23
283.458 242
283.473 23
283.479 242
283.494 23
283.499 242
283.513 23
283.518 242
283.533 23
283.538 242
283.554 23
283.558 242
283.58 23
283.584 242
283.589 69
283.594 196
283.614 23
283.619 242
283.633 23
283.639 242
283.654 23
283.659 242
283.672 23
283.679 242
283.694 23
283.699 242
283.714 23
283.719 242
283.737 23
283.742 242
283.748 23
283.754 242
283.773 23
283.779 242
283.793 23
283.797 242
283.812 23
283.817 242
283.834 23
283.839 242
283.854 23
283.859 242
283.873 23
283.879 242
283.897 23
283.902 242
283.909 23
283.915 242
283.932 23
283.937 242
283.953 23
283.958 242
283.974 23
283.98 242
283.992 23
283.997 242
284.012 23
284.016 242
284.032 23
284.038 242
284.058 23
284.063 242
284.069 23
284.075 242
284.093 23
284.098 242
284.114 23
284.118 242
284.132 23
284.137 242
284.153 23
284.158 242
284.173 23
284.178 242
284.193 23
284.198 242
284.217 23
284.222 242
284.229 23
284.233 242
284.253 23
284.258 242
284.275 23
284.279 242
284.292 23
284.298 242
284.314 23
284.319 242
284.333 23
284.337 242
284.353 23
284.358 242
284.378 23
284.383 242
284.39 23
284.395 242
284.412 23
284.419 242
284.435 23
284.44 242
284.455 23
284.46 242
284.473 23
284.478 242
284.495 23
284.5 242
284.513 23
284.518 242
284.537 23
284.542 242
284.549 23
284.555 242
284.573 23
284.579 242
284.593 23
284.597 242
284.613 23
284.619 242
284.634 23
284.638 242
284.652 23
284.658 242
284.673 23
284.679 242
284.697 23
284.702 242
284.709 23
284.715 242
284.733 23
284.738 242
284.754 23
284.759 242
284.771 23
284.771 20
284.778 504
284.794 23
284.834 756
284.839 16
284.858 23
284.863 242
284.868 23
284.873 242
284.894 23
284.899 242
284.912 23
284.918 242
284.932 23
284.937 242
284.952 23
284.959 242
284.975 23
284.979 242
284.992 23
284.997 242
285.019 23
285.024 242
285.03 265
285.052 23
285.056 242
285.073 23
285.077 242
285.092 23
285.097 242
285.112 23
285.118 242
285.133 23
285.138 242
285.154 23
285.159 242
285.178 23
285.183 242
285.188 23
285.193 242
285.213 23
285.218 242
285.235 23
285.24 242
285.253 23
285.258 242
285.273 23
285.278 242
285.293 23
285.298 242
285.312 23
285.318 242
285.337 23
285.342 242
285.349 23
285.355 242
285.372 23
285.378 242
285.395 23
285.399 242
285.413 23
285.418 242
285.433 23
285.438 242
285.453 23
285.459 242
285.473 23
285.478 242
285.496 23
285.5 242
285.508 23
285.514 242
285.535 23
285.539 242
285.551 23
285.557 242
285.572 23
285.577 242
285.592 23
285.597 242
285.612 23
285.618 242
285.638 23
285.643 242
285.658 23
285.662 242
285.669 23
285.674 242
285.694 23
285.699 242
285.715 23
285.72 242
285.734 23
285.738 242
285.755 23
285.76 242
285.774 23
285.78 242
285.794 23
285.8 242
285.818 23
285.823 242
285.829 23
285.835 242
285.859 23
285.864 242
285.874 23
285.878 242
285.894 23
285.898 242
285.913 23
285.919 242
285.934 23
285.939 242
285.954 23
285.959 242
285.977 23
285.982 242
285.99 23
285.995 242
286.012 23
286.018 242
286.033 23
286.038 242
286.053 23
286.058 242
286.072 23
286.112 507
286.117 265
286.136 23
286.141 242
286.148 23
286.155 242
286.175 23
286.18 242
286.193 23
286.197 242
286.212 23
286.218 242
286.234 23
286.239 242
286.33 23
286.336 622
286.34 150
286.358 23
286.363 242
286.38 23
286.385 242
286.4 23
286.406 242
286.417 23
286.421 242
286.429 23
286.433 242
286.455 23
286.46 242
286.468 23
286.472 242
286.491 23
286.496 242
286.513 23
286.552 242
286.557 530
286.573 23
286.579 242
286.593 23
286.598 242
286.617 23
286.623 242
286.629 23
286.636 242
286.653 23
286.658 242
286.673 23
286.677 242
286.697 23
286.701 242
286.712 23
286.717 242
286.735 23
286.774 507
286.779 265
286.791 23
286.795 242
286.812 23
286.817 242
286.833 23
286.838 242
286.852 23
286.858 242
286.872 23
286.876 242
286.894 23
286.898 242
286.913 23
286.918 242
286.937 23
286.942 242
286.948 23
286.952 242
286.972 23
286.977 242
286.991 23
286.996 242
287.012 23
287.017 242
287.032 23
287.038 242
287.053 23
287.057 242
287.072 23
287.076 242
287.096 23
287.101 242
287.108 23
287.113 242
287.134 23
287.139 242
287.154 23
287.159 242
287.174 23
287.178 242
287.192 23
287.199 243
288.837 23
288.837 756
288.842 281
288.86 23
288.867 242
288.874 23
288.878 242
288.897 23
288.901 242
288.92 23
288.925 242
288.937 23
288.944 242
288.959 23
288.963 242
288.979 23
288.984 242
289.001 23
289.005 242
289.022 23
289.026 242
289.037 23
289.042 242
289.058 23
289.063 242
289.079 23
289.083 242
289.095 23
289.099 242
289.116 23
289.121 242
289.138 23
289.144 242
289.158 23
289.163 242
289.183 23
289.187 242
289.197 23
289.201 242
289.217 23
289.222 242
289.239 23
289.244 242
289.259 23
289.264 242
289.281 23
289.286 242
289.299 23
289.304 242
289.317 265
289.343 23
289.348 242
289.355 23
289.359 242
289.374 23
289.378 242
289.393 23
289.398 242
289.412 23
289.418 242
289.435 23
289.44 242
289.454 23
289.458 242
289.473 23
289.478 242
289.495 23
289.5 242
289.509 23
289.515 242
289.532 23
289.537 242
289.553 23
289.558 242
289.574 23
289.579 242
289.593 23
289.597 242
289.613 23
289.618 242
289.634 23
289.639 242
289.656 23
289.661 242
289.669 23
289.675 242
289.693 23
289.697 242
289.714 23
289.718 242
289.733 23
289.737 242
289.753 23
289.759 242
289.771 23
289.771 20
289.776 504
289.792 23
289.829 756
289.835 16
289.881 530
289.893 23
289.898 242
289.913 23
289.917 242
289.933 23
289.938 242
289.954 23
289.958 242
289.977 23
289.981 242
289.989 23
289.995 242
290.013 23
290.018 242
290.033 23
290.038 242
290.055 23
290.06 242
290.073 23
290.079 242
290.092 23
290.098 242
290.117 23
290.122 242
290.137 23
290.142 242
290.149 23
290.155 242
290.173 23
290.178 242
290.194 23
290.201 242
290.213 23
290.218 242
290.233 23
290.238 242
290.253 23
290.258 242
290.273 23
290.278 242
290.297 23
290.303 242
290.308 23
290.315 242
290.332 23
290.338 242
290.353 23
290.358 242
290.374 23
290.38 242
290.393 23
290.398 242
290.412 23
290.418 242
290.433 23
290.438 242
290.456 23
290.461 242
290.468 23
290.475 242
290.492 23
290.498 242
290.512 23
290.517 242
290.532 23
290.537 242
290.551 23
290.557 242
290.572 23
290.578 242
290.592 23
290.598 242
290.617 23
290.622 242
290.629 23
290.634 242
290.658 23
290.663 242
290.674 23
290.678 242
290.693 23
290.698 242
290.713 23
290.718 242
290.733 23
290.738 242
290.754 23
290.759 242
290.776 23
290.781 242
290.79 23
290.794 242
290.81 23
290.815 242
290.831 23
290.836 242
290.852 23
290.857 242
290.879 23
290.885 242
290.892 23
290.897 242
290.913 23
290.918 242
290.937 23
290.943 242
290.948 23
290.953 242
290.973 23
290.978 242
290.993 23
290.997 242
291.013 23
291.019 242
291.034 23
291.039 242
291.054 23
291.06 242
291.072 23
291.078 242
291.129 23
291.134 756
291.134 16
291.153 23
291.159 242
291.173 23
291.178 242
291.192 23
291.198 242
291.213 23
291.218 242
291.232 23
291.239 242
291.256 23
291.262 242
291.267 23
291.273 242
291.292 23
291.298 242
291.313 23
291.352 756
291.352 16
291.371 23
291.376 242
291.391 23
291.398 242
291.415 23
291.42 242
291.427 23
291.433 242
291.453 23
291.457 243
292.116 23
292.116 756
292.116 281
292.116 756
292.121 756
292.121 78
292.138 23
292.143 242
292.158 23
292.163 242
292.18 23
292.185 242
292.199 23
292.204 242
292.223 23
292.228 242
292.236 23
292.24 242
292.258 23
292.263 242
292.277 23
292.282 242
292.295 23
292.299 242
292.315 23
292.32 242
292.337 23
292.341 242
292.356 23
292.36 242
292.384 23
292.389 242
292.395 23
292.399 242
292.415 23
292.421 242
292.434 23
292.438 242
292.458 23
292.463 242
292.482 23
292.486 242
292.498 23
292.503 242
292.518 23
292.523 242
292.541 23
292.546 242
292.55 23
292.555 242
292.575 23
292.58 242
292.596 23
292.601 242
292.618 23
292.623 242
292.636 23
292.64 242
292.659 23
292.664 242
292.68 23
292.685 242
292.704 23
292.709 242
292.716 23
292.721 242
292.738 23
292.743 242
292.754 23
292.759 242
292.777 23
292.782 242
292.795 23
292.8 242
292.819 23
292.824 242
292.837 23
292.842 242
292.863 23
292.868 242
292.873 265
292.896 23
292.901 243
293.343 23
293.345 756
293.348 16
293.356 23
293.36 242
293.381 23
293.385 242
293.4 23
293.404 242
293.42 23
293.425 242
293.436 23
293.441 242
293.456 23
293.46 242
293.472 23
293.477 242
293.502 23
293.506 242
293.511 23
293.517 242
293.537 23
293.541 242
293.558 23
293.563 242
293.58 23
293.585 242
293.601 23
293.606 242
293.618 23
293.623 242
293.641 23
293.646 242
293.665 23
293.669 242
293.676 23
293.68 242
293.692 23
293.697 242
293.713 23
293.718 242
293.733 23
293.738 242
293.753 23
293.758 242
293.773 23
293.778 242
293.793 23
293.798 242
293.817 23
293.822 242
293.829 23
293.835 242
293.853 23
293.858 242
293.874 23
293.878 242
293.893 23
293.897 242
293.913 23
293.917 242
293.933 23
293.938 242
293.954 23
293.958 242
293.977 23
293.981 242
293.989 23
293.994 242
294.012 23
294.018 242
294.033 23
294.039 242
294.055 23
294.061 242
294.072 23
294.077 242
294.093 23
294.097 242
294.112 23
294.117 242
294.136 23
294.14 242
294.149 23
294.155 242
294.172 23
294.178 242
294.193 23
294.198 242
294.213 23
294.218 242
294.233 23
294.239 242
294.253 23
294.258 242
294.273 23
294.278 242
294.295 23
294.3 242
294.309 23
294.315 242
294.332 23
294.338 242
294.353 23
294.358 242
294.372 23
294.378 242
294.392 23
294.398 242
294.432 23
294.436 242
294.459 23
294.464 242
294.469 23
294.473 242
294.493 23
294.497 242
294.513 23
294.518 242
294.533 23
294.537 242
294.552 23
294.556 242
294.573 23
294.577 242
294.594 23
294.599 242
294.619 23
294.623 242
294.628 23
294.632 242
294.653 23
294.658 242
294.674 23
294.678 242
294.693 23
294.698 242
294.713 23
294.718 242
294.733 23
294.738 242
294.753 23
294.757 242
294.771 23
294.771 20
294.776 239
294.781 265
294.824 0
294.828 530
294.835 23
294.84 242
294.853 23
294.859 242
294.875 23
294.88 242
294.894 23
294.899 242
294.912 23
294.917 242
294.937 23
294.942 242
294.949 23
294.955 242
294.973 23
294.982 242
294.993 23
294.997 242
295.011 23
295.016 242
295.032 23
295.038 242
295.053 23
295.058 242
295.075 23
295.079 242
295.097 23
295.101 242
295.109 23
295.115 242
295.133 23
295.138 242
295.154 23
295.159 242
295.174 23
295.179 242
295.193 23
295.197 242
295.212 23
295.219 242
295.236 23
295.241 242
295.257 23
295.261 242
295.269 23
295.275 242
295.291 23
295.297 242
295.313 23
295.319 242
295.334 23
295.339 242
295.353 23
295.357 242
295.372 23
295.377 242
295.392 23
295.396 242
295.416 23
295.421 242
295.428 23
295.434 242
295.452 23
295.457 242
295.472 23
295.477 242
295.493 23
295.498 242
295.513 23
295.518 242
295.533 23
295.538 242
295.553 23
295.558 242
295.583 23
295.588 242
295.592 265
295.903 23
295.908 507
295.912 265
295.918 23
295.922 242
295.934 23
295.938 242
295.954 23
295.958 242
295.971 23
295.976 242
295.993 23
295.997 242
296.012 23
296.017 242
296.033 23
296.039 242
296.057 23
296.062 242
296.068 23
296.072 242
296.092 23
296.098 242
296.149 23
296.154 599
296.159 173
296.173 23
296.178 242
296.194 23
296.199 242
296.218 23
296.223 242
296.229 23
296.234 242
296.252 23
296.257 242
296.273 23
296.278 242
296.294 23
296.299 242
296.315 23
296.32 242
296.333 23
296.37 242
296.376 265
296.38 265
296.389 23
296.395 242
296.413 23
296.419 242
296.434 23
296.439 242
296.453 23
296.458 242
296.476 23
296.486 242
296.494 23
296.498 242
296.514 23
296.519 242
296.538 23
296.543 242
296.549 23
296.554 242
296.592 23
296.597 507
296.613 23
296.619 242
296.637 23
296.642 242
296.652 23
296.656 242
296.673 23
296.677 242
296.701 23
296.705 242
296.71 23
296.714 242
296.732 23
296.737 242
296.752 23
296.756 242
296.773 23
296.812 242
296.817 530
296.834 23
296.838 242
296.857 23
296.862 242
296.868 23
296.874 242
296.895 23
296.899 242
296.912 23
296.916 242
296.932 23
296.938 242
296.953 23
296.958 242
296.974 23
296.979 242
296.993 23
296.998 242
297.017 23
297.021 242
297.029 23
297.033 242
297.746 23
297.746 756
297.746 85
297.746 756
297.746 756
297.751 756
297.751 48
297.771 23
297.776 242
297.793 23
297.797 242
297.815 23
297.82 242
297.828 23
297.832 242
297.853 23
297.857 242
297.873 23
297.878 242
297.893 23
297.898 242
297.914 23
297.918 242
299.488 756
299.488 281
299.488 756
299.488 756
299.488 23
299.493 1512
299.493 2011
299.5 23
299.504 242
299.519 23
299.523 242
299.537 23
299.541 242
299.561 23
299.566 242
299.585 23
299.591 242
299.595 69
299.6 196
299.612 23
299.617 242
299.633 23
299.639 242
299.653 23
299.659 242
299.674 23
299.679 242
299.694 23
299.699 242
299.712 23
299.717 242
299.736 23
299.741 242
299.748 23
299.753 242
299.772 20
299.773 23
299.779 504
299.785 0
299.794 23
299.834 756
299.84 16
299.885 530
299.898 23
299.904 242
299.909 23
299.916 242
299.933 23
299.939 242
299.955 23
299.96 242
299.973 23
299.98 242
299.996 23
300.002 242
300.012 23
300.017 242
300.034 23
300.039 242
300.058 23
300.063 242
300.069 23
300.074 242
300.094 23
300.099 242
300.116 23
300.121 242
300.134 23
300.139 242
300.157 23
300.161 242
300.174 23
300.179 242
300.194 23
300.199 242
300.217 23
300.222 242
300.23 23
300.236 242
300.253 23
300.258 242
300.274 23
300.279 242
300.294 23
300.3 242
300.315 23
300.319 242
300.333 23
300.338 242
300.354 23
300.36 242
300.379 23
300.384 242
300.389 265
300.414 23
300.42 242
300.435 23
300.439 242
300.453 23
300.459 242
300.475 23
300.48 242
300.494 23
300.498 242
300.513 23
300.518 242
300.537 23
300.542 242
300.551 23
300.556 242
300.572 23
300.578 242
300.593 23
300.599 242
300.614 23
300.619 242
300.632 23
300.638 242
300.654 23
300.659 242
300.672 23
300.677 242
300.698 23
300.703 242
300.709 23
300.715 242
300.734 23
300.74 242
300.754 23
300.759 242
300.773 23
300.778 242
300.794 23
300.799 242
300.814 23
300.82 242
300.833 23
300.839 242
300.858 23
300.862 242
300.869 23
300.875 242
300.893 23
300.898 242
300.92 23
300.925 242
300.934 23
300.939 242
300.954 23
300.958 242
300.973 23
300.977 242
300.992 23
300.998 242
301.017 23
301.023 242
301.029 23
301.035 242
301.053 23
301.058 242
301.074 23
301.079 242
301.093 23
301.099 242
301.114 23
301.12 242
301.133 23
301.172 507
301.177 23
301.181 242
301.187 23
301.193 242
301.213 23
301.218 242
301.233 23
301.237 242
301.253 23
301.258 242
301.274 23
301.279 242
301.293 23
301.298 242
301.313 23
301.318 242
301.337 23
301.341 242
301.347 23
301.353 242
301.393 334
301.399 196
301.414 23
301.418 242
301.434 23
301.439 242
301.453 23
301.458 242
301.473 23
301.477 242
301.504 23
301.508 242
301.513 265
301.539 23
301.546 242
301.554 23
301.558 242
301.572 23
301.611 242
301.616 530
301.63 23
301.637 242
301.653 23
301.657 242
301.668 23
301.672 242
301.692 23
301.696 242
301.709 23
301.713 242
301.728 23
301.732 242
301.752 23
301.758 242
301.77 23
301.774 242
301.79 23
301.794 242
301.833 23
301.838 507
301.851 23
301.856 242
301.873 23
301.877 242
301.89 23
301.895 242
301.91 23
301.914 242
301.929 23
301.933 242
301.95 23
301.955 242
301.973 23
301.978 242
301.986 23
301.994 242
302.009 23
302.014 242
302.029 23
302.035 242
302.05 23
302.054 242
302.072 23
302.077 242
302.094 23
302.099 242
302.112 23
302.116 242
302.135 23
302.139 242
302.149 23
302.153 242
302.172 23
302.177 242
302.192 23
302.197 242
302.212 23
302.217 242
302.234 23
302.238 242
302.253 23
302.258 242
302.273 23
302.277 242
302.295 23
302.299 92
302.304 150
302.308 265
302.322 23
302.326 242
303.174 23
303.178 507
303.182 265
303.198 23
303.202 242
303.22 23
303.225 242
303.24 23
303.244 242
303.263 23
303.268 242
303.277 23
303.282 242
303.3 23
303.304 242
303.319 23
303.324 242
303.339 23
303.344 242
303.359 23
303.363 242
303.381 23
303.386 242
303.401 23
303.406 242
303.425 23
303.43 242
303.436 23
303.44 242
303.452 23
303.456 242
303.472 23
303.477 242
303.493 23
303.498 242
303.512 23
303.518 242
303.534 23
303.539 242
303.555 23
303.559 242
303.576 23
303.58 242
303.588 23
303.593 242
303.613 23
303.618 242
303.633 23
303.64 242
303.653 23
303.658 242
303.672 23
303.678 242
303.694 23
303.7 242
303.714 23
303.718 242
303.739 23
303.744 242
303.748 69
303.753 196
303.772 23
303.778 242
303.794 23
303.799 242
303.814 23
303.819 242
303.834 23
303.839 242
303.854 23
303.859 242
303.873 23
303.879 242
303.897 23
303.903 242
303.909 23
303.915 242
303.933 23
303.939 242
303.954 23
303.959 242
303.974 23
303.98 242
303.994 23
303.999 242
304.016 23
304.021 242
304.034 23
304.039 242
304.058 23
304.063 242
304.07 23
304.077 242
304.095 23
304.1 242
304.116 23
304.12 242
304.134 23
304.139 242
304.155 23
304.16 242
304.174 23
304.18 242
304.195 23
304.201 242
304.219 23
304.224 242
304.229 265
304.253 23
304.258 242
304.274 23
304.279 242
304.294 23
304.299 242
304.315 23
304.319 242
304.334 23
304.338 242
304.353 23
304.358 242
304.378 23
304.383 242
304.389 23
304.394 242
304.413 23
304.418 242
304.433 23
304.438 242
304.454 23
304.459 242
304.812 23
304.812 20
304.817 239
304.864 0
305.119 23
305.119 756
305.124 16
305.175 530
305.181 92
305.186 173
305.196 23
305.2 242
305.216 23
305.221 242
305.235 23
305.239 242
305.257 23
305.262 242
305.278 23
305.282 242
305.298 23
305.302 242
305.319 23
305.325 242
305.346 23
305.35 242
305.357 23
305.361 242
305.372 23
305.377 242
305.393 23
305.398 242
305.412 23
305.417 242
305.432 23
305.436 242
305.453 23
305.457 242
305.472 23
305.478 242
305.499 23
305.504 242
305.508 115
305.513 150
305.533 23
305.538 242
305.552 23
305.557 242
305.572 23
305.578 242
305.594 23
305.6 242
305.614 23
305.619 242
305.634 23
305.639 242
305.656 23
305.661 242
305.669 23
305.675 242
305.692 23
305.697 242
305.718 23
305.724 242
305.733 23
305.737 242
305.753 23
305.758 242
305.773 23
305.777 242
305.792 23
305.796 242
305.815 23
305.82 242
305.828 23
305.833 242
305.853 23
305.858 242
305.873 23
305.878 242
305.892 23
305.897 242
305.911 23
305.917 243
306.246 23
306.246 756
306.246 16
306.246 756
306.251 304
306.259 23
306.263 242
306.278 23
306.283 242
306.302 23
306.307 242
306.313 23
306.318 242
306.337 23
306.342 242
306.36 23
306.364 242
306.41 23
306.415 507
306.419 265
306.435 23
306.44 242
306.461 23
306.466 242
306.475 23
306.479 242
306.497 23
306.502 242
306.518 23
306.523 242
306.538 23
306.542 242
306.557 23
306.564 243
306.58 23
306.585 242
306.631 23
306.636 756
306.636 16
306.661 23
306.665 242
306.681 23
306.695 507
306.708 23
306.712 242
306.73 23
306.735 242
306.753 23
306.757 242
306.778 23
306.783 242
306.789 23
306.793 242
306.812 23
306.852 242
306.858 530
306.873 23
306.878 242
306.894 23
306.898 242
306.914 23
306.918 242
306.936 23
306.941 242
306.949 23
306.955 242
306.972 23
306.978 242
306.995 23
307 242
307.013 23
307.018 242
307.034 23
307.039 242
307.053 23
307.057 242
307.073 23
307.078 242
307.099 23
307.104 242
307.109 23
307.115 242
307.133 23
307.138 242
307.153 23
307.158 242
307.173 23
307.178 242
307.193 23
307.198 242
307.214 23
307.219 242
307.233 23
307.238 242
307.26 23
307.264 242
307.27 46
307.275 219
307.293 23
307.298 242
307.315 23
307.319 242
307.332 23
307.336 242
307.353 23
307.358 242
307.374 23
307.378 242
307.393 23
307.397 242
307.415 23
307.42 242
307.428 23
307.433 242
307.453 23
307.458 242
307.474 23
307.478 242
307.496 23
307.504 23
307.509 219
307.515 265
307.532 23
307.537 242
307.553 23
307.558 242
307.576 23
307.581 242
307.588 23
307.593 242
307.613 23
307.617 242
307.631 23
307.636 242
307.652 23
307.657 242
307.671 23
307.679 242
307.692 23
307.698 242
307.713 23
307.718 242
307.736 23
307.741 242
307.748 23
307.753 242
307.773 23
307.778 242
307.794 23
307.799 242
307.815 23
307.82 242
307.835 23
307.84 242
307.852 23
307.857 242
307.874 23
307.879 242
307.898 23
307.903 242
307.909 23
307.914 242
307.934 23
307.938 242
307.952 23
307.958 242
307.973 23
307.978 242
307.992 23
307.999 242
308.013 23
308.018 242
308.032 23
308.038 242
308.056 23
308.061 242
308.068 23
308.074 242
308.093 23
308.098 242
308.113 23
308.117 242
308.131 23
308.137 242
308.154 23
308.159 242
308.174 23
308.179 242
308.192 23
308.199 242
308.223 23
308.228 507
308.253 23
308.258 242
308.272 23
308.277 242
308.293 23
308.298 242
308.312 23
308.318 242
308.333 23
308.339 242
308.354 23
308.359 242
308.378 23
308.383 242
308.388 23
308.393 242
308.412 23
308.418 242
308.434 23
308.438 242
308.453 23
308.458 242
308.474 23
308.479 242
308.495 23
308.5 242
308.514 23
308.519 242
308.542 23
308.546 242
308.552 265
308.573 23
308.578 242
308.594 23
308.598 242
308.613 23
308.618 242
308.634 23
308.639 242
308.654 23
308.658 242
308.673 23
308.679 242
308.697 23
308.703 242
308.708 23
308.712 242
308.733 23
308.739 242
308.754 23
308.759 242
308.772 23
308.776 242
308.792 23
308.798 242
308.812 23
308.817 242
308.833 23
308.839 242
308.857 23
308.862 242
308.868 23
308.872 242
308.893 23
308.898 242
308.912 23
308.917 242
308.933 23
308.938 242
308.951 23
308.956 242
308.971 23
308.977 242
308.992 23
308.997 242
309.014 23
309.02 242
309.027 23
309.033 242
309.052 23
309.057 242
309.071 23
309.077 242
309.091 23
309.096 243
309.728 23
309.728 756
309.728 281
309.728 756
309.733 569
309.74 23
309.745 242
309.757 23
309.761 242
309.772 23
309.772 20
309.776 239
309.781 265
309.781 0
309.826 530
309.834 23
309.839 242
309.855 23
309.86 242
309.873 23
309.878 242
309.893 23
309.898 242
309.913 23
309.917 242
309.934 23
309.938 242
309.954 23
309.959 242
309.979 23
309.984 242
309.989 265
310.011 23
310.016 242
310.032 23
310.038 242
310.053 23
310.058 242
310.071 23
310.077 242
310.093 23
310.098 242
310.113 23
310.118 242
310.138 23
310.143 242
310.15 23
310.156 242
310.172 23
310.177 242
310.192 23
310.197 242
310.213 23
310.218 242
310.233 23
310.238 242
310.254 23
310.259 242
310.274 23
310.278 242
310.296 23
310.301 242
310.309 23
310.314 242
310.332 23
310.338 242
310.353 23
310.358 242
310.372 23
310.377 242
310.392 23
310.398 242
310.412 23
310.418 242
310.432 23
310.438 242
310.456 23
310.461 243
310.497 23
310.503 242
310.519 23
310.528 23
310.532 219
310.539 23
310.544 242
310.558 23
310.562 242
310.581 23
310.585 242
310.602 23
310.606 242
310.626 23
310.631 242
310.637 23
310.641 242
310.656 23
310.661 242
310.679 23
310.683 242
310.697 23
310.701 242
310.716 23
310.721 242
310.768 23
310.773 507
310.783 23
310.788 242
310.794 23
310.798 242
310.817 23
310.822 242
310.839 23
310.844 242
310.858 23
310.862 242
310.873 23
310.879 242
310.901 23
310.906 242
310.915 23
310.92 242
310.942 23
310.947 242
310.988 23
310.993 507
311 23
311.005 242
311.021 23
311.025 242
311.04 23
311.045 242
311.06 23
311.065 242
311.08 23
311.085 242
311.102 23
311.106 242
311.115 23
311.12 242
311.14 23
311.145 242
311.158 23
311.164 242
311.209 23
311.214 553
311.219 219
311.235 23
311.24 242
311.257 23
311.263 242
311.268 23
311.272 242
311.294 23
311.299 242
311.313 23
311.318 242
311.333 23
311.338 242
311.355 23
311.359 242
311.373 23
311.378 242
311.43 23
311.43 756
311.435 16
311.452 23
311.458 242
311.474 23
311.479 242
311.493 23
311.498 242
311.515 23
311.52 242
311.533 23
311.538 242
311.553 23
311.558 242
311.578 23
311.583 242
311.59 23
311.596 242
311.613 23
311.651 242
311.657 530
311.674 23
311.678 242
311.694 23
311.698 242
311.713 23
311.718 242
311.738 23
311.742 242
311.75 23
311.754 242
311.772 23
311.778 242
311.794 23
311.798 242
311.813 23
311.818 242
311.835 23
311.872 242
311.879 530
311.897 23
311.902 242
311.909 23
311.915 242
311.933 23
311.938 242
311.954 23
311.959 242
311.975 23
311.979 242
311.993 23
311.998 242
312.014 23
312.019 242
312.034 23
312.038 242
312.056 23
312.063 242
312.07 23
312.076 242
312.093 23
312.098 242
312.112 23
312.117 242
312.133 23
312.139 242
312.154 23
312.159 242
312.174 23
312.179 242
312.193 23
312.197 242
312.218 23
312.223 242
312.229 23
312.236 242
312.253 23
312.258 242
312.273 23
312.279 242
312.295 23
312.3 242
312.313 23
312.318 242
312.332 23
312.338 242
312.354 23
312.359 242
312.379 23
312.384 242
312.389 23
312.394 242
312.412 23
312.419 242
312.434 23
312.439 242
312.454 23
312.459 242
312.472 23
312.477 242
312.493 23
312.497 242
312.512 23
312.516 242
312.536 23
312.541 242
312.549 23
312.555 242
312.572 23
312.577 242
312.594 23
312.598 242
312.613 23
312.617 242
312.632 23
312.638 242
312.652 23
312.657 242
312.673 23
312.677 242
312.697 23
312.701 242
312.709 23
312.713 242
312.733 23
312.738 242
312.753 23
312.758 242
312.773 23
312.778 242
312.792 23
312.796 242
312.813 23
312.817 242
312.833 23
312.837 242
312.857 23
312.861 242
312.869 23
312.875 242
312.892 23
312.897 242
312.912 23
312.916 242
312.932 23
312.936 242
312.952 23
312.958 242
312.974 23
312.979 242
312.993 23
312.997 242
313.016 23
313.02 242
313.029 23
313.033 242
313.053 23
313.059 242
313.074 23
313.079 242
313.094 23
313.099 242
313.112 23
313.117 242
313.133 23
313.137 242
313.153 23
313.158 242
313.177 23
313.182 242
313.187 23
313.193 242
313.213 23
313.218 242
313.233 23
313.239 242
313.254 23
313.26 242
313.273 23
313.277 242
313.291 23
313.296 242
313.312 23
313.318 242
313.337 23
313.342 242
313.349 23
313.353 242
314.54 756
314.54 281
314.54 756
314.54 756
314.54 23
314.745 5292
314.75 1411
314.758 23
314.764 242
314.772 23
314.772 20
314.777 239
314.781 0
314.785 23
314.811 756
314.816 16
314.861 530
314.872 23
314.879 242
314.893 23
314.898 242
314.912 23
314.918 242
314.937 23
314.942 242
314.95 23
314.956 242
314.973 23
314.978 242
314.994 23
314.999 242
315.013 23
315.017 242
315.033 23
315.039 242
315.054 23
315.058 242
315.073 23
315.077 242
315.097 23
315.102 242
315.109 23
315.115 242
315.134 23
315.139 242
315.163 23
315.168 242
315.173 265
315.192 23
315.197 242
315.212 23
315.216 242
315.231 23
315.237 242
315.258 23
315.262 242
315.268 23
315.274 242
315.293 23
315.297 242
315.312 23
315.318 242
315.334 23
315.339 242
315.355 23
315.361 242
315.372 23
315.378 242
315.394 23
315.401 242
315.417 23
315.422 242
315.428 23
315.433 242
315.452 23
315.458 242
315.475 23
315.479 242
315.492 23
315.497 242
315.512 23
315.516 242
315.533 23
315.539 242
315.554 23
315.559 242
315.578 23
315.583 242
315.589 23
315.595 242
315.612 23
315.617 242
315.633 23
315.639 242
315.654 23
315.659 242
315.673 23
315.678 242
315.691 23
315.697 242
315.71 23
315.716 242
315.736 23
315.74 242
315.748 23
315.758 242
315.772 23
315.777 242
315.791 23
315.8 243
315.833 23
315.838 242
315.854 23
315.859 242
315.874 23
315.879 242
315.898 23
315.903 242
315.909 23
315.913 242
315.933 23
315.938 242
315.953 23
315.958 242
316.008 23
316.013 530
316.017 242
316.034 23
316.038 242
316.057 23
316.061 242
316.07 23
316.075 242
316.094 23
316.098 242
316.113 23
316.118 242
316.134 23
316.139 242
316.155 23
316.16 242
316.173 23
316.18 242
316.229 23
316.229 756
316.234 16
316.252 23
316.257 242
316.272 23
316.277 242
316.294 23
316.298 242
316.312 23
316.317 242
316.333 23
316.338 242
316.352 23
316.357 242
316.377 23
316.383 242
316.388 23
316.393 242
316.413 23
316.45 242
316.456 530
316.472 23
316.477 242
316.492 23
316.497 242
316.513 23
316.518 242
316.537 23
316.541 242
316.549 23
316.554 242
316.579 23
316.584 46
316.589 196
316.594 265
316.613 23
316.618 242
316.633 23
316.671 242
316.677 530
316.697 23
316.703 242
316.709 23
316.715 242
316.734 23
316.74 242
316.754 23
316.759 242
316.773 23
316.778 242
316.794 23
316.799 242
316.815 23
316.819 242
316.833 23
316.838 242
316.856 23
316.895 756
316.896 16
316.913 23
316.918 242
316.933 23
316.938 242
316.953 23
316.959 242
316.974 23
316.979 242
316.992 23
316.997 242
317.016 23
317.021 242
317.029 23
317.034 242
317.052 23
317.058 242
317.074 23
317.08 242
317.095 23
317.1 242
317.113 23
317.118 242
317.133 23
317.138 242
317.153 23
317.159 242
317.178 23
317.183 242
317.19 265
317.212 23
317.219 242
317.236 23
317.24 242
317.252 23
317.258 242
317.274 23
317.279 242
317.292 23
317.297 242
317.312 23
317.318 242
317.339 23
317.344 242
317.349 265
317.374 23
317.379 242
317.394 23
317.399 242
317.412 23
317.419 242
317.433 23
317.438 242
317.453 23
317.458 242
317.473 23
317.478 242
317.497 23
317.502 242
317.509 23
317.514 242
317.532 23
317.538 242
317.552 23
317.559 242
317.574 23
317.579 242
317.592 23
317.598 242
317.613 23
317.618 242
317.632 23
317.637 242
317.657 23
317.662 242
317.666 23
317.671 242
317.69 23
317.695 242
317.712 23
317.718 242
317.731 23
317.735 242
317.753 23
317.757 242
317.771 23
317.776 242
317.793 23
317.799 242
317.82 23
317.825 242
317.832 23
317.837 242
317.857 23
317.861 242
317.878 23
317.882 242
317.899 23
317.903 242
317.917 23
317.923 242
317.942 23
317.946 242
317.96 23
317.966 242
317.984 23
317.99 242
317.995 265
318.014 23
318.019 242
318.036 23
318.041 242
318.059 23
318.064 242
318.078 23
318.082 242
318.099 23
318.105 242
318.119 23
318.124 242
318.143 23
318.148 242
318.153 23
318.158 242
318.178 23
318.184 242
318.201 23
318.206 242
318.22 23
318.224 242
318.24 23
318.246 242
318.26 23
318.264 242
318.282 23
318.287 242
318.304 23
318.309 242
318.317 23
318.321 242
318.336 23
318.341 242
318.354 23
318.358 242
318.373 23
318.378 242
318.4 23
318.404 242
318.417 23
318.421 242
318.438 23
318.443 242
318.461 23
318.467 242
318.475 265
318.497 23
318.504 242
318.517 23
318.523 242
318.538 23
318.542 242
318.558 23
318.563 242
318.578 23
318.583 242
318.601 23
318.605 242
318.623 23
318.628 242
318.636 23
318.64 242
318.662 23
318.667 242
318.677 23
318.682 242
318.7 23
318.704 242
318.72 23
318.725 242
318.74 23
318.745 242
318.76 23
318.765 242
318.784 23
318.789 242
318.796 23
318.801 242
318.82 23
318.826 242
318.838 23
318.844 242
318.86 23
318.864 242
318.877 23
318.882 242
318.901 23
318.906 242
318.92 23
318.925 242
318.945 23
318.949 242
318.955 23
318.959 242
318.975 23
318.982 242
319 23
319.005 242
319.016 23
319.021 242
319.037 23
319.041 242
319.059 23
319.063 242
319.079 23
319.084 242
319.103 23
319.108 242
319.115 23
319.119 242
319.14 23
319.145 242
319.161 23
319.166 242
319.179 23
319.184 242
319.2 23
319.205 242
319.22 23
319.225 242
319.24 23
319.245 242
319.265 23
319.269 242
319.276 23
319.281 242
319.296 23
319.301 242
319.318 23
319.323 242
319.338 23
319.343 242
319.36 23
319.365 242
319.38 23
319.386 242
319.401 23
319.406 242
319.421 23
319.426 242
319.435 23
319.439 242
319.457 23
319.461 242
319.48 23
319.485 242
319.499 23
319.504 242
319.518 23
319.522 242
319.541 23
319.546 242
319.559 23
319.563 242
319.582 23
319.587 242
319.598 23
319.602 242
319.616 23
319.62 242
319.639 23
319.644 242
319.66 23
319.665 242
319.68 23
319.684 242
319.713 23
319.718 242
319.723 265
319.74 23
319.746 242
319.753 23
319.757 242
319.772 23
319.772 20
319.778 239
319.783 265
319.824 0
319.828 530
319.839 23
319.844 242
319.858 23
319.863 242
319.879 23
319.884 242
319.902 23
319.907 242
319.917 23
319.921 242
319.932 23
319.937 242
319.962 23
319.969 242
319.981 23
319.985 242
320.001 23
320.006 242
320.019 23
320.023 242
320.041 23
320.046 242
320.062 23
320.067 242
320.072 23
320.076 242
320.095 23
320.1 242
320.118 23
320.123 242
320.135 23
320.139 242
320.159 23
320.163 242
320.181 23
320.185 242
320.199 23
320.204 242
320.223 23
320.228 242
320.235 23
320.239 242
320.259 23
320.264 242
320.278 23
320.283 242
320.3 23
320.305 242
320.32 23
320.325 242
320.341 23
320.346 242
320.358 23
320.363 242
320.384 23
320.389 242
320.396 23
320.4 242
320.414 23
320.419 242
320.436 23
320.44 242
320.457 23
320.462 242
320.481 23
320.485 242
320.498 23
320.502 242
320.519 23
320.524 242
320.543 23
320.548 242
320.553 23
320.558 242
320.581 23
320.586 242
320.599 23
320.604 242
320.618 23
320.623 242
320.639 23
320.644 242
320.66 23
320.665 242
320.679 23
320.684 242
320.702 23
320.707 242
320.714 23
320.719 242
320.739 23
320.744 242
320.76 23
320.764 242
320.809 23
320.814 507
320.819 265
320.842 23
320.847 242
320.862 23
320.867 242
320.871 265
320.896 23
320.901 242
320.917 23
320.922 242
320.938 23
320.943 242
320.96 23
320.965 242
320.981 23
320.986 242
321.029 23
321.034 507
321.038 265
321.059 23
321.064 242
321.078 23
321.083 242
321.097 23
321.102 242
321.12 23
321.125 242
321.137 23
321.142 242
321.158 23
321.163 242
321.182 23
321.187 242
321.194 23
321.2 242
321.249 23
321.255 507
321.259 92
321.264 173
321.276 23
321.281 242
321.3 23
321.305 242
321.32 23
321.325 242
321.342 23
321.347 242
321.353 23
321.359 242
321.38 23
321.385 242
321.397 23
321.402 242
321.418 23
321.422 242
321.471 23
321.476 507
321.481 265
321.505 23
321.51 242
321.515 23
321.519 242
321.537 23
321.542 242
321.562 23
321.567 242
321.583 23
321.588 242
321.602 23
321.607 242
321.615 23
321.62 242
321.641 23
321.645 242
321.692 23
321.697 507
321.702 265
321.719 23
321.725 242
321.74 23
321.745 242
321.758 23
321.763 242
321.779 23
321.784 242
321.801 23
321.805 242
321.819 23
321.824 242
321.832 23
321.836 242
321.852 23
321.858 242
321.873 23
321.884 242
321.894 23
321.898 242
321.912 23
321.918 242
321.932 23
321.937 242
321.951 23
321.957 242
321.977 23
321.982 242
321.988 23
321.992 242
322.012 23
322.018 242
322.938 756
322.938 281
322.938 756
322.938 756
322.938 23
323.142 1512
323.142 3780
323.148 1411
323.153 23
323.158 242
323.172 23
323.178 242
323.192 23
323.196 242
323.211 23
323.216 242
323.232 23
323.237 242
323.257 23
323.261 242
323.269 23
323.274 242
323.292 23
323.297 242
323.311 23
323.315 242
323.331 23
323.337 242
323.352 23
323.357 242
323.372 23
323.377 242
323.393 23
323.397 242
323.417 23
323.422 242
323.428 23
323.432 242
323.451 23
323.458 242
323.472 23
323.478 242
323.492 23
323.499 242
323.514 23
323.519 242
323.534 23
323.539 242
323.553 23
323.558 242
323.577 23
323.582 242
323.59 23
323.597 242
323.613 23
323.619 242
323.634 23
323.639 242
323.655 23
323.66 242
323.673 23
323.679 242
323.693 23
323.698 242
323.713 23
323.718 242
323.737 23
323.741 242
323.748 23
323.756 242
323.773 23
323.78 242
323.792 23
323.799 242
323.814 23
323.819 242
323.831 23
323.837 242
323.853 23
323.858 242
323.873 23
323.879 242
323.896 23
323.901 242
323.907 23
323.912 242
323.931 23
323.936 242
323.952 23
323.958 242
323.972 23
323.978 242
323.991 23
323.997 242
324.013 23
324.018 242
324.033 23
324.038 242
324.057 23
324.062 242
324.068 23
324.074 242
324.092 23
324.097 242
324.111 23
324.117 242
324.133 23
324.138 242
324.152 23
324.157 242
324.173 23
324.178 242
324.194 23
324.199 242
324.217 23
324.222 242
324.229 23
324.235 242
324.253 23
324.259 242
324.274 23
324.279 242
324.293 23
324.299 242
324.314 23
324.319 242
324.332 23
324.339 242
324.354 23
324.359 242
324.376 23
324.382 242
324.391 23
324.397 242
324.413 23
324.419 242
324.435 23
324.44 242
324.453 23
324.458 242
324.474 23
324.479 242
324.493 23
324.499 242
324.514 23
324.519 242
324.537 23
324.541 242
324.547 23
324.554 242
324.571 23
324.578 242
324.591 23
324.597 242
324.611 23
324.617 242
324.631 23
324.637 242
324.653 23
324.658 242
324.673 23
324.679 242
324.697 23
324.702 242
324.708 23
324.715 242
324.734 23
324.739 242
324.753 23
324.758 242
324.771 23
324.772 20
324.776 504
324.781 0
324.792 23
324.833 756
324.838 16
324.884 530
324.893 23
324.898 242
324.914 23
324.918 242
324.931 23
324.937 242
324.952 23
324.959 242
324.973 23
324.979 242
324.991 23
324.997 242
325.016 23
325.02 242
325.027 23
325.033 242
325.052 23
325.057 242
325.072 23
325.077 242
325.093 23
325.098 242
325.113 23
325.118 242
325.133 23
325.137 242
325.153 23
325.158 242
325.177 23
325.182 242
325.188 23
325.194 242
325.214 23
325.219 242
325.233 23
325.239 242
325.253 23
325.259 242
325.274 23
325.279 242
325.294 23
325.299 242
325.312 23
325.318 242
325.337 23
325.342 242
325.348 23
325.353 242
325.373 23
325.378 242
325.392 23
325.399 242
325.413 23
325.418 242
325.433 23
325.439 242
325.453 23
325.458 242
325.471 23
325.477 242
325.496 23
325.501 242
325.507 23
325.511 243
325.702 23
325.702 756
325.706 16
325.719 23
325.724 242
325.738 23
325.743 242
325.758 23
325.762 242
325.777 23
325.782 242
325.829 23
325.834 507
325.838 265
325.859 23
325.864 242
325.878 23
325.883 242
325.9 23
325.906 242
325.919 23
325.924 242
325.939 23
325.944 242
325.962 23
325.966 242
325.984 23
325.989 242
325.996 23
326.001 242
326.048 23
326.054 507
326.059 265
326.078 23
326.083 242
326.095 23
326.1 242
326.114 23
326.119 242
326.135 23
326.14 242
326.149 23
326.155 242
326.172 23
326.177 242
326.194 23
326.199 242
326.213 23
326.219 242
326.27 23
326.275 756
326.275 16
326.297 23
326.302 242
326.309 23
326.316 242
326.332 23
326.337 242
326.352 23
326.357 242
326.373 23
326.378 242
326.393 23
326.398 242
326.413 23
326.418 242
326.433 23
326.439 242
326.49 23
326.494 756
326.498 16
326.513 23
326.519 242
326.534 23
326.539 242
326.552 23
326.558 242
326.573 23
326.578 242
326.594 23
326.599 242
326.618 23
326.623 242
326.629 23
326.635 242
326.654 23
326.659 242
326.673 23
326.712 242
326.717 265
326.722 265
326.734 23
326.739 242
326.755 23
326.76 242
326.775 23
326.783 242
326.788 115
326.792 150
326.812 23
326.819 242
326.832 23
326.837 242
326.853 23
326.859 242
326.872 23
326.877 242
326.889 23
326.894 242
326.934 23
326.938 507
326.946 23
326.951 242
326.969 23
326.973 242
326.993 23
326.998 242
327.008 23
327.013 242
327.028 23
327.034 242
327.053 23
327.059 242
327.07 23
327.075 242
327.093 23
327.098 242
327.106 23
327.111 242
327.129 23
327.133 242
327.15 23
327.154 242
327.17 23
327.177 242
327.192 23
327.196 242
327.211 23
327.216 242
327.23 23
327.234 242
327.253 23
327.258 242
327.268 23
327.275 242
327.294 23
327.299 242
327.313 23
327.326 242
327.332 23
327.337 242
327.353 23
327.357 242
327.373 23
327.378 242
327.393 23
327.399 242
327.418 23
327.423 242
327.429 23
327.435 242
327.453 23
327.459 242
327.474 23
327.479 242
327.493 23
327.498 242
327.514 23
327.519 242
327.534 23
327.538 242
327.552 23
327.558 242
327.579 23
327.584 242
327.589 265
327.614 23
327.618 242
327.631 23
327.636 242
327.652 23
327.658 242
327.673 23
327.678 242
327.694 23
327.699 242
327.714 23
327.719 242
327.737 23
327.742 242
327.751 23
327.758 242
327.774 23
327.779 242
327.794 23
327.799 242
327.813 23
327.819 242
327.834 23
327.839 242
327.854 23
327.859 242
327.874 23
327.879 242
327.897 23
327.902 242
327.91 23
327.917 242
327.931 23
327.936 242
327.953 23
327.959 242
327.975 23
327.981 242
327.993 23
327.998 242
328.012 23
328.017 242
328.031 23
328.038 242
328.056 23
328.061 242
328.069 23
328.075 242
328.093 23
328.1 242
328.112 23
328.118 242
328.136 23
328.141 242
328.154 23
328.159 242
328.173 23
328.178 242
328.195 23
328.2 242
328.217 23
328.222 242
328.229 23
328.235 242
328.253 23
328.258 242
328.272 23
328.276 242
328.292 23
328.298 242
328.313 23
328.318 242
328.334 23
328.339 242
328.354 23
328.359 242
328.379 23
328.384 242
328.389 23
328.394 242
328.414 23
328.419 242
328.434 23
328.439 242
328.454 23
328.459 242
328.473 23
328.479 242
328.493 23
328.498 242
328.514 23
328.52 242
328.537 23
328.542 242
328.549 23
328.555 242
328.573 23
328.578 242
328.592 23
328.597 242
328.612 23
328.617 242
328.632 23
328.637 242
328.653 23
328.66 242
328.675 23
328.679 242
328.698 23
328.703 242
328.708 23
328.713 242
328.734 23
328.739 242
328.755 23
328.76 242
328.773 23
328.778 242
328.793 23
328.799 242
328.817 23
328.822 242
328.834 23
328.839 242
328.858 23
328.863 242
328.87 23
328.877 242
328.892 23
328.898 242
328.914 23
328.919 242
328.934 23
328.939 242
328.954 23
328.959 242
328.974 23
328.98 242
328.993 23
328.999 242
329.017 23
329.023 242
329.029 23
329.035 242
329.053 23
329.058 242
329.073 23
329.079 242
329.093 23
329.098 242
329.113 23
329.119 242
329.132 23
329.138 242
329.151 23
329.156 242
329.176 23
329.181 242
329.188 23
329.195 242
329.213 23
329.219 242
329.234 23
329.239 242
329.253 23
329.258 242
329.273 23
329.278 242
329.292 23
329.297 242
329.312 23
329.316 242
329.336 23
329.341 242
329.349 23
329.355 242
329.373 23
329.378 242
329.393 23
329.398 242
329.412 23
329.418 242
329.433 23
329.438 242
329.452 23
329.457 242
329.473 23
329.477 242
329.497 23
329.502 242
329.509 23
329.515 242
329.535 23
329.539 242
329.553 23
329.558 242
329.574 23
329.579 242
329.593 23
329.597 242
329.614 23
329.619 242
329.633 23
329.638 242
329.656 23
329.661 242
329.668 23
329.672 242
329.695 23
329.7 242
329.715 23
329.719 242
329.732 23
329.737 242
329.752 23
329.758 242
329.771 23
329.771 20
329.776 504
329.792 23
329.828 756
329.834 16
329.881 530
329.894 23
329.899 242
329.913 23
329.918 242
329.933 23
329.939 242
329.952 23
329.958 242
329.976 23
329.982 242
329.988 23
329.995 242
330.012 23
330.018 242
330.032 23
330.038 242
330.053 23
330.058 242
330.073 23
330.078 242
330.093 23
330.097 242
330.112 23
330.117 242
330.137 23
330.141 242
330.149 23
330.154 242
330.173 23
330.179 242
330.193 23
330.198 242
330.213 23
330.217 242
330.232 23
330.237 242
330.252 23
330.257 242
330.273 23
330.277 242
330.296 23
330.3 242
330.309 23
330.314 242
330.332 23
330.337 242
330.352 23
330.357 242
330.373 23
330.378 242
330.393 23
330.399 242
330.412 23
330.417 242
330.433 23
330.438 242
330.455 23
330.461 242
330.468 23
330.474 242
330.492 23
330.498 242
330.515 23
330.521 242
330.533 23
330.538 242
330.553 23
330.559 242
330.572 23
330.577 242
330.591 23
330.597 242
330.617 23
330.622 242
330.629 23
330.634 242
330.654 23
330.659 242
330.673 23
330.677 242
330.693 23
330.697 242
330.712 23
330.717 242
330.733 23
330.738 242
330.753 23
330.758 242
330.778 23
330.783 242
330.788 23
330.794 242
330.819 23
330.823 242
330.834 23
330.839 242
330.855 23
330.859 242
330.872 23
330.879 242
330.894 23
330.898 242
330.912 23
330.918 242
330.937 23
330.942 242
330.948 23
330.954 242
330.973 23
330.978 242
330.993 23
330.999 242
331.015 23
331.02 242
331.033 23
331.071 507
331.078 265
331.096 23
331.101 242
331.11 23
331.117 242
331.132 23
331.139 242
331.154 23
331.16 242
331.173 23
331.178 242
331.194 23
331.199 242
331.212 23
331.219 242
331.234 23
331.239 242
331.289 23
331.294 756
331.294 16
331.314 23
331.32 242
331.335 23
331.34 242
331.352 23
331.359 242
331.373 23
331.378 242
331.393 23
331.398 242
331.417 23
331.422 242
331.428 23
331.434 242
331.453 23
331.458 242
331.473 23
331.51 242
331.516 530
331.532 23
331.538 242
331.554 23
331.559 242
331.578 23
331.583 242
331.588 23
331.593 242
331.612 23
331.618 242
331.634 23
331.639 242
331.653 23
331.657 242
331.674 23
331.679 242
331.693 23
331.732 242
331.738 530
331.749 23
331.754 242
331.773 23
331.778 242
331.792 23
331.797 242
331.812 23
331.817 242
331.833 23
331.838 242
331.853 23
331.858 242
331.873 23
331.878 242
331.896 23
331.901 242
331.908 23
331.913 242
331.954 23
331.959 507
331.973 23
331.978 242
331.994 23
331.999 242
332.013 23
332.018 242
332.033 23
332.038 242
332.057 23
332.062 242
332.069 23
332.074 242
332.093 23
332.098 242
332.113 23
332.117 242
332.132 23
332.139 242
332.154 23
332.159 242
332.173 23
332.179 242
332.192 23
332.197 242
332.217 23
332.222 242
332.228 23
332.234 242
332.253 23
332.259 242
332.275 23
332.28 242
332.292 23
332.298 242
332.312 23
332.318 242
332.332 23
332.339 242
332.353 23
332.359 242
332.377 23
332.382 242
332.388 23
332.395 242
332.412 23
332.418 242
332.433 23
332.438 242
332.454 23
332.46 242
332.474 23
332.478 242
332.491 23
332.496 242
332.513 23
332.519 242
332.538 23
332.543 242
332.548 23
332.555 242
332.574 23
332.579 242
332.592 23
332.597 242
332.612 23
332.619 242
332.634 23
332.64 242
332.654 23
332.659 242
332.672 23
332.677 242
332.712 23
332.729 507
332.74 265
332.751 265
332.764 23
332.769 242
332.788 23
332.792 242
332.808 23
332.813 242
332.832 23
332.837 242
332.849 23
332.856 242
332.864 23
332.87 46
332.875 196
332.884 23
332.888 242
332.905 23
332.909 242
332.931 23
332.935 242
332.944 23
332.95 242
332.966 23
332.97 242
332.984 23
332.988 242
333.004 23
333.011 242
333.022 23
333.028 242
333.044 23
333.049 242
333.065 23
333.069 242
333.086 23
333.089 242
333.102 23
333.107 242
333.124 23
333.129 242
333.15 23
333.164 242
333.168 265
333.183 23
333.188 242
333.213 23
333.222 242
333.228 23
333.232 242
333.244 23
333.248 242
333.264 23
333.27 242
333.285 23
333.289 242
333.305 23
333.309 242
333.325 23
333.332 242
333.344 23
333.348 242
333.426 23
333.43 507
333.435 265
333.439 265
333.508 23
333.512 242
333.516 265
333.521 530
333.588 23
333.593 507
333.597 530
333.668 23
333.672 507
333.677 265
333.681 265
333.747 23
333.752 507
333.757 265
333.762 265
333.827 23
333.831 242
333.835 265
333.839 265
333.843 265
333.907 23
333.912 507
333.916 265
333.92 265
333.988 23
333.993 507
333.998 265
334.002 265
334.067 23
334.073 242
334.079 265
334.087 23
334.091 507
334.148 23
334.152 756
334.152 16
334.161 265
334.227 23
334.232 507
334.237 265
334.241 265
334.306 23
334.326 242
334.329 756
334.329 39
334.385 23
334.392 507
334.396 265
334.401 265
334.611 23
334.611 756
334.611 16
334.627 23
334.631 507
334.636 265
334.64 265
334.71 23
334.714 242
334.718 265
334.722 265
334.726 265
334.772 23
334.772 20
334.776 239
334.789 23
334.799 756
334.804 16
334.848 265
334.868 23
334.873 242
334.877 265
334.882 530
334.945 23
334.95 242
334.954 265
334.958 265
334.962 265
335.033 23
335.038 242
335.043 265
335.048 265
335.054 23
335.059 242
335.108 23
335.112 242
335.116 265
335.12 265
335.125 265
335.192 23
335.197 242
335.202 265
335.207 265
335.215 23
335.22 242
335.273 23
335.278 242
335.283 265
335.292 23
335.297 507
335.354 23
335.359 242
335.364 265
335.369 265
335.377 23
335.38 242
335.428 23
335.433 507
335.438 265
335.442 265
335.514 23
335.518 242
335.523 265
335.528 23
335.533 242
335.538 265
335.593 23
335.598 242
335.603 265
335.612 23
335.616 242
335.62 265
335.666 23
335.67 242
335.674 265
335.678 265
335.682 265
335.753 23
335.758 242
335.763 265
335.772 23
335.777 357
335.782 150
335.839 23
335.844 507
335.85 23
335.855 242
335.86 265
335.915 23
335.92 242
335.924 265
335.932 23
335.937 507
335.993 23
335.998 242
336.003 265
336.008 23
336.013 242
336.018 265
336.09 23
336.093 756
336.094 16
336.099 265
336.152 23
336.156 507
336.161 265
336.165 265
336.227 23
336.231 242
336.237 530
336.242 265
336.311 23
336.315 756
336.315 16
336.319 265
336.386 23
336.391 507
336.396 265
336.4 265
336.465 23
336.469 507
336.473 265
336.477 265
336.553 23
336.56 242
336.564 265
336.575 23
336.579 265
336.584 242
336.629 23
336.634 242
336.638 69
336.642 196
336.647 265
336.655 23
336.66 242
336.713 23
336.752 242
336.752 756
336.756 39
336.795 23
336.8 242
336.804 265
336.81 23
336.815 242
336.819 265
336.875 23
336.879 242
336.884 265
336.893 23
336.897 242
336.901 265
336.974 23
336.974 756
336.978 281
337.033 23
337.037 242
337.042 265
337.052 23
337.056 242
337.06 265
337.114 23
337.119 242
337.124 265
337.129 46
337.133 219
337.138 265
337.193 23
337.198 242
337.203 265
337.213 23
337.217 242
337.222 265
337.275 23
337.28 242
337.284 265
337.289 23
337.294 242
337.298 265
337.347 23
337.351 311
337.355 196
337.359 265
337.363 265
337.426 23
337.431 242
337.435 265
337.439 265
337.443 69
337.447 196
337.506 23
337.51 242
337.514 265
337.518 265
337.522 265
337.593 23
337.598 242
337.603 265
337.609 265
337.613 265
337.675 23
337.68 242
337.686 265
337.695 23
337.7 288
337.705 219
337.753 23
337.757 242
337.762 265
337.77 23
337.775 242
337.78 92
337.784 173
337.836 23
337.843 507
337.852 23
337.856 242
337.86 265
337.908 23
337.912 242
337.922 530
337.925 265
337.987 23
337.992 507
337.997 23
338.001 242
338.004 265
338.067 23
338.078 380
338.084 127
338.088 530
338.147 23
338.151 507
338.156 265
338.16 265
338.227 23
338.232 507
338.236 265
338.24 265
338.312 23
338.317 288
338.321 219
338.325 265
338.329 265
338.397 23
338.402 242
338.407 265
338.414 23
338.418 242
338.423 265
338.469 23
338.474 265
338.481 507
338.486 265
338.549 23
338.553 507
338.558 265
338.563 265
338.632 23
338.637 242
338.641 530
338.645 265
338.706 23
338.711 507
338.716 265
338.72 265
339.936 756
339.936 16
339.936 756
339.936 756
339.973 20
340.244 1512
340.244 1512
340.244 756
340.25 23
340.25 1512
340.256 756
340.256 1512
340.261 730
340.315 23
340.319 242
340.324 265
340.33 23
340.334 242
340.338 69
340.343 196
340.396 23
340.401 242
340.406 265
340.414 23
340.419 242
340.425 265
340.476 23
340.482 242
340.486 265
340.492 23
340.497 242
340.502 265
340.556 23
340.561 242
340.566 265
340.574 23
340.578 334
340.583 173
340.634 23
340.639 242
340.644 265
340.649 46
340.653 219
340.658 265
340.716 23
340.72 242
340.725 265
340.733 23
340.738 334
340.744 173
340.794 23
340.798 242
340.803 265
340.808 23
340.813 242
340.817 23
340.822 242
340.889 23
340.893 507
340.898 265
340.904 265
340.956 23
340.961 242
340.966 265
340.97 265
340.977 23
340.983 242
341.036 23
341.04 242
341.045 265
341.055 23
341.06 507
341.115 23
341.12 242
341.124 265
341.129 265
341.136 23
341.14 242
341.19 23
341.194 242
341.198 265
341.202 265
341.206 265
341.276 23
341.281 242
341.286 265
341.29 23
341.329 242
341.334 265
341.356 23
341.36 242
341.365 265
341.374 23
341.378 242
341.382 265
341.434 23
341.438 242
341.443 265
341.447 23
341.452 242
341.457 23
341.463 242
341.511 23
341.551 242
341.551 756
341.555 39
341.594 23
341.598 242
341.604 265
341.61 23
341.614 242
341.618 265
341.674 23
341.68 242
341.685 265
341.693 23
341.698 242
341.703 265
341.773 23
341.773 756
341.778 281
341.83 23
341.834 242
341.838 23
341.843 242
341.851 23
341.857 242
341.862 265
341.916 23
341.921 311
341.926 196
341.93 265
341.935 23
341.939 242
341.994 23
341.999 242
342.004 265
342.013 23
342.018 357
342.024 150
342.076 23
342.08 242
342.085 265
342.09 265
342.097 23
342.101 242
342.156 23
342.161 242
342.166 265
342.174 23
342.179 242
342.184 265
342.234 23
342.239 242
342.244 265
342.252 23
342.256 357
342.261 150
342.314 23
342.319 242
342.324 265
342.332 23
342.337 334
342.344 173
342.396 23
342.402 288
342.406 219
342.412 265
342.418 23
342.423 242
342.477 23
342.481 242
342.486 265
342.495 23
342.5 507
342.554 23
342.559 242
342.564 265
342.569 23
342.573 242
342.578 265
342.627 23
342.631 242
342.635 265
342.648 23
342.653 507
342.716 23
342.72 242
342.724 265
342.733 23
342.737 242
342.742 265
342.794 23
342.799 242
342.804 265
342.813 23
342.817 242
342.823 265
342.872 23
342.878 288
342.882 219
342.887 265
342.891 46
342.896 219
342.948 23
342.954 507
342.959 265
342.963 265
343.027 23
343.032 507
343.036 265
343.041 265
343.112 23
343.117 242
343.122 265
343.133 23
343.137 288
343.141 219
343.193 23
343.198 242
343.827 23
343.827 756
343.827 16
343.827 756
343.827 23
343.833 756
343.833 608
343.84 23
343.844 242
343.85 23
343.854 242
343.859 23
343.864 242
343.868 23
343.874 242
343.917 23
343.921 507
343.933 23
343.938 507
343.991 23
343.995 242
344 265
344.004 265
344.01 23
344.014 242
344.075 23
344.08 242
344.085 265
344.096 23
344.101 288
344.106 219
344.153 23
344.158 242
344.162 265
344.168 23
344.173 242
344.178 265
344.236 23
344.241 507
344.253 23
344.26 507
344.315 23
344.32 242
344.325 265
344.33 265
344.338 23
344.344 242
344.393 23
344.398 242
344.403 265
344.413 23
344.418 507
344.474 23
344.479 242
344.485 265
344.489 92
344.494 173
344.499 265
344.555 23
344.56 242
344.565 265
344.573 23
344.578 507
344.634 23
344.639 242
344.645 265
344.65 265
344.656 69
344.661 196
344.714 23
344.719 242
344.725 265
344.733 23
344.738 507
344.772 23
344.772 20
344.778 239
344.794 23
344.809 756
344.814 16
344.861 265
344.874 23
344.879 242
344.884 265
344.893 23
344.899 243
345.978 23
345.978 756
345.978 546
346.01 756
346.012 39
346.016 265
346.023 23
346.027 242
346.075 23
346.08 242
346.086 23
346.09 242
346.129 46
346.135 484
346.155 23
346.159 242
346.163 265
346.172 23
346.177 242
346.183 265
346.234 23
346.239 242
346.244 265
346.25 23
346.254 242
346.26 265
346.35 23
346.35 756
346.354 281
346.394 23
346.399 242
346.403 265
346.412 23
346.416 242
346.421 265
346.473 23
346.478 242
346.482 265
346.491 23
346.495 242
346.5 265
346.572 23
346.572 756
346.577 16
346.583 265
346.633 23
346.638 242
346.643 265
346.654 23
346.659 242
346.665 265
346.716 23
346.721 242
346.726 265
346.731 92
346.735 173
346.74 265
346.795 23
346.8 242
346.806 265
346.813 23
346.818 507
346.874 23
346.88 242
346.885 265
346.89 23
346.895 242
346.901 265
346.955 23
346.96 242
346.965 265
346.973 23
346.984 242
346.99 265
347.033 23
347.038 242
347.042 265
347.048 23
347.053 242
347.057 265
347.114 23
347.118 242
347.123 265
347.133 23
347.137 265
347.141 242
347.195 23
347.199 242
347.205 265
347.211 23
347.216 242
347.22 265
347.276 23
347.28 242
347.286 265
347.294 23
347.298 242
347.304 265
347.354 23
347.359 242
347.364 265
347.369 23
347.374 242
347.378 265
347.435 23
347.44 242
347.445 265
347.453 23
347.459 507
347.516 23
347.521 242
347.526 265
347.531 69
347.536 196
347.541 265
347.595 23
347.6 507
347.612 23
347.617 507
347.677 23
347.682 242
347.687 265
347.691 92
347.697 173
347.701 265
347.756 23
347.761 242
347.765 265
347.774 23
347.778 242
347.783 265
347.835 23
347.84 242
347.845 265
347.851 265
347.858 23
347.864 242
347.916 23
347.922 242
347.927 265
347.933 23
347.938 265
347.944 242
347.995 23
348 242
348.005 265
348.01 265
348.016 23
348.021 242
348.074 23
348.079 242
348.084 265
348.093 23
348.098 507
348.153 23
348.159 243
349.767 756
349.767 546
349.767 756
350.074 756
350.074 1512
350.278 23
350.278 756
350.285 756
350.285 1512
350.29 2268
350.297 2811
350.314 23
350.333 756
350.338 85
350.384 196
350.394 23
350.399 242
350.404 265
350.411 23
350.416 242
350.422 265
350.475 23
350.48 242
350.485 265
350.493 23
350.498 242
350.504 265
350.557 23
350.562 242
350.567 265
350.571 265
350.575 23
350.579 242
350.634 23
350.639 242
350.643 265
350.647 265
350.651 265
350.716 23
350.721 242
350.725 265
350.731 23
350.736 242
350.741 265
350.795 23
350.8 242
350.805 265
350.814 23
350.819 242
350.825 265
350.876 23
350.882 242
350.887 265
350.892 265
350.932 265
350.954 23
350.959 242
350.963 265
350.975 23
350.98 380
350.986 127
351.035 23
351.04 242
351.044 265
351.05 23
351.054 242
351.059 265
351.149 23
351.149 756
351.154 281
351.195 23
351.201 242
351.205 265
351.21 265
351.216 23
351.221 242
351.276 23
351.281 242
351.287 265
351.294 23
351.299 507
351.371 23
351.371 756
351.376 108
351.381 173
351.435 23
351.44 242
351.445 265
351.454 23
351.459 507
351.515 23
351.519 242
351.524 265
351.531 23
351.536 242
351.54 265
351.595 23
351.6 242
351.605 265
351.613 23
351.618 242
352.224 23
352.224 756
352.224 281
352.238 756
352.242 39
352.246 46
352.25 219
352.254 69
352.258 196
352.262 265
352.315 23
352.32 242
352.325 265
352.33 46
352.335 219
352.341 265
352.395 23
352.4 242
352.405 265
352.413 23
352.417 288
352.423 219
352.476 23
352.482 242
352.487 265
352.491 265
352.499 23
352.505 242
352.554 23
352.559 242
352.564 265
352.572 23
352.576 311
352.583 196
352.635 23
352.642 242
352.647 265
352.652 265
352.657 23
352.662 242
352.717 23
352.722 242
352.726 265
352.733 23
352.739 334
352.743 173
352.795 23
352.8 242
352.805 265
352.81 23
352.815 242
352.82 265
352.874 23
352.879 242
352.884 265
352.893 23
352.897 242
352.903 265
352.955 23
352.96 242
352.965 265
352.971 23
352.975 242
352.979 265
353.033 23
353.038 242
353.043 265
353.052 23
353.057 357
353.063 150
353.116 23
353.121 242
353.126 265
353.131 265
353.137 23
353.142 242
353.196 23
353.201 242
353.206 265
353.215 23
353.22 507
353.274 23
353.284 507
353.291 23
353.296 242
353.301 265
353.354 23
353.359 242
353.364 265
353.374 23
353.378 507
353.435 23
353.439 242
353.444 265
353.451 23
353.456 242
353.461 265
353.516 23
353.521 242
353.526 265
353.534 23
353.538 242
353.543 265
353.595 23
353.6 242
353.605 265
353.61 23
353.614 242
353.619 265
353.676 23
353.681 242
353.686 265
353.694 23
353.699 507
353.755 23
353.761 242
353.766 265
353.771 265
353.778 23
353.783 242
353.835 23
353.84 242
353.846 265
353.853 23
353.858 242
353.864 265
353.916 23
353.921 242
353.926 265
353.931 23
353.936 242
353.941 265
353.997 23
354.002 242
354.007 265
354.014 23
354.019 242
354.024 265
354.077 23
354.081 242
354.086 265
354.091 265
354.098 23
354.104 242
354.157 23
354.162 242
354.167 265
354.174 23
354.179 242
354.185 265
354.236 23
354.241 242
354.246 265
354.251 115
354.255 150
354.261 265
354.317 23
354.322 242
354.327 265
354.334 23
354.339 242
354.345 265
354.395 23
354.4 242
354.405 138
354.409 150
354.414 242
354.418 138
354.424 127
354.476 23
354.481 242
354.486 265
354.494 23
354.499 242
354.505 265
354.556 23
354.561 242
354.566 265
354.571 23
354.576 242
354.583 265
354.637 23
354.642 242
354.646 265
354.654 23
354.659 242
354.665 265
354.716 23
354.721 242
354.726 265
354.731 265
354.736 23
354.743 242
354.773 23
354.773 20
354.78 239
354.797 23
354.815 756
354.821 39
354.866 242
354.876 23
354.881 242
354.886 265
354.891 23
354.895 242
354.9 265
354.956 23
354.961 242
354.966 265
354.974 23
354.979 507
355.036 23
355.041 242
355.046 265
355.05 265
355.057 23
355.063 242
355.114 23
355.119 242
355.124 265
355.132 23
355.137 507
355.196 23
355.201 242
355.206 265
355.211 265
355.501 23
355.501 756
355.501 281
355.517 23
355.521 242
355.528 23
355.533 242
355.537 23
355.542 242
355.546 265
355.595 23
355.601 242
355.608 265
355.613 23
355.618 242
355.623 265
355.675 23
355.68 242
355.685 265
355.69 265
355.695 23
355.701 242
355.754 23
355.759 242
355.764 265
355.773 23
355.778 242
355.784 265
355.835 23
355.84 242
355.845 265
355.85 265
355.858 23
355.864 242
355.948 23
355.948 756
355.953 281
355.995 23
356 242
356.005 265
356.01 138
356.017 127
356.023 265
356.075 23
356.081 242
356.086 265
356.092 23
356.097 507
356.17 23
356.17 756
356.175 16
356.181 265
356.235 23
356.24 242
356.245 265
356.254 23
356.259 242
356.265 265
356.317 23
356.323 242
356.327 265
356.332 23
356.337 242
356.343 265
356.395 23
356.401 242
356.406 265
356.416 23
356.421 507
356.477 23
356.482 242
356.486 265
356.491 265
356.499 23
356.503 242
356.558 23
356.563 288
356.568 219
356.574 23
356.614 507
356.633 23
356.638 380
356.642 127
356.647 265
356.652 265
356.707 23
356.711 242
356.716 265
356.72 265
356.724 265
356.789 23
356.793 507
356.804 23
356.808 507
356.866 23
356.871 242
356.875 265
356.879 265
356.884 23
356.888 242
356.954 23
356.96 242
356.965 265
356.97 265
356.975 23
356.98 242
357.054 23
357.054 756
357.059 39
357.065 242
357.114 23
357.119 242
357.125 265
357.129 46
357.134 219
357.141 265
357.194 23
357.199 242
357.204 265
357.212 23
357.217 507
357.274 23
357.28 242
357.285 265
358.163 281
358.163 756
358.778 23
358.778 756
359.085 756
359.085 756
359.091 2268
359.097 2268
359.102 2268
359.107 3024
359.112 3024
359.117 2370
359.122 265
359.133 23
359.138 242
359.144 265
359.196 23
359.2 242
359.205 265
359.21 138
359.215 127
359.219 265
359.276 23
359.281 242
359.285 265
359.294 23
359.299 242
359.305 265
359.356 23
359.36 242
359.365 265
359.37 69
359.375 196
359.38 265
359.435 23
359.44 242
359.445 265
359.454 23
359.459 242
359.464 265
359.517 23
359.522 242
359.527 265
359.532 265
359.538 23
359.544 242
359.596 23
359.601 311
359.606 196
359.613 23
359.618 265
359.624 242
359.676 23
359.681 242
359.686 265
359.69 23
359.695 242
359.7 265
359.758 23
359.763 242
359.767 265
359.772 46
359.772 20
359.777 239
359.782 507
359.824 0
359.837 23
359.842 242
359.847 265
359.851 265
359.857 23
359.862 242
359.921 23
359.925 507
359.935 23
359.94 242
359.944 265
359.996 23
360.001 242
360.005 265
360.01 92
360.015 173
360.021 265
360.075 23
360.08 242
360.085 265
360.094 23
360.099 380
360.105 127
360.154 23
360.159 242
360.163 265
360.169 23
360.174 242
360.178 265
360.235 23
360.24 242
360.245 265
360.253 23
360.258 242
360.265 265
360.316 23
360.321 242
360.326 265
360.331 23
360.336 242
360.341 265
360.396 23
360.401 242
360.406 265
360.415 23
360.42 507
360.477 23
360.482 242
360.487 265
360.493 265
360.498 23
360.504 242
360.555 23
360.56 242
360.567 265
360.574 23
360.579 507
360.635 23
360.643 507
360.65 23
360.657 334
360.664 173
360.715 23
360.723 242
360.729 265
360.735 265
360.743 265
360.794 23
360.801 242
360.807 265
360.813 265
360.82 265
360.874 23
360.88 242
360.884 265
360.894 23
360.899 242
360.906 265
360.969 23
360.969 756
360.974 16
360.98 265
361.036 23
361.042 242
361.048 265
361.055 23
361.06 334
361.068 173
361.116 23
361.121 242
361.127 265
361.132 265
361.139 23
361.147 242
361.195 23
361.2 242
361.207 265
361.214 23
361.221 507
361.277 23
361.282 507
361.292 265
361.298 23
361.305 242
361.356 23
361.362 242
361.367 265
361.41 23
361.419 507
361.435 23
361.44 242
361.444 265
361.45 265
361.458 23
361.464 242
361.516 23
361.52 242
361.525 265
361.535 23
361.542 507
361.631 23
361.631 756
361.637 281
361.676 23
361.682 507
361.693 23
361.698 507
361.756 23
361.761 242
361.767 265
361.772 23
361.778 242
361.784 265
361.853 23
361.855 756
361.858 16
361.864 265
361.915 23
361.92 242
361.925 265
361.931 23
361.936 242
361.941 265
361.996 23
362.004 380
362.011 127
362.018 265
362.026 265
362.074 23
362.082 242
362.09 311
362.097 219
362.105 265
362.156 23
362.164 380
362.171 127
362.178 265
362.186 265
362.235 23
362.241 242
362.247 265
362.254 265
362.261 265
362.315 23
362.321 242
362.326 265
362.334 23
362.339 507
362.396 23
362.401 242
362.406 265
362.411 265
362.418 23
362.424 242
362.474 23
362.48 242
362.485 265
362.493 23
362.498 242
362.505 265
362.556 23
362.561 242
362.567 265
362.574 265
362.578 265
362.635 23
362.64 242
362.645 265
362.653 23
362.658 357
362.663 150
362.714 23
362.719 242
362.723 265
362.728 23
362.733 242
362.738 23
362.742 242
362.795 23
362.8 242
362.805 265
362.814 23
362.819 265
362.825 242
362.876 23
362.881 242
362.886 265
362.89 46
362.895 219
362.898 265
362.955 23
362.959 242
362.964 265
362.973 23
362.978 507
363.035 23
363.04 242
363.044 265
363.049 23
363.054 242
363.058 265
363.115 23
363.119 242
363.124 265
363.132 23
363.137 334
363.141 173
363.195 23
363.2 242
363.205 265
363.211 23
363.216 242
363.22 265
363.276 23
363.281 242
363.287 265
363.294 23
363.299 265
363.304 242
363.354 23
363.359 242
363.363 265
363.369 23
363.374 242
363.378 265
363.436 23
363.441 242
363.445 265
363.454 23
363.458 507
363.515 23
363.52 242
363.525 265
363.53 23
363.535 242
363.539 265
363.595 23
363.6 242
363.604 265
363.614 23
363.618 380
363.625 127
363.682 23
363.687 242
363.692 265
363.697 265
363.755 23
363.76 242
363.764 265
363.773 23
363.778 507
363.835 23
363.84 242
363.845 265
363.85 265
363.857 23
363.861 242
363.915 23
363.92 242
363.925 265
363.933 23
363.939 507
363.995 23
364.002 242
364.007 265
364.012 265
364.017 265
364.075 23
364.082 357
364.088 150
364.096 265
364.104 265
364.155 23
364.161 242
364.166 265
364.171 23
364.175 242
364.18 265
364.235 23
364.24 242
364.246 265
364.254 23
364.261 507
364.316 23
364.322 242
364.328 265
364.335 265
364.34 265
364.395 23
364.4 242
364.404 265
364.413 23
364.419 507
364.474 23
364.479 242
364.485 265
364.49 265
364.497 23
364.502 242
364.553 23
364.561 242
364.57 265
364.576 265
364.579 265
364.634 23
364.643 507
364.654 265
364.658 265
364.715 23
364.721 242
364.725 265
364.733 23
364.738 507
364.774 23
364.774 20
364.78 239
364.785 0
364.794 23
364.81 756
364.817 16
364.862 265
364.875 23
364.88 242
364.885 265
364.893 23
364.899 507
364.955 23
364.96 242
364.966 265
364.972 265
364.977 46
364.985 219
365.034 23
365.04 242
365.045 265
365.053 23
365.059 507
365.116 23
365.121 242
365.127 265
365.134 265
365.139 265
365.196 23
365.201 242
365.207 265
365.214 23
365.22 507
365.276 23
365.282 242
365.289 265
365.294 265
365.301 265
365.354 23
365.359 242
365.365 265
365.374 23
365.38 507
365.436 23
365.442 242
365.448 265
365.454 265
365.46 265
365.516 23
365.523 242
365.529 265
365.535 265
365.542 265
365.595 23
365.602 242
365.607 265
365.613 265
365.618 23
365.625 242
365.676 23
365.682 242
365.688 265
365.694 115
365.699 415
365.755 23
365.761 242
365.767 265
365.773 265
365.778 265
365.835 23
365.841 242
365.848 265
365.854 265
365.861 265
365.915 23
365.922 242
365.928 265
365.934 265
365.941 265
365.996 23
366.002 242
366.008 265
366.013 23
366.019 507
366.076 23
366.081 242
366.086 265
366.091 265
366.099 23
366.105 242
366.156 23
366.164 507
366.211 265
366.218 265
366.232 23
366.237 242
366.244 265
366.25 23
366.257 242
366.262 265
366.315 23
366.32 242
366.325 265
366.333 23
366.338 507
366.393 23
366.43 756
366.432 281
366.473 23
366.478 242
366.483 265
366.492 23
366.497 242
366.503 265
366.556 23
366.561 242
366.567 265
366.572 265
366.577 23
366.583 242
366.652 23
366.652 756
366.657 16
366.662 265
366.716 23
366.721 242
366.727 265
366.732 265
366.737 23
366.742 242
366.795 23
366.8 242
366.805 265
366.814 23
366.819 507
366.876 23
366.881 242
366.886 265
366.892 265
366.898 23
366.904 242
366.956 23
366.961 242
366.966 265
366.974 23
366.979 334
366.984 173
367.035 23
367.04 242
367.045 265
367.051 23
367.056 242
367.064 265
367.115 23
367.12 242
367.124 265
367.134 23
367.139 507
367.195 23
367.2 242
367.205 265
367.21 265
367.218 23
367.223 242
367.274 23
367.28 242
367.285 265
367.292 23
367.296 507
367.355 23
367.36 243
367.464 23
367.471 242
367.524 23
367.529 242
367.535 23
367.54 242
367.547 23
367.551 242
367.556 23
367.56 242
367.595 23
367.6 242
367.607 23
367.611 242
367.616 265
367.625 23
367.631 242
367.674 23
367.68 242
367.691 334
367.696 196
367.701 265
367.756 23
367.762 288
367.769 219
367.774 23
367.78 507
367.834 23
367.84 242
367.845 265
367.85 23
367.855 242
367.861 265
367.914 23
367.919 242
367.924 265
367.932 23
367.937 507
367.995 23
367.999 242
368.004 265
368.011 23
368.015 242
368.021 265
368.075 23
368.08 242
368.084 265
368.095 23
368.1 507
368.154 23
368.158 242
368.164 265
368.169 23
368.174 242
368.18 265
368.236 23
368.241 242
368.247 265
368.253 23
368.259 334
368.264 173
368.315 23
368.32 242
368.325 265
368.33 138
368.334 127
368.339 265
368.396 23
368.401 242
368.407 265
368.414 23
368.419 242
368.425 265
368.476 23
368.48 242
368.484 265
368.49 23
368.494 242
368.499 265
368.556 23
368.56 242
368.566 265
368.575 23
368.58 242
368.586 265
368.636 23
368.641 242
368.646 265
368.651 265
368.659 23
368.664 242
368.713 23
368.718 242
368.723 265
368.731 23
368.736 311
368.742 196
368.795 23
368.8 242
368.805 265
368.811 265
368.817 23
368.823 242
368.875 23
368.88 242
368.885 265
368.893 23
368.898 242
368.903 265
368.956 23
368.96 242
368.965 265
368.971 23
368.976 242
368.981 265
369.035 23
369.04 242
369.049 265
369.054 265
369.06 265
369.114 23
369.12 242
369.124 265
369.13 23
369.135 242
369.141 265
369.194 23
369.197 242
369.202 265
369.212 23
369.218 242
369.298 23
369.304 242
369.359 23
369.364 242
369.37 23
369.374 242
369.381 23
369.385 242
369.391 23
369.396 242
369.436 23
369.44 242
369.444 265
369.45 23
369.453 242
369.457 23
369.462 242
369.515 23
369.519 242
369.524 265
369.534 23
369.538 242
369.542 265
369.595 23
369.6 242
369.605 265
369.611 23
369.616 242
369.621 265
369.675 23
369.68 242
369.686 265
369.694 23
369.702 507
369.755 23
369.76 242
369.765 265
369.771 265
369.771 20
369.776 262
369.782 265
369.824 0
369.836 23
369.842 242
369.847 265
369.854 23
369.859 507
369.916 23
369.921 242
369.926 265
369.931 265
369.94 23
369.946 242
369.996 23
370.002 242
370.007 265
370.014 23
370.018 507
370.075 23
370.08 242
370.085 265
370.09 23
370.095 242
370.101 265
370.156 23
370.161 242
370.165 265
370.174 23
370.179 380
370.186 127
370.235 23
370.24 242
370.244 265
370.252 23
370.257 242
370.261 265
370.314 23
370.32 242
370.325 265
370.333 23
370.338 242
370.344 265
370.396 23
370.401 242
370.405 265
370.41 46
370.416 219
370.422 265
370.476 23
370.482 242
370.487 265
370.495 23
370.5 507
370.555 23
370.56 242
370.564 265
370.57 23
370.573 242
370.578 23
370.583 242
370.635 23
370.64 242
370.645 265
370.653 23
370.659 507
370.715 23
370.72 242
370.724 265
370.729 265
370.736 23
370.741 242
370.795 23
370.8 242
370.804 265
370.813 23
370.817 507
370.876 23
370.881 242
370.885 265
370.89 23
370.895 242
370.899 265
370.954 23
370.959 242
370.964 265
371.008 23
371.014 507
371.034 23
371.038 242
371.042 265
371.05 23
371.055 242
371.059 265
371.117 23
371.121 242
371.126 265
371.134 23
371.138 242
371.142 265
371.229 23
371.229 756
371.232 281
371.274 23
371.279 242
371.284 265
371.293 23
371.298 507
371.356 23
371.361 242
