0 0
0.014645 0
0.019402 0
0.034671 0
0.040082 0
0.057629 0
0.062636 0
0.070517 0
0.0766 0
0.092592 0
0.097693 0
0.114024 0
0.118833 0
0.134044 0
0.139472 0
0.158562 0
0.163299 0
0.173305 0
0.178357 0
0.195004 0
0.200015 0
0.219773 0
0.225164 0
0.230154 0
0.253298 0
0.258003 0
0.274138 0
0.278903 0
0.296812 0
0.301587 0
0.315035 0
0.321404 0
0.337196 0
0.34237 0
0.353172 0
0.35948 0
0.408278 0
0.413811 0
0.419656 0
0.434847 0
0.439822 0
0.453131 0
0.45828 0
0.545544 0
0.550699 0
0.55869 0
0.564892 0
0.582017 0
0.586459 0
0.629854 0
0.634576 0
0.639985 0
0.644886 0
0.661352 0
0.66599 0
0.678146 0
0.684021 0
0.702405 0
0.707377 0
0.713301 0
0.718615 0
0.737813 0
0.742591 0
0.757959 0
0.76265 0
0.784032 0
0.788951 0
0.802507 0
0.807261 0
0.822245 0
0.827358 0
0.84013 0
0.848457 0
0.865014 0
0.869631 0
0.875976 0
0.880602 0
0.89818 0
0.90288 0
0.919592 0
0.925422 0
0.937862 0
0.942391 0
0.959252 0
0.963725 0
0.977261 0
0.981863 0
0.998271 0
1.00291 0
1.02023 0
1.0252 0
1.03583 0
1.04068 0
1.05888 0
1.06385 0
1.07817 0
1.08296 0
1.09833 0
1.10304 0
1.12074 0
1.12538 0
1.13822 0
1.14274 0
1.16057 0
1.16524 0
1.1849 0
1.1898 0
1.19787 0
1.20245 0
1.21811 0
1.22262 0
1.23968 0
1.24416 0
1.25882 0
1.26323 0
1.28216 0
1.2866 0
1.29844 0
1.30281 0
1.32204 0
1.3262 0
1.34757 0
1.35254 0
1.35933 0
1.36358 0
1.37944 0
1.38383 0
1.39882 0
1.40301 0
1.41905 0
1.42356 0
1.43928 0
1.44367 0
1.45829 0
1.46304 0
1.47785 0
1.48204 0
1.50203 0
1.50653 0
1.51375 0
1.51864 0
1.53987 0
1.54425 0
1.55768 0
1.56181 0
1.57732 0
1.58164 0
1.60135 0
1.60629 0
1.61847 0
1.62257 0
1.64088 0
1.64491 0
1.66175 0
1.66566 0
1.67297 0
1.67753 0
1.69884 0
1.70389 0
1.71827 0
1.72267 0
1.73706 0
1.74143 0
1.75967 0
1.76425 0
1.77805 0
1.78241 0
1.79684 0
1.80106 0
1.82684 0
1.83128 0
1.83568 0
1.84011 0
1.86587 0
1.86967 0
1.87382 0
1.88703 0
1.89106 0
1.91681 0
1.92428 0
1.93789 0
1.9424 0
1.95398 0
1.95895 0
1.97977 0
1.98483 0
1.99722 0
2.00204 0
2.02094 0
2.02575 0
2.03798 0
2.04282 0
2.05401 0
2.05891 0
2.08075 0
2.08547 0
2.09904 0
2.10391 0
2.12165 0
2.12626 0
2.14347 0
2.14821 0
2.15533 0
2.15983 0
2.17409 0
2.17848 0
2.1928 0
2.19721 0
2.21248 0
2.21783 0
2.23242 0
2.23734 0
2.25242 0
2.25726 0
2.26926 0
2.27388 0
2.29128 0
2.29566 0
2.30798 0
2.31251 0
2.33122 0
2.33574 0
2.34502 0
2.34914 0
2.37033 0
2.37447 0
2.38727 0
2.39129 0
2.40984 0
2.41395 0
2.42543 0
2.42906 0
2.44349 0
2.44784 0
2.46256 0
2.46608 0
2.48269 0
2.48656 0
2.50293 0
2.50671 0
2.52323 0
2.52734 0
2.5439 0
2.54791 0
2.56333 0
2.56723 0
2.58428 0
2.5881 0
2.60713 0
2.61118 0
2.62547 0
2.62954 0
2.64615 0
2.6505 0
2.67151 0
2.67796 0
2.69274 0
2.6972 0
2.71337 0
2.7177 0
2.73203 0
2.73766 0
2.75312 0
2.75804 0
2.77691 0
2.78183 0
2.78885 0
2.79372 0
2.81276 0
2.81778 0
2.83388 0
2.83869 0
2.85224 0
2.85729 0
2.87331 0
2.87822 0
2.89268 0
2.89867 0
2.91481 0
2.9194 0
2.93774 0
2.94272 0
2.94979 0
2.95571 0
2.97313 0
2.97751 0
2.99311 0
2.99788 0
3.0125 0
3.01831 0
3.03566 0
3.0399 0
3.05281 0
3.05811 0
3.07282 0
3.07728 0
3.0967 0
3.10179 0
3.1097 0
3.11624 0
3.13286 0
3.1391 0
3.15301 0
3.1576 0
3.17393 0
3.17973 0
3.19308 0
3.19895 0
3.21473 0
3.21961 0
3.234 0
3.2398 0
3.25811 0
3.26279 0
3.26949 0
3.27471 0
3.29453 0
3.2994 0
3.31432 0
3.31888 0
3.33356 0
3.33792 0
3.3538 0
3.35873 0
3.37272 0
3.3775 0
3.39251 0
3.39831 0
3.41785 0
3.42309 0
3.42906 0
3.43651 0
3.45306 0
3.4594 0
3.47399 0
3.47864 0
3.4946 0
3.50236 0
3.51447 0
3.52073 0
3.53374 0
3.53945 0
3.55511 0
3.56174 0
3.5774 0
3.58334 0
3.58935 0
3.59672 0
3.62114 0
3.62723 0
3.63411 0
3.63933 0
3.65425 0
3.65915 0
3.67519 0
3.68176 0
3.69301 0
3.69839 0
3.71295 0
3.71833 0
3.73712 0
3.74207 0
3.74952 0
3.75517 0
3.77295 0
3.77799 0
3.7928 0
3.79816 0
3.81302 0
3.81934 0
3.83461 0
3.84057 0
3.85608 0
3.86114 0
3.87358 0
3.87829 0
3.89736 0
3.90338 0
3.9099 0
3.91614 0
3.93376 0
3.93994 0
3.95362 0
3.96007 0
3.97375 0
3.9784 0
3.99337 0
3.99953 0
4.01395 0
4.02046 0
4.0326 0
4.03857 0
4.05709 0
4.06502 0
4.0708 0
4.093 0
4.09915 0
4.11301 0
4.11906 0
4.13331 0
4.1394 0
4.1519 0
4.15956 0
4.1746 0
4.18019 0
4.57172 0
4.57786 0
4.58311 0
4.60046 0
4.60449 0
4.61906 0
4.62449 0
4.63908 0
4.64345 0
4.65844 0
4.66329 0
4.68213 0
4.68748 0
4.70507 0
4.7105 0
4.71584 0
4.76588 0
4.77116 0
4.77586 0
4.7759 43
4.82175 0
4.92183 0
4.93016 0
4.94095 0
4.94583 0
4.98794 0
4.99287 0
5.00017 0
5.00481 0
5.0232 0
5.0279 0
5.03612 0
5.04083 0
5.06204 0
5.06671 0
5.08012 0
5.08478 0
5.0992 0
5.10518 0
5.11061 0
5.11428 0
5.13207 0
5.1364 0
5.14999 0
5.15396 0
5.17854 0
5.18366 0
5.18963 0
5.1954 0
5.21262 0
5.21856 0
5.23415 0
5.23895 0
5.25286 0
5.25877 0
5.27311 0
5.27854 0
5.29266 0
5.2983 0
5.3125 0
5.31843 0
5.33755 0
5.34352 0
5.35044 0
5.3572 0
5.37397 0
5.38009 0
5.42819 0
5.43474 0
5.44017 0
5.45386 0
5.46048 0
5.4746 0
5.48067 0
5.49867 0
5.50482 0
5.51094 0
5.53341 0
5.53976 0
5.5546 0
5.56033 0
5.57244 0
5.57901 0
5.59371 0
5.60119 0
5.649 0
5.65502 0
5.66125 0
5.66923 0
5.67705 0
5.69296 0
5.69968 0
5.71526 0
5.72151 0
5.73344 0
5.73963 0
5.75315 0
5.75981 0
5.7734 0
5.77956 0
5.79266 0
5.79981 0
5.81755 0
5.82244 0
5.8292 0
5.83642 0
5.85354 0
5.85921 0
5.87321 0
5.87882 0
5.89325 0
5.89945 0
5.91543 0
5.92101 0
5.93374 0
5.93929 0
5.95365 0
5.95857 0
5.97764 0
5.98293 0
5.98966 0
5.99652 0
6.01439 0
6.02054 0
6.03453 0
6.04013 0
6.05333 0
6.05935 0
6.07318 0
6.07884 0
6.09345 0
6.09895 0
6.11402 0
6.12043 0
6.13897 0
6.14382 0
6.15002 0
6.15688 0
6.17323 0
6.17848 0
6.19405 0
6.20028 0
6.21344 0
6.21896 0
6.23335 0
6.23921 0
6.25213 0
6.25825 0
6.27251 0
6.27852 0
6.29732 0
6.303 0
6.30936 0
6.3159 0
6.33516 0
6.34113 0
6.35284 0
6.35851 0
6.3728 0
6.37854 0
6.39243 0
6.39912 0
6.41582 0
6.42071 0
6.43237 0
6.43891 0
6.45731 0
6.46303 0
6.46924 0
6.4776 0
6.49356 0
6.4993 0
6.51489 0
6.52284 0
6.53349 0
6.5396 0
6.55378 0
6.55946 0
6.5734 0
6.57881 0
6.59254 0
6.59785 0
6.61683 0
6.62449 0
6.63002 0
6.65287 0
6.6582 0
6.67382 0
6.67954 0
6.69277 0
6.69836 0
6.71459 0
6.72153 0
6.73719 0
6.74367 0
6.75439 0
6.76102 0
6.77938 0
6.78574 0
6.79219 0
6.81206 0
6.81879 0
6.83256 0
6.83797 0
6.85379 0
6.86076 0
6.87475 0
6.88215 0
6.89298 0
6.89919 0
6.91196 0
6.91817 0
6.93741 0
6.94316 0
6.94874 0
6.97198 0
6.97866 0
6.99284 0
6.99884 0
7.01364 0
7.01914 0
7.0326 0
7.03884 0
7.05283 0
7.05858 0
7.07239 0
7.07814 0
7.09632 0
7.10201 0
7.10881 0
7.11561 0
7.13295 0
7.13829 0
7.15255 0
7.15827 0
7.17392 0
7.1794 0
7.19512 0
7.20049 0
7.21425 0
7.22029 0
7.23548 0
7.24149 0
7.25765 0
7.26308 0
7.26939 0
7.27684 0
7.29089 0
7.29679 0
7.31296 0
7.31952 0
7.33112 0
7.3391 0
7.35295 0
7.36022 0
7.37207 0
7.37753 0
7.38905 0
7.39542 0
7.41294 0
7.41976 0
7.42961 0
7.43489 0
7.4484 0
7.45387 0
7.46695 0
7.47238 0
7.48867 0
7.49496 0
7.50931 0
7.51488 0
7.52778 0
7.53317 0
7.54598 0
7.55142 0
7.56574 0
7.57035 0
7.58389 0
7.58957 0
7.60691 0
7.6136 0
7.62885 0
7.63451 0
7.65165 0
7.65835 0
7.67422 0
7.68002 0
7.69316 0
7.70087 0
7.71317 0
7.72139 0
8.25842 0
8.25843 0
8.25843 0
8.26742 0
8.27842 0
8.2854 0
8.29686 0
8.3028 0
8.31898 0
8.32483 0
8.33844 0
8.34542 0
8.35765 0
8.36486 0
8.38481 0
8.39148 0
8.39854 0
8.41834 0
8.42546 0
8.43455 0
8.44255 0
8.45751 0
8.46395 0
8.47674 0
8.4834 0
8.49935 0
8.50649 0
8.51973 0
8.52695 0
8.54772 0
8.55379 0
8.56074 0
8.57837 0
8.5858 0
8.59591 0
8.60403 0
8.6174 0
8.62461 0
8.63915 0
8.64533 0
8.65836 0
8.66573 0
8.67789 0
8.68532 0
8.70165 0
8.70753 0
8.71379 0
8.71934 0
8.73779 0
8.74415 0
8.75602 0
8.76278 0
8.77776 0
8.7835 0
8.79692 0
8.80287 0
8.81883 0
8.82583 0
8.84213 0
8.84876 0
8.86516 0
8.87229 0
8.87792 0
8.89357 0
8.89935 0
8.91357 0
8.91894 0
8.93465 0
8.94035 0
8.95791 0
8.96359 0
8.97587 0
8.98122 0
8.99638 0
9.00245 0
9.01891 0
9.02595 0
9.03439 0
9.05396 0
9.06018 0
9.07456 0
9.08198 0
9.09439 0
9.10021 0
9.1156 0
9.122 0
9.13456 0
9.14018 0
9.15635 0
9.16288 0
9.1772 0
9.18565 0
9.19284 0
9.21519 0
9.2212 0
9.2347 0
9.23999 0
9.25417 0
9.25952 0
9.27486 0
9.28144 0
9.29597 0
9.30196 0
9.31439 0
9.32057 0
9.33746 0
9.34462 0
9.35267 0
9.37246 0
9.37897 0
9.3938 0
9.39909 0
9.41433 0
9.41979 0
9.43478 0
9.44051 0
9.45311 0
9.45904 0
9.47283 0
9.4793 0
9.49886 0
9.5048 0
9.51124 0
9.56409 0
9.57124 0
9.57791 0
9.59438 0
9.6004 0
9.61635 0
9.62187 0
9.63443 0
9.64023 0
9.65855 0
9.66512 0
9.67062 0
9.69304 0
9.70042 0
9.716 0
9.72169 0
9.73462 0
9.74142 0
9.78488 0
9.78496 43
9.83882 0
9.84554 0
9.85324 0
9.85995 0
9.8752 0
9.88098 0
9.88841 0
9.89399 0
9.9182 0
9.92578 0
9.93495 0
9.94022 0
9.95642 0
9.96444 0
10.0076 0
10.0147 0
10.0209 0
10.0363 0
10.0422 0
10.0567 0
10.0627 0
10.0782 0
10.0842 0
10.097 0
10.1023 0
10.1184 0
10.1246 0
10.1416 0
10.1468 0
10.1528 0
10.1584 0
10.1769 0
10.1822 0
10.1984 0
10.228 0
10.2344 0
10.2404 0
10.2576 0
10.263 0
10.2766 0
10.2831 0
10.3009 0
10.3082 0
10.3149 0
10.3209 0
10.3442 0
10.3503 0
10.359 0
10.3667 0
10.3763 0
10.3821 0
10.3986 0
10.4042 0
10.4483 0
10.4546 0
10.4618 0
10.4675 0
10.4768 0
10.4831 0
10.4999 0
10.5061 0
10.5181 0
10.5241 0
10.5384 0
10.5444 0
10.5566 0
10.5627 0
10.577 0
10.583 0
10.5971 0
10.6029 0
10.627 0
10.6325 0
10.6721 0
10.6782 0
10.6834 0
10.7007 0
10.7069 0
10.7196 0
10.725 0
10.7416 0
10.7494 0
10.7586 0
10.765 0
10.7791 0
10.7857 0
10.7964 0
10.8019 0
10.8216 0
10.8279 0
10.8394 0
10.847 0
10.8614 0
10.8678 0
10.8793 0
10.8853 0
10.901 0
10.9067 0
10.9214 0
10.9278 0
10.9427 0
10.9493 0
10.9557 0
10.9607 0
10.979 0
10.9849 0
10.9971 0
11.0027 0
11.018 0
11.0257 0
11.0403 0
11.0461 0
11.0573 0
11.0626 0
11.0774 0
11.0823 0
11.1007 0
11.1062 0
11.1173 0
11.1227 0
11.1348 0
11.1409 0
11.1557 0
11.1609 0
11.1767 0
11.1821 0
11.1947 0
11.1995 0
11.2185 0
11.2231 0
11.2389 0
11.2434 0
11.2619 0
11.2665 0
11.2743 0
11.2797 0
11.2963 0
11.3009 0
11.3235 0
11.3297 0
11.3414 0
11.3461 0
11.359 0
11.364 0
11.3796 0
11.3843 0
11.4013 0
11.406 0
11.421 0
11.4255 0
11.4348 0
11.4391 0
11.46 0
11.4649 0
11.4784 0
11.4827 0
11.4987 0
11.5032 0
11.5169 0
11.5217 0
11.5383 0
11.5426 0
11.558 0
11.5627 0
11.5817 0
11.5867 0
11.5941 0
11.599 0
11.6143 0
11.619 0
11.6395 0
11.6441 0
11.656 0
11.6605 0
11.6791 0
11.6839 0
11.6971 0
11.703 0
11.7179 0
11.7235 0
11.7431 0
11.7481 0
11.7529 0
11.7765 0
11.7821 0
11.8003 0
11.8059 0
11.8206 0
11.826 0
11.8391 0
11.845 0
11.857 0
11.8617 0
11.88 0
11.8856 0
11.9021 0
11.9075 0
11.916 0
11.9219 0
11.9386 0
11.9438 0
11.9587 0
11.9631 0
11.9771 0
11.9816 0
12.0007 0
12.0051 0
12.0193 0
12.0237 0
12.0391 0
12.0435 0
12.0619 0
12.0663 0
12.0707 0
12.0755 0
12.0977 0
12.1021 0
12.1177 0
12.1225 0
12.141 0
12.1459 0
12.1585 0
12.1632 0
12.1787 0
12.1832 0
12.199 0
12.2035 0
12.224 0
12.2287 0
12.2337 0
12.238 0
12.2587 0
12.2633 0
12.2799 0
12.2847 0
12.6616 0
12.6616 0
12.6667 0
12.684 0
12.6891 0
12.7008 0
12.7054 0
12.7118 0
12.7168 0
12.7359 0
12.7411 0
12.7569 0
12.7612 0
12.7784 0
12.7838 0
12.801 0
12.8067 0
12.821 0
12.8256 0
12.838 0
12.8432 0
12.8611 0
12.8658 0
12.8727 0
12.8775 0
12.8963 0
12.9009 0
12.9183 0
12.9234 0
12.9398 0
12.9447 0
12.9587 0
12.9633 0
12.9795 0
12.9844 0
12.9995 0
13.0041 0
13.0247 0
13.0295 0
13.0368 0
13.0413 0
13.0579 0
13.0624 0
13.0791 0
13.0838 0
13.0969 0
13.1019 0
13.12 0
13.1248 0
13.1384 0
13.1432 0
13.1631 0
13.1686 0
13.1845 0
13.1898 0
13.1968 0
13.202 0
13.2178 0
13.2229 0
13.2376 0
13.2427 0
13.2575 0
13.2626 0
13.277 0
13.2821 0
13.3008 0
13.306 0
13.3209 0
13.3261 0
13.3416 0
13.3469 0
13.355 0
13.3599 0
13.3808 0
13.386 0
13.4008 0
13.4058 0
13.4204 0
13.4256 0
13.4401 0
13.4452 0
13.4585 0
13.4643 0
13.4824 0
13.4876 0
13.504 0
13.5094 0
13.5159 0
13.5381 0
13.5433 0
13.5596 0
13.5645 0
13.5768 0
13.5825 0
13.6004 0
13.6059 0
13.6161 0
13.6214 0
13.641 0
13.6464 0
13.6623 0
13.6676 0
13.6729 0
13.6785 0
13.6978 0
13.7026 0
13.7183 0
13.723 0
13.738 0
13.7426 0
13.7577 0
13.7624 0
13.7778 0
13.7822 0
13.7978 0
13.8023 0
13.8207 0
13.8255 0
13.8321 0
13.8371 0
13.8602 0
13.8651 0
13.8767 0
13.881 0
13.8986 0
13.9032 0
13.9186 0
13.923 0
13.9391 0
13.9436 0
13.952 0
13.958 0
13.9787 0
13.9838 0
13.9886 0
13.9938 0
14.0159 0
14.0209 0
14.035 0
14.0397 0
14.0546 0
14.0589 0
14.0748 0
14.0804 0
14.0972 0
14.1023 0
14.1136 0
14.1184 0
14.1367 0
14.1414 0
14.149 0
14.1549 0
14.1746 0
14.1792 0
14.1934 0
14.1984 0
14.2136 0
14.2195 0
14.2359 0
14.2402 0
14.2538 0
14.258 0
14.2738 0
14.2796 0
14.297 0
14.3024 0
14.3095 0
14.3149 0
14.3328 0
14.3388 0
14.3549 0
14.3602 0
14.3734 0
14.3785 0
14.3942 0
14.3993 0
14.4164 0
14.4211 0
14.4326 0
14.4376 0
14.4562 0
14.4647 0
14.469 0
14.4931 0
14.4991 0
14.5145 0
14.5192 0
14.5319 0
14.5371 0
14.5842 0
14.5892 0
14.5939 0
14.6184 0
14.6232 0
14.8116 0
14.8157 0
14.8157 43
15.3251 0
15.3252 0
15.3697 0
15.3745 0
15.3805 0
15.3847 0
15.4001 0
15.4043 0
15.4187 0
15.4229 0
15.468 0
15.4726 0
15.4774 0
15.4819 0
15.4985 0
15.503 0
15.5203 0
15.525 0
15.5406 0
15.5454 0
15.559 0
15.5641 0
15.5843 0
15.5889 0
15.594 0
15.5987 0
15.6174 0
15.6225 0
15.6369 0
15.6415 0
15.6895 0
15.6944 0
15.6998 0
15.7221 0
15.7271 0
15.745 0
15.7498 0
15.7566 0
15.7611 0
15.7758 0
15.7806 0
15.7977 0
15.8025 0
15.8174 0
15.8219 0
15.8369 0
15.8413 0
15.8587 0
15.8632 0
15.8765 0
15.8818 0
15.9007 0
15.9051 0
15.9127 0
15.9181 0
15.9376 0
15.9425 0
15.955 0
15.9597 0
15.9768 0
15.9813 0
15.9955 0
16.0001 0
16.0199 0
16.0247 0
16.0401 0
16.045 0
16.0619 0
16.0668 0
16.0744 0
16.0795 0
16.1003 0
16.1048 0
16.1203 0
16.1248 0
16.1403 0
16.1458 0
16.1605 0
16.1649 0
16.1777 0
16.1821 0
16.195 0
16.1991 0
16.2207 0
16.2253 0
16.2335 0
16.238 0
16.258 0
16.2625 0
16.2788 0
16.2832 0
16.2983 0
16.3025 0
16.3168 0
16.3211 0
16.3381 0
16.3425 0
16.3579 0
16.3623 0
16.3807 0
16.3857 0
16.3926 0
16.3968 0
16.4181 0
16.4223 0
16.4355 0
16.4408 0
16.459 0
16.4653 0
16.4773 0
16.4828 0
16.4971 0
16.5019 0
16.5183 0
16.5239 0
16.5405 0
16.5458 0
16.5528 0
16.5579 0
16.5784 0
16.5828 0
16.5955 0
16.5999 0
16.6183 0
16.623 0
16.6379 0
16.6425 0
16.6571 0
16.6613 0
16.6805 0
16.6845 0
16.7021 0
16.7066 0
16.7166 0
16.7208 0
16.7361 0
16.7409 0
16.7566 0
16.7619 0
16.7761 0
16.781 0
16.798 0
16.8027 0
16.8194 0
16.824 0
16.8367 0
16.8441 0
16.8653 0
16.8706 0
16.8967 0
16.9088 0
16.9268 0
16.9307 0
16.9454 0
16.95 0
16.9741 0
16.9786 0
16.9917 0
16.996 0
17.0091 0
17.013 0
17.0234 0
17.0274 0
17.0454 0
17.0491 0
17.072 0
17.0794 0
17.0917 0
17.0961 0
17.1111 0
17.1151 0
17.1328 0
17.1385 0
17.154 0
17.1588 0
17.1782 0
17.183 0
17.1881 0
17.1927 0
17.2126 0
17.2174 0
17.2322 0
17.2365 0
17.2525 0
17.2569 0
17.2728 0
17.2774 0
17.2935 0
17.2982 0
17.3134 0
17.3176 0
17.334 0
17.3386 0
17.3497 0
17.3544 0
17.3731 0
17.3777 0
17.3941 0
17.3988 0
17.4127 0
17.4169 0
17.4329 0
17.4378 0
17.454 0
17.4584 0
17.4736 0
17.4784 0
17.4977 0
17.5032 0
17.5091 0
17.5161 0
17.5332 0
17.5378 0
17.5531 0
17.5584 0
17.5738 0
17.5811 0
17.5917 0
17.5965 0
17.6124 0
17.6172 0
17.6345 0
17.6388 0
17.6572 0
17.6618 0
17.668 0
17.6728 0
17.6938 0
17.6985 0
17.7136 0
17.7187 0
17.7326 0
17.7376 0
17.7538 0
17.7587 0
17.7726 0
17.7776 0
17.7926 0
17.801 0
17.8055 0
17.8168 0
17.8224 0
17.8281 0
17.8325 0
17.8539 0
17.8591 0
17.8731 0
17.8778 0
17.8932 0
17.8981 0
17.9142 0
17.919 0
17.9343 0
17.9394 0
17.9556 0
17.961 0
17.9784 0
17.9839 0
17.9915 0
17.997 0
18.0146 0
18.0207 0
18.0343 0
18.0392 0
18.0541 0
18.0586 0
18.0738 0
18.0786 0
18.0947 0
18.0993 0
18.1143 0
18.12 0
18.1394 0
18.1445 0
18.1498 0
18.173 0
18.1782 0
18.1947 0
18.1994 0
18.2141 0
18.2188 0
18.2343 0
18.2398 0
18.2538 0
18.2587 0
18.2739 0
18.2791 0
18.2988 0
18.3042 0
18.3094 0
18.3158 0
18.334 0
18.3392 0
18.3548 0
18.3606 0
18.3728 0
18.3791 0
18.3954 0
18.4012 0
18.4129 0
18.4184 0
18.433 0
18.4394 0
18.4579 0
18.4638 0
18.4691 0
18.4739 0
18.4938 0
18.4995 0
18.5166 0
18.522 0
18.5331 0
18.5376 0
18.5538 0
18.5586 0
18.5747 0
18.5793 0
18.5969 0
18.6022 0
18.621 0
18.6286 0
18.633 0
18.6506 0
18.6549 0
18.6736 0
18.6786 0
18.6912 0
18.6967 0
18.7119 0
18.7164 0
18.7306 0
18.7354 0
18.7502 0
18.7548 0
18.7733 0
18.7803 0
18.7892 0
18.7953 0
18.8104 0
18.816 0
18.8304 0
18.8349 0
18.8499 0
18.8545 0
18.87 0
18.8756 0
18.8917 0
18.8976 0
18.9101 0
18.9159 0
18.9343 0
18.9405 0
18.9485 0
18.9528 0
18.9706 0
18.9753 0
18.9892 0
18.9943 0
19.0099 0
19.0138 0
19.0302 0
19.0347 0
19.0504 0
19.0549 0
19.0714 0
19.0761 0
19.0921 0
19.0973 0
19.108 0
19.1136 0
19.1274 0
19.1323 0
19.1502 0
19.1548 0
19.1725 0
19.1769 0
19.193 0
19.1976 0
19.2143 0
19.2189 0
19.231 0
19.2357 0
19.2577 0
19.263 0
19.2694 0
19.2757 0
19.2933 0
19.2986 0
19.3133 0
19.3197 0
19.3338 0
19.3393 0
19.3553 0
19.3601 0
19.3737 0
19.3785 0
19.3934 0
19.3994 0
19.4194 0
19.4248 0
19.43 0
19.4528 0
19.458 0
19.4744 0
19.4796 0
19.4934 0
19.4987 0
19.5137 0
19.5192 0
19.5328 0
19.5377 0
19.5529 0
19.5577 0
19.6052 0
19.6102 0
19.6152 0
19.6195 0
19.6335 0
19.6383 0
19.6533 0
19.6581 0
19.6738 0
19.6795 0
19.6951 0
19.6998 0
19.7138 0
19.7192 0
19.7376 0
19.7422 0
19.7485 0
19.7528 0
19.7724 0
19.7787 0
19.7788 43
19.8334 0
19.8787 0
19.8835 0
19.897 0
19.9015 0
19.9086 0
19.915 0
19.9329 0
19.9374 0
19.9529 0
19.9583 0
19.9736 0
19.9784 0
19.9935 0
19.9989 0
20.0175 0
20.0221 0
20.034 0
20.0385 0
20.0574 0
20.062 0
20.0694 0
20.0754 0
20.0928 0
20.0978 0
20.1136 0
20.1189 0
20.1336 0
20.1387 0
20.1528 0
20.1584 0
20.1741 0
20.1789 0
20.1928 0
20.1978 0
20.2172 0
20.2224 0
20.228 0
20.2385 0
20.2529 0
20.2576 0
20.2715 0
20.276 0
20.2931 0
20.2982 0
20.3131 0
20.3192 0
20.3335 0
20.3393 0
20.5464 0
20.5465 0
20.5517 0
20.5578 0
20.5788 0
20.5831 0
20.5973 0
20.6017 0
20.6222 0
20.6275 0
20.6385 0
20.6429 0
20.6597 0
20.6645 0
20.7093 0
20.7144 0
20.7196 0
20.9558 0
20.9559 0
20.9639 0
20.9809 0
20.986 0
21.0013 0
21.0059 0
21.0245 0
21.0295 0
21.0389 0
21.0432 0
21.0519 0
21.0596 0
21.0747 0
21.0791 0
21.0953 0
21.1003 0
21.1149 0
21.1196 0
21.1324 0
21.1377 0
21.1541 0
21.1599 0
21.1776 0
21.1825 0
21.1886 0
21.1943 0
21.2179 0
21.2227 0
21.2336 0
21.2392 0
21.253 0
21.2575 0
21.2738 0
21.2783 0
21.2925 0
21.2976 0
21.3127 0
21.3177 0
21.3372 0
21.3415 0
21.3497 0
21.3555 0
21.3736 0
21.3777 0
21.3934 0
21.3982 0
21.4133 0
21.419 0
21.4355 0
21.4401 0
21.4525 0
21.4583 0
21.4737 0
21.4785 0
21.4965 0
21.5006 0
21.5083 0
21.5125 0
21.5329 0
21.5388 0
21.5532 0
21.5575 0
21.5734 0
21.5783 0
21.5937 0
21.5985 0
21.6148 0
21.6195 0
21.6345 0
21.6398 0
21.6585 0
21.6635 0
21.6695 0
21.6771 0
21.6937 0
21.6986 0
21.7129 0
21.7175 0
21.7327 0
21.7376 0
21.753 0
21.7588 0
21.7745 0
21.7789 0
21.7948 0
21.7996 0
21.816 0
21.8214 0
21.8288 0
21.8337 0
21.8532 0
21.8594 0
21.8742 0
21.8789 0
21.8932 0
21.8983 0
21.9136 0
21.9186 0
21.9328 0
21.9375 0
21.9537 0
21.9585 0
21.9777 0
21.9832 0
21.9906 0
21.9951 0
22.0131 0
22.0178 0
22.034 0
22.0386 0
22.0536 0
22.0584 0
22.0727 0
22.0788 0
22.0919 0
22.097 0
22.1131 0
22.1179 0
22.1379 0
22.1442 0
22.1488 0
22.1549 0
22.1732 0
22.1783 0
22.1948 0
22.1996 0
22.2143 0
22.2191 0
22.2337 0
22.2388 0
22.2528 0
22.2588 0
22.2745 0
22.2793 0
22.2968 0
22.3029 0
22.3094 0
22.316 0
22.3335 0
22.3388 0
22.3544 0
22.3594 0
22.3727 0
22.3786 0
22.3937 0
22.3986 0
22.4132 0
22.4182 0
22.4328 0
22.4394 0
22.4572 0
22.4622 0
22.4686 0
22.4748 0
22.4929 0
22.4978 0
22.5126 0
22.5178 0
22.5343 0
22.5395 0
22.5548 0
22.5602 0
22.5765 0
22.581 0
22.5935 0
22.5985 0
22.616 0
22.6208 0
22.6288 0
22.6352 0
22.6529 0
22.6577 0
22.6732 0
22.6788 0
22.6934 0
22.6982 0
22.7134 0
22.7196 0
22.735 0
22.7404 0
22.7547 0
22.7589 0
22.7807 0
22.7856 0
22.7924 0
22.8128 0
22.8173 0
22.8336 0
22.8391 0
22.8545 0
22.8591 0
22.8735 0
22.8791 0
22.8928 0
22.8978 0
22.9155 0
22.9198 0
22.939 0
22.9435 0
22.9488 0
22.9529 0
22.973 0
22.9792 0
22.9957 0
23.0001 0
23.0126 0
23.0171 0
23.0329 0
23.0373 0
23.0538 0
23.0589 0
23.074 0
23.0784 0
23.0969 0
23.1017 0
23.1079 0
23.1127 0
23.1334 0
23.138 0
23.1518 0
23.1566 0
23.1735 0
23.178 0
23.1924 0
23.197 0
23.2115 0
23.2169 0
23.2311 0
23.2365 0
23.2544 0
23.2595 0
23.2686 0
23.2731 0
23.2916 0
23.2964 0
23.312 0
23.3167 0
23.333 0
23.3389 0
23.3538 0
23.359 0
23.3729 0
23.3778 0
23.3934 0
23.398 0
23.4173 0
23.4232 0
23.4297 0
23.4346 0
23.4532 0
23.4585 0
23.4735 0
23.4786 0
23.4945 0
23.4994 0
23.5171 0
23.5216 0
23.5329 0
23.538 0
23.5531 0
23.5579 0
23.5772 0
23.582 0
23.5897 0
23.5959 0
23.6132 0
23.62 0
23.6336 0
23.6382 0
23.6529 0
23.6574 0
23.6733 0
23.6787 0
23.6942 0
23.6993 0
23.7136 0
23.7182 0
23.735 0
23.7397 0
23.7487 0
23.7556 0
23.7719 0
23.7784 0
23.7933 0
23.7994 0
23.8113 0
23.8177 0
23.8324 0
23.8374 0
23.8521 0
23.858 0
23.8743 0
23.8793 0
23.8993 0
23.9042 0
24.8473 0
24.8473 0
24.8473 0
24.8473 0
24.8524 0
24.8551 0
24.8554 43
24.9027 0
24.9043 0
24.9104 0
24.926 0
24.9312 0
24.9458 0
24.9504 0
24.9642 0
24.9676 0
24.9842 0
24.988 0
25.0054 0
25.0116 0
25.0236 0
25.0299 0
25.0672 0
25.0725 0
25.0872 0
25.0914 0
25.1078 0
25.1134 0
25.1281 0
25.1319 0
25.1447 0
25.1482 0
25.1677 0
25.1729 0
25.1853 0
25.1902 0
25.2064 0
25.2107 0
25.2271 0
25.2359 0
25.2472 0
25.2513 0
25.2892 0
25.3039 0
25.3087 0
25.3967 0
25.4016 0
25.4058 0
25.4649 0
25.469 0
25.5085 0
25.5131 0
25.5489 0
25.5531 0
25.557 0
25.5619 0
25.6285 0
25.6327 0
25.6378 0
25.6424 0
25.7301 0
25.7344 0
25.7872 0
25.7915 0
25.7959 0
25.8001 0
25.8044 0
25.8707 0
25.8751 0
25.879 0
25.883 0
25.9469 0
25.9554 0
25.9597 0
26.0282 0
26.0328 0
26.0376 0
26.0463 0
26.1118 0
26.1173 0
26.1216 0
26.1258 0
26.1299 0
26.197 0
26.2022 0
26.2069 0
26.2118 0
26.2171 0
26.2208 0
26.2664 0
26.2711 0
26.2756 0
26.28 0
26.3576 0
26.3624 0
26.3676 0
26.3726 0
26.3774 0
26.4321 0
26.4369 0
26.4426 0
26.4488 0
26.454 0
26.4584 0
26.5185 0
26.5249 0
26.5294 0
26.5348 0
26.5403 0
26.595 0
26.6006 0
26.6049 0
26.6102 0
26.6157 0
26.6199 0
26.6782 0
26.6831 0
26.6877 0
26.6944 0
26.6988 0
26.7047 0
26.7538 0
26.7589 0
26.7639 0
26.7696 0
26.7753 0
26.7818 0
26.8451 0
26.8505 0
26.8552 0
26.8608 0
26.9145 0
26.9193 0
26.9242 0
26.9289 0
26.9337 0
26.9383 0
26.9987 0
27.0042 0
27.0101 0
27.0152 0
27.0199 0
27.0765 0
27.0818 0
27.0872 0
27.0922 0
27.0979 0
27.1052 0
27.1585 0
27.1635 0
27.1704 0
27.1752 0
27.1814 0
27.2349 0
27.2406 0
27.2455 0
27.2502 0
27.2566 0
27.263 0
27.3195 0
27.3248 0
27.3299 0
27.3386 0
27.3444 0
27.394 0
27.3998 0
27.4048 0
27.411 0
27.4168 0
27.4254 0
27.4798 0
27.4854 0
27.4904 0
27.4951 0
27.5011 0
27.5552 0
27.5607 0
27.5654 0
27.5702 0
27.5769 0
27.5834 0
27.6392 0
27.6449 0
27.651 0
27.6559 0
27.661 0
27.7139 0
27.7188 0
27.7245 0
27.7293 0
27.734 0
27.7389 0
27.8004 0
27.8058 0
27.8112 0
27.8162 0
27.8208 0
27.8775 0
27.8824 0
27.887 0
27.8912 0
27.8962 0
27.9022 0
27.9612 0
27.9664 0
27.9725 0
27.9796 0
27.9845 0
28.0338 0
28.039 0
28.0439 0
28.0485 0
28.0531 0
28.0591 0
28.1195 0
28.1252 0
28.13 0
28.1367 0
28.1423 0
28.1944 0
28.2001 0
28.205 0
28.2099 0
28.2165 0
28.2215 0
28.2795 0
28.2847 0
28.29 0
28.2962 0
28.3015 0
28.3564 0
28.3616 0
28.3666 0
28.3722 0
28.3772 0
28.3821 0
28.4388 0
28.4444 0
28.45 0
28.4546 0
28.46 0
28.5157 0
28.5208 0
28.5259 0
28.5307 0
28.5375 0
28.5441 0
28.5986 0
28.6033 0
28.6089 0
28.6142 0
28.6204 0
28.6748 0
28.6806 0
28.6859 0
28.6908 0
28.6955 0
28.7018 0
28.7594 0
28.7648 0
28.7696 0
28.7744 0
28.7792 0
28.8343 0
28.84 0
28.845 0
28.8496 0
28.855 0
28.8594 0
28.9172 0
28.9217 0
28.927 0
28.9318 0
28.9364 0
28.9408 0
29.9673 0
29.9673 0
30.0661 0
30.0661 0
30.3065 0
30.3065 0
30.3065 0
30.3068 43
30.3113 0
30.3168 0
30.3214 0
30.3634 0
30.4079 0
30.4127 0
30.4365 0
30.4412 0
30.4452 0
30.4492 0
30.5292 0
30.5292 0
30.5345 0
30.5382 0
30.5905 0
30.5945 0
30.5988 0
30.6034 0
30.6076 0
30.6681 0
30.6719 0
30.6758 0
30.6811 0
30.6857 0
30.7502 0
30.7555 0
30.7596 0
30.7651 0
30.8276 0
30.8329 0
30.8378 0
30.8413 0
30.8453 0
30.9072 0
30.9122 0
30.9212 0
30.9269 0
30.9338 0
30.9876 0
30.9933 0
30.998 0
31.0018 0
31.0057 0
31.0686 0
31.0729 0
31.0768 0
31.0808 0
31.0849 0
31.1492 0
31.1535 0
31.1579 0
31.1637 0
31.2283 0
31.2328 0
31.2375 0
31.2429 0
31.2468 0
31.3056 0
31.3102 0
31.3167 0
31.3214 0
31.3254 0
31.396 0
31.4018 0
31.406 0
31.4116 0
31.4181 0
31.4787 0
31.4864 0
31.4909 0
31.4949 0
31.4994 0
31.5531 0
31.5585 0
31.5628 0
31.5685 0
31.5729 0
31.5771 0
31.639 0
31.6437 0
31.6479 0
31.6524 0
31.6579 0
31.6626 0
31.7126 0
31.718 0
31.7234 0
31.7286 0
31.7356 0
31.7403 0
31.7984 0
31.803 0
31.8996 0
31.9044 0
31.9642 0
31.9686 0
31.9765 0
31.9808 0
31.9893 0
31.9936 0
31.9986 0
32.0039 0
32.0356 0
32.0402 0
32.0456 0
32.0513 0
32.0588 0
32.0647 0
32.1191 0
32.1236 0
32.13 0
32.1345 0
32.1403 0
32.1947 0
32.1994 0
32.2048 0
32.2093 0
32.2135 0
32.2191 0
32.2797 0
32.285 0
32.2894 0
32.2939 0
32.2989 0
32.3528 0
32.3572 0
32.3616 0
32.3668 0
32.372 0
32.3769 0
32.4397 0
32.4445 0
32.4498 0
32.4536 0
32.4576 0
32.5045 0
32.509 0
32.514 0
32.5194 0
32.5973 0
32.6019 0
32.6062 0
32.611 0
32.6155 0
32.6728 0
32.6776 0
33.6537 0
33.6537 0
33.6537 0
33.6537 0
33.6537 0
33.6597 0
33.6597 0
33.718 0
33.7222 0
33.7278 0
33.7322 0
33.7375 0
33.794 0
33.7994 0
33.8041 0
33.8085 0
33.8138 0
33.8179 0
33.824 0
33.8778 0
33.8824 0
33.887 0
33.8914 0
33.896 0
33.9037 0
33.9568 0
33.9616 0
33.967 0
33.9733 0
33.9778 0
33.9835 0
34.0397 0
34.0443 0
34.0495 0
34.054 0
34.0595 0
34.0653 0
34.1154 0
34.1211 0
34.1257 0
34.131 0
34.1364 0
34.1422 0
34.1982 0
34.2029 0
34.2078 0
34.2124 0
34.218 0
34.2737 0
34.279 0
34.2849 0
34.2893 0
34.2937 0
34.2989 0
34.3587 0
34.3643 0
34.37 0
34.3744 0
34.3787 0
34.3857 0
34.4351 0
34.4411 0
34.4465 0
34.4508 0
34.4573 0
34.4648 0
34.5191 0
34.5243 0
34.529 0
34.5337 0
34.5408 0
34.5953 0
34.6001 0
34.6047 0
34.6099 0
34.614 0
34.6195 0
34.6791 0
34.6854 0
34.6904 0
34.698 0
34.7039 0
34.7484 0
34.7565 0
34.7629 0
34.7675 0
34.7719 0
34.7814 0
34.7815 43
34.8398 0
34.8847 0
34.8901 0
34.9135 0
34.9196 0
34.9241 0
34.9296 0
34.9338 0
34.9391 0
34.999 0
35.0035 0
35.0081 0
35.013 0
35.0198 0
35.0241 0
35.0777 0
35.0823 0
35.0867 0
35.0927 0
35.0987 0
35.105 0
35.1595 0
35.1646 0
35.1694 0
35.1772 0
35.1831 0
35.2345 0
35.2394 0
35.2438 0
35.2493 0
35.254 0
35.2594 0
35.3279 0
35.3328 0
35.3378 0
36.009 0
36.009 0
36.0141 0
36.0408 0
36.0456 0
36.053 0
36.0579 0
36.0639 0
36.0683 0
36.073 0
36.0787 0
36.1191 0
36.124 0
36.1287 0
36.1345 0
36.1423 0
36.1468 0
36.1941 0
36.1988 0
36.2036 0
36.2103 0
36.2162 0
36.2212 0
36.2792 0
36.2841 0
36.29 0
36.2947 0
36.2992 0
36.3066 0
36.3544 0
36.3594 0
36.3639 0
36.3699 0
36.3754 0
36.3829 0
36.4388 0
36.4443 0
36.4489 0
36.4538 0
36.4588 0
36.5159 0
36.522 0
36.528 0
36.5334 0
36.5385 0
36.5433 0
36.6005 0
36.6054 0
36.6106 0
36.6165 0
36.6243 0
36.6735 0
36.6799 0
36.6869 0
36.6934 0
36.699 0
36.7048 0
36.7598 0
36.7649 0
36.7697 0
36.7746 0
36.7805 0
36.7867 0
36.8342 0
36.8392 0
36.8456 0
36.8515 0
36.8562 0
36.8624 0
36.9188 0
36.9246 0
36.9298 0
36.9346 0
36.9404 0
36.9958 0
37.0009 0
37.0071 0
37.0119 0
37.0169 0
37.0232 0
37.0795 0
37.0851 0
37.0902 0
37.098 0
37.1048 0
37.1553 0
37.1601 0
37.1649 0
37.1712 0
37.1769 0
37.1832 0
37.2384 0
37.2435 0
37.2483 0
37.2536 0
37.2584 0
37.3145 0
37.3197 0
37.3244 0
37.3298 0
37.3357 0
37.3425 0
37.3985 0
37.4048 0
37.4104 0
37.4168 0
37.4234 0
37.4748 0
37.4814 0
37.4876 0
37.4934 0
37.4995 0
37.5604 0
37.5657 0
37.5705 0
37.579 0
37.5853 0
37.6367 0
37.6416 0
37.6464 0
37.6513 0
37.6579 0
37.6655 0
37.7192 0
37.7248 0
37.73 0
37.7352 0
37.7403 0
37.7974 0
37.8034 0
37.8106 0
37.8166 0
37.8239 0
37.88 0
37.8855 0
37.891 0
37.896 0
37.9033 0
37.9553 0
37.9604 0
37.9665 0
37.971 0
37.9765 0
37.9829 0
38.04 0
38.0451 0
38.0499 0
38.0547 0
38.0607 0
38.1153 0
38.1203 0
38.1251 0
38.1307 0
38.1358 0
38.1409 0
38.1985 0
38.2034 0
38.2078 0
38.2127 0
38.2186 0
38.2743 0
38.2791 0
38.2837 0
38.2897 0
38.2942 0
38.2987 0
38.3602 0
38.3651 0
38.3699 0
38.3744 0
38.3796 0
38.4367 0
38.4433 0
38.4504 0
38.4555 0
38.4627 0
38.5181 0
38.5231 0
38.5279 0
38.5327 0
38.5377 0
38.5437 0
38.5953 0
38.6001 0
38.6049 0
38.6096 0
38.6141 0
38.6189 0
38.6792 0
38.6845 0
38.6899 0
38.6954 0
38.7014 0
38.757 0
38.7626 0
38.7696 0
38.7748 0
38.7798 0
38.8398 0
38.8447 0
38.8496 0
38.8543 0
38.8592 0
38.8641 0
38.9149 0
38.9199 0
38.9247 0
38.9293 0
38.938 0
38.9441 0
38.9988 0
39.0038 0
39.0083 0
39.0135 0
39.0183 0
39.0762 0
39.0818 0
39.0864 0
39.0908 0
39.0979 0
39.1029 0
39.1596 0
39.165 0
39.1703 0
39.1781 0
39.1848 0
39.2334 0
39.2388 0
39.2436 0
39.2488 0
39.2559 0
39.263 0
39.3195 0
39.3249 0
39.3299 0
39.3353 0
39.3398 0
39.3966 0
39.4016 0
39.4077 0
39.4131 0
39.4192 0
39.4253 0
39.4798 0
39.485 0
39.4914 0
39.4974 0
39.5043 0
39.556 0
39.561 0
39.5658 0
39.5716 0
39.5779 0
39.5839 0
39.6396 0
39.6448 0
39.6843 0
39.6898 0
39.7161 0
39.7211 0
39.7264 0
39.7317 0
39.7378 0
39.7423 0
39.7732 0
39.7798 0
39.7798 43
39.8088 0
39.8549 0
39.86 0
39.8766 0
39.8813 0
39.8859 0
39.8907 0
39.8961 0
39.9008 0
39.9575 0
39.9625 0
39.9671 0
39.972 0
39.9765 0
39.9808 0
40.0368 0
40.0417 0
40.0466 0
40.0514 0
40.0576 0
40.0641 0
40.1273 0
40.1314 0
40.1374 0
40.1435 0
40.1938 0
40.1989 0
40.2037 0
40.2083 0
40.2131 0
40.2194 0
40.2786 0
40.2838 0
40.29 0
40.2948 0
40.3011 0
40.3553 0
40.3605 0
40.3656 0
40.3706 0
40.3755 0
40.3803 0
40.4394 0
40.4445 0
40.4496 0
40.4545 0
40.4595 0
40.5157 0
40.521 0
40.526 0
40.531 0
40.5686 0
40.5738 0
40.599 0
40.6043 0
40.6094 0
40.6142 0
40.6212 0
40.6756 0
40.681 0
40.6861 0
40.6911 0
40.698 0
40.7045 0
40.7893 0
40.7949 0
40.8338 0
40.8388 0
40.8439 0
40.8488 0
40.8563 0
40.8611 0
40.919 0
40.925 0
40.9304 0
40.9355 0
40.9402 0
40.9956 0
41.001 0
41.0067 0
41.012 0
41.0185 0
41.023 0
41.0784 0
41.0835 0
41.0886 0
41.0934 0
41.0985 0
41.1554 0
41.1605 0
41.1656 0
41.1704 0
41.1764 0
41.1827 0
41.2379 0
41.2426 0
41.2476 0
41.2526 0
41.3292 0
41.3345 0
41.3409 0
41.3456 0
41.403 0
41.4083 0
41.4127 0
41.4211 0
41.4254 0
41.4299 0
41.436 0
41.473 0
41.4777 0
41.4834 0
41.4881 0
41.4921 0
41.4962 0
41.5005 0
41.5593 0
41.5645 0
41.5694 0
41.5759 0
41.9479 0
41.9688 0
41.9707 0
41.9759 0
41.9803 0
41.9857 0
41.9899 0
41.9961 0
42.0029 0
42.0394 0
42.0447 0
42.0495 0
42.0544 0
42.0591 0
42.1132 0
42.118 0
42.1229 0
42.1286 0
42.1332 0
42.1378 0
42.1994 0
42.2044 0
42.2091 0
42.2136 0
42.2185 0
42.2245 0
42.2751 0
42.2801 0
42.2851 0
42.2907 0
42.2953 0
42.3004 0
42.3595 0
42.3642 0
42.369 0
42.3737 0
42.3789 0
42.3851 0
42.4348 0
42.4395 0
42.4442 0
42.4494 0
42.4536 0
42.4597 0
42.5179 0
42.5227 0
42.5306 0
42.5347 0
42.5394 0
42.5957 0
42.6008 0
42.6055 0
42.6115 0
42.6165 0
42.6215 0
42.6781 0
42.6831 0
42.6885 0
42.693 0
42.6997 0
42.7047 0
42.753 0
42.7574 0
42.7622 0
42.7684 0
42.7728 0
42.7776 0
42.8381 0
42.8429 0
42.8477 0
42.8525 0
42.8577 0
42.8643 0
42.915 0
42.9201 0
42.9255 0
42.931 0
42.9371 0
42.9441 0
43.0009 0
43.0062 0
43.0115 0
43.0168 0
43.0238 0
43.0754 0
43.0812 0
43.0864 0
43.0913 0
43.0967 0
43.1018 0
43.1581 0
43.1636 0
43.1695 0
43.1759 0
43.1825 0
43.2356 0
43.2406 0
43.2463 0
43.2523 0
43.2595 0
43.2655 0
43.3202 0
43.3251 0
43.3298 0
43.3348 0
43.3398 0
43.3951 0
43.4 0
43.4053 0
43.411 0
43.4155 0
43.42 0
43.4249 0
43.4793 0
43.4849 0
43.4903 0
43.4962 0
43.5008 0
43.5553 0
43.5604 0
43.565 0
43.5703 0
43.5756 0
43.5805 0
43.6393 0
43.6443 0
43.6548 0
43.6595 0
43.6659 0
43.7221 0
43.727 0
43.7316 0
43.7376 0
43.7435 0
43.801 0
43.806 0
43.8108 0
43.8159 0
43.8207 0
43.8757 0
43.8809 0
43.8857 0
43.8907 0
43.8965 0
43.9011 0
43.9588 0
43.9637 0
43.9691 0
43.9738 0
43.9787 0
43.9856 0
44.0346 0
44.0392 0
44.0445 0
44.0496 0
44.0545 0
44.0595 0
44.1195 0
44.1247 0
44.1309 0
44.136 0
44.141 0
44.1971 0
44.2024 0
44.2072 0
44.212 0
44.217 0
44.2234 0
44.2786 0
44.2838 0
44.2889 0
44.2939 0
44.2987 0
44.3052 0
44.3553 0
44.3606 0
44.3659 0
44.371 0
44.378 0
44.3845 0
44.4406 0
44.4458 0
44.4514 0
44.4569 0
44.4618 0
44.5139 0
44.5197 0
44.5245 0
44.5293 0
44.5341 0
44.5401 0
44.5999 0
44.6054 0
44.6114 0
44.6171 0
44.6236 0
44.7041 0
44.709 0
44.7558 0
44.7602 0
44.7656 0
44.7701 0
44.7751 0
44.7752 43
44.8505 0
44.896 0
44.9297 0
44.9346 0
44.941 0
44.9926 0
44.9973 0
45.0018 0
45.0074 0
45.0119 0
45.0166 0
45.0776 0
45.0826 0
45.0901 0
45.0948 0
45.0998 0
45.1558 0
45.1604 0
45.165 0
45.1756 0
45.1805 0
45.1869 0
45.2374 0
45.2426 0
45.2473 0
45.2524 0
45.2608 0
45.2659 0
45.3141 0
45.3191 0
45.3243 0
45.3301 0
45.3686 0
45.3743 0
45.3988 0
45.404 0
45.4118 0
45.417 0
45.4241 0
45.4769 0
45.4821 0
45.4872 0
45.4925 0
45.5004 0
45.5055 0
45.5884 0
45.5932 0
45.6341 0
45.6392 0
45.6444 0
45.6494 0
45.6568 0
45.6632 0
45.7189 0
45.7244 0
45.7308 0
45.736 0
45.741 0
45.8101 0
45.8148 0
45.8198 0
45.8768 0
45.8817 0
45.8868 0
45.8916 0
45.8964 0
45.9011 0
45.9539 0
45.9588 0
45.9635 0
45.9689 0
45.9736 0
45.9797 0
46.0371 0
46.0436 0
46.0497 0
46.054 0
46.0589 0
46.1167 0
46.1221 0
46.1271 0
46.1322 0
46.1387 0
46.1459 0
46.1998 0
46.205 0
46.2106 0
46.215 0
46.2198 0
46.2741 0
46.2793 0
46.2841 0
46.2894 0
46.2945 0
46.3009 0
46.3593 0
46.3647 0
46.3702 0
46.375 0
46.3815 0
46.4366 0
46.4421 0
46.4472 0
46.453 0
46.4589 0
46.4652 0
46.5205 0
46.5256 0
46.5309 0
46.5359 0
46.5421 0
46.5938 0
46.5991 0
46.6042 0
46.6097 0
46.6151 0
46.6221 0
46.6781 0
46.6833 0
46.6883 0
46.6935 0
46.6987 0
46.7569 0
46.7619 0
46.7666 0
46.7718 0
46.7783 0
46.7845 0
46.8404 0
46.8453 0
46.8498 0
46.8548 0
46.8609 0
46.8681 0
46.9148 0
46.9197 0
46.9245 0
46.9295 0
46.934 0
46.9385 0
47.0006 0
47.0065 0
47.012 0
47.0169 0
47.0227 0
47.0747 0
47.0793 0
47.0845 0
47.0899 0
47.0954 0
47.101 0
47.1583 0
47.1629 0
47.1676 0
47.1728 0
47.1772 0
47.1831 0
47.2341 0
47.2386 0
47.243 0
47.249 0
47.2538 0
47.2585 0
47.319 0
47.324 0
47.3301 0
47.3349 0
47.3398 0
47.396 0
47.4007 0
47.4056 0
47.4107 0
47.416 0
47.4224 0
47.4786 0
47.4832 0
47.4878 0
47.493 0
47.4978 0
47.5549 0
47.5599 0
47.5653 0
47.57 0
47.5765 0
47.5811 0
47.6399 0
47.6447 0
47.6497 0
47.6546 0
47.6597 0
47.7151 0
47.7205 0
47.7254 0
47.7303 0
47.7355 0
47.7407 0
47.7996 0
47.8047 0
47.8095 0
47.8146 0
47.8197 0
47.8739 0
47.8789 0
47.8841 0
47.8901 0
47.897 0
47.9034 0
47.9594 0
47.9642 0
47.9694 0
47.9739 0
47.9808 0
47.9859 0
48.0336 0
48.0385 0
48.0436 0
48.0497 0
48.0545 0
48.061 0
48.1192 0
48.1244 0
48.1294 0
48.1346 0
48.1394 0
48.1447 0
48.1944 0
48.1993 0
48.2047 0
48.21 0
48.2166 0
48.2212 0
48.2779 0
48.2831 0
48.2895 0
48.2943 0
48.3007 0
48.3557 0
48.3607 0
48.3655 0
48.3708 0
48.3753 0
48.3805 0
48.4387 0
48.444 0
48.4488 0
48.4539 0
48.4596 0
48.4645 0
48.5139 0
48.519 0
48.524 0
48.5293 0
48.5342 0
48.5401 0
48.5999 0
48.6049 0
48.6098 0
48.6146 0
48.6196 0
48.6767 0
48.6818 0
48.6868 0
48.6918 0
48.6981 0
48.7045 0
48.7593 0
48.7646 0
48.7696 0
48.7741 0
48.7788 0
48.8346 0
48.8396 0
48.8443 0
48.849 0
48.856 0
48.8609 0
48.918 0
48.9231 0
48.9281 0
48.9332 0
48.9379 0
48.9444 0
48.9968 0
49.0022 0
49.0076 0
49.0129 0
49.0183 0
49.025 0
49.08 0
49.0847 0
49.0897 0
49.0946 0
49.0997 0
49.155 0
49.1599 0
49.1647 0
49.1694 0
49.1765 0
49.1831 0
49.2396 0
49.2448 0
49.2497 0
49.2545 0
49.2591 0
49.3148 0
49.32 0
49.3247 0
49.3294 0
49.3341 0
49.3389 0
49.4002 0
49.4052 0
49.4101 0
49.4164 0
49.4209 0
49.4738 0
49.4789 0
49.4837 0
49.4898 0
49.4948 0
49.501 0
49.56 0
49.5652 0
49.5704 0
49.5754 0
49.5809 0
49.6355 0
49.6414 0
49.6461 0
49.6516 0
49.7731 0
49.7792 0
49.7792 43
49.9759 0
49.9808 0
49.9856 0
49.995 0
49.9999 0
50.0373 0
50.0425 0
50.0469 0
50.0518 0
50.0574 0
50.0619 0
50.1147 0
50.1197 0
50.1241 0
50.1291 0
50.1376 0
50.167 0
50.1981 0
50.2033 0
50.2078 0
50.2134 0
50.2183 0
50.2754 0
50.2806 0
50.2853 0
50.29 0
50.2968 0
50.3026 0
50.3881 0
50.3936 0
50.4364 0
50.4417 0
50.4486 0
50.4535 0
50.4596 0
50.5186 0
50.5237 0
50.5299 0
50.5348 0
50.5415 0
50.6091 0
50.614 0
50.619 0
50.6783 0
50.683 0
50.6891 0
50.6937 0
50.6987 0
50.7031 0
50.7491 0
50.7537 0
50.7582 0
50.7627 0
50.767 0
50.8302 0
50.8353 0
50.8408 0
50.8461 0
50.9139 0
50.9182 0
50.9226 0
50.9279 0
50.9332 0
50.9995 0
51.0048 0
51.0095 0
51.0143 0
51.0186 0
51.0249 0
51.0748 0
51.0794 0
51.084 0
51.0902 0
51.0946 0
51.0989 0
51.16 0
51.1651 0
51.1699 0
51.1746 0
51.1796 0
51.2353 0
51.2403 0
51.2452 0
51.2507 0
51.2557 0
51.2619 0
51.3195 0
51.3245 0
51.3292 0
51.334 0
51.3386 0
51.3449 0
51.3947 0
51.3998 0
51.4049 0
51.4099 0
51.4149 0
51.42 0
51.4786 0
51.4837 0
51.4886 0
51.4934 0
51.4982 0
51.5545 0
51.5595 0
51.5642 0
51.5698 0
51.5748 0
51.5801 0
51.6385 0
51.6436 0
51.6485 0
51.6538 0
51.6592 0
51.7149 0
51.7207 0
51.7264 0
51.7315 0
51.7389 0
51.745 0
51.7965 0
51.8013 0
51.8058 0
51.8102 0
51.8156 0
51.82 0
51.8729 0
51.8779 0
51.8836 0
51.8888 0
51.8933 0
51.898 0
51.9589 0
51.9637 0
51.9686 0
51.973 0
52.2904 0
52.2905 0
52.2905 0
52.3064 0
52.3088 0
52.3146 0
52.3552 0
52.3598 0
52.365 0
52.3704 0
52.3748 0
52.379 0
52.44 0
52.4446 0
52.4492 0
52.4538 0
52.4586 0
52.4654 0
52.5152 0
52.5201 0
52.5257 0
52.5308 0
52.5369 0
52.543 0
52.6004 0
52.6058 0
52.6109 0
52.6158 0
52.6217 0
52.675 0
52.6801 0
52.6849 0
52.69 0
52.6974 0
52.7042 0
52.7587 0
52.7642 0
52.7696 0
52.7745 0
52.7809 0
52.8355 0
52.8407 0
52.8456 0
52.8502 0
52.8589 0
52.8637 0
52.919 0
52.9241 0
52.9291 0
52.934 0
52.9387 0
52.9942 0
52.999 0
53.0038 0
53.0102 0
53.0175 0
53.0237 0
53.0792 0
53.084 0
53.0895 0
53.0944 0
53.0995 0
53.105 0
53.1528 0
53.1571 0
53.1629 0
53.1678 0
53.1718 0
53.1771 0
53.2377 0
53.2429 0
53.2479 0
53.2525 0
53.2571 0
53.3136 0
53.3183 0
53.3228 0
53.328 0
53.3324 0
53.3369 0
53.3989 0
53.4038 0
53.4085 0
53.4134 0
53.418 0
53.4758 0
53.481 0
53.4859 0
53.4909 0
53.4959 0
53.5009 0
53.559 0
53.5641 0
53.5692 0
53.5739 0
53.5785 0
53.634 0
53.639 0
53.6439 0
53.6489 0
53.6538 0
53.6586 0
53.7176 0
53.7234 0
53.7287 0
53.7338 0
53.7388 0
53.7954 0
53.8002 0
53.8056 0
53.8106 0
53.8168 0
53.8229 0
53.8779 0
53.8834 0
53.8901 0
53.8957 0
54.7481 0
54.9525 0
55.1867 0
55.1868 0
55.1868 0
55.1868 0
55.7723 0
55.7723 0
56.0794 0
56.0794 0
56.08 43
56.086 0
56.0906 0
56.095 0
56.0994 0
56.1046 0
56.11 0
56.1289 0
56.1749 0
56.1827 0
56.1927 0
56.1994 0
56.2058 0
56.2121 0
56.2179 0
56.2788 0
56.2854 0
56.2902 0
56.295 0
56.3 0
56.3564 0
56.3613 0
56.3664 0
56.371 0
56.3782 0
56.3844 0
56.4384 0
56.4431 0
56.4511 0
56.4561 0
56.4609 0
56.5123 0
56.5173 0
56.5227 0
56.5278 0
56.5327 0
56.5375 0
56.5988 0
56.6042 0
56.6101 0
56.615 0
56.6216 0
56.6753 0
56.6801 0
56.6849 0
56.6897 0
56.6947 0
56.7005 0
56.7073 0
56.7573 0
56.7623 0
56.7703 0
56.7754 0
56.7801 0
56.8335 0
56.8388 0
56.8437 0
56.8489 0
56.8561 0
56.8623 0
56.918 0
56.923 0
56.9289 0
56.9339 0
56.9397 0
56.996 0
57.0019 0
57.007 0
57.0124 0
57.0174 0
57.0243 0
57.0802 0
57.0863 0
57.0924 0
57.098 0
57.105 0
57.1552 0
57.1607 0
57.1662 0
57.171 0
57.178 0
57.1841 0
57.2381 0
57.2431 0
57.249 0
57.2539 0
57.2599 0
57.3152 0
57.3209 0
57.3261 0
57.3309 0
57.3358 0
57.3419 0
57.3995 0
57.4046 0
57.4098 0
57.4148 0
57.4212 0
57.4737 0
57.4788 0
57.4835 0
57.4885 0
57.4932 0
57.4992 0
57.559 0
57.564 0
57.5689 0
57.574 0
57.5786 0
57.6353 0
57.6406 0
57.6457 0
57.6505 0
57.6561 0
57.6629 0
57.7191 0
57.7243 0
57.7295 0
57.7346 0
57.741 0
57.7972 0
57.8027 0
57.808 0
57.8131 0
57.8212 0
57.8263 0
57.8798 0
57.8856 0
57.8908 0
57.8958 0
57.9009 0
57.9547 0
57.9598 0
57.9647 0
57.9694 0
57.9741 0
57.9802 0
58.0401 0
58.0452 0
58.05 0
58.0549 0
58.0609 0
58.1145 0
58.1201 0
58.125 0
58.131 0
58.1359 0
58.1407 0
58.1998 0
58.2046 0
58.2094 0
58.2139 0
58.2185 0
58.2231 0
58.2762 0
58.2813 0
58.2864 0
58.2916 0
58.2977 0
58.3028 0
58.3599 0
58.365 0
58.3706 0
58.3756 0
58.3807 0
58.4356 0
58.4406 0
58.4455 0
58.4509 0
58.4553 0
58.4601 0
58.4648 0
58.5189 0
58.5237 0
58.5285 0
58.5333 0
58.5379 0
58.5439 0
58.5953 0
58.6005 0
58.6056 0
58.6104 0
58.6156 0
58.6218 0
58.6792 0
58.6844 0
58.6893 0
58.6946 0
58.7001 0
58.7536 0
58.7591 0
58.7641 0
58.7696 0
58.7766 0
58.7831 0
58.8402 0
58.8454 0
58.8502 0
59.8681 0
59.9066 0
59.9068 43
59.9499 0
59.9875 0
59.9875 0
59.9927 0
59.9972 0
60.0437 0
60.0487 0
60.0559 0
60.0604 0
60.0652 0
60.0721 0
60.1173 0
60.1228 0
60.1282 0
60.1337 0
60.1401 0
60.2084 0
60.2139 0
60.2219 0
60.279 0
60.284 0
60.289 0
60.294 0
60.2993 0
60.3055 0
60.3562 0
60.3619 0
60.3684 0
60.3734 0
60.381 0
60.3875 0
60.4399 0
60.4449 0
60.4504 0
60.4558 0
60.4612 0
60.4677 0
60.5143 0
60.5199 0
60.525 0
60.5331 0
60.538 0
60.5427 0
60.6051 0
60.6089 0
60.6497 0
60.6557 0
60.6731 0
60.6781 0
60.683 0
60.6885 0
60.6935 0
60.7 0
60.7584 0
60.7637 0
60.7691 0
60.7747 0
60.7813 0
60.8348 0
60.8747 0
60.9175 0
60.9229 0
60.9291 0
60.9338 0
60.9386 0
60.9938 0
60.9987 0
61.0035 0
61.0089 0
61.0169 0
61.0229 0
61.0785 0
61.0835 0
61.0882 0
61.0926 0
61.0979 0
61.1039 0
61.1557 0
61.1608 0
61.1655 0
61.1704 0
61.1776 0
61.1822 0
61.2285 0
61.2333 0
61.2381 0
61.2427 0
61.3131 0
61.3184 0
61.3233 0
61.3282 0
61.3329 0
61.3992 0
61.4051 0
61.4121 0
61.4169 0
61.4239 0
61.4756 0
61.4811 0
61.4859 0
61.4908 0
61.4956 0
61.5019 0
61.5592 0
61.5643 0
61.5692 0
61.5739 0
61.5792 0
61.5852 0
61.6333 0
61.6382 0
61.643 0
61.6479 0
61.6528 0
61.6589 0
61.7186 0
61.7236 0
61.7306 0
61.7356 0
61.7413 0
61.7951 0
61.8 0
61.8048 0
61.8095 0
61.8148 0
61.821 0
61.8796 0
61.8846 0
61.8897 0
61.8947 0
61.8995 0
61.9541 0
61.959 0
61.9637 0
61.9689 0
61.9738 0
61.9786 0
62.0376 0
62.0429 0
62.0489 0
62.054 0
62.0608 0
62.1129 0
62.1179 0
62.124 0
62.1289 0
62.1359 0
62.1411 0
62.1979 0
62.203 0
62.209 0
62.2146 0
62.2208 0
62.2736 0
62.2793 0
62.2848 0
62.29 0
62.2966 0
62.3026 0
62.3574 0
62.363 0
62.3688 0
62.3736 0
62.3783 0
62.435 0
62.4398 0
62.4442 0
62.45 0
62.4577 0
62.4626 0
62.5186 0
62.524 0
62.5299 0
62.5348 0
62.5412 0
62.594 0
62.5989 0
62.604 0
62.6091 0
62.6139 0
62.619 0
62.677 0
62.6825 0
62.6877 0
62.6925 0
62.698 0
62.7566 0
62.7618 0
62.7665 0
62.7745 0
62.7796 0
62.8372 0
62.8431 0
62.8503 0
62.855 0
62.8617 0
62.9156 0
62.921 0
62.9261 0
62.9309 0
62.937 0
62.9429 0
63.0004 0
63.0051 0
63.0104 0
63.0178 0
63.0243 0
63.0742 0
63.079 0
63.0841 0
63.0891 0
63.0968 0
63.1031 0
63.1592 0
63.1646 0
63.1701 0
63.1756 0
63.1804 0
63.2333 0
63.238 0
63.2428 0
63.2496 0
63.2546 0
63.2595 0
63.319 0
63.3241 0
63.3298 0
63.3346 0
63.341 0
63.3965 0
63.4017 0
63.4066 0
63.4114 0
63.4179 0
63.4246 0
63.4804 0
63.4854 0
63.4903 0
63.4971 0
63.5028 0
63.5556 0
63.5603 0
63.5652 0
63.5699 0
63.5749 0
63.5795 0
63.6396 0
63.6446 0
63.6498 0
63.6549 0
63.6606 0
63.7145 0
63.7195 0
63.7245 0
63.7292 0
63.7369 0
63.7434 0
63.8045 0
63.8095 0
63.8146 0
63.8195 0
63.8748 0
63.8806 0
63.8864 0
63.8919 0
63.8974 0
63.904 0
63.9581 0
63.9633 0
63.9706 0
63.9755 0
63.9799 0
63.9847 0
64.0355 0
64.0404 0
64.045 0
64.0514 0
64.0559 0
64.0618 0
64.1201 0
64.1251 0
64.1296 0
64.1345 0
64.141 0
64.1943 0
64.199 0
64.204 0
64.2099 0
64.2148 0
64.2201 0
64.2784 0
64.284 0
64.2889 0
64.2938 0
64.2999 0
64.3556 0
64.3605 0
64.3655 0
64.3701 0
64.3765 0
64.3828 0
64.4387 0
64.4443 0
64.4498 0
64.4559 0
64.464 0
64.5151 0
64.5207 0
64.5264 0
64.5319 0
64.537 0
64.5438 0
64.599 0
64.6049 0
64.6114 0
64.6167 0
64.6222 0
64.6747 0
64.6802 0
64.6851 0
64.6909 0
64.6955 0
64.6999 0
64.7853 0
64.7899 0
64.79 43
64.8494 0
64.8949 0
64.9001 0
64.9206 0
64.9254 0
64.9301 0
64.9349 0
64.9394 0
65.0067 0
65.01 0
65.0174 0
65.0225 0
65.0799 0
65.0853 0
65.0917 0
65.0983 0
65.1049 0
65.1558 0
65.1613 0
65.1669 0
65.1725 0
65.177 0
65.2397 0
65.2451 0
65.2507 0
65.2555 0
65.2601 0
65.2657 0
65.3142 0
65.319 0
65.324 0
65.3309 0
65.3355 0
65.3401 0
65.399 0
65.4039 0
65.4085 0
65.4479 0
65.4535 0
65.4725 0
65.4775 0
65.4835 0
65.4897 0
65.4943 0
65.501 0
65.5586 0
65.5634 0
65.5684 0
65.5729 0
65.5775 0
65.5839 0
65.6684 0
65.6734 0
65.719 0
65.7237 0
65.7285 0
65.7332 0
65.738 0
65.7425 0
65.7929 0
65.7981 0
65.8031 0
65.8084 0
65.813 0
65.8194 0
65.8904 0
65.8966 0
65.9781 0
65.9829 0
66.0462 0
66.0511 0
66.0583 0
66.063 0
66.0687 0
66.0732 0
66.0789 0
66.0835 0
66.1161 0
66.1212 0
66.1256 0
66.1299 0
66.1344 0
66.1418 0
66.147 0
66.1979 0
66.203 0
66.2106 0
66.2162 0
66.223 0
66.2733 0
66.278 0
66.2832 0
66.2895 0
66.295 0
66.302 0
66.3582 0
66.363 0
66.3686 0
66.3734 0
66.3783 0
66.4345 0
66.4396 0
66.4446 0
66.4493 0
66.457 0
66.4639 0
66.5171 0
66.5236 0
66.5286 0
66.5364 0
66.5411 0
66.5939 0
66.5988 0
66.6037 0
66.6088 0
66.6135 0
66.6183 0
66.6789 0
66.6839 0
66.6904 0
66.6954 0
66.7001 0
66.7536 0
66.7582 0
66.7629 0
66.7681 0
66.7729 0
66.7779 0
66.8364 0
66.8416 0
66.8506 0
66.8556 0
66.8616 0
66.9151 0
66.9201 0
66.925 0
66.9297 0
66.9348 0
66.9409 0
66.9986 0
67.0035 0
67.0085 0
67.0135 0
67.0181 0
67.0735 0
67.0787 0
67.0835 0
67.0882 0
67.093 0
67.0979 0
67.1584 0
67.1641 0
67.1697 0
67.175 0
67.1817 0
67.2342 0
67.2403 0
67.2577 0
67.263 0
67.3179 0
67.3236 0
67.3298 0
67.3354 0
67.3427 0
67.3945 0
67.4 0
67.4048 0
67.4096 0
67.416 0
67.4229 0
67.4778 0
67.4827 0
67.4898 0
67.4946 0
67.5012 0
67.5544 0
67.5598 0
67.5649 0
67.5698 0
67.5776 0
67.5836 0
67.6351 0
67.6401 0
67.6485 0
67.6545 0
67.6606 0
67.7147 0
67.7198 0
67.7246 0
67.7294 0
67.734 0
67.7388 0
67.7975 0
67.8026 0
67.8074 0
67.8123 0
67.8178 0
67.8742 0
67.8796 0
67.8844 0
67.8894 0
67.8948 0
67.9009 0
67.9589 0
67.9636 0
67.969 0
67.9746 0
67.9806 0
68.0342 0
68.0393 0
68.0446 0
68.0494 0
68.0574 0
68.0643 0
68.1197 0
68.1247 0
68.13 0
68.135 0
68.1415 0
68.1953 0
68.2004 0
68.2056 0
68.2108 0
68.2166 0
68.2231 0
68.2789 0
68.2843 0
68.2893 0
68.2941 0
68.3011 0
68.3562 0
68.3615 0
68.3667 0
68.3717 0
68.3765 0
68.3831 0
68.439 0
68.4443 0
68.4489 0
68.4538 0
68.4585 0
68.5153 0
68.5201 0
68.5249 0
68.5319 0
68.5366 0
68.5415 0
68.5985 0
68.6041 0
68.6095 0
68.6149 0
68.6199 0
68.6248 0
68.6741 0
68.6796 0
68.685 0
68.6904 0
68.6994 0
68.7061 0
68.7599 0
68.7647 0
68.7695 0
68.7742 0
68.7795 0
68.7854 0
68.8342 0
68.8389 0
68.8434 0
68.8502 0
68.855 0
68.8597 0
68.9189 0
68.9238 0
68.9289 0
68.9342 0
68.9399 0
68.9464 0
68.9936 0
68.9985 0
69.0036 0
69.0097 0
69.0151 0
69.0212 0
69.0791 0
69.084 0
69.0886 0
69.0937 0
69.1008 0
69.106 0
69.1548 0
69.1601 0
69.1649 0
69.1709 0
69.1757 0
69.182 0
69.2387 0
69.2444 0
69.2499 0
69.2557 0
69.2611 0
69.3136 0
69.3191 0
69.3248 0
69.3302 0
69.3365 0
69.3429 0
69.3984 0
69.4037 0
69.4086 0
69.4143 0
69.4212 0
69.4749 0
69.4799 0
69.4849 0
69.491 0
69.4971 0
69.5035 0
69.5592 0
69.5643 0
69.5692 0
69.5739 0
69.5815 0
69.5879 0
69.6347 0
69.6392 0
69.644 0
69.6515 0
69.6567 0
69.663 0
69.7189 0
69.7241 0
69.7289 0
69.7337 0
69.7386 0
69.7451 0
69.7759 0
69.7807 0
69.7808 43
69.8096 0
69.8549 0
69.8601 0
69.8797 0
69.8847 0
69.8894 0
69.8939 0
69.8987 0
69.9045 0
69.9538 0
69.9588 0
69.9637 0
69.9699 0
69.9747 0
69.9791 0
69.984 0
70.0371 0
70.042 0
70.0469 0
70.0517 0
70.0582 0
70.0645 0
70.1149 0
70.1199 0
70.1255 0
70.1317 0
70.1366 0
70.142 0
70.1985 0
70.2039 0
70.2465 0
70.2527 0
70.2733 0
70.2787 0
70.284 0
70.2896 0
70.2959 0
70.3022 0
70.3581 0
70.3638 0
70.3697 0
70.3748 0
70.3794 0
70.4678 0
70.4729 0
70.5172 0
70.5221 0
70.5299 0
70.5347 0
70.541 0
70.5944 0
70.6 0
70.6049 0
70.6107 0
70.6157 0
70.6211 0
70.6898 0
70.6948 0
70.6995 0
70.7542 0
70.7592 0
70.7642 0
70.77 0
70.7749 0
70.781 0
70.8381 0
70.8433 0
70.8482 0
70.853 0
70.858 0
70.8641 0
70.9152 0
70.9201 0
70.925 0
70.9309 0
70.9358 0
70.998 0
71.0036 0
71.009 0
71.0145 0
71.0208 0
71.0756 0
71.0805 0
71.0854 0
71.091 0
71.0956 0
71.0999 0
71.1586 0
71.1636 0
71.1687 0
71.1736 0
71.1782 0
71.234 0
71.2386 0
71.2432 0
71.248 0
71.2526 0
71.257 0
71.3187 0
71.3238 0
71.3304 0
71.3351 0
71.3407 0
71.3957 0
71.4008 0
71.4055 0
71.41 0
71.4147 0
71.4194 0
71.4798 0
71.4848 0
71.4899 0
71.4946 0
71.5007 0
71.5535 0
71.5585 0
71.5637 0
71.5686 0
71.5764 0
71.5825 0
71.6401 0
71.6451 0
71.65 0
71.6574 0
71.6638 0
71.7155 0
71.7203 0
71.726 0
71.7314 0
71.737 0
71.7434 0
71.7993 0
71.805 0
71.8106 0
71.8161 0
71.8229 0
71.8752 0
71.8803 0
71.8851 0
71.89 0
71.8978 0
71.9026 0
71.9582 0
71.9629 0
71.968 0
71.9725 0
71.9771 0
71.9831 0
72.0353 0
72.0401 0
72.0451 0
72.0499 0
72.0551 0
72.0613 0
72.1188 0
72.124 0
72.1288 0
72.1336 0
72.1384 0
72.1446 0
72.1952 0
72.2 0
72.2044 0
72.2111 0
72.2173 0
72.2219 0
72.2751 0
72.2798 0
72.2851 0
72.2906 0
72.353 0
72.3589 0
72.3664 0
72.3714 0
72.3758 0
72.433 0
72.4398 0
72.4449 0
72.4499 0
72.5064 0
72.5114 0
72.517 0
72.5221 0
72.5881 0
72.5926 0
72.5968 0
72.602 0
72.6062 0
72.6662 0
72.6732 0
72.6786 0
72.6828 0
72.7511 0
72.7566 0
72.7622 0
72.7668 0
72.8325 0
72.8384 0
72.8438 0
72.8497 0
72.8539 0
72.8579 0
72.9102 0
72.9147 0
72.9189 0
72.923 0
72.9278 0
72.9901 0
72.9947 0
72.9994 0
73.005 0
73.009 0
73.0772 0
73.0827 0
73.0876 0
73.0922 0
73.0962 0
73.1005 0
73.1462 0
73.1517 0
73.1566 0
73.1611 0
73.2282 0
73.2322 0
73.2365 0
73.2407 0
73.2446 0
73.3125 0
73.3173 0
73.3222 0
73.3269 0
73.3329 0
73.3389 0
73.3982 0
73.4032 0
73.408 0
73.4129 0
73.4199 0
73.4252 0
73.4731 0
73.4786 0
73.484 0
73.4919 0
73.4971 0
73.5037 0
73.5577 0
73.5635 0
73.5684 0
73.576 0
73.5807 0
73.6355 0
73.6407 0
73.6455 0
73.6507 0
73.6553 0
73.6605 0
73.7215 0
73.7266 0
73.7313 0
73.736 0
73.741 0
73.7939 0
73.7991 0
73.8041 0
73.8087 0
73.8135 0
73.818 0
73.8777 0
73.8826 0
73.8875 0
73.8921 0
73.8985 0
73.9035 0
73.9543 0
73.9592 0
73.964 0
73.9687 0
73.9737 0
73.9784 0
74.0384 0
74.0435 0
74.05 0
74.0549 0
74.0611 0
74.115 0
74.1202 0
74.1251 0
74.13 0
74.1362 0
74.1409 0
74.1997 0
74.2053 0
74.2102 0
74.2149 0
74.2197 0
74.2764 0
74.2815 0
74.2865 0
74.2911 0
74.2971 0
74.3019 0
74.3581 0
74.3633 0
74.3682 0
74.373 0
74.3778 0
74.4332 0
74.4379 0
74.4431 0
74.448 0
74.4527 0
74.4576 0
74.518 0
74.5229 0
74.528 0
74.5327 0
74.5373 0
74.5946 0
74.5992 0
74.607 0
74.6133 0
74.6183 0
74.6647 0
74.6683 0
74.677 0
74.7414 0
74.7471 0
74.7508 0
74.7545 0
74.7581 0
74.7706 0
74.7746 0
74.7746 43
74.832 0
74.8769 0
74.882 0
74.9028 0
74.9072 0
74.911 0
74.9148 0
74.9222 0
74.9259 0
74.9403 0
74.9452 0
74.9621 0
74.9664 0
74.9811 0
74.9851 0
75.001 0
75.0048 0
75.0471 0
75.0507 0
75.0622 0
75.066 0
75.0827 0
75.0864 0
75.1011 0
75.1047 0
75.122 0
75.1257 0
75.1415 0
75.1453 0
75.1625 0
75.1663 0
75.1824 0
75.1861 0
75.1999 0
75.2035 0
75.2203 0
75.2241 0
75.2676 0
75.2711 0
75.2782 0
75.2816 0
75.2982 0
75.3016 0
75.3184 0
75.3221 0
75.3384 0
75.3417 0
75.3582 0
75.3616 0
75.3779 0
75.3813 0
75.3985 0
75.4021 0
75.418 0
75.4217 0
75.4411 0
75.4448 0
75.4884 0
75.4921 0
75.5009 0
75.5045 0
75.5217 0
75.525 0
75.5417 0
75.5454 0
75.5617 0
75.5653 0
75.6221 0
75.6257 0
75.6415 0
75.645 0
75.6616 0
75.665 0
75.7093 0
75.7129 0
75.7232 0
75.7268 0
75.7411 0
75.745 0
75.7622 0
75.766 0
75.7822 0
75.7861 0
75.8016 0
75.8051 0
75.8225 0
75.8262 0
75.8437 0
75.8477 0
75.8617 0
75.8651 0
75.8839 0
75.8876 0
75.9304 0
75.934 0
75.9421 0
75.9463 0
75.9626 0
75.9666 0
75.9833 0
75.987 0
76.0022 0
76.006 0
76.0226 0
76.026 0
76.0434 0
76.05 0
76.062 0
76.0676 0
76.0716 0
76.087 0
76.0911 0
76.1074 0
76.1116 0
76.1244 0
76.128 0
76.1474 0
76.1542 0
76.173 0
76.1882 0
76.1947 0
76.209 0
76.2163 0
76.2246 0
76.2336 0
76.2561 0
76.2685 0
76.2725 0
76.2794 0
76.283 0
76.3039 0
76.3085 0
76.3204 0
76.3241 0
76.3417 0
76.3462 0
76.3634 0
76.3669 0
76.3802 0
76.3838 0
76.4022 0
76.4058 0
76.4226 0
76.4268 0
76.4429 0
76.4482 0
76.4634 0
76.467 0
76.482 0
76.4856 0
76.502 0
76.5059 0
76.5232 0
76.5268 0
76.541 0
76.5461 0
76.5618 0
76.5658 0
76.5801 0
76.5836 0
76.6007 0
76.6044 0
76.6216 0
76.6256 0
76.6398 0
76.6434 0
76.6613 0
76.6648 0
76.6822 0
76.686 0
76.7008 0
76.7044 0
76.7223 0
76.7258 0
76.741 0
76.7446 0
76.7619 0
76.7666 0
76.7832 0
76.7868 0
76.8017 0
76.8058 0
76.8218 0
76.8254 0
76.8432 0
76.8468 0
76.8614 0
76.8665 0
76.8818 0
76.8854 0
76.9014 0
76.905 0
76.922 0
76.9256 0
76.9423 0
76.9459 0
76.9615 0
76.9652 0
76.9812 0
76.9848 0
77.0032 0
77.0071 0
77.0208 0
77.0244 0
77.0421 0
77.0458 0
77.0618 0
77.0654 0
77.0826 0
77.0862 0
77.1034 0
77.1074 0
77.1218 0
77.1254 0
77.1414 0
77.1451 0
77.1622 0
77.1658 0
77.1814 0
77.185 0
77.2019 0
77.2054 0
77.2214 0
77.225 0
77.2419 0
77.2454 0
77.2635 0
77.2672 0
77.2816 0
77.2854 0
77.3019 0
77.3054 0
77.3231 0
77.3267 0
77.3409 0
77.3447 0
77.3615 0
77.3651 0
77.3821 0
77.388 0
77.4007 0
77.4049 0
77.4218 0
77.4253 0
77.4443 0
77.4479 0
77.4638 0
77.4673 0
77.4837 0
77.4875 0
77.5011 0
77.5048 0
77.5218 0
77.5254 0
77.5413 0
77.5449 0
77.5622 0
77.5658 0
77.5826 0
77.5863 0
77.603 0
77.6066 0
77.6222 0
77.6257 0
77.6424 0
77.646 0
77.6611 0
77.6646 0
77.6822 0
77.6869 0
77.7021 0
77.706 0
77.7225 0
77.7261 0
77.7442 0
77.7478 0
77.7616 0
77.7656 0
77.7819 0
77.7857 0
77.8035 0
77.8072 0
77.8219 0
77.826 0
77.8418 0
77.8454 0
77.8617 0
77.8651 0
77.8814 0
77.8851 0
77.9028 0
77.9065 0
77.9223 0
77.9259 0
77.9423 0
77.9459 0
77.9613 0
77.9648 0
77.9788 0
77.9822 0
78.002 0
78.0057 0
78.0219 0
78.0253 0
78.0411 0
78.0446 0
78.0628 0
78.0666 0
78.0819 0
78.0855 0
78.1016 0
78.1055 0
78.1229 0
78.1266 0
78.1405 0
78.1441 0
78.1618 0
78.1655 0
78.1818 0
78.1856 0
78.2031 0
78.207 0
78.2236 0
78.2271 0
78.2412 0
78.2454 0
78.2609 0
78.2645 0
78.2826 0
78.2864 0
78.3017 0
78.3054 0
78.3217 0
78.3251 0
78.3416 0
78.3452 0
78.362 0
78.3659 0
78.3821 0
78.3857 0
78.4027 0
78.4062 0
78.4224 0
78.4266 0
78.4429 0
78.4465 0
78.4609 0
78.4644 0
78.4814 0
78.4851 0
78.5025 0
78.5075 0
78.5209 0
78.5245 0
78.5429 0
78.5463 0
78.562 0
78.566 0
78.5859 0
78.5897 0
78.603 0
78.6072 0
78.6213 0
78.6248 0
78.6415 0
78.6453 0
78.6614 0
78.6655 0
78.6833 0
78.6869 0
78.7031 0
78.7066 0
78.7227 0
78.7266 0
78.7422 0
78.7459 0
78.7629 0
78.7665 0
78.7819 0
78.7857 0
78.8019 0
78.8055 0
78.8217 0
78.8253 0
78.8425 0
78.8463 0
78.863 0
78.8667 0
78.8825 0
78.8861 0
78.9019 0
78.9055 0
78.9229 0
78.9266 0
78.9412 0
78.9451 0
78.9615 0
78.965 0
78.982 0
78.9857 0
79.002 0
79.0057 0
79.0229 0
79.0265 0
79.0417 0
79.0457 0
79.0612 0
79.0648 0
79.0827 0
79.0861 0
79.1007 0
79.1043 0
79.1217 0
79.1253 0
79.1419 0
79.1462 0
79.1621 0
79.166 0
79.1839 0
79.1875 0
79.2037 0
79.2077 0
79.2229 0
79.2269 0
79.2424 0
79.2461 0
79.2607 0
79.2647 0
79.2907 0
79.2949 0
79.3101 0
79.3146 0
79.3287 0
79.3334 0
79.347 0
79.3518 0
79.371 0
79.3761 0
79.3891 0
79.394 0
79.4171 0
79.426 0
79.4319 0
79.4365 0
79.4513 0
79.4561 0
79.4706 0
79.475 0
79.4917 0
79.4975 0
79.509 0
79.5147 0
79.5309 0
79.5361 0
79.5531 0
79.5578 0
79.5778 0
79.5829 0
79.5899 0
79.5946 0
79.614 0
79.6182 0
79.6325 0
79.6377 0
79.6517 0
79.6567 0
79.6725 0
79.6797 0
79.692 0
79.6977 0
79.7089 0
79.7148 0
79.7298 0
79.7348 0
79.7478 0
79.7523 0
79.7695 0
79.7744 0
79.7744 43
79.8329 0
79.8488 0
79.8546 0
79.8599 0
79.8766 0
79.8815 0
79.8979 0
79.9025 0
79.9086 0
79.913 0
79.9175 0
79.9327 0
79.9379 0
79.955 0
79.9604 0
79.969 0
79.9738 0
79.9919 0
79.9968 0
80.0071 0
80.0111 0
80.0254 0
80.0292 0
80.0669 0
80.073 0
80.0851 0
80.0889 0
80.1045 0
80.1085 0
80.1253 0
80.1294 0
80.1444 0
80.1484 0
80.1656 0
80.1695 0
80.1868 0
80.1908 0
80.205 0
80.209 0
80.2222 0
80.226 0
80.2457 0
80.2497 0
80.2885 0
80.3054 0
80.3092 0
80.3264 0
80.3304 0
80.3458 0
80.3509 0
80.366 0
80.3702 0
80.3848 0
80.3887 0
80.4048 0
80.4089 0
80.4247 0
80.4288 0
80.4461 0
80.4507 0
80.4696 0
80.508 0
80.5127 0
80.5369 0
80.5429 0
80.5497 0
80.5544 0
80.5735 0
80.578 0
80.5945 0
80.599 0
80.6118 0
80.6165 0
80.6321 0
80.6369 0
80.6518 0
80.6575 0
80.6699 0
80.6747 0
80.729 0
80.7337 0
80.752 0
80.7577 0
80.7724 0
80.7767 0
80.7894 0
80.7938 0
80.8106 0
80.815 0
80.8298 0
80.8344 0
80.8548 0
80.8601 0
80.8668 0
80.8718 0
80.8897 0
80.8949 0
80.9116 0
80.9497 0
80.9544 0
80.9708 0
80.9751 0
80.9903 0
80.9949 0
81.0145 0
81.0192 0
81.0288 0
81.0335 0
81.0532 0
81.0583 0
81.0728 0
81.0772 0
81.0958 0
81.1001 0
81.1093 0
81.114 0
81.1312 0
81.1366 0
81.1518 0
81.1569 0
81.1762 0
81.1806 0
81.1888 0
81.1932 0
81.2128 0
81.2171 0
81.2311 0
81.2365 0
81.2532 0
81.2576 0
81.275 0
81.2805 0
81.2912 0
81.2967 0
81.3123 0
81.3171 0
81.3368 0
81.3416 0
81.3478 0
81.353 0
81.3736 0
81.3777 0
81.3852 0
81.3898 0
81.4122 0
81.4185 0
81.4334 0
81.4396 0
81.4542 0
81.459 0
81.4744 0
81.4794 0
81.4958 0
81.5004 0
81.5086 0
81.5149 0
81.5328 0
81.5383 0
81.5519 0
81.5569 0
81.5718 0
81.578 0
81.5944 0
81.5988 0
81.6109 0
81.6161 0
81.6329 0
81.6374 0
81.6568 0
81.6611 0
81.668 0
81.6727 0
81.6926 0
81.6982 0
81.7105 0
81.7153 0
81.7332 0
81.738 0
81.7494 0
81.754 0
81.7729 0
81.7771 0
81.7904 0
81.7951 0
82.1915 0
82.1915 0
82.1915 0
82.1978 0
82.2131 0
82.2197 0
82.2287 0
82.2327 0
82.2481 0
82.2533 0
82.27 0
82.2741 0
82.2965 0
82.3008 0
82.3056 0
82.3101 0
82.3324 0
82.3369 0
82.3509 0
82.3561 0
82.3685 0
82.3741 0
82.3921 0
82.3973 0
82.4164 0
82.4233 0
82.4339 0
82.4379 0
82.4473 0
82.4513 0
82.4642 0
82.4691 0
82.488 0
82.4944 0
82.508 0
82.5123 0
82.5262 0
82.532 0
82.5492 0
82.5534 0
82.5701 0
82.5742 0
82.5893 0
82.5941 0
82.6075 0
82.6116 0
82.6241 0
82.6285 0
82.6455 0
82.6507 0
82.6671 0
82.6715 0
82.6854 0
82.6901 0
82.7058 0
82.7122 0
82.7167 0
82.7284 0
82.7326 0
82.7487 0
82.7533 0
82.7734 0
82.7783 0
82.7879 0
82.7931 0
82.8127 0
82.8186 0
82.8308 0
82.8361 0
82.8499 0
82.8543 0
82.8735 0
82.8801 0
82.8899 0
82.8945 0
82.9124 0
82.9183 0
82.9362 0
82.9411 0
82.9466 0
82.9519 0
82.9745 0
82.9793 0
82.9929 0
82.9976 0
83.0117 0
83.0166 0
83.0282 0
83.0332 0
83.0516 0
83.0583 0
83.074 0
83.0804 0
83.0939 0
83.0983 0
83.1078 0
83.1123 0
83.1287 0
83.1341 0
83.1487 0
83.1532 0
83.1712 0
83.1763 0
83.1913 0
83.1955 0
83.2101 0
83.215 0
83.2335 0
83.238 0
83.2565 0
83.2611 0
83.268 0
83.2726 0
83.2921 0
83.2973 0
83.3117 0
83.3172 0
83.3319 0
83.3367 0
83.3491 0
83.3535 0
83.3704 0
83.3747 0
83.3917 0
83.397 0
83.4147 0
83.4196 0
83.4281 0
83.4327 0
83.4517 0
83.4573 0
83.4773 0
83.4822 0
83.4919 0
83.4971 0
83.5127 0
83.5238 0
83.5301 0
83.5345 0
83.5495 0
83.5551 0
83.5735 0
83.5781 0
83.5847 0
83.5909 0
83.6113 0
83.6161 0
83.6299 0
83.6347 0
83.6523 0
83.6571 0
83.6725 0
83.6775 0
83.6919 0
83.6981 0
83.7136 0
83.7192 0
83.7378 0
83.743 0
83.7509 0
83.7561 0
83.7739 0
83.7784 0
83.7915 0
83.7967 0
83.8119 0
83.8165 0
83.8347 0
83.8395 0
83.8514 0
83.8567 0
83.8721 0
83.8771 0
83.8962 0
83.9023 0
83.9087 0
83.9139 0
83.9321 0
83.9367 0
83.9527 0
83.9583 0
83.9737 0
83.9787 0
83.9938 0
83.9983 0
84.0127 0
84.0185 0
84.0339 0
84.039 0
84.0598 0
84.0655 0
84.07 0
84.0743 0
84.0938 0
84.0995 0
84.114 0
84.1183 0
84.1299 0
84.1369 0
84.1513 0
84.1561 0
84.1704 0
84.1743 0
84.1919 0
84.1975 0
84.2142 0
84.221 0
84.231 0
84.2353 0
84.2491 0
84.2544 0
84.2724 0
84.2774 0
84.2924 0
84.2983 0
84.3107 0
84.3153 0
84.3315 0
84.3378 0
84.3534 0
84.3595 0
84.3841 0
84.3891 0
84.4137 0
84.4184 0
84.4315 0
84.4381 0
84.454 0
84.4587 0
84.4717 0
84.4787 0
84.4938 0
84.4996 0
84.5088 0
84.5134 0
84.5343 0
84.5391 0
84.5477 0
84.552 0
84.5713 0
84.5762 0
84.5927 0
84.5974 0
84.6136 0
84.6185 0
84.6356 0
84.6401 0
84.6521 0
84.6583 0
84.6753 0
84.6804 0
84.6928 0
84.6974 0
84.7089 0
84.7138 0
84.7342 0
84.74 0
84.7507 0
84.7568 0
84.7716 0
84.7774 0
84.7776 43
84.8329 0
84.8654 0
84.87 0
84.8949 0
84.9003 0
84.9122 0
84.9166 0
84.9316 0
84.9395 0
84.9523 0
84.9609 0
84.968 0
84.9737 0
84.987 0
84.992 0
85.0101 0
85.0147 0
85.0291 0
85.0336 0
85.056 0
85.0637 0
85.0714 0
85.076 0
85.0942 0
85.0984 0
85.11 0
85.1147 0
85.1288 0
85.1334 0
85.1531 0
85.1578 0
85.1757 0
85.1806 0
85.1878 0
85.1927 0
85.2136 0
85.2185 0
85.2334 0
85.238 0
85.2524 0
85.2606 0
85.3059 0
85.3102 0
85.3336 0
85.338 0
85.3456 0
85.35 0
85.376 0
85.3806 0
85.3923 0
85.3972 0
85.4114 0
85.4164 0
85.4307 0
85.4348 0
85.4468 0
85.4522 0
85.465 0
85.4704 0
85.5268 0
85.5316 0
85.5369 0
85.5524 0
85.5572 0
85.57 0
85.5748 0
85.59 0
85.5946 0
85.6108 0
85.6195 0
85.6323 0
85.637 0
85.6534 0
85.6578 0
85.6688 0
85.674 0
85.6914 0
85.6964 0
85.7118 0
85.7502 0
85.7546 0
85.7722 0
85.7774 0
85.7936 0
85.7982 0
85.8182 0
85.8226 0
85.828 0
85.8325 0
85.8516 0
85.8564 0
85.8735 0
85.8798 0
85.8926 0
85.8984 0
85.9128 0
85.9181 0
85.9319 0
85.9698 0
85.9747 0
85.9796 0
85.9881 0
85.9923 0
86.0116 0
86.0164 0
86.0293 0
86.034 0
86.0516 0
86.0564 0
86.0686 0
86.0762 0
86.0842 0
86.0894 0
86.1045 0
86.1081 0
86.1245 0
86.1294 0
86.1431 0
86.1468 0
86.1662 0
86.1704 0
86.189 0
86.193 0
86.209 0
86.2136 0
86.2298 0
86.2365 0
86.255 0
86.2601 0
86.2746 0
86.2798 0
86.2916 0
86.297 0
86.3063 0
86.3109 0
86.3305 0
86.335 0
86.3545 0
86.3588 0
86.3708 0
86.3749 0
86.3919 0
86.3964 0
86.4114 0
86.4171 0
86.4326 0
86.4373 0
86.4566 0
86.4614 0
86.4687 0
86.4731 0
86.4935 0
86.5001 0
86.5124 0
86.517 0
86.5335 0
86.5378 0
86.5522 0
86.5569 0
86.5715 0
86.5764 0
86.5926 0
86.5978 0
86.6132 0
86.6181 0
86.6249 0
86.6295 0
86.6511 0
86.6556 0
86.6733 0
86.678 0
86.6941 0
86.7 0
86.7122 0
86.7173 0
86.7319 0
86.7375 0
86.756 0
86.7615 0
86.7764 0
86.781 0
86.7872 0
86.7921 0
86.8113 0
86.8168 0
86.8355 0
86.8405 0
86.8512 0
86.8559 0
86.8753 0
86.8799 0
87.6202 0
87.6202 0
87.6202 0
87.6256 0
87.6393 0
87.6441 0
87.6589 0
87.664 0
87.6849 0
87.689 0
87.6983 0
87.7022 0
87.714 0
87.7183 0
87.7437 0
87.7478 0
87.7557 0
87.7611 0
87.7781 0
87.7828 0
87.8005 0
87.8053 0
87.8189 0
87.8245 0
87.8325 0
87.8371 0
87.8589 0
87.8639 0
87.8808 0
87.8854 0
87.9052 0
87.9103 0
87.9146 0
87.9191 0
87.9363 0
87.941 0
87.956 0
87.9607 0
87.9777 0
87.9821 0
87.9956 0
88.0006 0
88.0203 0
88.025 0
88.0397 0
88.0445 0
88.0619 0
88.067 0
88.0739 0
88.0784 0
88.1 0
88.1045 0
88.1183 0
88.123 0
88.1437 0
88.1487 0
88.1594 0
88.1639 0
88.1767 0
88.1811 0
88.2 0
88.2054 0
88.2231 0
88.2282 0
88.234 0
88.2389 0
88.2571 0
88.2623 0
88.2793 0
88.2842 0
88.2969 0
88.3016 0
88.3144 0
88.3187 0
88.3348 0
88.3398 0
88.3541 0
88.3589 0
88.3802 0
88.3852 0
88.3901 0
88.4135 0
88.4184 0
88.4355 0
88.4415 0
88.4539 0
88.4586 0
88.474 0
88.4786 0
88.4949 0
88.4995 0
88.5141 0
88.519 0
88.5363 0
88.5413 0
88.5481 0
88.5547 0
88.573 0
88.5785 0
88.5927 0
88.5982 0
88.613 0
88.6185 0
88.6344 0
88.6397 0
88.6515 0
88.6565 0
88.6728 0
88.6784 0
88.6961 0
88.7012 0
88.7085 0
88.7142 0
88.7318 0
88.7375 0
88.753 0
88.7599 0
88.7739 0
88.7802 0
88.792 0
88.7967 0
88.8119 0
88.8171 0
88.8325 0
88.8372 0
88.8557 0
88.8603 0
88.8679 0
88.8725 0
88.8918 0
88.8966 0
88.9121 0
88.9171 0
88.9321 0
88.937 0
88.9528 0
88.9583 0
88.9755 0
88.9803 0
88.9953 0
89.0005 0
89.0183 0
89.0238 0
89.0295 0
89.0538 0
89.0584 0
89.073 0
89.0779 0
89.094 0
89.0986 0
89.1136 0
89.1186 0
89.1346 0
89.1391 0
89.1523 0
89.158 0
89.176 0
89.1806 0
89.1886 0
89.1935 0
89.2114 0
89.2163 0
89.231 0
89.236 0
89.2516 0
89.2564 0
89.2714 0
89.2767 0
89.291 0
89.2973 0
89.3122 0
89.3171 0
89.337 0
89.3428 0
89.3479 0
89.3527 0
89.3724 0
89.3791 0
89.3944 0
89.3993 0
89.4142 0
89.4188 0
89.4332 0
89.4378 0
89.454 0
89.4586 0
89.4742 0
89.4787 0
89.4969 0
89.5024 0
89.5085 0
89.5145 0
89.5324 0
89.5371 0
89.5524 0
89.5574 0
89.5725 0
89.578 0
89.5939 0
89.5989 0
89.6141 0
89.6188 0
89.6337 0
89.6383 0
89.656 0
89.6611 0
89.6693 0
89.6741 0
89.6928 0
89.6981 0
89.7148 0
89.7194 0
89.7332 0
89.7377 0
89.7525 0
89.7574 0
89.772 0
89.7771 0
89.7772 43
89.8288 0
89.8739 0
89.8894 0
89.8964 0
89.9122 0
89.9183 0
89.9324 0
89.9372 0
89.9522 0
89.9574 0
89.9766 0
89.9816 0
89.9892 0
89.9954 0
90.0132 0
90.0176 0
90.0296 0
90.0339 0
90.0528 0
90.0581 0
90.1059 0
90.111 0
90.1169 0
90.1351 0
90.1399 0
90.1478 0
90.1525 0
90.1732 0
90.1783 0
90.1919 0
90.1966 0
90.2141 0
90.2186 0
90.2319 0
90.2373 0
90.2524 0
90.2569 0
90.2721 0
90.277 0
90.3266 0
90.3319 0
90.3371 0
90.3528 0
90.358 0
90.3729 0
90.3774 0
90.3955 0
90.4003 0
90.4154 0
90.4199 0
90.4348 0
90.4399 0
90.4571 0
90.4618 0
90.4694 0
90.474 0
90.4944 0
90.4986 0
90.5478 0
90.5533 0
90.5718 0
90.5761 0
90.591 0
90.5956 0
90.615 0
90.6194 0
90.6279 0
90.6326 0
90.6524 0
90.6566 0
90.6719 0
90.6762 0
90.6916 0
90.6962 0
90.7122 0
90.7167 0
90.732 0
90.7718 0
90.7766 0
90.7894 0
90.7948 0
90.8159 0
90.8216 0
90.833 0
90.8378 0
90.8529 0
90.8575 0
90.8727 0
90.8773 0
90.8915 0
90.8965 0
90.9128 0
90.9174 0
90.9335 0
90.9384 0
90.9519 0
90.9897 0
90.9943 0
91.013 0
91.0176 0
91.0316 0
91.0366 0
91.0528 0
91.0569 0
91.0728 0
91.0774 0
91.0972 0
91.1027 0
91.1078 0
91.1125 0
91.1322 0
91.1382 0
91.1553 0
91.1602 0
91.1738 0
91.1798 0
91.1943 0
91.1989 0
91.2181 0
91.2234 0
91.2304 0
91.2347 0
91.2556 0
91.2603 0
91.2687 0
91.2747 0
91.2933 0
91.2981 0
91.3197 0
91.324 0
91.3312 0
91.3357 0
91.3484 0
91.3523 0
91.3711 0
91.3744 0
91.3828 0
91.3864 0
91.4045 0
91.4098 0
91.4255 0
91.4296 0
91.4491 0
91.4537 0
91.4734 0
91.4782 0
91.4934 0
91.4981 0
91.5136 0
91.5182 0
91.5342 0
91.5392 0
91.5525 0
91.5572 0
91.5776 0
91.5829 0
91.588 0
91.5932 0
91.613 0
91.6179 0
91.6342 0
91.6386 0
91.6531 0
91.6581 0
91.6742 0
91.6796 0
91.6929 0
91.698 0
91.7118 0
91.7172 0
91.7372 0
91.7436 0
91.752 0
91.7568 0
91.7742 0
91.7785 0
91.794 0
91.7983 0
91.8127 0
91.8181 0
91.8329 0
91.8381 0
91.8526 0
91.8572 0
91.8727 0
91.8783 0
91.8967 0
91.9023 0
91.9082 0
91.9133 0
91.9324 0
91.9369 0
91.9531 0
91.9587 0
91.9726 0
91.9773 0
91.993 0
91.9981 0
92.0181 0
92.025 0
92.0322 0
92.0381 0
92.0547 0
92.0598 0
92.0662 0
92.0708 0
92.0923 0
92.0967 0
92.113 0
92.1177 0
92.1321 0
92.1371 0
92.1525 0
92.1573 0
92.1721 0
92.1769 0
92.1921 0
92.1972 0
92.2202 0
92.226 0
92.2305 0
92.2516 0
92.2567 0
92.2724 0
92.2771 0
92.2929 0
92.2978 0
92.3118 0
92.3163 0
92.3319 0
92.3367 0
92.3528 0
92.3579 0
92.3761 0
92.3808 0
92.39 0
92.3953 0
92.4151 0
92.4207 0
92.4323 0
92.4365 0
92.453 0
92.457 0
92.4723 0
92.4773 0
92.4921 0
92.4969 0
92.5126 0
92.5172 0
92.5359 0
92.5406 0
92.5465 0
92.5511 0
92.5727 0
92.5781 0
92.5935 0
92.5977 0
92.613 0
92.6186 0
92.6356 0
92.6405 0
92.653 0
92.6579 0
92.6725 0
92.6773 0
92.6991 0
92.7041 0
92.709 0
92.7137 0
92.7327 0
92.7381 0
92.7519 0
92.76 0
92.7727 0
92.7777 0
92.7921 0
92.797 0
92.8129 0
92.8178 0
92.833 0
92.8379 0
92.8575 0
92.8621 0
92.8697 0
92.8743 0
92.8925 0
92.8976 0
92.9133 0
92.9198 0
92.9329 0
92.9375 0
92.9564 0
92.9619 0
92.9724 0
92.9773 0
92.9881 0
92.993 0
93.0152 0
93.0211 0
93.028 0
93.0331 0
93.051 0
93.056 0
93.0728 0
93.0774 0
93.0956 0
93.1015 0
93.1139 0
93.1184 0
93.134 0
93.1419 0
93.1504 0
93.1554 0
93.1798 0
93.1842 0
93.1885 0
93.2135 0
93.218 0
93.2321 0
93.2373 0
93.2519 0
93.2571 0
93.2715 0
93.2764 0
93.2917 0
93.2967 0
93.3113 0
93.3165 0
93.336 0
93.3405 0
93.346 0
93.3501 0
93.3715 0
93.3769 0
93.3915 0
93.3965 0
93.4124 0
93.4176 0
93.4321 0
93.4374 0
93.4555 0
93.4603 0
93.4739 0
93.479 0
93.4968 0
93.5019 0
93.5085 0
93.513 0
93.5314 0
93.5374 0
93.5525 0
93.5574 0
93.572 0
93.5768 0
93.5935 0
93.5984 0
93.6123 0
93.6181 0
93.6319 0
93.6397 0
93.6566 0
93.6615 0
93.6671 0
93.6713 0
93.6914 0
93.6961 0
93.7526 0
93.7571 0
93.7726 0
93.7776 0
93.7932 0
93.7978 0
93.8183 0
93.8229 0
93.8285 0
93.8334 0
93.8589 0
93.8642 0
93.876 0
93.8824 0
93.8912 0
93.8955 0
93.9112 0
93.9157 0
93.9336 0
93.9379 0
93.9561 0
93.9612 0
93.9793 0
93.9835 0
93.9889 0
93.9931 0
94.0121 0
94.0171 0
94.0321 0
94.0368 0
94.052 0
94.0565 0
94.0708 0
94.0804 0
94.0948 0
94.0992 0
94.1129 0
94.1185 0
94.1378 0
94.1431 0
94.1495 0
94.1553 0
94.1733 0
94.1782 0
94.1928 0
94.1981 0
94.2124 0
94.22 0
94.2318 0
94.2361 0
94.2518 0
94.2567 0
94.2738 0
94.2789 0
94.2961 0
94.301 0
94.3071 0
94.3119 0
94.3455 0
94.3502 0
94.3547 0
94.3724 0
94.3779 0
94.3927 0
94.3974 0
94.4119 0
94.4166 0
94.4332 0
94.4378 0
94.4435 0
94.4553 0
94.4598 0
94.4685 0
94.4735 0
94.4928 0
94.4973 0
94.512 0
94.5168 0
94.5324 0
94.5369 0
94.5518 0
94.5567 0
94.5719 0
94.5769 0
94.5949 0
94.5996 0
94.6152 0
94.6198 0
94.6275 0
94.6319 0
94.651 0
94.656 0
94.6714 0
94.6765 0
94.6948 0
94.7011 0
94.7104 0
94.7152 0
94.7312 0
94.7362 0
94.751 0
94.7559 0
94.7717 0
94.7764 0
94.7765 43
95.1242 0
95.1266 0
95.1719 0
95.174 0
95.1769 0
95.2007 0
95.2053 0
95.213 0
95.2183 0
95.2329 0
95.2383 0
95.2551 0
95.2599 0
95.2675 0
95.2721 0
95.2905 0
95.2951 0
95.3467 0
95.352 0
95.3567 0
95.3721 0
95.3767 0
95.3914 0
95.3974 0
95.4187 0
95.4234 0
95.4296 0
95.4338 0
95.4516 0
95.4564 0
95.4717 0
95.4761 0
95.492 0
95.4966 0
95.512 0
95.5164 0
95.5678 0
95.5727 0
95.577 0
95.5818 0
95.588 0
95.5928 0
95.612 0
95.6168 0
95.6328 0
95.6374 0
95.6501 0
95.6545 0
95.6707 0
95.6752 0
95.692 0
95.6969 0
95.713 0
95.7174 0
95.7357 0
95.7405 0
95.7494 0
95.7887 0
95.793 0
95.8136 0
95.8188 0
95.8326 0
95.8373 0
95.8519 0
95.8562 0
95.872 0
95.878 0
95.8968 0
95.9012 0
95.9087 0
95.9138 0
95.9322 0
95.9379 0
95.9537 0
95.9585 0
95.973 0
96.0129 0
96.0181 0
96.0338 0
96.0389 0
96.0578 0
96.0626 0
96.0682 0
96.0747 0
96.0923 0
96.0969 0
96.1115 0
96.1172 0
96.132 0
96.1371 0
96.1526 0
96.1584 0
96.1731 0
96.1776 0
96.1927 0
96.1982 0
96.217 0
96.2229 0
96.23 0
96.2351 0
96.2535 0
96.2587 0
96.2741 0
96.2791 0
96.2932 0
96.2981 0
96.3119 0
96.317 0
96.3327 0
96.3384 0
96.3517 0
96.3569 0
96.3753 0
96.3803 0
96.3879 0
96.3929 0
96.4135 0
96.4186 0
96.4337 0
96.4385 0
96.4524 0
96.4573 0
96.4711 0
96.4766 0
96.4907 0
96.4952 0
96.5111 0
96.5175 0
96.5353 0
96.5403 0
96.5486 0
96.5549 0
96.5714 0
96.5765 0
96.8345 0
96.8345 0
96.8397 0
96.8444 0
96.8661 0
96.8704 0
96.8768 0
96.8819 0
96.8998 0
96.9044 0
96.9158 0
96.92 0
96.9361 0
96.9412 0
96.9554 0
96.9598 0
96.9766 0
96.9807 0
96.9955 0
97 0
97.0232 0
97.0279 0
97.0833 0
97.0895 0
97.101 0
97.1055 0
97.1171 0
97.1218 0
97.1387 0
97.1447 0
97.159 0
97.1637 0
97.1847 0
97.1891 0
97.1947 0
97.1989 0
97.216 0
97.2207 0
97.2327 0
97.2371 0
97.2573 0
97.2626 0
97.2769 0
97.2816 0
97.2942 0
97.2988 0
97.3185 0
97.3232 0
97.3437 0
97.3497 0
97.356 0
97.3607 0
97.3718 0
97.3764 0
97.3909 0
97.3953 0
97.4132 0
97.4184 0
97.4343 0
97.4389 0
97.4541 0
97.4582 0
97.4745 0
97.4791 0
97.4984 0
97.5027 0
97.5116 0
97.5159 0
97.5299 0
97.5339 0
97.5446 0
97.5484 0
97.5645 0
97.5691 0
97.5899 0
97.5943 0
97.6129 0
97.6181 0
97.633 0
97.638 0
97.6569 0
97.6617 0
97.6685 0
97.6746 0
97.6912 0
97.6975 0
97.7125 0
97.7169 0
97.7329 0
97.738 0
97.7514 0
97.7573 0
97.7718 0
97.7766 0
97.7921 0
97.797 0
97.8171 0
97.8216 0
97.8303 0
97.8366 0
97.852 0
97.8566 0
97.8723 0
97.877 0
97.8934 0
97.8978 0
97.9126 0
97.9168 0
97.9309 0
97.936 0
97.9527 0
97.9582 0
97.9775 0
97.9828 0
97.9889 0
97.9954 0
98.013 0
98.018 0
98.0312 0
98.0364 0
98.0524 0
98.0589 0
98.0736 0
98.0787 0
98.0928 0
98.0977 0
98.1121 0
98.117 0
98.1352 0
98.14 0
98.1477 0
98.152 0
98.1726 0
98.1783 0
98.1939 0
98.1987 0
98.2128 0
98.2189 0
98.2334 0
98.2386 0
98.254 0
98.2586 0
98.272 0
98.2773 0
98.2953 0
98.3 0
98.308 0
98.3126 0
98.3318 0
98.3374 0
98.3524 0
98.3594 0
98.3718 0
98.3764 0
98.389 0
98.394 0
98.4116 0
98.4164 0
98.4318 0
98.437 0
98.4557 0
98.4605 0
98.4687 0
98.4748 0
98.4928 0
98.4982 0
98.5135 0
98.5183 0
98.5328 0
98.5382 0
98.5538 0
98.5588 0
98.5732 0
98.5789 0
98.5919 0
98.5968 0
98.6148 0
98.6198 0
98.6287 0
98.6348 0
98.6526 0
98.6588 0
98.6734 0
98.679 0
98.6931 0
98.6984 0
98.7135 0
98.7188 0
98.7335 0
98.739 0
98.7531 0
98.7586 0
98.7773 0
98.783 0
98.7893 0
98.7952 0
98.8122 0
98.8181 0
98.8344 0
98.8391 0
98.8527 0
98.8582 0
98.8733 0
98.8784 0
98.8939 0
98.8983 0
98.9125 0
98.9179 0
98.9368 0
98.9419 0
98.9487 0
98.9548 0
98.9722 0
98.9782 0
98.9932 0
98.9984 0
99.0128 0
99.0179 0
99.032 0
99.037 0
99.0524 0
99.0573 0
99.072 0
99.0787 0
99.0975 0
99.1023 0
99.1071 0
99.1135 0
99.1338 0
99.1389 0
99.1534 0
99.1585 0
99.1724 0
99.1774 0
99.1926 0
99.1986 0
99.2145 0
99.2192 0
99.233 0
99.2384 0
99.2595 0
99.2644 0
99.2691 0
99.2934 0
99.2979 0
99.3132 0
99.3182 0
99.3339 0
99.339 0
99.3553 0
99.36 0
99.3743 0
99.379 0
99.394 0
99.3992 0
99.4192 0
99.4239 0
99.4291 0
99.4526 0
99.4585 0
99.4742 0
99.4792 0
99.4952 0
99.501 0
99.5135 0
99.5184 0
99.5334 0
99.5386 0
99.5548 0
99.5597 0
99.5786 0
99.5833 0
99.5887 0
99.5946 0
99.6136 0
99.6178 0
99.6321 0
99.638 0
99.6553 0
99.6603 0
99.675 0
99.6796 0
99.6924 0
99.697 0
99.714 0
99.7194 0
99.737 0
99.742 0
99.749 0
99.7537 0
99.7718 0
99.7783 0
99.7783 43
99.8339 0
99.8389 0
99.8537 0
99.8584 0
99.8726 0
99.8789 0
99.9252 0
99.9299 0
99.9347 0
99.9523 0
99.9583 0
99.9738 0
99.9792 0
99.9941 0
99.999 0
100.013 0
100.018 0
100.032 0
100.036 0
100.055 0
100.06 0
100.068 0
100.074 0
100.093 0
100.098 0
100.145 0
100.15 0
100.156 0
100.172 0
100.176 0
100.192 0
100.198 0
100.217 0
100.222 0
100.227 0
100.232 0
100.828 0
100.828 0
100.828 0
100.834 0
100.841 0
100.845 0
100.865 0
100.87 0
100.878 0
100.883 0
100.895 0
100.899 0
100.918 0
100.922 0
100.94 0
100.945 0
100.957 0
100.962 0
100.976 0
100.981 0
101.029 0
101.034 0
101.039 0
101.061 0
101.066 0
101.08 0
101.085 0
101.098 0
101.103 0
101.123 0
101.128 0
101.14 0
101.145 0
101.162 0
101.167 0
101.185 0
101.19 0
101.196 0
101.2 0
101.217 0
101.222 0
101.238 0
101.242 0
101.256 0
101.261 0
101.278 0
101.283 0
101.295 0
101.299 0
101.317 0
101.322 0
101.34 0
101.345 0
101.355 0
101.36 0
101.376 0
101.381 0
101.399 0
101.404 0
101.416 0
101.421 0
101.442 0
101.446 0
101.459 0
101.463 0
101.478 0
101.483 0
101.504 0
101.508 0
101.514 0
101.518 0
101.538 0
101.543 0
101.557 0
101.562 0
101.576 0
101.582 0
101.598 0
101.602 0
101.62 0
101.625 0
101.637 0
101.642 0
101.662 0
101.667 0
101.677 0
101.681 0
101.702 0
101.706 0
101.718 0
101.723 0
101.741 0
101.746 0
101.758 0
101.763 0
101.781 0
101.786 0
101.8 0
101.805 0
101.827 0
101.833 0
101.839 0
101.844 0
101.858 0
101.863 0
101.877 0
101.885 0
101.898 0
101.904 0
101.92 0
101.927 0
101.94 0
101.947 0
101.961 0
101.97 0
101.985 0
101.993 0
101.998 0
102.012 0
102.017 0
102.033 0
102.038 0
102.052 0
102.057 0
102.072 0
102.078 0
102.094 0
102.101 0
102.111 0
102.117 0
102.136 0
102.141 0
102.149 0
102.155 0
102.172 0
102.178 0
102.193 0
102.198 0
102.212 0
102.218 0
102.231 0
102.237 0
102.57 0
102.57 0
102.57 0
102.584 0
102.585 0
102.596 0
102.602 0
102.619 0
102.625 0
102.631 0
102.638 0
102.659 0
102.665 0
102.68 0
102.685 0
102.698 0
102.704 0
102.721 0
102.727 0
102.74 0
102.744 0
102.752 0
102.757 0
102.777 0
102.782 0
102.789 0
102.796 0
102.813 0
102.818 0
102.832 0
102.838 0
102.852 0
102.857 0
102.871 0
102.878 0
102.893 0
102.899 0
102.913 0
102.919 0
102.936 0
102.942 0
102.949 0
102.955 0
102.973 0
102.978 0
102.995 0
103.001 0
103.014 0
103.02 0
103.035 0
103.04 0
103.055 0
103.061 0
103.074 0
103.08 0
103.098 0
103.103 0
103.109 0
103.114 0
103.132 0
103.138 0
103.152 0
103.157 0
103.174 0
103.18 0
103.194 0
103.199 0
103.213 0
103.218 0
103.232 0
103.238 0
103.256 0
103.262 0
103.269 0
103.275 0
103.292 0
103.299 0
103.312 0
103.319 0
103.332 0
103.339 0
103.354 0
103.361 0
103.373 0
103.379 0
103.395 0
103.401 0
103.416 0
103.421 0
103.428 0
103.433 0
103.454 0
103.459 0
103.473 0
103.478 0
103.494 0
103.499 0
103.512 0
103.517 0
103.531 0
103.537 0
103.551 0
103.558 0
103.577 0
103.582 0
103.589 0
103.595 0
103.612 0
103.618 0
103.633 0
103.638 0
103.653 0
103.658 0
103.673 0
103.678 0
103.693 0
103.698 0
103.712 0
103.717 0
103.736 0
103.742 0
103.749 0
103.754 0
103.773 0
103.778 0
103.793 0
103.798 0
103.814 0
103.818 0
103.833 0
103.838 0
103.854 0
103.858 0
103.877 0
103.882 0
103.897 0
103.902 0
103.908 0
103.913 0
103.933 0
103.946 0
103.953 0
103.958 0
103.972 0
103.977 0
103.991 0
103.997 0
104.011 0
104.016 0
104.032 0
104.037 0
104.055 0
104.06 0
104.069 0
104.075 0
104.091 0
104.097 0
104.113 0
104.118 0
104.132 0
104.138 0
104.153 0
104.158 0
104.173 0
104.178 0
104.193 0
104.198 0
104.217 0
104.223 0
104.228 0
104.232 0
104.253 0
104.258 0
104.272 0
104.277 0
104.291 0
104.298 0
104.314 0
104.319 0
104.332 0
104.339 0
104.353 0
104.359 0
104.376 0
104.382 0
104.389 0
104.395 0
104.414 0
104.418 0
104.433 0
104.439 0
104.451 0
104.456 0
104.472 0
104.478 0
104.493 0
104.498 0
104.512 0
104.518 0
104.537 0
104.542 0
104.549 0
104.555 0
104.572 0
104.578 0
104.594 0
104.599 0
104.613 0
104.618 0
104.633 0
104.638 0
104.654 0
104.659 0
104.673 0
104.678 0
104.697 0
104.702 0
104.71 0
104.716 0
104.733 0
104.738 0
104.754 0
104.758 0
104.772 0
104.778 0
104.778 43
104.831 0
104.877 0
104.882 0
104.893 0
104.899 0
104.915 0
104.92 0
104.933 0
104.938 0
104.954 0
104.958 0
104.971 0
104.976 0
104.991 0
104.996 0
105.016 0
105.021 0
105.028 0
105.034 0
105.051 0
105.056 0
105.072 0
105.077 0
105.092 0
105.097 0
105.113 0
105.118 0
105.165 0
105.17 0
105.176 0
105.181 0
105.188 0
105.192 0
105.212 0
105.218 0
105.233 0
105.238 0
105.252 0
105.257 0
105.271 0
105.276 0
105.293 0
105.298 0
105.313 0
105.317 0
105.336 0
105.342 0
105.349 0
105.389 0
105.395 0
105.412 0
105.417 0
105.433 0
105.438 0
105.451 0
105.456 0
105.473 0
105.478 0
105.495 0
105.5 0
105.508 0
105.513 0
105.532 0
105.539 0
105.552 0
105.557 0
105.607 0
105.612 0
105.632 0
105.639 0
105.663 0
105.668 0
105.674 0
105.692 0
105.698 0
105.713 0
105.718 0
105.732 0
105.737 0
105.752 0
105.757 0
105.773 0
105.778 0
105.792 0
105.829 0
105.852 0
105.858 0
105.874 0
105.88 0
105.892 0
105.898 0
105.913 0
105.919 0
105.933 0
105.939 0
105.952 0
105.957 0
105.976 0
105.981 0
105.989 0
105.994 0
106.012 0
106.052 0
106.056 0
106.072 0
106.076 0
106.092 0
106.097 0
106.111 0
106.116 0
106.135 0
106.14 0
106.148 0
106.154 0
106.172 0
106.177 0
106.193 0
106.198 0
106.212 0
106.216 0
106.233 0
106.238 0
106.253 0
106.258 0
106.271 0
106.275 0
106.294 0
106.299 0
106.308 0
106.313 0
106.332 0
106.339 0
106.354 0
106.359 0
106.374 0
106.379 0
106.392 0
106.397 0
106.413 0
106.417 0
106.433 0
106.438 0
106.456 0
106.461 0
106.468 0
106.472 0
106.493 0
106.497 0
106.513 0
106.517 0
106.532 0
106.539 0
106.554 0
106.559 0
106.573 0
106.577 0
106.593 0
106.598 0
106.617 0
106.622 0
106.628 0
106.633 0
106.653 0
106.658 0
106.673 0
106.677 0
106.692 0
106.696 0
106.712 0
106.719 0
106.734 0
106.738 0
106.752 0
106.759 0
106.778 0
106.783 0
106.791 0
106.797 0
106.812 0
106.819 0
106.833 0
106.839 0
106.853 0
106.859 0
106.873 0
106.878 0
106.894 0
106.899 0
106.914 0
106.919 0
106.938 0
106.944 0
106.948 0
106.955 0
106.974 0
106.979 0
106.992 0
106.999 0
107.014 0
107.018 0
107.033 0
107.038 0
107.052 0
107.057 0
107.072 0
107.079 0
107.097 0
107.102 0
107.109 0
107.114 0
107.133 0
107.137 0
107.153 0
107.157 0
107.173 0
107.178 0
107.194 0
107.199 0
107.214 0
107.219 0
107.233 0
107.237 0
107.257 0
107.261 0
107.269 0
107.273 0
107.292 0
107.298 0
107.313 0
107.317 0
107.332 0
107.338 0
107.354 0
107.358 0
107.374 0
107.378 0
107.393 0
107.399 0
107.418 0
107.423 0
107.429 0
107.433 0
107.452 0
107.459 0
107.474 0
107.479 0
107.492 0
107.497 0
107.512 0
107.517 0
107.532 0
107.536 0
107.552 0
107.557 0
107.576 0
107.581 0
107.588 0
107.594 0
107.612 0
107.618 0
107.632 0
107.637 0
107.652 0
107.657 0
107.674 0
107.678 0
107.692 0
107.697 0
107.712 0
107.717 0
107.736 0
107.741 0
107.747 0
107.752 0
107.772 0
107.777 0
107.793 0
107.798 0
107.814 0
107.819 0
107.833 0
107.838 0
107.852 0
107.857 0
107.872 0
107.878 0
107.896 0
107.901 0
107.908 0
107.914 0
107.933 0
107.937 0
107.952 0
107.956 0
107.973 0
107.978 0
107.992 0
107.998 0
108.011 0
108.016 0
108.03 0
108.035 0
108.05 0
108.056 0
108.069 0
108.075 0
108.093 0
108.098 0
108.112 0
108.117 0
108.132 0
108.137 0
108.152 0
108.158 0
108.171 0
108.176 0
108.192 0
108.197 0
108.215 0
108.22 0
108.228 0
108.235 0
108.252 0
108.258 0
108.273 0
108.279 0
108.292 0
108.296 0
108.312 0
108.317 0
108.333 0
108.338 0
108.352 0
108.357 0
108.376 0
108.381 0
108.389 0
108.395 0
108.413 0
108.419 0
108.432 0
108.436 0
108.452 0
108.458 0
108.472 0
108.478 0
108.493 0
108.498 0
108.514 0
108.519 0
108.537 0
108.542 0
108.548 0
108.552 0
108.573 0
108.578 0
108.594 0
108.599 0
108.612 0
108.617 0
108.632 0
108.636 0
108.652 0
108.658 0
108.672 0
108.678 0
108.697 0
108.702 0
108.707 0
108.714 0
108.732 0
108.738 0
108.753 0
108.758 0
108.772 0
108.777 0
108.792 0
108.797 0
108.815 0
108.819 0
108.832 0
108.836 0
108.855 0
108.86 0
108.868 0
108.874 0
108.892 0
108.898 0
108.913 0
108.919 0
108.931 0
108.936 0
108.952 0
108.957 0
108.971 0
108.977 0
108.993 0
108.998 0
109.017 0
109.023 0
109.028 0
109.052 0
109.057 0
109.072 0
109.077 0
109.093 0
109.098 0
109.113 0
109.118 0
109.134 0
109.14 0
109.155 0
109.159 0
109.177 0
109.182 0
109.189 0
109.196 0
109.213 0
109.218 0
109.234 0
109.239 0
109.253 0
109.259 0
109.275 0
109.279 0
109.292 0
109.298 0
109.313 0
109.318 0
109.336 0
109.34 0
109.349 0
109.355 0
109.372 0
109.378 0
109.394 0
109.398 0
109.413 0
109.418 0
109.434 0
109.439 0
109.453 0
109.457 0
109.472 0
109.478 0
109.497 0
109.502 0
109.508 0
109.514 0
109.533 0
109.538 0
109.553 0
109.559 0
109.575 0
109.579 0
109.591 0
109.597 0
109.612 0
109.617 0
109.632 0
109.638 0
109.656 0
109.661 0
109.667 0
109.672 0
109.693 0
109.698 0
109.714 0
109.719 0
109.733 0
109.739 0
109.754 0
109.759 0
109.772 0
109.777 0
109.777 43
109.828 0
109.874 0
109.879 0
109.893 0
109.898 0
109.913 0
109.918 0
109.935 0
109.94 0
109.952 0
109.958 0
109.978 0
109.983 0
109.987 0
109.992 0
110.012 0
110.018 0
110.034 0
110.039 0
110.054 0
110.059 0
110.073 0
110.078 0
110.092 0
110.098 0
110.112 0
110.117 0
110.135 0
110.14 0
110.148 0
110.188 0
110.193 0
110.212 0
110.217 0
110.232 0
110.237 0
110.252 0
110.257 0
110.271 0
110.276 0
110.296 0
110.3 0
110.309 0
110.314 0
110.333 0
110.338 0
110.353 0
110.358 0
110.406 0
110.411 0
110.417 0
110.432 0
110.438 0
110.457 0
110.462 0
110.468 0
110.472 0
110.494 0
110.498 0
110.513 0
110.518 0
110.533 0
110.537 0
110.553 0
110.558 0
110.574 0
110.578 0
110.627 0
110.631 0
110.652 0
110.658 0
110.674 0
110.679 0
110.693 0
110.698 0
110.713 0
110.718 0
110.733 0
110.738 0
110.752 0
110.758 0
110.777 0
110.782 0
110.788 0
110.793 0
110.812 0
110.851 0
110.857 0
110.871 0
110.878 0
110.892 0
110.896 0
110.912 0
110.918 0
110.936 0
110.941 0
110.948 0
110.953 0
110.973 0
110.978 0
111.273 0
111.273 0
111.273 0
111.279 0
111.3 0
111.304 0
111.313 0
111.317 0
111.334 0
111.34 0
111.372 0
111.377 0
111.382 0
111.398 0
111.402 0
111.423 0
111.428 0
111.433 0
111.437 0
111.451 0
111.458 0
111.474 0
111.479 0
111.492 0
111.497 0
111.512 0
111.517 0
111.534 0
111.538 0
111.552 0
111.558 0
111.571 0
111.58 0
111.588 0
111.595 0
111.612 0
111.617 0
111.633 0
111.638 0
111.651 0
111.656 0
111.669 0
111.674 0
111.693 0
111.699 0
111.711 0
111.717 0
111.736 0
111.74 0
111.747 0
111.751 0
111.768 0
111.774 0
111.787 0
111.792 0
111.81 0
111.814 0
111.83 0
111.835 0
111.85 0
111.855 0
111.87 0
111.874 0
111.893 0
111.898 0
111.907 0
111.911 0
111.929 0
111.933 0
111.952 0
111.957 0
111.975 0
111.98 0
111.991 0
111.995 0
112.012 0
112.018 0
112.034 0
112.038 0
112.056 0
112.061 0
112.067 0
112.071 0
112.092 0
112.097 0
112.112 0
112.117 0
112.133 0
112.138 0
112.154 0
112.159 0
112.174 0
112.179 0
112.192 0
112.198 0
112.217 0
112.221 0
112.229 0
112.234 0
112.253 0
112.259 0
112.274 0
112.279 0
112.292 0
112.297 0
112.313 0
112.318 0
112.332 0
112.338 0
112.354 0
112.359 0
112.376 0
112.38 0
112.388 0
112.395 0
112.414 0
112.419 0
112.434 0
112.438 0
112.454 0
112.459 0
112.475 0
112.48 0
112.493 0
112.497 0
112.513 0
112.518 0
112.538 0
112.543 0
112.549 0
112.555 0
112.572 0
112.578 0
112.593 0
112.598 0
112.613 0
112.619 0
112.635 0
112.639 0
112.653 0
112.658 0
112.674 0
112.679 0
112.694 0
112.698 0
112.708 0
112.712 0
112.727 0
112.731 0
112.745 0
112.749 0
112.764 0
112.768 0
112.785 0
112.789 0
112.806 0
112.811 0
112.825 0
112.828 0
112.846 0
112.9 0
112.904 0
112.908 0
112.924 0
112.928 0
112.945 0
112.949 0
112.964 0
112.968 0
112.984 0
112.989 0
113.042 0
113.045 0
113.065 0
113.069 0
113.084 0
113.088 0
113.105 0
113.109 0
113.126 0
113.13 0
113.184 0
113.189 0
113.213 0
113.218 0
113.234 0
113.239 0
113.254 0
113.259 0
113.274 0
113.279 0
113.294 0
113.299 0
113.315 0
113.319 0
113.336 0
113.391 0
113.396 0
113.412 0
113.418 0
113.433 0
113.439 0
113.454 0
113.459 0
113.473 0
113.478 0
113.497 0
113.503 0
113.508 0
113.513 0
113.533 0
113.538 0
113.552 0
113.557 0
113.573 0
113.578 0
113.593 0
113.599 0
113.612 0
113.619 0
113.672 0
113.678 0
113.693 0
113.698 0
113.714 0
113.719 0
113.734 0
113.739 0
113.752 0
113.757 0
113.772 0
113.777 0
113.837 0
113.842 0
113.853 0
113.858 0
113.872 0
113.878 0
113.893 0
113.899 0
113.915 0
113.919 0
113.933 0
113.971 0
113.976 0
113.981 0
113.988 0
113.993 0
114.014 0
114.019 0
114.033 0
114.038 0
114.052 0
114.057 0
114.099 0
114.104 0
114.108 0
114.13 0
114.134 0
114.142 0
114.145 0
114.16 0
114.164 0
114.178 0
114.182 0
114.227 0
114.231 0
114.24 0
114.244 0
114.262 0
114.266 0
114.283 0
114.286 0
114.301 0
114.305 0
114.34 0
114.343 0
114.365 0
114.369 0
114.382 0
114.386 0
114.403 0
114.407 0
114.422 0
114.426 0
114.443 0
114.447 0
114.493 0
114.498 0
114.503 0
114.523 0
114.527 0
114.544 0
114.548 0
114.564 0
114.568 0
114.585 0
114.625 0
114.644 0
114.648 0
114.663 0
114.668 0
114.683 0
114.687 0
114.703 0
114.707 0
114.744 0
114.748 0
114.764 0
114.768 0
114.771 0
114.771 43
114.822 0
114.826 0
114.844 0
114.848 0
114.864 0
114.868 0
114.882 0
114.886 0
114.944 0
114.948 0
114.986 0
114.99 0
115.004 0
115.008 0
115.025 0
115.028 0
115.055 0
115.06 0
115.065 0
115.082 0
115.086 0
115.102 0
115.106 0
115.124 0
115.127 0
115.144 0
115.148 0
115.166 0
115.17 0
115.467 0
115.467 0
115.467 0
115.467 0
115.467 0
115.519 0
115.519 0
115.533 0
115.538 0
115.553 0
115.559 0
115.577 0
115.582 0
115.589 0
115.593 0
115.612 0
115.894 0
115.894 0
115.894 0
115.894 0
115.896 0
115.899 0
115.904 0
115.908 0
115.912 0
115.931 0
115.936 0
115.953 0
115.958 0
115.974 0
115.978 0
115.992 0
115.996 0
116.016 0
116.021 0
116.032 0
116.037 0
116.061 0
116.066 0
116.07 0
116.127 0
116.132 0
116.138 0
116.154 0
116.158 0
116.173 0
116.178 0
116.192 0
116.198 0
116.218 0
116.223 0
116.228 0
116.235 0
116.292 0
116.297 0
116.312 0
116.317 0
116.334 0
116.34 0
116.354 0
116.358 0
116.376 0
116.381 0
116.391 0
116.397 0
116.457 0
116.462 0
116.476 0
116.48 0
116.492 0
116.497 0
116.513 0
116.517 0
116.536 0
116.54 0
116.55 0
116.554 0
116.573 0
116.577 0
116.593 0
116.597 0
116.613 0
116.617 0
116.632 0
116.637 0
116.653 0
116.658 0
116.675 0
116.68 0
116.742 0
116.747 0
116.753 0
116.758 0
116.775 0
116.78 0
116.793 0
116.798 0
116.813 0
116.818 0
116.833 0
116.839 0
116.907 0
116.912 0
116.917 0
116.933 0
116.939 0
116.956 0
116.96 0
116.974 0
116.978 0
116.993 0
116.998 0
117.017 0
117.072 0
117.077 0
117.092 0
117.097 0
117.113 0
117.118 0
117.134 0
117.139 0
117.153 0
117.159 0
117.177 0
117.182 0
117.189 0
117.194 0
117.214 0
117.219 0
117.232 0
117.237 0
117.252 0
117.258 0
117.274 0
117.279 0
117.294 0
117.299 0
117.356 0
117.361 0
117.373 0
117.379 0
117.394 0
117.399 0
117.412 0
117.417 0
117.432 0
117.436 0
117.452 0
117.456 0
117.521 0
117.534 0
117.55 0
117.555 0
117.574 0
117.58 0
117.595 0
117.598 0
117.607 0
117.611 0
117.625 0
117.629 0
117.686 0
117.69 0
117.703 0
117.718 0
117.724 0
117.742 0
117.747 0
117.762 0
117.769 0
117.784 0
117.789 0
117.804 0
117.812 0
117.822 0
117.827 0
117.843 0
117.849 0
117.864 0
117.868 0
117.884 0
117.888 0
117.902 0
117.907 0
117.971 0
117.975 0
117.987 0
117.992 0
118.006 0
118.011 0
118.027 0
118.035 0
118.047 0
118.052 0
118.068 0
118.072 0
118.086 0
118.14 0
118.145 0
118.149 0
118.167 0
118.171 0
118.185 0
118.189 0
118.3 0
118.305 0
118.348 0
118.353 0
118.357 0
118.362 0
118.425 0
118.429 0
118.434 0
118.438 0
118.509 0
118.515 0
118.519 0
118.523 0
118.59 0
118.594 0
118.598 0
118.666 0
118.67 0
118.674 0
118.678 0
118.75 0
118.755 0
118.76 0
118.765 0
118.827 0
118.834 0
118.838 0
118.843 0
118.915 0
118.92 0
118.924 0
118.988 0
118.997 0
119.005 0
119.068 0
119.072 0
119.077 0
119.081 0
119.147 0
119.2 0
119.204 0
119.24 0
119.244 0
119.365 0
119.365 0
119.387 0
119.393 0
119.399 0
119.419 0
119.423 0
119.5 0
119.512 0
119.548 0
119.56 0
119.627 0
119.631 0
119.636 0
119.64 0
119.736 0
119.74 0
119.771 0
119.776 0
119.776 43
119.805 0
119.853 0
119.874 0
119.879 0
119.884 0
119.889 0
119.894 0
119.899 0
119.955 0
119.959 0
119.964 0
119.968 0
119.977 0
120.033 0
120.037 0
120.042 0
120.051 0
120.056 0
120.061 0
120.112 0
120.116 0
120.12 0
120.125 0
120.128 0
120.226 0
120.23 0
120.268 0
120.272 0
120.276 0
120.28 0
120.284 0
120.354 0
120.358 0
120.363 0
120.369 0
120.375 0
120.379 0
120.449 0
120.453 0
120.457 0
120.513 0
120.518 0
120.523 0
120.528 0
120.532 0
120.536 0
120.598 0
120.603 0
120.609 0
120.614 0
120.618 0
121.514 0
121.514 0
121.514 0
121.514 0
121.521 0
121.521 0
121.549 0
121.554 0
121.558 0
121.563 0
121.568 0
121.573 0
121.634 0
121.639 0
121.644 0
121.649 0
121.657 0
121.662 0
121.719 0
121.724 0
121.729 0
121.734 0
121.739 0
121.792 0
121.796 0
121.8 0
121.805 0
121.812 0
121.816 0
121.876 0
121.881 0
121.887 0
121.892 0
121.899 0
121.955 0
121.96 0
121.965 0
121.971 0
121.976 0
121.981 0
122.04 0
122.045 0
122.049 0
122.054 0
122.06 0
122.064 0
122.113 0
122.118 0
122.123 0
122.13 0
122.135 0
122.14 0
122.206 0
122.21 0
122.218 0
122.224 0
122.274 0
122.279 0
122.284 0
122.289 0
122.295 0
122.299 0
122.359 0
122.364 0
122.369 0
122.374 0
122.379 0
122.435 0
122.44 0
122.445 0
122.45 0
122.456 0
122.463 0
122.518 0
122.523 0
122.529 0
122.534 0
122.54 0
122.594 0
122.599 0
122.604 0
122.61 0
122.615 0
122.62 0
122.675 0
122.68 0
122.685 0
122.69 0
122.696 0
122.745 0
122.75 0
122.754 0
122.758 0
122.762 0
122.832 0
122.836 0
122.842 0
122.847 0
122.907 0
122.913 0
122.919 0
122.986 0
122.992 0
122.999 0
123.003 0
123.072 0
123.077 0
123.081 0
123.085 0
123.089 0
123.153 0
123.157 0
123.161 0
123.166 0
123.17 0
123.232 0
123.239 0
123.243 0
123.248 0
123.314 0
123.319 0
123.323 0
123.327 0
123.393 0
123.397 0
123.408 0
123.413 0
123.417 0
123.477 0
123.481 0
123.485 0
123.489 0
123.494 0
123.499 0
123.551 0
123.556 0
123.561 0
123.565 0
123.569 0
123.627 0
123.632 0
123.636 0
123.64 0
123.645 0
123.649 0
123.704 0
123.709 0
123.713 0
123.718 0
123.786 0
123.79 0
125.098 0
125.098 0
125.302 0
125.507 0
125.712 0
125.712 0
125.712 43
125.717 0
125.722 0
125.727 0
125.731 0
125.736 0
125.784 0
125.789 0
125.795 0
125.8 0
125.805 0
125.81 0
125.815 0
125.821 0
125.908 0
125.913 0
125.955 0
125.96 0
125.964 0
125.969 0
125.974 0
125.979 0
126.037 0
126.043 0
126.049 0
126.054 0
126.059 0
126.13 0
126.135 0
126.142 0
126.198 0
126.203 0
126.208 0
126.212 0
126.217 0
126.223 0
126.273 0
126.278 0
126.283 0
126.288 0
126.293 0
126.299 0
126.358 0
126.363 0
126.368 0
126.372 0
126.377 0
126.381 0
126.434 0
126.438 0
126.443 0
126.449 0
126.453 0
126.457 0
126.463 0
126.518 0
126.523 0
126.528 0
126.532 0
126.537 0
126.543 0
126.594 0
126.599 0
126.603 0
126.609 0
126.613 0
126.617 0
126.941 0
126.941 0
126.941 0
126.941 0
126.946 0
126.951 0
126.997 0
127.002 0
127.008 0
127.013 0
127.017 0
127.023 0
127.075 0
127.08 0
127.085 0
127.09 0
127.095 0
127.1 0
127.158 0
127.163 0
127.168 0
127.174 0
127.179 0
127.184 0
127.189 0
127.234 0
127.239 0
127.243 0
127.249 0
127.254 0
127.26 0
127.318 0
127.323 0
127.328 0
127.333 0
127.338 0
127.345 0
127.394 0
127.399 0
127.404 0
127.408 0
127.413 0
127.418 0
127.479 0
127.484 0
127.489 0
127.494 0
127.498 0
127.505 0
127.554 0
127.559 0
127.564 0
127.569 0
127.573 0
127.579 0
127.638 0
127.643 0
127.647 0
127.652 0
127.659 0
127.663 0
127.714 0
127.719 0
127.725 0
127.733 0
127.738 0
127.743 0
127.791 0
127.796 0
127.8 0
127.804 0
127.808 0
127.873 0
127.877 0
127.884 0
127.889 0
127.893 0
127.898 0
127.903 0
127.957 0
127.961 0
127.966 0
127.971 0
127.975 0
127.98 0
128.035 0
128.04 0
128.046 0
128.052 0
128.056 0
128.061 0
128.068 0
128.118 0
128.123 0
128.128 0
128.133 0
128.137 0
128.193 0
128.198 0
128.203 0
128.208 0
128.213 0
128.218 0
128.278 0
128.283 0
128.288 0
128.293 0
128.298 0
128.354 0
128.359 0
128.363 0
128.368 0
128.374 0
128.379 0
128.437 0
128.442 0
128.447 0
128.452 0
128.457 0
128.513 0
128.518 0
128.522 0
128.53 0
128.534 0
128.539 0
128.597 0
128.602 0
128.607 0
128.612 0
128.617 0
128.674 0
128.678 0
128.685 0
128.689 0
128.694 0
128.699 0
128.764 0
128.768 0
128.773 0
128.778 0
128.833 0
128.838 0
128.843 0
128.85 0
128.855 0
128.861 0
128.918 0
128.932 0
128.937 0
128.942 0
128.996 0
129.001 0
129.006 0
129.011 0
129.017 0
129.023 0
129.078 0
129.083 0
129.089 0
129.095 0
129.101 0
129.155 0
129.16 0
129.165 0
129.169 0
129.176 0
129.182 0
129.235 0
129.24 0
129.245 0
129.251 0
129.256 0
129.261 0
129.314 0
129.319 0
129.324 0
129.328 0
129.333 0
129.338 0
129.398 0
129.403 0
129.41 0
129.415 0
129.42 0
129.475 0
129.481 0
129.486 0
129.49 0
129.498 0
129.505 0
129.558 0
129.564 0
129.569 0
129.574 0
129.579 0
129.634 0
129.639 0
129.644 0
129.65 0
129.655 0
129.661 0
129.719 0
129.724 0
129.73 0
129.735 0
129.74 0
129.773 0
129.778 0
129.778 43
129.809 0
129.855 0
129.86 0
129.878 0
129.883 0
129.888 0
129.893 0
129.9 0
129.907 0
129.953 0
129.959 0
129.964 0
129.969 0
129.974 0
129.979 0
130.045 0
130.05 0
130.056 0
130.063 0
130.116 0
130.122 0
130.127 0
130.131 0
130.136 0
130.141 0
130.199 0
130.204 0
130.209 0
130.214 0
130.219 0
130.275 0
130.28 0
130.285 0
130.29 0
130.295 0
130.3 0
130.358 0
130.363 0
130.369 0
130.374 0
130.379 0
130.435 0
130.441 0
130.445 0
130.45 0
130.49 0
130.517 0
130.522 0
130.529 0
130.535 0
130.54 0
130.594 0
130.599 0
130.604 0
130.61 0
130.615 0
130.621 0
130.708 0
130.714 0
130.752 0
130.756 0
130.761 0
130.768 0
130.773 0
130.779 0
130.839 0
130.844 0
130.849 0
130.853 0
130.858 0
130.864 0
130.929 0
130.934 0
130.939 0
130.998 0
131.003 0
131.009 0
131.014 0
131.018 0
131.074 0
131.079 0
131.083 0
131.088 0
131.093 0
131.098 0
131.157 0
131.162 0
131.167 0
131.172 0
131.177 0
131.235 0
131.241 0
131.245 0
131.25 0
131.257 0
131.263 0
131.319 0
131.323 0
131.33 0
131.334 0
131.339 0
131.394 0
131.398 0
131.403 0
131.409 0
131.414 0
131.418 0
131.479 0
131.484 0
131.488 0
131.493 0
131.498 0
131.555 0
131.559 0
131.564 0
131.569 0
131.574 0
131.578 0
131.638 0
131.643 0
131.648 0
131.654 0
131.658 0
131.714 0
131.719 0
131.724 0
131.729 0
131.737 0
131.741 0
131.804 0
131.809 0
131.816 0
131.821 0
131.875 0
131.88 0
131.885 0
131.89 0
131.897 0
131.903 0
131.958 0
131.963 0
131.968 0
131.973 0
131.978 0
132.034 0
132.039 0
132.044 0
132.049 0
132.054 0
132.06 0
132.119 0
132.124 0
132.129 0
132.134 0
132.14 0
132.196 0
132.201 0
132.205 0
132.21 0
132.217 0
132.223 0
132.277 0
132.282 0
132.287 0
132.292 0
132.299 0
132.304 0
132.353 0
132.358 0
132.363 0
132.369 0
132.374 0
132.379 0
132.437 0
132.442 0
132.447 0
132.451 0
132.457 0
132.463 0
132.514 0
132.519 0
132.523 0
132.53 0
132.535 0
132.54 0
132.545 0
132.598 0
132.603 0
132.608 0
132.614 0
132.618 0
132.674 0
132.679 0
132.684 0
132.69 0
132.695 0
132.7 0
132.758 0
132.763 0
132.77 0
132.777 0
132.783 0
132.833 0
132.838 0
132.843 0
132.851 0
132.855 0
132.86 0
132.918 0
132.923 0
132.928 0
132.932 0
132.939 0
132.943 0
132.991 0
132.996 0
133.001 0
133.005 0
133.011 0
133.015 0
133.077 0
133.083 0
133.088 0
133.093 0
133.098 0
133.105 0
133.153 0
133.158 0
133.163 0
133.169 0
133.174 0
133.179 0
133.237 0
133.242 0
133.248 0
133.253 0
133.258 0
133.314 0
133.318 0
133.323 0
133.329 0
133.334 0
133.904 0
133.904 0
133.909 0
133.953 0
133.957 0
133.965 0
133.969 0
133.973 0
133.977 0
134.045 0
134.05 0
134.055 0
134.061 0
134.115 0
134.119 0
134.124 0
134.131 0
134.136 0
134.141 0
134.198 0
134.203 0
134.208 0
134.214 0
134.221 0
134.274 0
134.279 0
134.284 0
134.289 0
134.294 0
134.298 0
134.357 0
134.362 0
134.368 0
134.372 0
134.377 0
134.435 0
134.44 0
134.445 0
134.45 0
134.457 0
134.463 0
134.517 0
134.524 0
134.529 0
134.534 0
134.539 0
134.593 0
134.598 0
134.602 0
134.608 0
134.614 0
134.62 0
134.678 0
134.683 0
134.772 0
134.776 0
134.776 43
136.259 0
136.259 0
136.28 0
136.284 0
136.288 0
136.292 0
136.3 0
136.306 0
136.353 0
136.359 0
136.372 0
136.377 0
136.381 0
136.437 0
136.442 0
136.447 0
136.451 0
136.456 0
136.461 0
136.515 0
136.52 0
136.525 0
136.529 0
136.537 0
136.543 0
136.599 0
136.604 0
136.609 0
136.614 0
136.62 0
136.673 0
136.678 0
136.683 0
136.689 0
136.694 0
136.699 0
136.759 0
136.764 0
136.77 0
136.775 0
136.78 0
136.833 0
136.839 0
136.844 0
136.848 0
136.853 0
136.859 0
136.916 0
136.921 0
136.927 0
136.932 0
136.937 0
136.995 0
136.999 0
137.005 0
137.01 0
137.018 0
137.024 0
137.078 0
137.083 0
137.088 0
137.092 0
137.097 0
137.102 0
137.154 0
137.158 0
137.163 0
137.169 0
137.174 0
137.18 0
137.238 0
137.243 0
137.248 0
137.253 0
137.258 0
137.315 0
137.32 0
137.325 0
137.329 0
137.334 0
137.341 0
137.397 0
137.403 0
137.409 0
137.414 0
137.419 0
137.472 0
137.477 0
137.482 0
137.489 0
137.495 0
137.501 0
137.556 0
137.561 0
137.566 0
137.571 0
137.577 0
137.584 0
137.635 0
137.64 0
137.645 0
137.649 0
137.654 0
137.659 0
137.717 0
137.722 0
137.728 0
137.732 0
137.737 0
137.793 0
137.799 0
137.804 0
137.81 0
137.816 0
137.823 0
137.879 0
137.885 0
137.89 0
137.895 0
137.904 0
137.954 0
137.959 0
137.963 0
137.969 0
137.976 0
137.982 0
138.039 0
138.045 0
138.051 0
138.056 0
138.061 0
138.114 0
138.119 0
138.124 0
138.129 0
138.135 0
138.139 0
138.199 0
138.204 0
138.21 0
138.215 0
138.221 0
138.273 0
138.278 0
138.283 0
138.289 0
138.293 0
138.298 0
138.357 0
138.361 0
138.366 0
138.371 0
138.376 0
138.382 0
138.434 0
138.439 0
138.444 0
138.449 0
138.454 0
138.459 0
138.517 0
138.522 0
138.527 0
138.532 0
138.537 0
138.595 0
138.6 0
138.606 0
138.61 0
138.616 0
138.621 0
138.679 0
138.684 0
138.689 0
138.694 0
138.701 0
138.754 0
138.76 0
138.772 0
138.777 0
138.781 0
138.836 0
138.841 0
138.849 0
138.854 0
138.859 0
138.913 0
138.919 0
138.924 0
138.929 0
138.934 0
138.999 0
139.004 0
139.012 0
139.017 0
139.022 0
139.073 0
139.078 0
139.084 0
139.09 0
139.095 0
139.1 0
139.159 0
139.164 0
139.169 0
139.174 0
139.179 0
139.186 0
139.235 0
139.24 0
139.245 0
139.25 0
139.258 0
139.264 0
139.319 0
139.324 0
139.331 0
139.336 0
139.343 0
139.394 0
139.399 0
139.405 0
139.41 0
139.416 0
139.422 0
139.479 0
139.485 0
139.49 0
139.494 0
139.501 0
139.554 0
139.56 0
139.565 0
139.57 0
139.575 0
139.581 0
139.639 0
139.646 0
139.653 0
139.659 0
139.667 0
139.713 0
139.72 0
139.725 0
139.731 0
139.736 0
139.744 0
139.772 0
139.78 0
139.78 43
139.811 0
139.857 0
139.864 0
139.875 0
139.882 0
139.888 0
139.894 0
139.901 0
139.958 0
139.964 0
139.97 0
139.977 0
139.984 0
140.033 0
140.039 0
140.044 0
140.084 0
140.089 0
140.119 0
140.125 0
140.13 0
140.136 0
140.142 0
140.194 0
140.199 0
140.204 0
140.209 0
140.217 0
140.223 0
140.307 0
140.312 0
140.354 0
140.36 0
140.365 0
140.37 0
140.376 0
140.382 0
140.439 0
140.443 0
140.45 0
140.456 0
140.465 0
140.527 0
140.533 0
140.588 0
140.594 0
140.598 0
140.601 0
140.605 0
140.67 0
140.675 0
140.679 0
140.685 0
140.689 0
140.694 0
140.759 0
140.764 0
140.769 0
140.776 0
140.781 0
140.832 0
140.837 0
140.842 0
140.848 0
140.854 0
140.86 0
140.917 0
140.923 0
140.929 0
140.969 0
140.976 0
140.992 0
140.998 0
141.004 0
141.009 0
141.016 0
141.022 0
141.077 0
141.082 0
141.089 0
141.094 0
141.1 0
141.161 0
141.166 0
141.171 0
141.176 0
141.182 0
141.238 0
141.245 0
141.251 0
141.258 0
141.265 0
141.313 0
141.318 0
141.324 0
141.329 0
141.336 0
141.34 0
141.398 0
141.403 0
141.41 0
141.415 0
141.422 0
141.469 0
141.475 0
141.483 0
141.487 0
141.548 0
141.552 0
141.557 0
141.562 0
141.568 0
141.635 0
141.64 0
141.646 0
141.652 0
141.658 0
141.664 0
141.719 0
141.724 0
141.73 0
141.737 0
141.743 0
141.795 0
141.799 0
141.805 0
141.811 0
141.817 0
141.825 0
141.878 0
141.885 0
141.892 0
141.898 0
141.905 0
141.953 0
141.958 0
141.965 0
141.969 0
141.978 0
141.983 0
142.038 0
142.044 0
142.05 0
142.057 0
142.064 0
142.114 0
142.12 0
142.125 0
142.131 0
142.137 0
142.145 0
142.198 0
142.204 0
142.21 0
142.217 0
142.224 0
142.274 0
142.28 0
142.284 0
142.29 0
142.296 0
142.303 0
142.359 0
142.365 0
142.371 0
142.377 0
142.384 0
142.435 0
142.44 0
142.446 0
142.453 0
142.46 0
142.516 0
142.521 0
142.528 0
142.533 0
142.541 0
142.592 0
142.599 0
142.605 0
142.612 0
142.62 0
142.676 0
142.681 0
142.687 0
142.693 0
142.699 0
142.755 0
142.761 0
142.767 0
142.773 0
142.779 0
142.784 0
142.839 0
142.844 0
142.85 0
142.856 0
142.864 0
142.915 0
142.92 0
142.926 0
142.931 0
142.938 0
142.944 0
142.999 0
143.005 0
143.011 0
143.019 0
143.025 0
143.074 0
143.08 0
143.085 0
143.092 0
143.097 0
143.156 0
143.161 0
143.167 0
143.172 0
143.231 0
143.236 0
143.242 0
143.249 0
143.257 0
143.319 0
143.326 0
143.332 0
143.339 0
143.346 0
143.395 0
143.4 0
143.405 0
143.412 0
143.417 0
143.425 0
143.479 0
143.485 0
143.491 0
143.498 0
143.504 0
143.555 0
143.56 0
143.566 0
143.57 0
143.576 0
143.583 0
143.637 0
143.643 0
143.649 0
143.654 0
143.658 0
143.715 0
143.721 0
143.726 0
143.73 0
143.738 0
143.744 0
143.798 0
143.804 0
143.811 0
143.818 0
143.825 0
143.875 0
143.881 0
143.887 0
143.892 0
143.897 0
143.958 0
143.963 0
143.97 0
143.976 0
143.984 0
144.034 0
144.041 0
144.046 0
144.053 0
144.06 0
144.118 0
144.124 0
144.13 0
144.137 0
144.143 0
144.195 0
144.201 0
144.208 0
144.214 0
144.221 0
144.279 0
144.285 0
144.292 0
144.298 0
144.303 0
144.354 0
144.359 0
144.365 0
144.37 0
144.375 0
144.383 0
144.439 0
144.445 0
144.452 0
144.458 0
144.466 0
144.514 0
144.52 0
144.526 0
144.531 0
144.537 0
144.597 0
144.603 0
144.609 0
144.613 0
144.619 0
144.673 0
144.679 0
144.687 0
144.693 0
144.7 0
144.76 0
144.766 0
144.771 0
144.777 0
144.777 43
144.828 0
144.833 0
144.838 0
144.842 0
144.847 0
144.854 0
144.858 0
144.919 0
144.925 0
144.93 0
144.936 0
144.941 0
144.996 0
145.002 0
145.008 0
145.013 0
145.02 0
145.025 0
145.106 0
145.111 0
145.154 0
145.159 0
145.164 0
145.169 0
145.176 0
145.181 0
145.238 0
145.243 0
145.249 0
145.254 0
145.259 0
145.326 0
145.331 0
145.336 0
145.342 0
145.398 0
145.403 0
145.409 0
145.417 0
145.423 0
145.474 0
145.48 0
145.486 0
145.49 0
145.496 0
145.502 0
145.885 0
145.885 0
145.897 0
145.903 0
145.908 0
145.913 0
145.92 0
145.96 0
145.99 0
145.996 0
146.04 0
146.045 0
146.051 0
146.056 0
146.061 0
146.112 0
146.117 0
146.122 0
146.128 0
146.135 0
146.14 0
146.21 0
146.216 0
146.223 0
146.274 0
146.279 0
146.285 0
146.29 0
146.296 0
146.302 0
146.359 0
146.365 0
146.37 0
146.376 0
146.384 0
146.434 0
146.441 0
146.448 0
146.453 0
146.46 0
146.518 0
146.524 0
146.529 0
146.533 0
146.595 0
146.601 0
146.606 0
146.612 0
146.617 0
146.623 0
146.666 0
146.67 0
146.676 0
146.681 0
146.753 0
146.759 0
146.765 0
146.77 0
146.776 0
146.838 0
146.844 0
146.849 0
146.854 0
146.86 0
147.73 0
147.73 0
148.342 0
148.344 0
148.65 0
148.65 0
148.661 0
148.666 0
148.672 0
148.677 0
148.683 0
148.688 0
148.693 0
148.699 0
148.76 0
148.765 0
148.771 0
148.776 0
148.781 0
148.833 0
148.838 0
148.844 0
148.848 0
148.855 0
148.86 0
148.919 0
148.925 0
148.93 0
148.936 0
148.942 0
148.995 0
149.001 0
149.006 0
149.013 0
149.02 0
149.076 0
149.083 0
149.088 0
149.096 0
149.102 0
149.154 0
149.16 0
149.166 0
149.171 0
149.177 0
149.238 0
149.244 0
149.249 0
149.257 0
149.264 0
149.315 0
149.321 0
149.328 0
149.334 0
149.341 0
149.397 0
149.404 0
149.409 0
149.981 0
149.981 0
149.981 0
149.981 43
150.214 43
150.216 0
150.216 0
150.493 0
150.601 0
150.607 0
150.612 0
150.616 0
150.661 0
150.68 0
150.686 0
150.691 0
150.697 0
150.702 0
150.748 0
150.787 0
150.787 0
150.798 0
150.839 0
150.845 0
150.85 0
150.855 0
150.861 0
150.914 0
150.92 0
150.925 0
150.929 0
150.934 0
150.942 0
150.948 0
151.009 0
151.015 0
151.021 0
151.075 0
151.08 0
151.085 0
151.091 0
151.097 0
151.101 0
151.151 0
151.155 0
151.159 0
151.165 0
151.231 0
151.236 0
151.24 0
151.247 0
151.309 0
151.314 0
151.319 0
151.323 0
151.394 0
151.399 0
151.405 0
151.409 0
151.416 0
151.421 0
151.479 0
151.486 0
152.234 0
152.234 0
152.234 0
152.244 0
152.278 0
152.284 0
152.289 0
152.297 0
152.304 0
152.355 0
152.362 0
152.367 0
152.372 0
152.378 0
152.385 0
152.44 0
152.445 0
152.45 0
152.455 0
152.462 0
152.514 0
152.519 0
152.524 0
152.529 0
152.536 0
152.543 0
152.599 0
152.604 0
152.61 0
152.616 0
152.622 0
152.676 0
152.681 0
152.687 0
152.693 0
152.699 0
152.757 0
152.762 0
152.767 0
152.773 0
152.778 0
152.835 0
152.841 0
152.847 0
152.853 0
152.859 0
152.918 0
152.925 0
152.93 0
152.935 0
152.939 0
152.998 0
153.004 0
153.01 0
153.015 0
153.021 0
153.078 0
153.083 0
153.088 0
153.093 0
153.098 0
153.104 0
153.155 0
153.161 0
153.166 0
153.171 0
153.176 0
153.182 0
153.239 0
153.245 0
153.25 0
153.255 0
153.261 0
153.317 0
153.322 0
153.327 0
153.332 0
153.338 0
153.344 0
153.4 0
153.405 0
153.41 0
153.415 0
153.42 0
153.474 0
153.48 0
153.484 0
153.489 0
153.494 0
153.499 0
153.559 0
153.565 0
153.57 0
153.575 0
153.58 0
153.635 0
153.641 0
153.646 0
153.651 0
153.656 0
153.661 0
153.72 0
153.725 0
153.73 0
153.739 0
153.744 0
153.795 0
153.801 0
153.806 0
153.811 0
153.818 0
153.824 0
153.878 0
153.884 0
153.89 0
153.895 0
153.902 0
153.955 0
153.961 0
153.966 0
153.972 0
153.978 0
153.984 0
154.039 0
154.044 0
154.052 0
154.057 0
154.062 0
154.114 0
154.119 0
154.124 0
154.129 0
154.134 0
154.139 0
154.199 0
154.205 0
154.211 0
154.216 0
154.221 0
154.276 0
154.281 0
154.286 0
154.291 0
154.298 0
154.304 0
154.36 0
154.365 0
154.37 0
154.375 0
154.379 0
154.434 0
154.439 0
154.444 0
154.449 0
154.454 0
154.459 0
154.518 0
154.524 0
154.529 0
154.534 0
154.539 0
154.596 0
154.601 0
154.606 0
154.611 0
154.618 0
154.623 0
154.679 0
154.685 0
154.691 0
154.698 0
154.704 0
154.756 0
154.761 0
154.766 0
154.771 0
154.776 0
154.776 43
154.824 0
154.84 0
154.845 0
154.85 0
154.857 0
154.864 0
154.915 0
154.92 0
154.925 0
154.93 0
154.935 0
154.94 0
155 0
155.005 0
155.011 0
155.016 0
155.021 0
155.074 0
155.079 0
155.084 0
155.089 0
155.096 0
155.102 0
155.158 0
155.164 0
155.168 0
155.173 0
155.18 0
155.235 0
155.24 0
155.245 0
155.25 0
155.255 0
155.261 0
155.318 0
155.323 0
155.328 0
155.366 0
155.371 0
155.392 0
155.397 0
155.403 0
155.409 0
155.414 0
155.421 0
155.477 0
155.483 0
155.489 0
155.494 0
155.5 0
155.587 0
155.594 0
155.639 0
155.644 0
155.649 0
155.654 0
155.661 0
155.715 0
155.72 0
155.725 0
155.73 0
155.737 0
155.743 0
155.808 0
155.813 0
155.819 0
155.874 0
155.878 0
155.883 0
155.889 0
155.894 0
155.9 0
155.959 0
155.964 0
155.969 0
155.974 0
155.98 0
156.034 0
156.039 0
156.044 0
156.049 0
156.054 0
156.059 0
156.122 0
156.128 0
156.132 0
156.138 0
156.143 0
156.193 0
156.198 0
156.203 0
156.209 0
156.214 0
156.251 0
156.277 0
156.283 0
156.289 0
156.294 0
156.299 0
156.355 0
156.36 0
156.365 0
156.37 0
156.374 0
156.381 0
156.438 0
156.444 0
156.45 0
156.455 0
156.461 0
156.514 0
156.519 0
156.524 0
156.529 0
156.534 0
156.539 0
156.598 0
156.603 0
156.608 0
156.613 0
156.618 0
156.623 0
156.842 0
156.842 0
156.848 0
156.853 0
156.858 0
156.863 0
156.915 0
156.921 0
156.927 0
156.933 0
156.938 0
156.995 0
157.001 0
157.006 0
157.012 0
157.017 0
157.024 0
157.08 0
157.085 0
157.09 0
157.095 0
157.1 0
157.154 0
157.16 0
157.166 0
157.171 0
157.177 0
157.184 0
157.239 0
157.244 0
157.249 0
157.256 0
157.261 0
157.315 0
157.319 0
157.324 0
157.331 0
157.336 0
157.34 0
157.4 0
157.405 0
157.409 0
157.414 0
157.419 0
157.476 0
157.481 0
157.486 0
157.492 0
157.496 0
157.501 0
157.558 0
157.564 0
157.57 0
157.575 0
157.58 0
157.634 0
157.639 0
157.645 0
157.65 0
157.655 0
157.66 0
157.721 0
157.726 0
157.731 0
157.738 0
157.745 0
157.794 0
157.8 0
157.804 0
157.81 0
157.816 0
157.823 0
157.878 0
157.882 0
157.888 0
157.893 0
157.9 0
157.904 0
157.954 0
157.958 0
157.963 0
157.97 0
157.975 0
157.979 0
157.983 0
158.038 0
158.043 0
158.047 0
158.052 0
158.059 0
158.065 0
158.115 0
158.12 0
158.125 0
158.129 0
158.137 0
158.143 0
158.198 0
158.203 0
158.209 0
158.214 0
158.22 0
158.275 0
158.281 0
158.286 0
158.291 0
158.297 0
158.303 0
158.36 0
158.365 0
158.369 0
158.374 0
158.379 0
158.436 0
158.441 0
158.446 0
158.45 0
158.458 0
158.466 0
158.519 0
158.525 0
158.531 0
158.536 0
158.541 0
158.594 0
158.6 0
158.605 0
158.61 0
158.614 0
158.621 0
158.677 0
158.683 0
158.689 0
158.694 0
158.699 0
158.755 0
158.761 0
158.766 0
158.771 0
158.779 0
158.785 0
158.84 0
158.845 0
158.851 0
158.856 0
158.861 0
158.914 0
158.92 0
158.925 0
158.93 0
158.936 0
158.941 0
158.999 0
159.005 0
159.01 0
159.015 0
159.022 0
159.074 0
159.08 0
159.085 0
159.091 0
159.096 0
159.102 0
159.159 0
159.164 0
159.17 0
159.175 0
159.182 0
159.234 0
159.24 0
159.245 0
159.251 0
159.257 0
159.264 0
159.318 0
159.323 0
159.329 0
159.334 0
159.34 0
159.395 0
159.401 0
159.407 0
159.412 0
159.419 0
159.425 0
159.479 0
159.485 0
159.49 0
159.495 0
159.5 0
159.554 0
159.56 0
159.565 0
159.571 0
159.576 0
159.583 0
159.639 0
159.645 0
159.65 0
159.655 0
159.661 0
159.714 0
159.72 0
159.725 0
159.73 0
159.735 0
159.771 0
159.775 0
159.775 43
159.797 0
159.842 0
159.865 0
159.869 0
159.874 0
159.878 0
159.948 0
159.952 0
159.957 0
159.961 0
159.965 0
160.028 0
160.032 0
160.037 0
160.042 0
160.048 0
160.119 0
160.124 0
160.128 0
160.169 0
160.195 0
160.2 0
160.205 0
160.209 0
160.216 0
160.222 0
160.279 0
160.284 0
160.29 0
160.294 0
160.3 0
160.386 0
160.39 0
160.438 0
160.443 0
160.45 0
160.455 0
160.461 0
160.513 0
160.518 0
160.522 0
160.528 0
160.533 0
160.539 0
160.608 0
160.612 0
160.617 0
160.624 0
160.673 0
160.678 0
160.682 0
160.688 0
160.693 0
160.699 0
160.758 0
160.763 0
160.769 0
160.774 0
160.78 0
160.835 0
160.84 0
160.845 0
160.85 0
160.856 0
160.862 0
160.918 0
160.923 0
160.93 0
160.934 0
160.939 0
160.995 0
161 0
161.005 0
161.01 0
161.02 0
161.026 0
161.08 0
161.085 0
161.09 0
161.095 0
161.1 0
161.155 0
161.16 0
161.164 0
161.169 0
161.177 0
161.183 0
161.241 0
161.247 0
161.252 0
161.257 0
161.262 0
161.268 0
161.316 0
161.321 0
161.327 0
161.332 0
161.337 0
161.398 0
161.403 0
161.41 0
161.415 0
161.42 0
161.473 0
161.479 0
161.483 0
161.489 0
161.497 0
161.501 0
161.558 0
161.564 0
161.57 0
161.575 0
161.58 0
161.585 0
161.635 0
161.64 0
161.645 0
161.65 0
161.658 0
161.664 0
161.72 0
161.725 0
161.73 0
161.738 0
161.744 0
161.794 0
161.799 0
161.804 0
161.809 0
161.813 0
161.82 0
161.878 0
161.884 0
161.889 0
161.894 0
161.901 0
161.955 0
161.961 0
161.966 0
161.971 0
161.977 0
161.983 0
162.036 0
162.042 0
162.047 0
162.052 0
162.057 0
162.064 0
162.115 0
162.12 0
162.125 0
162.13 0
162.137 0
162.143 0
162.198 0
162.204 0
162.209 0
162.214 0
162.219 0
162.276 0
162.282 0
162.286 0
162.291 0
162.297 0
162.303 0
162.358 0
162.363 0
162.368 0
162.374 0
162.379 0
162.432 0
162.437 0
162.442 0
162.449 0
162.454 0
162.46 0
162.518 0
162.523 0
162.528 0
162.532 0
162.538 0
162.544 0
162.595 0
162.6 0
162.605 0
162.61 0
162.614 0
162.619 0
162.677 0
162.683 0
162.688 0
162.693 0
162.698 0
162.754 0
162.759 0
162.764 0
162.769 0
162.774 0
162.781 0
162.838 0
162.843 0
162.849 0
162.854 0
162.86 0
162.914 0
162.92 0
162.925 0
162.93 0
162.935 0
162.94 0
162.998 0
163.005 0
163.009 0
163.013 0
163.018 0
163.075 0
163.08 0
163.085 0
163.09 0
163.097 0
163.104 0
163.158 0
163.164 0
163.17 0
163.175 0
163.18 0
163.235 0
163.24 0
163.245 0
163.25 0
163.255 0
163.261 0
163.319 0
163.324 0
163.329 0
163.334 0
163.341 0
163.395 0
163.401 0
163.406 0
163.411 0
163.416 0
163.422 0
163.478 0
163.484 0
163.489 0
163.494 0
163.499 0
163.555 0
163.56 0
163.565 0
163.57 0
163.576 0
163.581 0
163.639 0
163.644 0
163.649 0
163.655 0
163.661 0
163.713 0
163.718 0
163.724 0
163.729 0
163.734 0
163.74 0
163.798 0
163.805 0
163.81 0
163.817 0
163.823 0
163.876 0
163.882 0
163.887 0
163.892 0
163.897 0
163.903 0
163.958 0
163.964 0
163.969 0
163.974 0
163.979 0
164.035 0
164.04 0
164.045 0
164.05 0
164.056 0
164.063 0
164.118 0
164.123 0
164.129 0
164.134 0
164.141 0
164.196 0
164.201 0
164.206 0
164.211 0
164.218 0
164.224 0
164.28 0
164.285 0
164.29 0
164.297 0
164.303 0
164.353 0
164.358 0
164.363 0
164.368 0
164.373 0
164.378 0
164.438 0
164.443 0
164.449 0
164.454 0
164.46 0
164.516 0
164.521 0
164.527 0
164.531 0
164.537 0
164.543 0
164.599 0
164.604 0
164.609 0
164.616 0
164.621 0
164.673 0
164.678 0
164.684 0
164.689 0
164.694 0
164.701 0
164.758 0
164.764 0
164.77 0
164.776 0
164.776 43
164.823 0
164.834 0
164.839 0
164.844 0
164.849 0
164.858 0
164.864 0
164.918 0
164.924 0
164.929 0
164.934 0
164.939 0
164.994 0
164.999 0
165.004 0
165.009 0
165.016 0
165.022 0
165.077 0
165.083 0
165.089 0
165.094 0
165.101 0
165.185 0
165.19 0
165.237 0
165.243 0
165.249 0
165.254 0
165.259 0
165.315 0
165.32 0
165.326 0
165.331 0
165.337 0
165.343 0
165.407 0
165.413 0
165.417 0
165.423 0
165.475 0
165.48 0
165.485 0
165.49 0
165.495 0
165.5 0
165.558 0
165.563 0
165.569 0
165.574 0
165.581 0
165.634 0
165.639 0
165.643 0
165.65 0
165.654 0
165.658 0
165.719 0
165.724 0
165.73 0
165.734 0
165.74 0
165.795 0
165.8 0
165.805 0
165.81 0
165.848 0
165.853 0
165.878 0
165.883 0
165.888 0
165.893 0
165.897 0
165.954 0
165.959 0
165.964 0
165.969 0
165.976 0
165.983 0
166.04 0
166.046 0
166.051 0
166.057 0
166.063 0
166.114 0
166.119 0
166.124 0
166.129 0
166.136 0
166.14 0
166.198 0
166.204 0
166.209 0
166.213 0
166.219 0
166.291 0
166.296 0
166.358 0
166.365 0
166.369 0
166.378 0
166.384 0
166.434 0
166.438 0
166.443 0
166.448 0
166.453 0
166.459 0
166.519 0
166.524 0
167.185 0
167.594 0
167.594 0
167.902 0
167.902 0
167.909 0
167.909 0
167.915 0
167.92 0
167.925 0
167.929 0
167.934 0
167.957 0
167.962 0
167.967 0
167.971 0
167.976 0
167.981 0
168.035 0
168.04 0
168.045 0
168.052 0
168.056 0
168.061 0
168.118 0
168.123 0
168.131 0
168.135 0
168.141 0
168.194 0
168.198 0
168.203 0
168.208 0
168.216 0
168.223 0
168.28 0
168.285 0
168.29 0
168.295 0
168.299 0
168.355 0
168.361 0
168.366 0
168.371 0
168.379 0
168.383 0
168.438 0
168.443 0
168.448 0
168.453 0
168.458 0
168.515 0
168.52 0
168.525 0
168.53 0
168.536 0
168.542 0
168.599 0
168.603 0
168.608 0
168.613 0
168.618 0
168.677 0
168.682 0
168.687 0
168.693 0
168.698 0
168.705 0
168.758 0
168.763 0
168.771 0
168.776 0
168.781 0
168.833 0
168.838 0
168.843 0
168.849 0
168.854 0
168.859 0
168.919 0
168.925 0
168.93 0
168.937 0
168.942 0
168.995 0
169.001 0
169.006 0
169.011 0
169.017 0
169.023 0
169.079 0
169.084 0
169.09 0
169.095 0
169.1 0
169.154 0
169.159 0
169.164 0
169.169 0
169.174 0
169.178 0
169.238 0
169.244 0
169.248 0
169.253 0
169.258 0
169.315 0
169.32 0
169.325 0
169.33 0
169.337 0
169.343 0
169.398 0
169.403 0
169.409 0
169.414 0
169.419 0
169.474 0
169.48 0
169.485 0
169.49 0
169.494 0
169.501 0
169.558 0
169.563 0
169.569 0
169.573 0
169.578 0
169.634 0
169.64 0
169.646 0
169.651 0
169.658 0
169.664 0
169.719 0
169.724 0
169.731 0
169.736 0
169.742 0
169.772 0
169.779 0
169.78 43
169.81 0
169.856 0
169.861 0
169.878 0
169.883 0
169.888 0
169.893 0
169.899 0
169.955 0
169.96 0
169.965 0
169.97 0
169.975 0
169.981 0
170.038 0
170.043 0
170.047 0
170.053 0
170.059 0
170.114 0
170.119 0
170.124 0
170.129 0
170.137 0
170.143 0
170.206 0
170.209 0
170.216 0
170.222 0
170.275 0
170.28 0
170.285 0
170.29 0
170.297 0
170.303 0
170.359 0
170.364 0
170.369 0
170.374 0
170.379 0
170.435 0
170.44 0
170.445 0
170.45 0
170.456 0
170.461 0
170.518 0
170.523 0
170.528 0
170.533 0
170.537 0
170.595 0
170.6 0
170.605 0
170.61 0
170.647 0
170.654 0
170.678 0
170.683 0
170.689 0
170.694 0
170.699 0
170.753 0
170.758 0
170.763 0
170.768 0
170.775 0
170.782 0
170.868 0
170.874 0
170.914 0
170.919 0
170.924 0
170.929 0
170.934 0
170.939 0
170.998 0
171.004 0
171.009 0
171.017 0
171.023 0
171.09 0
171.095 0
171.101 0
171.157 0
171.162 0
171.168 0
171.173 0
171.179 0
171.235 0
171.24 0
171.246 0
171.251 0
171.256 0
171.263 0
171.319 0
171.324 0
171.329 0
171.334 0
171.34 0
171.394 0
171.399 0
171.404 0
171.41 0
171.415 0
171.42 0
171.478 0
171.482 0
171.488 0
171.494 0
171.498 0
171.502 0
171.555 0
171.561 0
171.566 0
171.571 0
171.578 0
171.584 0
171.638 0
171.644 0
171.649 0
171.655 0
171.659 0
171.712 0
171.717 0
171.722 0
171.728 0
171.733 0
171.738 0
171.797 0
171.802 0
171.809 0
171.814 0
171.818 0
171.874 0
171.879 0
172.714 0
172.714 0
173.329 0
173.636 0
173.943 0
173.943 0
174.25 0
174.259 0
174.264 0
174.269 0
174.274 0
174.279 0
174.284 0
174.289 0
174.294 0
174.3 0
174.358 0
174.363 0
174.37 0
174.374 0
174.379 0
174.433 0
174.438 0
174.443 0
174.447 0
174.452 0
174.459 0
174.518 0
174.523 0
174.528 0
174.536 0
174.541 0
174.594 0
174.599 0
174.604 0
174.609 0
174.616 0
174.62 0
174.678 0
174.683 0
174.689 0
174.694 0
174.699 0
174.755 0
174.76 0
174.768 0
174.771 0
174.776 0
174.776 43
174.849 0
174.895 0
174.901 0
174.914 0
174.919 0
174.924 0
174.929 0
174.937 0
174.943 0
174.996 0
175.001 0
175.006 0
175.011 0
175.016 0
175.022 0
175.075 0
175.08 0
175.085 0
175.09 0
175.098 0
175.104 0
175.158 0
175.163 0
175.168 0
175.173 0
175.178 0
175.234 0
175.239 0
175.244 0
175.249 0
175.253 0
175.259 0
175.318 0
175.323 0
175.329 0
175.334 0
175.338 0
175.344 0
175.395 0
175.4 0
175.405 0
175.41 0
175.45 0
175.478 0
175.483 0
175.488 0
175.493 0
175.497 0
175.502 0
175.553 0
175.558 0
175.563 0
175.568 0
175.573 0
175.578 0
175.668 0
175.672 0
175.715 0
175.72 0
175.725 0
175.729 0
175.734 0
175.739 0
175.798 0
175.803 0
175.81 0
175.814 0
175.82 0
175.889 0
175.894 0
175.901 0
175.959 0
175.963 0
175.968 0
175.973 0
175.977 0
176.034 0
176.039 0
176.043 0
176.048 0
176.056 0
176.062 0
176.118 0
176.122 0
176.127 0
176.132 0
176.137 0
176.195 0
176.2 0
176.205 0
176.21 0
176.217 0
176.222 0
176.278 0
176.283 0
176.291 0
176.33 0
176.336 0
176.353 0
176.358 0
176.363 0
176.368 0
176.373 0
176.377 0
176.436 0
176.442 0
176.447 0
176.452 0
176.457 0
176.463 0
176.513 0
176.518 0
177.015 0
177.015 0
177.02 0
177.029 0
177.033 0
177.038 0
177.044 0
177.078 0
177.083 0
177.088 0
177.093 0
177.098 0
177.154 0
177.158 0
177.163 0
177.168 0
177.173 0
177.178 0
177.239 0
177.244 0
177.249 0
177.254 0
177.258 0
177.263 0
177.313 0
177.318 0
177.323 0
177.328 0
177.333 0
177.339 0
177.396 0
177.4 0
177.405 0
177.409 0
177.416 0
177.421 0
177.474 0
177.478 0
177.482 0
177.49 0
177.494 0
177.499 0
177.504 0
177.558 0
177.563 0
177.57 0
177.574 0
177.579 0
177.633 0
177.639 0
177.643 0
177.65 0
177.654 0
177.658 0
177.718 0
177.724 0
177.729 0
177.736 0
177.743 0
177.794 0
177.799 0
177.803 0
177.81 0
177.813 0
177.818 0
177.879 0
177.884 0
177.89 0
177.893 0
177.9 0
177.905 0
177.955 0
177.958 0
177.963 0
177.969 0
177.973 0
177.977 0
178.039 0
178.044 0
178.049 0
178.056 0
178.063 0
178.112 0
178.117 0
178.122 0
178.127 0
178.132 0
178.135 0
178.139 0
178.198 0
178.203 0
178.208 0
178.213 0
178.218 0
178.273 0
178.278 0
178.283 0
178.288 0
178.293 0
178.299 0
178.358 0
178.362 0
178.367 0
178.371 0
178.377 0
178.382 0
178.432 0
178.437 0
178.441 0
178.448 0
178.451 0
178.456 0
178.519 0
178.524 0
178.528 0
178.534 0
178.539 0
178.544 0
178.594 0
178.6 0
178.605 0
178.609 0
178.618 0
178.623 0
178.675 0
178.68 0
178.685 0
178.689 0
178.694 0
178.744 0
178.748 0
178.752 0
178.757 0
178.761 0
178.834 0
178.838 0
178.844 0
178.848 0
178.854 0
178.861 0
178.917 0
178.923 0
178.927 0
178.932 0
178.936 0
178.943 0
178.997 0
179.002 0
179.006 0
179.011 0
179.018 0
179.024 0
179.073 0
179.078 0
179.084 0
179.089 0
179.096 0
179.101 0
179.159 0
179.165 0
179.17 0
179.177 0
179.181 0
179.234 0
179.239 0
179.244 0
179.249 0
179.257 0
179.263 0
179.319 0
179.323 0
179.328 0
179.333 0
179.338 0
179.394 0
179.399 0
179.404 0
179.409 0
179.414 0
179.42 0
179.479 0
179.484 0
179.49 0
179.495 0
179.5 0
179.556 0
179.561 0
179.565 0
179.571 0
179.578 0
179.584 0
179.638 0
179.644 0
179.649 0
179.654 0
179.66 0
179.711 0
179.715 0
179.72 0
179.727 0
179.732 0
179.736 0
179.773 0
179.78 0
179.78 43
179.81 0
179.855 0
179.86 0
179.874 0
179.879 0
179.885 0
179.889 0
179.897 0
179.901 0
179.958 0
179.965 0
179.97 0
179.977 0
179.984 0
180.033 0
180.038 0
180.043 0
180.048 0
180.056 0
180.061 0
180.117 0
180.123 0
180.128 0
180.133 0
180.139 0
180.194 0
180.199 0
180.205 0
180.209 0
180.249 0
180.277 0
180.282 0
180.287 0
180.293 0
180.298 0
180.353 0
180.358 0
180.363 0
180.368 0
180.375 0
180.38 0
180.467 0
180.473 0
180.514 0
180.52 0
180.525 0
180.53 0
180.538 0
180.544 0
180.6 0
180.604 0
180.609 0
180.615 0
180.619 0
180.689 0
180.694 0
180.701 0
180.758 0
180.763 0
180.768 0
180.773 0
180.776 0
180.835 0
180.84 0
180.844 0
180.85 0
180.853 0
180.858 0
180.863 0
180.918 0
180.923 0
180.93 0
180.935 0
180.939 0
180.994 0
180.998 0
181.003 0
181.008 0
181.012 0
181.017 0
181.021 0
181.078 0
181.083 0
181.09 0
181.1 0
181.106 0
181.154 0
181.158 0
181.163 0
181.168 0
181.175 0
181.18 0
181.237 0
181.242 0
181.248 0
181.253 0
181.258 0
181.313 0
181.35 0
181.355 0
181.397 0
181.403 0
182.044 0
182.442 0
184.799 0
184.806 0
184.812 0
184.812 0
184.817 0
184.822 0
184.826 0
184.831 0
184.836 0
184.841 0
184.846 0
184.851 0
184.856 0
184.863 0
184.868 0
184.875 0
184.875 43
184.931 0
184.977 0
184.982 0
184.995 0
185 0
185.005 0
185.012 0
185.016 0
185.021 0
185.078 0
185.083 0
185.09 0
185.094 0
185.1 0
185.155 0
185.16 0
185.165 0
185.17 0
185.174 0
185.18 0
185.266 0
185.272 0
185.315 0
185.32 0
185.325 0
185.33 0
185.335 0
185.34 0
185.398 0
185.404 0
185.41 0
185.415 0
185.422 0
185.488 0
185.493 0
185.499 0
185.559 0
185.564 0
185.569 0
185.574 0
185.579 0
185.634 0
185.639 0
185.643 0
185.649 0
185.653 0
185.658 0
185.719 0
185.723 0
185.73 0
185.734 0
185.738 0
185.794 0
185.798 0
185.803 0
185.808 0
185.813 0
185.819 0
185.878 0
185.884 0
185.89 0
185.9 0
185.906 0
185.956 0
185.961 0
185.966 0
185.971 0
185.976 0
185.983 0
186.04 0
186.046 0
186.051 0
186.059 0
186.065 0
186.121 0
186.126 0
186.132 0
186.137 0
186.199 0
186.204 0
186.21 0
186.215 0
186.221 0
186.275 0
186.281 0
186.286 0
186.291 0
186.297 0
186.303 0
186.371 0
186.376 0
186.381 0
186.435 0
186.44 0
186.445 0
186.45 0
186.456 0
186.463 0
186.519 0
186.524 0
186.53 0
186.535 0
186.541 0
186.593 0
186.598 0
186.603 0
186.608 0
186.613 0
186.849 0
186.854 0
186.859 0
186.871 0
186.876 0
186.881 0
186.887 0
186.914 0
186.919 0
186.924 0
186.929 0
186.934 0
186.938 0
186.997 0
187.004 0
187.01 0
187.016 0
187.021 0
187.07 0
187.074 0
187.079 0
187.084 0
187.088 0
187.148 0
187.152 0
187.156 0
187.161 0
187.347 0
187.352 0
187.404 0
187.408 0
187.416 0
187.421 0
187.427 0
187.432 0
187.437 0
187.443 0
187.48 0
187.484 0
187.488 0
187.496 0
187.5 0
187.556 0
187.561 0
187.567 0
187.572 0
187.578 0
187.584 0
187.639 0
187.644 0
187.649 0
187.654 0
187.659 0
187.714 0
187.719 0
187.724 0
187.728 0
187.733 0
187.738 0
187.798 0
187.804 0
187.809 0
187.814 0
187.819 0
187.875 0
187.881 0
187.886 0
187.891 0
187.898 0
187.905 0
187.958 0
187.962 0
187.968 0
187.973 0
187.978 0
188.033 0
188.038 0
188.043 0
188.048 0
188.053 0
188.058 0
188.12 0
188.125 0
188.13 0
188.135 0
188.14 0
188.196 0
188.2 0
188.205 0
188.21 0
188.215 0
188.221 0
188.279 0
188.283 0
188.289 0
188.294 0
188.301 0
188.352 0
188.356 0
188.361 0
188.365 0
188.37 0
188.375 0
188.382 0
188.437 0
188.442 0
188.447 0
188.452 0
188.458 0
188.515 0
188.519 0
188.524 0
188.53 0
188.535 0
188.538 0
188.597 0
188.601 0
188.606 0
188.61 0
188.616 0
188.62 0
188.673 0
188.678 0
188.682 0
188.688 0
188.693 0
188.697 0
188.758 0
188.763 0
188.77 0
188.773 0
188.777 0
188.834 0
188.839 0
188.844 0
188.85 0
188.854 0
188.859 0
188.917 0
188.921 0
188.926 0
188.931 0
188.942 0
188.947 0
188.993 0
188.997 0
189.002 0
189.007 0
189.012 0
189.018 0
189.077 0
189.082 0
189.087 0
189.09 0
189.098 0
189.104 0
189.154 0
189.158 0
189.163 0
189.17 0
189.175 0
189.179 0
189.242 0
189.247 0
189.253 0
189.258 0
189.264 0
189.268 0
189.306 0
189.309 0
189.312 0
189.316 0
189.321 0
189.325 0
189.388 0
189.392 0
189.397 0
189.4 0
189.402 0
189.471 0
189.476 0
189.48 0
189.485 0
189.49 0
189.558 0
189.563 0
189.566 0
189.571 0
189.579 0
189.585 0
189.635 0
189.639 0
189.644 0
189.648 0
189.652 0
189.657 0
189.661 0
189.718 0
189.723 0
189.728 0
189.733 0
189.737 0
189.774 0
189.78 0
189.78 43
189.811 0
189.859 0
189.864 0
189.878 0
189.884 0
189.889 0
189.893 0
189.898 0
189.952 0
189.957 0
189.962 0
189.967 0
189.97 0
191.14 0
191.14 0
191.659 0
191.77 0
191.777 0
191.777 0
191.786 0
191.791 0
191.797 0
191.801 0
191.804 0
191.809 0
191.813 0
191.82 0
191.873 0
191.878 0
191.883 0
191.889 0
191.893 0
191.898 0
191.96 0
191.965 0
191.969 0
191.977 0
191.983 0
192.035 0
192.04 0
192.045 0
192.05 0
192.054 0
192.059 0
192.119 0
192.124 0
192.129 0
192.134 0
192.138 0
192.193 0
192.198 0
192.202 0
192.21 0
192.215 0
192.221 0
192.279 0
192.284 0
192.289 0
192.294 0
192.298 0
192.353 0
192.358 0
192.362 0
192.368 0
192.373 0
192.38 0
192.438 0
192.443 0
192.448 0
192.453 0
192.458 0
192.464 0
192.514 0
192.519 0
192.524 0
192.529 0
192.534 0
192.54 0
192.599 0
192.604 0
192.608 0
192.612 0
192.618 0
192.624 0
192.673 0
192.678 0
192.683 0
192.688 0
192.693 0
192.698 0
192.757 0
192.762 0
192.767 0
192.772 0
192.777 0
192.834 0
192.838 0
192.842 0
192.848 0
192.853 0
192.858 0
193.172 0
193.181 0
193.186 0
193.193 0
193.197 0
193.247 0
193.252 0
193.259 0
193.264 0
193.271 0
193.276 0
193.279 0
193.283 0
193.314 0
193.318 0
193.322 0
193.33 0
193.335 0
193.341 0
193.396 0
193.4 0
193.404 0
193.413 0
193.417 0
193.466 0
193.47 0
193.475 0
193.478 0
193.483 0
193.547 0
193.551 0
193.555 0
193.56 0
193.632 0
193.636 0
193.64 0
193.644 0
193.649 0
193.716 0
193.722 0
193.727 0
193.731 0
193.737 0
193.742 0
193.793 0
193.798 0
193.803 0
193.809 0
193.813 0
193.819 0
193.878 0
193.883 0
193.889 0
193.894 0
193.898 0
193.954 0
193.959 0
193.964 0
193.969 0
193.974 0
193.979 0
194.033 0
194.037 0
194.042 0
194.046 0
194.05 0
194.109 0
194.114 0
194.119 0
194.123 0
194.128 0
194.132 0
194.197 0
194.202 0
194.207 0
194.212 0
194.217 0
194.274 0
194.28 0
194.285 0
194.293 0
194.297 0
194.302 0
194.357 0
194.361 0
194.37 0
194.375 0
194.379 0
194.434 0
194.439 0
194.444 0
194.451 0
194.455 0
194.461 0
194.466 0
194.518 0
194.523 0
194.53 0
194.535 0
194.539 0
194.592 0
194.597 0
194.602 0
194.613 0
194.618 0
194.623 0
194.677 0
194.682 0
194.686 0
194.691 0
194.695 0
194.7 0
194.704 0
194.755 0
194.76 0
194.765 0
194.772 0
194.777 0
194.777 43
194.822 0
194.838 0
194.842 0
194.85 0
194.854 0
194.86 0
194.865 0
194.914 0
194.924 0
194.928 0
194.932 0
194.937 0
194.941 0
194.989 0
194.993 0
194.998 0
195.002 0
195.007 0
195.071 0
195.076 0
195.08 0
195.085 0
195.089 0
195.154 0
195.159 0
195.164 0
195.169 0
195.174 0
195.235 0
195.242 0
195.247 0
195.252 0
195.257 0
195.261 0
195.32 0
195.326 0
195.331 0
195.335 0
195.34 0
195.394 0
195.399 0
195.404 0
195.409 0
195.414 0
195.42 0
195.48 0
195.485 0
195.489 0
195.526 0
195.552 0
195.556 0
195.561 0
195.565 0
195.569 0
195.573 0
195.577 0
195.637 0
195.641 0
195.646 0
195.651 0
195.658 0
195.662 0
195.747 0
195.747 0
195.796 0
195.801 0
195.806 0
195.811 0
195.817 0
195.823 0
195.875 0
195.879 0
195.884 0
195.89 0
195.895 0
195.9 0
195.904 0
195.969 0
195.974 0
195.979 0
196.034 0
196.038 0
196.043 0
196.048 0
196.052 0
196.057 0
196.116 0
196.12 0
196.125 0
196.13 0
196.136 0
196.143 0
196.193 0
196.198 0
196.203 0
196.209 0
196.213 0
196.218 0
196.277 0
196.283 0
196.288 0
196.292 0
196.297 0
196.356 0
196.361 0
196.366 0
196.372 0
196.411 0
196.417 0
196.438 0
196.443 0
196.448 0
196.453 0
196.458 0
196.515 0
196.52 0
196.525 0
196.53 0
196.535 0
196.54 0
196.598 0
196.603 0
196.608 0
196.613 0
196.617 0
196.673 0
196.678 0
196.683 0
196.688 0
196.693 0
196.698 0
196.757 0
196.762 0
196.767 0
196.771 0
196.778 0
196.783 0
196.832 0
196.836 0
196.843 0
196.847 0
196.851 0
196.856 0
196.86 0
196.918 0
196.923 0
196.927 0
196.932 0
196.936 0
196.94 0
196.993 0
196.998 0
197.002 0
197.008 0
197.013 0
197.017 0
197.078 0
197.085 0
197.089 0
197.094 0
197.098 0
197.103 0
197.153 0
197.158 0
197.164 0
197.171 0
197.175 0
197.18 0
197.94 0
197.94 0
197.96 0
197.962 0
197.964 0
197.964 0
197.968 0
198.031 0
198.035 0
198.04 0
198.044 0
198.109 0
198.114 0
198.12 0
198.125 0
198.129 0
198.198 0
198.203 0
198.206 0
198.211 0
198.216 0
198.223 0
198.276 0
198.281 0
198.286 0
198.291 0
198.299 0
198.355 0
198.36 0
198.365 0
198.37 0
198.377 0
198.382 0
198.435 0
198.439 0
198.444 0
198.449 0
198.455 0
198.467 0
198.52 0
198.525 0
198.53 0
198.535 0
198.54 0
198.595 0
198.6 0
198.604 0
198.609 0
198.614 0
198.619 0
198.624 0
198.677 0
198.682 0
198.689 0
198.695 0
198.7 0
198.754 0
198.76 0
198.776 0
198.781 0
198.839 0
198.844 0
198.848 0
198.854 0
198.858 0
198.914 0
198.917 0
198.922 0
198.928 0
198.933 0
198.938 0
198.998 0
199.003 0
199.007 0
199.012 0
199.021 0
199.024 0
199.075 0
199.08 0
199.085 0
199.09 0
199.094 0
199.099 0
199.104 0
199.157 0
199.162 0
199.167 0
199.171 0
199.18 0
199.184 0
199.233 0
199.239 0
199.243 0
199.249 0
199.254 0
199.259 0
199.318 0
199.323 0
199.328 0
199.333 0
199.338 0
199.343 0
199.396 0
199.4 0
199.405 0
199.411 0
199.415 0
199.42 0
199.426 0
199.478 0
199.482 0
199.487 0
199.492 0
199.498 0
199.505 0
199.553 0
199.557 0
199.562 0
199.57 0
199.574 0
199.579 0
199.638 0
199.642 0
199.647 0
199.651 0
199.656 0
199.661 0
199.716 0
199.721 0
199.726 0
199.73 0
199.74 0
199.744 0
199.773 0
199.78 0
199.78 43
199.81 0
199.855 0
199.86 0
199.873 0
199.878 0
199.883 0
199.89 0
199.894 0
199.898 0
199.957 0
199.962 0
199.967 0
199.972 0
199.978 0
199.984 0
200.036 0
200.041 0
200.046 0
200.05 0
200.058 0
200.065 0
200.12 0
200.125 0
200.13 0
200.134 0
200.139 0
200.195 0
200.2 0
200.204 0
200.209 0
200.214 0
200.218 0
200.279 0
200.284 0
200.325 0
200.332 0
200.354 0
200.359 0
200.364 0
200.369 0
200.373 0
200.378 0
200.439 0
200.443 0
200.451 0
200.456 0
200.46 0
200.546 0
200.551 0
200.6 0
200.604 0
200.609 0
200.614 0
200.618 0
200.622 0
200.674 0
200.679 0
200.684 0
200.689 0
200.697 0
200.701 0
200.768 0
200.773 0
200.78 0
200.834 0
200.838 0
200.844 0
200.849 0
200.857 0
200.862 0
200.919 0
200.924 0
200.932 0
200.937 0
200.942 0
200.992 0
200.997 0
201.002 0
201.006 0
201.01 0
201.017 0
201.022 0
201.078 0
201.085 0
201.088 0
201.097 0
201.102 0
201.153 0
201.158 0
201.164 0
201.169 0
201.181 0
201.187 0
201.239 0
201.244 0
201.249 0
201.254 0
201.259 0
201.315 0
201.321 0
201.326 0
201.333 0
201.338 0
201.343 0
201.43 0
201.433 0
201.475 0
201.48 0
201.485 0
201.49 0
201.497 0
201.503 0
201.558 0
201.564 0
201.57 0
201.575 0
201.58 0
201.634 0
201.639 0
201.645 0
201.649 0
201.656 0
202.06 0
202.065 0
202.069 0
202.12 0
202.124 0
202.132 0
202.136 0
202.143 0
202.148 0
202.152 0
202.157 0
202.2 0
202.205 0
202.21 0
202.217 0
202.222 0
202.275 0
202.279 0
202.284 0
202.29 0
202.294 0
202.301 0
202.358 0
202.363 0
202.37 0
202.375 0
202.38 0
202.435 0
202.439 0
202.444 0
202.45 0
202.454 0
202.459 0
202.518 0
202.522 0
202.531 0
202.536 0
202.542 0
202.594 0
202.599 0
202.604 0
202.609 0
202.615 0
202.621 0
202.68 0
202.684 0
202.688 0
202.692 0
202.699 0
202.703 0
202.752 0
202.757 0
202.762 0
202.768 0
202.773 0
202.778 0
202.837 0
202.842 0
202.847 0
202.852 0
202.857 0
202.862 0
202.915 0
202.92 0
202.925 0
202.931 0
202.936 0
202.941 0
202.993 0
202.997 0
203.002 0
203.006 0
203.013 0
203.017 0
203.067 0
203.071 0
203.076 0
203.08 0
203.085 0
203.148 0
203.152 0
203.157 0
203.161 0
203.165 0
203.232 0
203.237 0
203.242 0
203.246 0
203.25 0
203.306 0
203.311 0
203.317 0
203.321 0
203.325 0
203.386 0
203.39 0
203.394 0
203.398 0
203.402 0
203.467 0
203.471 0
203.475 0
203.48 0
203.546 0
203.55 0
203.554 0
203.558 0
203.562 0
203.628 0
203.633 0
203.637 0
203.643 0
203.706 0
203.71 0
203.714 0
203.718 0
203.722 0
203.786 0
203.79 0
203.794 0
203.798 0
203.803 0
203.866 0
203.87 0
203.874 0
203.878 0
203.947 0
203.952 0
203.957 0
203.961 0
203.964 0
204.024 0
204.028 0
204.032 0
204.036 0
204.04 0
204.044 0
204.108 0
204.113 0
204.118 0
204.122 0
204.126 0
204.194 0
204.2 0
204.204 0
204.208 0
204.215 0
204.219 0
204.267 0
204.272 0
204.276 0
204.28 0
204.284 0
204.35 0
204.354 0
204.36 0
204.364 0
204.429 0
204.434 0
204.438 0
204.443 0
204.45 0
204.454 0
204.511 0
204.516 0
204.521 0
204.526 0
204.533 0
204.537 0
204.595 0
204.599 0
204.603 0
204.608 0
204.612 0
204.665 0
204.67 0
204.674 0
204.679 0
204.683 0
204.747 0
204.751 0
204.755 0
204.76 0
204.764 0
204.771 0
204.775 0
204.775 43
204.836 0
204.882 0
204.914 0
204.919 0
204.924 0
204.929 0
204.935 0
204.993 0
204.997 0
205.002 0
205.008 0
205.013 0
205.017 0
205.078 0
205.082 0
205.089 0
205.094 0
205.1 0
205.154 0
205.159 0
205.165 0
205.169 0
205.174 0
205.179 0
205.237 0
205.241 0
205.246 0
205.251 0
205.256 0
205.26 0
205.345 0
205.35 0
205.398 0
205.403 0
205.409 0
205.414 0
205.419 0
205.475 0
205.48 0
205.486 0
205.491 0
205.497 0
205.503 0
205.567 0
205.572 0
205.577 0
205.583 0
205.633 0
205.638 0
205.642 0
205.649 0
205.654 0
205.66 0
205.719 0
205.723 0
205.728 0
205.733 0
205.737 0
205.743 0
205.795 0
205.8 0
205.805 0
205.81 0
205.815 0
205.82 0
205.879 0
205.884 0
205.889 0
205.895 0
205.901 0
205.955 0
205.96 0
205.965 0
205.97 0
205.98 0
205.987 0
206.038 0
206.044 0
206.05 0
206.055 0
206.06 0
206.114 0
206.119 0
206.124 0
206.129 0
206.134 0
206.138 0
206.23 0
206.235 0
206.273 0
206.278 0
206.283 0
206.288 0
206.293 0
206.299 0
206.359 0
206.364 0
206.369 0
206.374 0
206.38 0
206.451 0
206.456 0
206.463 0
206.519 0
206.525 0
206.53 0
206.534 0
206.54 0
206.593 0
206.598 0
206.603 0
206.609 0
206.614 0
206.618 0
206.68 0
206.685 0
206.69 0
206.698 0
206.705 0
206.755 0
206.761 0
206.766 0
206.77 0
206.777 0
206.783 0
206.839 0
206.844 0
206.849 0
206.857 0
206.863 0
206.914 0
206.92 0
206.926 0
206.93 0
206.937 0
206.943 0
206.999 0
207.004 0
207.735 0
207.735 0
208.35 0
208.657 0
208.862 0
208.862 0
208.869 0
208.874 0
208.88 0
208.886 0
208.891 0
208.898 0
208.903 0
208.917 0
208.922 0
208.927 0
208.932 0
208.937 0
208.941 0
208.996 0
209.001 0
209.006 0
209.011 0
209.015 0
209.02 0
209.025 0
209.078 0
209.083 0
209.088 0
209.092 0
209.097 0
209.153 0
209.158 0
209.163 0
209.168 0
209.173 0
209.179 0
209.238 0
209.243 0
209.25 0
209.254 0
209.261 0
209.315 0
209.32 0
209.325 0
209.33 0
209.335 0
209.34 0
209.398 0
209.404 0
209.409 0
209.414 0
209.419 0
209.474 0
209.48 0
209.485 0
209.49 0
209.497 0
209.503 0
209.558 0
209.564 0
209.569 0
209.576 0
209.582 0
209.635 0
209.64 0
209.644 0
209.65 0
209.655 0
209.66 0
209.719 0
209.724 0
209.73 0
209.734 0
209.739 0
209.772 0
209.776 0
209.777 43
209.809 0
209.854 0
209.86 0
209.878 0
209.883 0
209.888 0
209.893 0
209.9 0
209.906 0
209.954 0
209.958 0
209.963 0
209.968 0
209.972 0
209.977 0
209.983 0
210.038 0
210.042 0
210.047 0
210.052 0
210.058 0
210.064 0
210.115 0
210.12 0
210.125 0
210.13 0
210.134 0
210.139 0
210.198 0
210.203 0
210.208 0
210.214 0
210.218 0
210.275 0
210.28 0
210.285 0
210.289 0
210.297 0
210.303 0
210.366 0
210.37 0
210.458 0
210.464 0
210.524 0
210.529 0
210.534 0
210.545 0
210.55 0
210.589 0
210.594 0
210.604 0
210.608 0
210.613 0
210.622 0
210.626 0
210.685 0
210.69 0
210.695 0
210.699 0
210.753 0
210.758 0
210.91 0
210.915 0
210.92 0
210.925 0
210.933 0
210.938 0
210.944 0
210.949 0
210.954 0
210.96 0
211.03 0
211.036 0
211.074 0
211.079 0
211.085 0
211.09 0
211.095 0
211.101 0
211.157 0
211.162 0
211.166 0
211.17 0
211.174 0
211.25 0
211.255 0
211.319 0
211.324 0
211.329 0
211.333 0
211.338 0
211.344 0
211.396 0
211.401 0
211.405 0
211.411 0
211.416 0
211.421 0
211.478 0
211.484 0
211.488 0
211.493 0
211.498 0
211.556 0
211.56 0
211.565 0
211.57 0
211.574 0
211.58 0
211.639 0
211.644 0
211.648 0
211.653 0
211.66 0
211.666 0
211.714 0
211.719 0
211.724 0
211.73 0
211.735 0
211.74 0
211.798 0
211.803 0
211.811 0
211.816 0
211.821 0
211.874 0
211.879 0
211.884 0
211.888 0
211.893 0
211.9 0
211.959 0
211.963 0
211.968 0
211.972 0
211.979 0
211.985 0
212.033 0
212.039 0
212.044 0
212.049 0
212.054 0
212.624 0
212.624 0
212.624 0
212.624 0
212.669 0
212.671 0
212.671 0
212.677 0
212.682 0
212.687 0
212.691 0
212.698 0
212.702 0
212.759 0
212.764 0
212.769 0
212.773 0
212.778 0
212.784 0
212.834 0
212.839 0
212.843 0
212.848 0
212.853 0
212.858 0
212.864 0
212.919 0
212.924 0
212.93 0
212.934 0
212.939 0
212.993 0
212.998 0
213.003 0
213.009 0
213.014 0
213.021 0
213.084 0
213.09 0
213.095 0
213.1 0
213.155 0
213.16 0
213.165 0
213.17 0
213.174 0
213.179 0
213.239 0
213.244 0
213.248 0
213.253 0
213.259 0
213.266 0
213.313 0
213.318 0
213.323 0
213.329 0
213.334 0
213.339 0
213.399 0
213.405 0
213.409 0
213.414 0
213.419 0
213.475 0
213.48 0
213.485 0
213.49 0
213.496 0
213.501 0
213.559 0
213.564 0
213.572 0
213.576 0
213.581 0
213.635 0
213.64 0
213.645 0
213.649 0
213.654 0
213.659 0
213.719 0
213.724 0
213.729 0
213.734 0
213.738 0
213.795 0
213.8 0
213.805 0
213.81 0
213.817 0
213.823 0
213.877 0
213.884 0
213.889 0
213.896 0
213.9 0
213.954 0
213.96 0
213.964 0
213.97 0
213.974 0
213.981 0
214.037 0
214.042 0
214.046 0
214.051 0
214.056 0
214.06 0
214.115 0
214.12 0
214.125 0
214.129 0
214.134 0
214.139 0
214.198 0
214.205 0
214.21 0
214.214 0
214.219 0
214.273 0
214.278 0
214.283 0
214.29 0
214.294 0
214.359 0
214.364 0
214.369 0
214.373 0
214.378 0
214.436 0
214.441 0
214.445 0
214.45 0
214.455 0
214.46 0
214.519 0
214.524 0
214.53 0
214.535 0
214.54 0
214.594 0
214.601 0
214.606 0
214.611 0
214.617 0
214.623 0
214.679 0
214.685 0
214.69 0
214.695 0
214.701 0
214.754 0
214.758 0
214.762 0
214.769 0
214.772 0
214.772 43
214.817 0
214.822 0
214.838 0
214.843 0
214.848 0
214.852 0
214.857 0
214.914 0
214.918 0
214.923 0
214.929 0
214.934 0
214.94 0
215 0
215.005 0
215.01 0
215.014 0
215.018 0
215.074 0
215.079 0
215.084 0
215.089 0
215.094 0
215.099 0
215.157 0
215.162 0
215.167 0
215.172 0
215.177 0
215.183 0
215.234 0
215.24 0
215.244 0
215.249 0
215.256 0
215.263 0
215.319 0
215.325 0
215.33 0
215.338 0
215.344 0
215.395 0
215.399 0
215.405 0
215.41 0
215.415 0
215.42 0
215.476 0
215.482 0
215.488 0
215.492 0
215.497 0
215.553 0
215.558 0
215.563 0
215.569 0
215.607 0
215.611 0
215.637 0
215.642 0
215.649 0
215.654 0
215.66 0
215.716 0
215.721 0
215.726 0
215.731 0
215.737 0
215.743 0
215.799 0
215.804 0
215.808 0
215.813 0
215.818 0
215.822 0
215.874 0
215.879 0
215.884 0
215.89 0
215.894 0
215.9 0
215.958 0
215.964 0
215.969 0
215.974 0
215.98 0
216.05 0
216.054 0
216.059 0
216.119 0
216.124 0
216.131 0
216.136 0
216.143 0
216.193 0
216.198 0
216.202 0
216.211 0
216.215 0
216.849 0
216.849 0
216.849 0
217.26 0
217.463 0
217.463 0
217.468 0
217.468 0
217.474 0
217.479 0
217.484 0
217.489 0
217.494 0
217.498 0
217.559 0
217.565 0
217.57 0
217.577 0
217.583 0
217.636 0
217.64 0
217.646 0
217.65 0
217.66 0
217.666 0
217.718 0
217.723 0
217.73 0
217.734 0
217.741 0
217.793 0
217.798 0
217.803 0
217.808 0
217.816 0
217.821 0
217.878 0
217.884 0
217.89 0
217.895 0
217.901 0
217.952 0
217.957 0
217.962 0
217.968 0
217.973 0
217.979 0
218.039 0
218.044 0
218.049 0
218.056 0
218.063 0
218.114 0
218.118 0
218.123 0
218.128 0
218.133 0
218.138 0
218.199 0
218.204 0
218.209 0
218.214 0
218.221 0
218.275 0
218.281 0
218.286 0
218.292 0
218.297 0
218.302 0
218.358 0
218.364 0
218.37 0
218.375 0
218.38 0
218.434 0
218.44 0
218.445 0
218.45 0
218.457 0
218.462 0
218.518 0
218.523 0
218.528 0
218.533 0
218.538 0
218.596 0
218.602 0
218.606 0
218.611 0
218.616 0
218.62 0
218.679 0
218.685 0
218.689 0
218.695 0
218.701 0
218.755 0
218.76 0
218.765 0
218.77 0
218.777 0
218.784 0
218.839 0
218.843 0
218.848 0
218.854 0
218.858 0
218.915 0
218.921 0
218.926 0
218.93 0
218.936 0
218.942 0
218.999 0
219.004 0
219.01 0
219.014 0
219.019 0
219.072 0
219.077 0
219.082 0
219.088 0
219.093 0
219.099 0
219.157 0
219.162 0
219.168 0
219.173 0
219.178 0
219.235 0
219.24 0
219.245 0
219.25 0
219.255 0
219.26 0
219.318 0
219.323 0
219.331 0
219.336 0
219.342 0
219.406 0
219.41 0
219.462 0
219.466 0
219.48 0
219.544 0
219.548 0
219.552 0
219.622 0
219.625 0
219.629 0
219.701 0
219.706 0
219.71 0
219.721 0
219.725 0
219.738 0
219.742 0
219.764 0
219.767 0
219.771 0
219.774 0
219.775 43
219.82 0
219.865 0
219.869 0
219.881 0
219.885 0
219.899 0
219.903 0
219.923 0
219.926 0
219.942 0
219.946 0
219.962 0
219.965 0
219.983 0
219.988 0
220.001 0
220.005 0
220.02 0
220.024 0
220.044 0
220.047 0
220.058 0
220.061 0
220.078 0
220.082 0
220.098 0
220.102 0
220.118 0
220.121 0
220.138 0
220.141 0
220.158 0
220.162 0
220.181 0
220.184 0
220.202 0
220.205 0
220.221 0
220.225 0
220.241 0
220.245 0
220.262 0
220.266 0
220.282 0
220.285 0
220.302 0
220.306 0
220.322 0
220.325 0
220.342 0
220.345 0
220.364 0
220.367 0
220.407 0
220.411 0
220.422 0
220.425 0
220.442 0
220.446 0
220.462 0
220.466 0
220.482 0
220.486 0
220.502 0
220.506 0
220.523 0
220.527 0
220.542 0
220.546 0
220.562 0
220.566 0
220.589 0
220.627 0
220.631 0
220.646 0
220.661 0
220.665 0
220.683 0
220.687 0
220.699 0
220.751 0
220.767 0
220.812 0
220.849 0
220.853 0
220.863 0
220.87 0
220.883 0
220.888 0
220.905 0
220.914 0
220.923 0
220.928 0
220.941 0
220.946 0
220.961 0
220.965 0
220.981 0
220.985 0
221.002 0
221.006 0
221.021 0
221.025 0
221.07 0
221.074 0
221.082 0
221.085 0
221.1 0
221.104 0
221.457 0
221.457 0
221.457 0
221.463 0
221.511 0
221.514 0
221.521 0
221.524 0
221.541 0
221.545 0
221.561 0
221.565 0
221.581 0
221.585 0
221.601 0
221.605 0
221.622 0
221.625 0
221.641 0
221.645 0
221.661 0
221.665 0
221.681 0
221.685 0
221.701 0
221.705 0
221.721 0
221.725 0
221.741 0
221.744 0
221.761 0
221.764 0
221.781 0
221.785 0
221.802 0
221.805 0
221.82 0
221.824 0
221.841 0
221.845 0
221.861 0
221.865 0
221.881 0
221.885 0
221.901 0
221.904 0
221.921 0
221.925 0
221.941 0
221.945 0
221.962 0
221.966 0
221.981 0
221.985 0
222.002 0
222.005 0
222.021 0
222.025 0
222.041 0
222.045 0
222.061 0
222.065 0
222.081 0
222.084 0
222.101 0
222.104 0
222.123 0
222.126 0
222.14 0
222.144 0
222.162 0
222.165 0
222.182 0
222.185 0
222.201 0
222.204 0
222.221 0
222.224 0
222.241 0
222.244 0
222.261 0
222.264 0
222.282 0
222.285 0
222.3 0
222.304 0
222.321 0
222.325 0
222.342 0
222.345 0
222.361 0
222.364 0
222.381 0
222.385 0
222.401 0
222.404 0
222.421 0
222.425 0
222.442 0
222.446 0
222.46 0
222.463 0
222.482 0
222.488 0
222.501 0
222.504 0
222.521 0
222.525 0
222.542 0
222.546 0
222.562 0
222.566 0
222.581 0
222.586 0
222.602 0
222.606 0
222.62 0
222.623 0
222.641 0
222.644 0
222.661 0
222.664 0
222.68 0
222.684 0
222.702 0
222.706 0
222.722 0
222.725 0
222.742 0
222.745 0
222.762 0
222.766 0
222.78 0
222.784 0
222.802 0
222.806 0
222.822 0
222.826 0
222.841 0
222.844 0
222.861 0
222.865 0
222.881 0
222.885 0
222.901 0
222.904 0
222.922 0
222.925 0
222.94 0
222.944 0
222.961 0
222.965 0
222.982 0
222.985 0
223.002 0
223.005 0
223.022 0
223.025 0
223.041 0
223.044 0
223.061 0
223.065 0
223.082 0
223.086 0
223.101 0
223.105 0
223.122 0
223.126 0
223.14 0
223.143 0
223.161 0
223.165 0
223.182 0
223.186 0
223.202 0
223.206 0
223.221 0
223.225 0
223.242 0
223.245 0
223.261 0
223.265 0
223.282 0
223.286 0
223.303 0
223.307 0
223.323 0
223.327 0
223.342 0
223.346 0
223.362 0
223.365 0
223.382 0
223.386 0
223.403 0
223.407 0
223.421 0
223.425 0
223.441 0
223.445 0
223.461 0
223.465 0
223.481 0
223.485 0
223.501 0
223.505 0
223.522 0
223.525 0
223.541 0
223.544 0
223.562 0
223.566 0
223.581 0
223.585 0
223.602 0
223.606 0
223.622 0
223.626 0
223.641 0
223.645 0
223.66 0
223.664 0
223.682 0
223.686 0
223.702 0
223.705 0
223.725 0
223.729 0
223.744 0
223.748 0
223.769 0
223.773 0
223.791 0
223.795 0
223.808 0
223.814 0
223.829 0
223.834 0
223.849 0
223.854 0
223.87 0
223.875 0
223.891 0
223.896 0
223.91 0
223.916 0
223.932 0
223.937 0
223.955 0
223.959 0
223.973 0
223.978 0
223.989 0
223.993 0
224.01 0
224.015 0
224.036 0
224.041 0
224.056 0
224.061 0
224.07 0
224.074 0
224.096 0
224.101 0
224.115 0
224.121 0
224.138 0
224.144 0
224.157 0
224.164 0
224.173 0
224.177 0
224.188 0
224.192 0
224.215 0
224.221 0
224.232 0
224.237 0
224.249 0
224.255 0
224.273 0
224.278 0
224.29 0
224.296 0
224.312 0
224.317 0
224.334 0
224.339 0
224.351 0
224.356 0
224.375 0
224.379 0
224.386 0
224.39 0
224.412 0
224.416 0
224.429 0
224.434 0
224.448 0
224.453 0
224.469 0
224.473 0
224.492 0
224.498 0
224.512 0
224.516 0
224.533 0
224.538 0
224.547 0
224.552 0
224.572 0
224.577 0
224.592 0
224.6 0
224.612 0
224.618 0
224.635 0
224.641 0
224.655 0
224.661 0
224.673 0
224.678 0
224.701 0
224.707 0
224.713 0
224.732 0
224.739 0
224.756 0
224.76 0
224.77 0
224.774 0
224.774 43
224.823 0
224.868 0
224.873 0
224.89 0
224.895 0
224.908 0
224.913 0
224.93 0
224.935 0
224.946 0
224.95 0
224.965 0
224.969 0
224.986 0
224.991 0
225.006 0
225.01 0
225.024 0
225.029 0
225.046 0
225.05 0
225.065 0
225.07 0
225.085 0
225.089 0
225.105 0
225.109 0
225.125 0
225.129 0
225.145 0
225.149 0
225.165 0
225.169 0
225.183 0
225.187 0
225.204 0
225.208 0
225.224 0
225.229 0
225.246 0
225.25 0
225.264 0
225.268 0
225.29 0
225.295 0
225.312 0
225.317 0
225.337 0
225.341 0
225.35 0
225.355 0
225.374 0
225.379 0
225.427 0
225.432 0
225.437 0
225.453 0
225.458 0
225.476 0
225.483 0
225.497 0
225.502 0
225.513 0
225.518 0
225.533 0
225.538 0
225.554 0
225.559 0
225.57 0
225.574 0
225.592 0
225.598 0
225.647 0
225.651 0
225.657 0
225.665 0
225.67 0
225.689 0
225.694 0
225.709 0
225.713 0
225.729 0
225.734 0
225.751 0
225.757 0
225.772 0
225.776 0
225.795 0
225.8 0
225.814 0
225.818 0
225.825 0
225.83 0
225.862 0
225.867 0
225.876 0
225.881 0
225.893 0
225.902 0
225.912 0
225.917 0
226.68 0
226.68 0
226.68 0
226.68 0
226.68 0
226.686 0
226.686 0
226.7 0
226.706 0
226.713 0
226.717 0
226.73 0
226.735 0
226.751 0
226.755 0
226.773 0
226.779 0
226.789 0
226.794 0
226.813 0
226.817 0
226.831 0
226.837 0
226.856 0
226.86 0
226.872 0
226.878 0
226.893 0
226.898 0
226.91 0
226.914 0
226.94 0
226.945 0
226.95 0
226.972 0
226.978 0
226.992 0
226.998 0
227.012 0
227.017 0
227.035 0
227.04 0
227.054 0
227.058 0
227.071 0
227.075 0
227.097 0
227.102 0
227.108 0
227.114 0
227.133 0
227.139 0
227.153 0
227.158 0
227.173 0
227.177 0
227.193 0
227.197 0
227.213 0
227.218 0
227.233 0
227.238 0
227.258 0
227.262 0
227.269 0
227.273 0
227.293 0
227.298 0
227.311 0
227.316 0
227.332 0
227.337 0
227.357 0
227.363 0
227.372 0
227.377 0
227.392 0
227.397 0
227.416 0
227.421 0
227.43 0
227.435 0
227.453 0
227.457 0
227.473 0
227.478 0
227.492 0
227.497 0
227.516 0
227.52 0
227.535 0
227.541 0
227.553 0
227.558 0
227.577 0
227.581 0
227.589 0
227.593 0
227.614 0
227.619 0
227.633 0
227.637 0
227.654 0
227.659 0
227.674 0
227.68 0
227.695 0
227.699 0
227.712 0
227.716 0
227.743 0
227.748 0
227.752 0
227.774 0
227.783 0
227.794 0
227.798 0
227.818 0
227.822 0
227.836 0
227.84 0
227.852 0
227.857 0
227.872 0
227.877 0
227.898 0
227.902 0
227.909 0
227.914 0
227.933 0
227.938 0
227.953 0
227.957 0
227.972 0
227.976 0
227.991 0
227.996 0
228.013 0
228.017 0
228.032 0
228.038 0
228.056 0
228.061 0
228.071 0
228.076 0
228.092 0
228.096 0
228.115 0
228.12 0
228.132 0
228.137 0
228.153 0
228.158 0
228.176 0
228.182 0
228.195 0
228.199 0
228.217 0
228.222 0
228.229 0
228.234 0
228.252 0
228.256 0
228.274 0
228.278 0
228.295 0
228.3 0
228.314 0
228.323 0
228.336 0
228.34 0
228.354 0
228.359 0
228.376 0
228.381 0
228.389 0
228.395 0
228.413 0
228.418 0
228.432 0
228.437 0
228.453 0
228.458 0
228.475 0
228.48 0
228.492 0
228.497 0
228.513 0
228.517 0
228.537 0
228.541 0
228.549 0
228.554 0
228.572 0
228.576 0
228.592 0
228.597 0
228.613 0
228.619 0
228.634 0
228.639 0
228.653 0
228.658 0
228.673 0
228.677 0
228.698 0
228.703 0
228.709 0
228.714 0
228.732 0
228.738 0
228.754 0
228.759 0
228.777 0
228.782 0
228.792 0
228.797 0
228.813 0
228.818 0
228.833 0
228.838 0
228.856 0
228.861 0
228.87 0
228.876 0
228.894 0
228.899 0
228.915 0
228.92 0
228.932 0
228.939 0
228.955 0
228.96 0
228.972 0
228.977 0
228.992 0
228.997 0
229.016 0
229.021 0
229.029 0
229.036 0
229.053 0
229.057 0
229.072 0
229.078 0
229.093 0
229.099 0
229.114 0
229.119 0
229.133 0
229.139 0
229.154 0
229.159 0
229.177 0
229.182 0
229.189 0
229.195 0
229.213 0
229.219 0
229.234 0
229.241 0
229.253 0
229.258 0
229.274 0
229.28 0
229.293 0
229.298 0
229.314 0
229.319 0
229.337 0
229.342 0
229.35 0
229.356 0
229.374 0
229.379 0
229.395 0
229.4 0
229.414 0
229.419 0
229.434 0
229.439 0
229.452 0
229.457 0
229.473 0
229.479 0
229.496 0
229.501 0
229.51 0
229.514 0
229.53 0
229.535 0
229.552 0
229.557 0
229.574 0
229.579 0
229.593 0
229.598 0
229.613 0
229.618 0
229.633 0
229.638 0
229.658 0
229.663 0
229.669 0
229.673 0
229.692 0
229.697 0
229.714 0
229.719 0
229.734 0
229.738 0
229.753 0
229.758 0
229.771 0
229.776 0
229.776 43
231.288 0
231.288 0
231.288 0
231.288 0
231.595 0
231.6 0
231.645 0
231.649 0
231.655 0
231.66 0
231.677 0
231.682 0
231.697 0
231.701 0
231.715 0
231.72 0
231.739 0
231.744 0
231.754 0
231.759 0
231.776 0
231.781 0
231.798 0
231.803 0
231.817 0
231.822 0
231.837 0
231.841 0
231.86 0
231.864 0
231.88 0
231.884 0
231.904 0
231.909 0
231.915 0
231.919 0
231.937 0
231.941 0
231.959 0
231.964 0
231.979 0
231.984 0
232.002 0
232.007 0
232.014 0
232.019 0
232.036 0
232.041 0
232.058 0
232.062 0
232.071 0
232.077 0
232.097 0
232.102 0
232.116 0
232.12 0
232.138 0
232.143 0
232.156 0
232.16 0
232.176 0
232.181 0
232.196 0
232.2 0
232.222 0
232.226 0
232.234 0
232.238 0
232.253 0
232.258 0
232.274 0
232.279 0
232.291 0
232.296 0
232.313 0
232.317 0
232.332 0
232.337 0
232.352 0
232.358 0
232.376 0
232.381 0
232.389 0
232.395 0
232.412 0
232.418 0
232.433 0
232.438 0
232.452 0
232.458 0
232.473 0
232.478 0
232.493 0
232.499 0
232.513 0
232.52 0
232.537 0
232.542 0
232.548 0
232.555 0
232.573 0
232.578 0
232.593 0
232.599 0
232.614 0
232.619 0
232.631 0
232.636 0
232.652 0
232.656 0
232.672 0
232.678 0
232.697 0
232.702 0
232.708 0
232.712 0
232.732 0
232.737 0
232.751 0
232.757 0
232.772 0
232.776 0
232.792 0
232.798 0
232.813 0
232.817 0
232.831 0
232.837 0
232.856 0
232.862 0
232.868 0
232.873 0
232.894 0
232.898 0
232.914 0
232.919 0
232.932 0
232.938 0
232.953 0
232.958 0
232.972 0
232.977 0
232.992 0
232.996 0
233.016 0
233.021 0
233.029 0
233.035 0
233.053 0
233.058 0
233.073 0
233.079 0
233.095 0
233.099 0
233.112 0
233.118 0
233.132 0
233.137 0
233.151 0
233.157 0
233.176 0
233.18 0
233.189 0
233.195 0
233.212 0
233.217 0
233.233 0
233.237 0
233.252 0
233.257 0
233.273 0
233.277 0
233.292 0
233.297 0
233.314 0
233.318 0
233.337 0
233.342 0
233.349 0
233.355 0
233.372 0
233.377 0
233.393 0
233.399 0
233.416 0
233.42 0
233.433 0
233.437 0
233.453 0
233.457 0
233.472 0
233.479 0
233.498 0
233.503 0
233.508 0
233.515 0
233.532 0
233.537 0
233.552 0
233.558 0
233.573 0
233.578 0
233.592 0
233.598 0
233.613 0
233.619 0
233.634 0
233.639 0
233.658 0
233.662 0
233.668 0
233.673 0
233.692 0
233.698 0
233.713 0
233.718 0
233.732 0
233.738 0
233.755 0
233.76 0
233.772 0
233.777 0
233.794 0
233.799 0
233.817 0
233.821 0
233.829 0
233.833 0
233.852 0
233.856 0
233.873 0
233.877 0
233.891 0
233.894 0
233.907 0
233.911 0
233.929 0
233.934 0
233.952 0
233.957 0
233.977 0
233.981 0
233.989 0
233.994 0
234.013 0
234.019 0
234.034 0
234.039 0
234.055 0
234.059 0
234.073 0
234.078 0
234.094 0
234.099 0
234.115 0
234.119 0
234.136 0
234.141 0
234.149 0
234.155 0
234.173 0
234.179 0
234.194 0
234.198 0
234.213 0
234.218 0
234.232 0
234.239 0
234.254 0
234.259 0
234.275 0
234.28 0
234.298 0
234.302 0
234.308 0
234.315 0
234.333 0
234.338 0
234.353 0
234.359 0
234.374 0
234.38 0
234.393 0
234.399 0
234.413 0
234.418 0
234.433 0
234.438 0
234.457 0
234.462 0
234.467 0
234.472 0
234.492 0
234.499 0
234.513 0
234.519 0
234.533 0
234.538 0
234.554 0
234.559 0
234.574 0
234.579 0
234.872 0
234.876 0
234.877 43
234.92 0
234.965 0
234.97 0
234.977 0
234.982 0
234.999 0
235.004 0
235.019 0
235.023 0
235.038 0
235.042 0
235.058 0
235.062 0
235.076 0
235.08 0
235.102 0
235.107 0
235.115 0
235.12 0
235.14 0
235.144 0
235.16 0
235.164 0
235.181 0
235.187 0
235.198 0
235.202 0
235.219 0
235.223 0
235.238 0
235.243 0
235.263 0
235.267 0
235.273 0
235.277 0
235.293 0
235.298 0
235.314 0
235.319 0
235.334 0
235.339 0
235.354 0
235.358 0
235.373 0
235.377 0
235.394 0
235.399 0
235.418 0
235.422 0
235.429 0
235.469 0
235.474 0
235.479 0
235.495 0
235.5 0
235.513 0
235.519 0
235.536 0
235.541 0
235.553 0
235.558 0
235.578 0
235.584 0
235.589 0
235.594 0
235.613 0
235.619 0
235.635 0
235.64 0
235.687 0
235.692 0
235.713 0
235.719 0
235.738 0
235.743 0
235.749 0
235.755 0
235.774 0
235.779 0
235.794 0
235.799 0
235.813 0
235.819 0
235.834 0
235.839 0
235.853 0
235.858 0
235.872 0
235.909 0
235.986 0
235.99 0
236.015 0
236.02 0
236.041 0
236.046 0
236.077 0
236.081 0
236.1 0
236.105 0
236.113 0
236.119 0
236.133 0
236.138 0
236.152 0
236.157 0
236.172 0
236.177 0
236.193 0
236.198 0
236.217 0
236.222 0
236.227 0
236.233 0
236.252 0
236.257 0
236.272 0
236.279 0
236.294 0
236.299 0
236.312 0
236.35 0
236.357 0
236.376 0
236.381 0
236.389 0
236.395 0
236.413 0
236.419 0
236.435 0
236.44 0
236.453 0
236.458 0
236.473 0
236.478 0
236.493 0
236.499 0
236.515 0
236.52 0
236.571 0
236.576 0
236.592 0
236.599 0
236.614 0
236.619 0
236.632 0
236.638 0
236.654 0
236.659 0
236.672 0
236.677 0
236.698 0
236.703 0
236.709 0
236.716 0
236.733 0
236.739 0
236.752 0
236.759 0
236.778 0
236.788 0
236.794 0
236.801 0
236.813 0
236.819 0
236.832 0
236.837 0
236.855 0
236.86 0
236.867 0
236.872 0
236.893 0
236.898 0
236.914 0
236.919 0
236.934 0
236.939 0
236.954 0
236.959 0
236.972 0
236.976 0
236.992 0
236.997 0
237.017 0
237.022 0
237.028 0
237.033 0
237.052 0
237.056 0
237.432 0
237.432 0
237.437 0
237.442 0
237.46 0
237.466 0
237.479 0
237.485 0
237.502 0
237.507 0
237.514 0
237.518 0
237.536 0
237.541 0
237.556 0
237.56 0
237.579 0
237.584 0
237.598 0
237.603 0
237.62 0
237.625 0
237.64 0
237.645 0
237.659 0
237.665 0
237.672 0
237.678 0
237.698 0
237.703 0
237.72 0
237.725 0
237.734 0
237.74 0
237.76 0
237.765 0
237.776 0
237.781 0
237.796 0
237.801 0
237.821 0
237.826 0
237.833 0
237.838 0
237.857 0
237.862 0
237.877 0
237.882 0
237.894 0
237.898 0
237.914 0
237.919 0
237.937 0
237.942 0
237.957 0
237.962 0
237.982 0
237.987 0
237.991 0
237.996 0
238.018 0
238.024 0
238.036 0
238.041 0
238.058 0
238.063 0
238.075 0
238.08 0
238.096 0
238.101 0
238.118 0
238.123 0
238.143 0
238.148 0
238.155 0
238.159 0
238.174 0
238.179 0
238.195 0
238.2 0
238.215 0
238.22 0
238.239 0
238.243 0
238.259 0
238.264 0
238.279 0
238.284 0
238.307 0
238.312 0
238.316 0
238.339 0
238.344 0
238.358 0
238.363 0
238.377 0
238.382 0
238.398 0
238.403 0
238.416 0
238.421 0
238.437 0
238.442 0
238.461 0
238.466 0
238.473 0
238.498 0
238.503 0
238.512 0
238.519 0
238.534 0
238.539 0
238.554 0
238.559 0
238.572 0
238.577 0
238.592 0
238.598 0
238.617 0
238.621 0
238.627 0
238.632 0
238.653 0
238.658 0
238.672 0
238.678 0
238.692 0
238.699 0
238.714 0
238.719 0
238.733 0
238.738 0
238.752 0
238.757 0
238.776 0
238.781 0
238.79 0
238.796 0
238.813 0
238.818 0
238.835 0
238.84 0
238.853 0
238.858 0
238.873 0
238.878 0
238.893 0
238.898 0
238.927 0
238.932 0
238.937 0
238.941 0
238.949 0
238.954 0
238.971 0
238.978 0
238.992 0
238.997 0
239.012 0
239.018 0
239.033 0
239.038 0
239.053 0
239.058 0
239.073 0
239.078 0
239.098 0
239.102 0
239.11 0
239.117 0
239.134 0
239.139 0
239.155 0
239.159 0
239.174 0
239.179 0
239.192 0
239.199 0
239.215 0
239.22 0
239.233 0
239.239 0
239.262 0
239.267 0
239.272 0
239.294 0
239.299 0
239.315 0
239.32 0
239.333 0
239.338 0
239.354 0
239.358 0
239.372 0
239.379 0
239.393 0
239.399 0
239.418 0
239.423 0
239.429 0
239.436 0
239.452 0
239.457 0
239.472 0
239.477 0
239.491 0
239.497 0
239.511 0
239.517 0
239.531 0
239.536 0
239.552 0
239.557 0
239.578 0
239.583 0
239.588 0
239.594 0
239.613 0
239.619 0
239.634 0
239.639 0
239.889 0
239.895 0
239.895 43
240.506 0
240.506 0
240.551 0
240.552 0
240.556 0
240.579 0
240.584 0
240.597 0
240.601 0
240.612 0
240.617 0
240.63 0
240.635 0
240.652 0
240.657 0
240.708 0
240.713 0
240.734 0
240.739 0
240.754 0
240.759 0
240.773 0
240.777 0
240.792 0
240.798 0
240.814 0
240.819 0
240.834 0
240.839 0
240.862 0
240.867 0
240.872 0
240.893 0
240.93 0
240.935 0
240.952 0
240.957 0
240.973 0
240.978 0
240.992 0
240.997 0
241.017 0
241.023 0
241.029 0
241.033 0
241.053 0
241.058 0
241.073 0
241.078 0
241.093 0
241.099 0
241.113 0
241.152 0
241.156 0
241.176 0
241.181 0
241.188 0
241.194 0
241.214 0
241.22 0
241.234 0
241.239 0
241.253 0
241.258 0
241.272 0
241.279 0
241.295 0
241.3 0
241.316 0
241.321 0
241.37 0
241.373 0
241.392 0
241.398 0
241.414 0
241.419 0
241.433 0
241.438 0
241.454 0
241.458 0
241.473 0
241.478 0
241.497 0
241.502 0
241.509 0
241.516 0
241.533 0
241.538 0
241.553 0
241.591 0
241.597 0
241.613 0
241.618 0
241.634 0
241.639 0
241.658 0
241.663 0
241.669 0
241.675 0
241.692 0
241.698 0
241.714 0
241.719 0
241.734 0
241.74 0
241.753 0
241.759 0
241.774 0
241.779 0
241.793 0
241.799 0
241.818 0
241.823 0
241.828 0
241.836 0
241.854 0
241.859 0
241.873 0
241.879 0
241.894 0
241.899 0
241.914 0
241.919 0
241.934 0
241.939 0
241.953 0
241.959 0
241.978 0
241.984 0
241.989 0
242.013 0
242.018 0
242.033 0
242.039 0
242.054 0
242.059 0
242.073 0
242.079 0
242.093 0
242.098 0
242.112 0
242.118 0
242.138 0
242.143 0
242.149 0
242.155 0
242.172 0
242.178 0
242.193 0
242.199 0
242.215 0
242.219 0
242.232 0
242.239 0
242.254 0
242.259 0
242.272 0
242.278 0
242.298 0
242.303 0
242.309 0
242.315 0
242.332 0
242.338 0
242.353 0
242.358 0
242.373 0
242.378 0
242.392 0
242.398 0
242.414 0
242.419 0
242.434 0
242.438 0
242.458 0
242.462 0
242.47 0
242.476 0
242.493 0
242.498 0
242.514 0
242.518 0
242.533 0
242.538 0
242.553 0
242.558 0
242.574 0
242.579 0
242.594 0
242.599 0
242.617 0
242.622 0
242.629 0
242.636 0
242.653 0
242.658 0
242.673 0
242.679 0
242.695 0
242.699 0
242.713 0
242.718 0
242.733 0
242.738 0
242.753 0
242.758 0
242.778 0
242.783 0
242.788 0
242.792 0
242.814 0
242.819 0
242.833 0
242.839 0
242.854 0
242.858 0
242.875 0
242.88 0
242.893 0
242.898 0
242.915 0
242.92 0
242.939 0
242.945 0
242.952 0
242.956 0
242.97 0
242.975 0
243.001 0
243.005 0
243.009 0
243.026 0
243.031 0
243.049 0
243.054 0
243.072 0
243.077 0
243.097 0
243.102 0
243.108 0
243.115 0
243.133 0
243.138 0
243.154 0
243.158 0
243.173 0
243.178 0
243.193 0
243.199 0
243.215 0
243.22 0
243.232 0
243.238 0
243.257 0
243.261 0
243.27 0
243.275 0
243.293 0
243.298 0
243.313 0
243.319 0
243.334 0
243.339 0
243.352 0
243.359 0
243.374 0
243.379 0
243.392 0
243.398 0
243.417 0
243.422 0
243.428 0
243.435 0
243.454 0
243.459 0
243.475 0
243.48 0
243.493 0
243.499 0
243.514 0
243.519 0
243.533 0
243.539 0
243.556 0
243.561 0
243.577 0
243.582 0
243.589 0
243.595 0
243.613 0
243.619 0
243.634 0
243.639 0
243.652 0
243.659 0
243.674 0
243.679 0
243.693 0
243.699 0
243.713 0
243.719 0
243.737 0
243.742 0
243.748 0
243.755 0
243.773 0
243.778 0
243.793 0
243.8 0
243.814 0
243.819 0
243.833 0
243.838 0
243.855 0
243.86 0
243.872 0
243.879 0
243.898 0
243.904 0
243.909 0
243.914 0
243.932 0
243.939 0
243.952 0
243.959 0
243.974 0
243.98 0
243.994 0
243.999 0
244.013 0
244.018 0
244.037 0
244.042 0
244.057 0
244.061 0
244.069 0
244.076 0
244.093 0
244.098 0
244.114 0
244.119 0
244.133 0
244.139 0
244.154 0
244.16 0
244.6 0
244.6 0
244.605 0
244.621 0
244.626 0
244.643 0
244.647 0
244.665 0
244.67 0
244.676 0
244.682 0
244.698 0
244.705 0
244.709 0
244.731 0
244.735 0
244.751 0
244.756 0
244.769 0
244.772 0
244.772 43
244.829 0
244.834 0
244.853 0
244.857 0
244.864 0
244.868 0
244.885 0
244.889 0
244.904 0
244.909 0
244.928 0
244.934 0
244.948 0
244.954 0
244.97 0
244.974 0
244.99 0
244.995 0
245.011 0
245.016 0
245.028 0
245.035 0
245.049 0
245.054 0
245.072 0
245.076 0
245.091 0
245.096 0
245.109 0
245.116 0
245.128 0
245.135 0
245.15 0
245.156 0
245.171 0
245.175 0
245.186 0
245.191 0
245.213 0
245.218 0
245.232 0
245.236 0
245.251 0
245.256 0
245.273 0
245.278 0
245.292 0
245.297 0
245.312 0
245.317 0
245.336 0
245.341 0
245.624 0
245.624 0
245.624 0
245.63 0
245.637 0
245.642 0
245.665 0
245.67 0
245.675 0
245.679 0
245.698 0
245.703 0
245.72 0
245.726 0
245.742 0
245.746 0
245.765 0
245.772 0
245.777 0
245.786 0
245.79 0
245.806 0
245.811 0
245.826 0
245.831 0
245.845 0
245.849 0
245.865 0
245.869 0
245.89 0
245.897 0
245.906 0
245.911 0
245.949 0
245.956 0
245.985 0
245.989 0
246.006 0
246.01 0
246.026 0
246.031 0
246.048 0
246.054 0
246.073 0
246.079 0
246.09 0
246.094 0
246.112 0
246.115 0
246.124 0
246.128 0
246.17 0
246.177 0
246.19 0
246.196 0
246.211 0
246.215 0
246.23 0
246.234 0
246.254 0
246.261 0
246.272 0
246.278 0
246.294 0
246.299 0
246.307 0
246.313 0
246.332 0
246.336 0
246.351 0
246.39 0
246.395 0
246.413 0
246.418 0
246.432 0
246.437 0
246.457 0
246.461 0
246.469 0
246.474 0
246.493 0
246.498 0
246.514 0
246.519 0
246.532 0
246.539 0
246.556 0
246.56 0
246.574 0
246.611 0
246.616 0
246.62 0
246.628 0
246.632 0
246.653 0
246.659 0
246.673 0
246.678 0
246.694 0
246.699 0
246.715 0
246.72 0
246.732 0
246.737 0
246.754 0
246.759 0
246.778 0
246.783 0
246.79 0
246.795 0
246.812 0
246.817 0
246.833 0
246.839 0
246.854 0
246.859 0
246.874 0
246.879 0
246.894 0
246.899 0
246.914 0
246.919 0
246.938 0
246.943 0
246.948 0
246.954 0
246.972 0
246.977 0
246.992 0
246.999 0
247.015 0
247.02 0
247.035 0
247.04 0
247.053 0
247.057 0
247.073 0
247.078 0
247.096 0
247.101 0
247.108 0
247.113 0
247.134 0
247.139 0
247.154 0
247.159 0
247.174 0
247.179 0
247.192 0
247.198 0
247.214 0
247.219 0
247.234 0
247.239 0
247.258 0
247.263 0
247.269 0
247.275 0
247.292 0
247.298 0
247.314 0
247.319 0
247.335 0
247.34 0
247.353 0
247.359 0
247.376 0
247.38 0
247.393 0
247.398 0
247.418 0
247.423 0
247.429 0
247.435 0
247.453 0
247.459 0
247.474 0
247.479 0
247.494 0
247.499 0
247.514 0
247.519 0
247.534 0
247.539 0
247.553 0
247.558 0
247.578 0
247.583 0
247.59 0
247.595 0
247.613 0
247.619 0
247.635 0
247.64 0
247.653 0
247.659 0
247.674 0
247.679 0
247.694 0
247.699 0
247.714 0
247.719 0
247.738 0
247.743 0
247.748 0
247.754 0
247.774 0
247.778 0
247.792 0
247.799 0
247.814 0
247.819 0
247.833 0
247.838 0
247.854 0
247.858 0
247.874 0
247.88 0
247.898 0
247.903 0
247.909 0
247.915 0
247.934 0
247.939 0
247.953 0
247.959 0
247.974 0
247.98 0
247.993 0
247.998 0
248.015 0
248.02 0
248.034 0
248.039 0
248.058 0
248.063 0
248.069 0
248.073 0
248.095 0
248.1 0
248.113 0
248.118 0
248.134 0
248.139 0
248.154 0
248.159 0
248.175 0
248.18 0
248.193 0
248.198 0
248.218 0
248.223 0
248.229 0
248.234 0
248.255 0
248.26 0
248.273 0
248.278 0
248.296 0
248.301 0
248.314 0
248.319 0
248.334 0
248.339 0
248.354 0
248.359 0
248.379 0
248.384 0
248.39 0
248.394 0
248.414 0
248.419 0
248.433 0
248.438 0
248.455 0
248.46 0
248.473 0
248.479 0
248.495 0
248.5 0
248.513 0
248.518 0
248.538 0
248.543 0
248.548 0
248.554 0
248.573 0
248.579 0
248.593 0
248.597 0
248.612 0
248.617 0
248.632 0
248.638 0
248.653 0
248.657 0
248.673 0
248.679 0
248.698 0
248.703 0
248.709 0
248.715 0
248.732 0
248.738 0
248.754 0
248.759 0
248.773 0
248.779 0
248.792 0
248.798 0
248.813 0
248.818 0
248.833 0
248.839 0
248.857 0
248.862 0
248.869 0
248.875 0
248.893 0
248.899 0
248.914 0
248.919 0
248.934 0
248.938 0
249.72 0
249.72 0
249.72 0
249.72 0
249.72 0
249.72 0
249.726 0
249.743 0
249.748 0
249.76 0
249.765 0
249.772 0
249.777 0
249.777 43
249.823 0
249.828 0
249.834 0
249.839 0
249.857 0
249.862 0
249.876 0
249.881 0
249.897 0
249.902 0
249.92 0
249.925 0
249.94 0
249.945 0
249.961 0
249.966 0
249.984 0
249.989 0
249.994 0
249.999 0
250.019 0
250.024 0
250.037 0
250.042 0
250.058 0
250.063 0
250.079 0
250.085 0
250.097 0
250.102 0
250.118 0
250.122 0
250.141 0
250.146 0
250.154 0
250.159 0
250.181 0
250.186 0
250.199 0
250.204 0
250.221 0
250.225 0
250.241 0
250.246 0
250.261 0
250.265 0
250.279 0
250.284 0
250.304 0
250.309 0
250.313 0
250.318 0
250.336 0
250.341 0
250.361 0
250.365 0
250.381 0
250.385 0
250.4 0
250.405 0
250.419 0
250.424 0
250.44 0
250.445 0
250.463 0
250.468 0
250.476 0
250.48 0
250.526 0
250.531 0
250.536 0
250.54 0
250.556 0
250.56 0
250.583 0
250.588 0
250.6 0
250.605 0
250.625 0
250.63 0
250.637 0
250.641 0
250.658 0
250.662 0
250.678 0
250.683 0
250.697 0
250.702 0
250.718 0
250.723 0
250.738 0
250.743 0
250.758 0
250.763 0
250.779 0
250.784 0
250.793 0
250.797 0
250.817 0
250.821 0
250.838 0
250.843 0
250.858 0
250.863 0
250.875 0
250.88 0
250.899 0
250.904 0
250.916 0
250.921 0
250.969 0
250.973 0
250.979 0
250.993 0
250.997 0
251.012 0
251.017 0
251.032 0
251.038 0
251.054 0
251.058 0
251.072 0
251.077 0
251.097 0
251.102 0
251.109 0
251.115 0
251.133 0
251.138 0
251.189 0
251.193 0
251.212 0
251.218 0
251.234 0
251.239 0
251.257 0
251.262 0
251.272 0
251.277 0
251.294 0
251.299 0
251.313 0
251.319 0
251.334 0
251.339 0
251.352 0
251.358 0
251.372 0
251.41 0
251.415 0
251.42 0
251.428 0
251.433 0
251.453 0
251.458 0
251.474 0
251.479 0
251.494 0
251.499 0
251.512 0
251.518 0
251.533 0
251.538 0
251.554 0
251.559 0
251.577 0
251.582 0
251.588 0
251.592 0
251.632 0
251.638 0
251.654 0
251.658 0
251.674 0
251.679 0
251.693 0
251.698 0
251.715 0
251.719 0
251.736 0
251.741 0
251.749 0
251.754 0
251.774 0
251.779 0
251.793 0
251.797 0
251.813 0
251.819 0
251.834 0
251.839 0
251.854 0
251.859 0
251.875 0
251.88 0
251.897 0
251.902 0
251.909 0
251.915 0
251.933 0
251.939 0
251.954 0
251.959 0
251.974 0
251.979 0
251.993 0
251.997 0
252.012 0
252.018 0
252.033 0
252.038 0
252.058 0
252.062 0
252.068 0
252.074 0
252.093 0
252.097 0
252.112 0
252.118 0
252.134 0
252.139 0
252.154 0
252.159 0
252.172 0
252.178 0
252.192 0
252.197 0
252.215 0
252.219 0
252.226 0
252.231 0
252.251 0
252.256 0
252.271 0
252.276 0
252.293 0
252.298 0
252.313 0
252.318 0
252.334 0
252.34 0
252.351 0
252.356 0
252.375 0
252.38 0
252.792 0
252.792 0
252.792 0
252.798 0
252.802 0
252.818 0
252.823 0
252.834 0
252.839 0
252.86 0
252.865 0
252.871 0
252.876 0
252.894 0
252.899 0
252.92 0
252.925 0
252.939 0
252.945 0
252.958 0
252.963 0
252.978 0
252.983 0
253.202 0
253.202 0
253.207 0
253.219 0
253.223 0
253.243 0
253.248 0
253.26 0
253.264 0
253.279 0
253.284 0
253.3 0
253.305 0
253.322 0
253.326 0
253.342 0
253.347 0
253.352 0
253.357 0
253.378 0
253.383 0
253.395 0
253.4 0
253.418 0
253.423 0
253.441 0
253.446 0
253.462 0
253.467 0
253.478 0
253.483 0
253.501 0
253.505 0
253.515 0
253.519 0
253.539 0
253.544 0
253.56 0
253.564 0
253.579 0
253.584 0
253.603 0
253.609 0
253.62 0
253.625 0
253.642 0
253.647 0
253.662 0
253.667 0
253.673 0
253.677 0
253.698 0
253.703 0
253.717 0
253.721 0
253.739 0
253.744 0
253.757 0
253.761 0
253.782 0
253.786 0
253.802 0
253.806 0
253.824 0
253.829 0
253.835 0
253.839 0
253.858 0
253.862 0
253.877 0
253.882 0
253.9 0
253.904 0
253.918 0
253.923 0
253.939 0
253.944 0
253.962 0
253.966 0
253.982 0
253.987 0
253.994 0
253.999 0
254.023 0
254.028 0
254.092 0
254.097 0
254.103 0
254.108 0
254.122 0
254.127 0
254.144 0
254.149 0
254.159 0
254.163 0
254.176 0
254.18 0
254.198 0
254.202 0
254.217 0
254.222 0
254.236 0
254.241 0
254.263 0
254.268 0
254.276 0
254.283 0
254.303 0
254.308 0
254.312 0
254.317 0
254.336 0
254.341 0
254.359 0
254.364 0
254.376 0
254.381 0
254.398 0
254.402 0
254.417 0
254.422 0
254.438 0
254.443 0
254.46 0
254.465 0
254.475 0
254.479 0
254.5 0
254.505 0
254.521 0
254.525 0
254.54 0
254.545 0
254.557 0
254.562 0
254.578 0
254.583 0
254.595 0
254.6 0
254.619 0
254.624 0
254.633 0
254.639 0
254.66 0
254.665 0
254.678 0
254.682 0
254.701 0
254.706 0
254.72 0
254.725 0
254.74 0
254.745 0
254.76 0
254.765 0
254.771 0
254.776 0
254.776 43
254.818 0
254.864 0
254.869 0
254.876 0
254.881 0
254.9 0
254.905 0
254.919 0
254.925 0
254.944 0
254.949 0
254.958 0
254.962 0
254.973 0
254.979 0
254.994 0
254.999 0
255.015 0
255.019 0
255.033 0
255.039 0
255.055 0
255.059 0
255.074 0
255.079 0
255.098 0
255.102 0
255.108 0
255.113 0
255.132 0
255.138 0
255.153 0
255.158 0
255.173 0
255.178 0
255.195 0
255.2 0
255.212 0
255.217 0
255.232 0
255.238 0
255.257 0
255.262 0
255.269 0
255.274 0
255.293 0
255.298 0
255.313 0
255.317 0
255.332 0
255.338 0
255.354 0
255.359 0
255.373 0
255.378 0
255.394 0
255.399 0
255.419 0
255.424 0
255.429 0
255.435 0
255.454 0
255.459 0
255.473 0
255.477 0
255.493 0
255.499 0
255.546 0
255.551 0
255.556 0
255.576 0
255.58 0
255.59 0
255.594 0
255.613 0
255.618 0
255.634 0
255.639 0
255.654 0
255.659 0
255.676 0
255.681 0
255.693 0
255.699 0
255.715 0
255.72 0
255.739 0
255.744 0
255.749 0
255.755 0
255.774 0
255.779 0
255.794 0
255.799 0
255.813 0
255.818 0
255.833 0
255.838 0
255.854 0
255.859 0
255.873 0
255.878 0
255.896 0
255.901 0
255.908 0
255.913 0
255.932 0
255.937 0
255.952 0
255.989 0
255.994 0
256.014 0
256.018 0
256.033 0
256.038 0
256.058 0
256.064 0
256.069 0
256.092 0
256.098 0
256.114 0
256.119 0
256.134 0
256.139 0
256.152 0
256.159 0
256.209 0
256.214 0
256.219 0
256.228 0
256.235 0
256.252 0
256.259 0
256.275 0
256.281 0
256.292 0
256.297 0
256.313 0
256.319 0
256.335 0
256.34 0
256.353 0
256.358 0
256.377 0
256.382 0
256.388 0
256.43 0
256.435 0
256.451 0
256.458 0
256.474 0
256.48 0
256.493 0
256.497 0
256.513 0
256.519 0
256.537 0
256.543 0
256.549 0
256.556 0
256.574 0
256.578 0
256.593 0
256.598 0
256.612 0
256.651 0
256.657 0
256.674 0
256.678 0
256.695 0
256.7 0
256.709 0
256.715 0
256.732 0
256.737 0
256.754 0
256.766 0
256.772 0
256.778 0
256.792 0
256.796 0
256.812 0
256.818 0
256.835 0
256.839 0
256.856 0
256.861 0
256.868 0
256.872 0
256.893 0
256.899 0
256.915 0
256.919 0
256.933 0
256.938 0
256.953 0
256.958 0
256.973 0
256.977 0
256.993 0
256.998 0
257.018 0
257.023 0
257.029 0
257.035 0
257.054 0
257.059 0
257.074 0
257.08 0
257.094 0
257.098 0
257.114 0
257.118 0
257.133 0
257.138 0
257.153 0
257.158 0
257.179 0
257.184 0
257.189 0
257.195 0
257.212 0
257.217 0
257.232 0
257.237 0
257.251 0
257.258 0
257.273 0
257.279 0
257.293 0
257.299 0
257.313 0
257.318 0
257.335 0
257.34 0
257.349 0
257.355 0
257.371 0
257.378 0
257.393 0
257.399 0
257.412 0
257.418 0
257.433 0
257.438 0
257.453 0
257.457 0
257.473 0
257.478 0
257.496 0
257.501 0
257.508 0
257.515 0
257.532 0
257.538 0
257.553 0
257.558 0
257.573 0
257.578 0
258.834 0
258.834 0
258.834 0
258.834 0
259.141 0
259.141 0
259.146 0
259.148 0
259.151 0
259.159 0
259.163 0
259.182 0
259.187 0
259.197 0
259.202 0
259.216 0
259.221 0
259.237 0
259.243 0
259.261 0
259.265 0
259.271 0
259.276 0
259.295 0
259.3 0
259.32 0
259.325 0
259.339 0
259.343 0
259.36 0
259.366 0
259.384 0
259.393 0
259.397 0
259.402 0
259.421 0
259.425 0
259.433 0
259.439 0
259.462 0
259.467 0
259.478 0
259.483 0
259.497 0
259.502 0
259.522 0
259.526 0
259.54 0
259.545 0
259.558 0
259.562 0
259.584 0
259.589 0
259.595 0
259.599 0
259.618 0
259.622 0
259.636 0
259.64 0
259.656 0
259.661 0
259.678 0
259.682 0
259.698 0
259.703 0
259.719 0
259.723 0
259.74 0
259.744 0
259.75 0
259.754 0
259.773 0
259.778 0
259.778 43
259.838 0
259.842 0
259.861 0
259.865 0
259.881 0
259.885 0
259.903 0
259.908 0
259.913 0
259.918 0
259.937 0
259.942 0
259.957 0
259.963 0
259.977 0
259.981 0
260.004 0
260.009 0
260.016 0
260.021 0
260.034 0
260.039 0
260.062 0
260.066 0
260.07 0
260.091 0
260.096 0
260.111 0
260.117 0
260.131 0
260.136 0
260.152 0
260.158 0
260.174 0
260.179 0
260.192 0
260.198 0
260.217 0
260.222 0
260.228 0
260.233 0
260.253 0
260.258 0
260.274 0
260.278 0
260.293 0
260.299 0
260.313 0
260.319 0
260.333 0
260.338 0
260.352 0
260.357 0
260.377 0
260.382 0
260.388 0
260.393 0
260.677 0
260.681 0
260.681 0
260.705 0
260.71 0
260.715 0
260.72 0
260.74 0
260.746 0
260.759 0
260.763 0
260.78 0
260.785 0
260.8 0
260.804 0
260.818 0
260.822 0
260.838 0
260.843 0
260.866 0
260.87 0
260.875 0
260.88 0
260.894 0
260.898 0
260.913 0
260.918 0
260.934 0
260.939 0
260.954 0
260.959 0
260.972 0
261.01 0
261.015 0
261.019 0
261.029 0
261.034 0
261.054 0
261.059 0
261.073 0
261.078 0
261.092 0
261.097 0
261.114 0
261.119 0
261.133 0
261.137 0
261.153 0
261.158 0
261.177 0
261.184 0
261.19 0
261.229 0
261.235 0
261.239 0
261.252 0
261.259 0
261.274 0
261.279 0
261.294 0
261.298 0
261.312 0
261.317 0
261.336 0
261.341 0
261.348 0
261.353 0
261.372 0
261.378 0
261.394 0
261.398 0
261.413 0
261.45 0
261.456 0
261.474 0
261.478 0
261.497 0
261.502 0
261.509 0
261.516 0
261.533 0
261.538 0
261.555 0
261.56 0
261.572 0
261.577 0
261.593 0
261.6 0
261.614 0
261.619 0
261.633 0
261.671 0
261.678 0
261.693 0
261.698 0
261.713 0
261.718 0
261.734 0
261.739 0
261.753 0
261.758 0
261.775 0
261.779 0
261.792 0
261.798 0
261.817 0
261.822 0
261.828 0
261.835 0
261.854 0
261.86 0
261.874 0
261.879 0
261.895 0
261.901 0
261.914 0
261.919 0
261.934 0
261.938 0
261.953 0
261.958 0
261.977 0
261.982 0
261.99 0
261.996 0
262.012 0
262.019 0
262.034 0
262.039 0
262.052 0
262.057 0
262.073 0
262.077 0
262.093 0
262.098 0
262.113 0
262.118 0
262.138 0
262.143 0
262.149 0
262.155 0
262.173 0
262.179 0
262.193 0
262.197 0
262.213 0
262.218 0
262.233 0
262.239 0
262.254 0
262.258 0
262.273 0
262.279 0
262.297 0
262.302 0
262.309 0
262.317 0
262.333 0
262.338 0
262.354 0
262.359 0
262.374 0
262.379 0
262.393 0
262.398 0
262.413 0
262.419 0
262.435 0
262.44 0
262.457 0
262.461 0
262.468 0
262.472 0
262.493 0
262.498 0
262.513 0
262.52 0
262.535 0
262.54 0
262.554 0
262.559 0
262.573 0
262.578 0
262.592 0
262.597 0
262.616 0
262.621 0
262.628 0
262.634 0
262.653 0
262.658 0
262.673 0
262.678 0
262.694 0
262.698 0
262.713 0
262.718 0
262.734 0
262.739 0
262.752 0
262.759 0
262.777 0
262.782 0
262.788 0
262.794 0
262.813 0
262.819 0
262.834 0
262.839 0
262.851 0
262.856 0
262.873 0
262.878 0
262.894 0
262.898 0
262.914 0
262.918 0
262.937 0
262.942 0
262.949 0
262.956 0
262.973 0
262.978 0
262.993 0
262.997 0
263.013 0
263.018 0
263.034 0
263.039 0
263.053 0
263.058 0
263.074 0
263.078 0
263.096 0
263.102 0
263.108 0
263.113 0
263.134 0
263.139 0
263.154 0
263.159 0
263.173 0
263.178 0
263.193 0
263.197 0
263.211 0
263.216 0
263.234 0
263.241 0
263.26 0
263.265 0
263.27 0
263.274 0
263.292 0
263.297 0
263.312 0
263.316 0
263.333 0
263.339 0
263.355 0
263.359 0
263.375 0
263.381 0
263.394 0
263.399 0
263.419 0
263.424 0
263.43 0
263.434 0
263.452 0
263.457 0
263.472 0
263.478 0
263.495 0
263.499 0
263.512 0
263.517 0
263.534 0
263.538 0
263.554 0
263.56 0
263.58 0
263.584 0
263.589 0
263.593 0
263.615 0
263.619 0
263.634 0
263.64 0
263.654 0
263.659 0
263.674 0
263.679 0
263.693 0
263.698 0
263.713 0
263.719 0
263.737 0
263.742 0
263.748 0
263.755 0
263.775 0
263.78 0
263.793 0
263.798 0
263.813 0
263.819 0
263.835 0
263.84 0
263.854 0
263.858 0
263.873 0
263.879 0
263.898 0
263.903 0
263.909 0
263.913 0
263.933 0
263.938 0
263.955 0
263.96 0
263.974 0
263.98 0
263.994 0
263.998 0
264.012 0
264.019 0
264.034 0
264.039 0
264.058 0
264.062 0
264.069 0
264.073 0
264.093 0
264.098 0
264.112 0
264.117 0
264.133 0
264.138 0
264.152 0
264.158 0
264.173 0
264.179 0
264.192 0
264.197 0
264.217 0
264.221 0
264.229 0
264.235 0
264.253 0
264.258 0
264.275 0
264.28 0
264.294 0
264.299 0
264.314 0
264.319 0
264.334 0
264.338 0
264.353 0
264.358 0
264.378 0
264.382 0
264.388 0
264.393 0
264.413 0
264.418 0
264.436 0
264.44 0
264.454 0
264.458 0
264.473 0
264.479 0
264.496 0
264.5 0
264.514 0
264.519 0
264.537 0
264.541 0
264.548 0
264.553 0
264.572 0
264.578 0
264.593 0
264.597 0
264.614 0
264.619 0
264.635 0
264.64 0
264.653 0
264.658 0
264.673 0
264.678 0
264.697 0
264.702 0
264.708 0
264.713 0
264.734 0
264.74 0
264.755 0
264.759 0
264.772 0
264.777 0
264.777 43
264.834 0
264.839 0
264.857 0
264.862 0
264.869 0
264.875 0
264.892 0
264.896 0
264.912 0
264.917 0
264.932 0
264.937 0
264.953 0
264.958 0
264.975 0
264.981 0
264.993 0
264.998 0
265.016 0
265.021 0
265.029 0
265.035 0
265.054 0
265.059 0
265.074 0
265.08 0
265.093 0
265.097 0
265.111 0
265.119 0
265.132 0
265.138 0
265.154 0
265.159 0
265.177 0
265.182 0
265.189 0
265.195 0
265.212 0
265.217 0
265.232 0
265.239 0
265.255 0
265.26 0
265.274 0
265.279 0
265.294 0
265.298 0
265.313 0
265.319 0
265.337 0
265.342 0
265.348 0
265.353 0
265.373 0
265.379 0
265.392 0
265.397 0
265.413 0
265.419 0
265.435 0
265.44 0
265.453 0
265.458 0
265.473 0
265.477 0
265.496 0
265.501 0
265.508 0
265.513 0
265.532 0
265.537 0
265.586 0
265.592 0
266.514 0
266.514 0
266.514 0
266.514 0
266.719 0
266.719 0
266.724 0
266.724 0
266.737 0
266.742 0
266.754 0
266.759 0
266.787 0
266.792 0
266.796 0
266.808 0
266.812 0
266.825 0
266.829 0
266.844 0
266.849 0
266.869 0
266.873 0
266.885 0
266.889 0
266.904 0
266.908 0
266.925 0
266.929 0
266.944 0
266.948 0
266.973 0
266.978 0
266.989 0
266.993 0
267.01 0
267.015 0
267.031 0
267.037 0
267.052 0
267.056 0
267.072 0
267.077 0
267.23 0
267.235 0
267.24 0
267.244 0
267.264 0
267.269 0
267.275 0
267.28 0
267.296 0
267.301 0
267.316 0
267.321 0
267.339 0
267.344 0
267.356 0
267.361 0
267.377 0
267.381 0
267.391 0
267.397 0
267.422 0
267.427 0
267.432 0
267.439 0
267.454 0
267.459 0
267.475 0
267.48 0
267.492 0
267.499 0
267.513 0
267.518 0
267.533 0
267.539 0
267.553 0
267.558 0
267.576 0
267.58 0
267.586 0
267.59 0
267.613 0
267.618 0
267.633 0
267.639 0
267.654 0
267.659 0
267.672 0
267.678 0
267.692 0
267.699 0
267.713 0
267.718 0
267.737 0
267.742 0
267.748 0
267.753 0
267.775 0
267.779 0
267.787 0
267.792 0
267.813 0
267.818 0
267.834 0
267.838 0
267.853 0
267.858 0
267.874 0
267.879 0
267.898 0
267.903 0
267.908 0
267.914 0
267.932 0
267.939 0
267.955 0
267.96 0
267.973 0
267.979 0
267.992 0
267.998 0
268.014 0
268.019 0
268.033 0
268.038 0
268.056 0
268.061 0
268.068 0
268.072 0
268.093 0
268.099 0
268.113 0
268.118 0
268.132 0
268.136 0
268.153 0
268.159 0
268.172 0
268.178 0
268.188 0
268.193 0
268.217 0
268.222 0
268.228 0
268.234 0
268.252 0
268.259 0
268.272 0
268.278 0
268.293 0
268.299 0
268.313 0
268.318 0
268.332 0
268.338 0
268.353 0
268.358 0
268.378 0
268.383 0
268.388 0
268.393 0
268.412 0
268.416 0
268.432 0
268.439 0
268.453 0
268.457 0
268.472 0
268.478 0
268.493 0
268.498 0
268.513 0
268.519 0
268.543 0
268.548 0
268.553 0
268.573 0
268.579 0
268.593 0
268.6 0
268.616 0
268.621 0
268.634 0
268.639 0
268.653 0
268.658 0
268.672 0
268.679 0
268.696 0
268.701 0
268.709 0
268.715 0
268.732 0
268.738 0
268.753 0
268.757 0
268.772 0
268.778 0
268.792 0
268.798 0
268.814 0
268.818 0
268.834 0
268.839 0
268.858 0
268.863 0
268.869 0
268.876 0
268.894 0
268.899 0
268.914 0
268.92 0
268.935 0
268.94 0
268.953 0
268.958 0
268.974 0
268.979 0
268.993 0
268.998 0
269.016 0
269.021 0
269.03 0
269.035 0
269.053 0
269.058 0
269.073 0
269.079 0
269.095 0
269.1 0
269.114 0
269.118 0
269.135 0
269.14 0
269.154 0
269.159 0
269.177 0
269.182 0
269.188 0
269.194 0
269.213 0
269.218 0
269.234 0
269.238 0
269.254 0
269.259 0
269.273 0
269.278 0
269.294 0
269.298 0
269.315 0
269.319 0
269.337 0
269.342 0
269.349 0
269.355 0
269.373 0
269.378 0
269.395 0
269.399 0
269.413 0
269.419 0
269.435 0
269.44 0
269.452 0
269.457 0
269.472 0
269.478 0
269.498 0
269.503 0
269.508 0
269.513 0
269.533 0
269.539 0
269.556 0
269.56 0
269.573 0
269.578 0
269.595 0
269.6 0
269.613 0
269.618 0
269.644 0
269.649 0
269.657 0
269.661 0
269.669 0
269.675 0
269.692 0
269.698 0
269.714 0
269.719 0
269.736 0
269.74 0
269.753 0
269.758 0
269.771 0
269.776 0
269.776 43
269.829 0
269.876 0
269.881 0
269.894 0
269.899 0
269.913 0
269.919 0
269.934 0
269.939 0
269.952 0
269.958 0
269.979 0
269.983 0
269.988 0
269.993 0
270.014 0
270.028 0
270.034 0
270.039 0
270.061 0
270.065 0
270.078 0
270.084 0
270.094 0
270.099 0
270.11 0
270.115 0
270.133 0
270.137 0
270.146 0
270.151 0
270.167 0
270.172 0
270.188 0
270.193 0
270.212 0
270.218 0
270.233 0
270.238 0
270.246 0
270.25 0
270.27 0
270.274 0
270.293 0
270.298 0
270.308 0
270.316 0
270.329 0
270.334 0
270.35 0
270.354 0
270.368 0
270.372 0
270.39 0
270.394 0
270.412 0
270.418 0
270.427 0
270.432 0
270.452 0
270.456 0
270.468 0
270.472 0
270.489 0
270.493 0
270.509 0
270.515 0
270.527 0
270.532 0
270.548 0
270.552 0
270.566 0
270.57 0
271.124 0
271.124 0
271.124 0
271.124 0
271.124 0
271.129 0
271.137 0
271.141 0
271.165 0
271.17 0
271.175 0
271.18 0
271.197 0
271.201 0
271.214 0
271.218 0
271.269 0
271.273 0
271.305 0
271.31 0
271.318 0
271.322 0
271.34 0
271.345 0
271.36 0
271.365 0
271.379 0
271.385 0
271.402 0
271.406 0
271.425 0
271.43 0
271.435 0
271.439 0
271.49 0
271.495 0
271.5 0
271.515 0
271.52 0
271.54 0
271.544 0
271.558 0
271.562 0
271.582 0
271.586 0
271.594 0
271.598 0
271.612 0
271.616 0
271.643 0
271.648 0
271.652 0
271.658 0
271.673 0
271.712 0
271.718 0
271.737 0
271.742 0
271.748 0
271.754 0
271.774 0
271.778 0
271.792 0
271.797 0
271.811 0
271.816 0
271.832 0
271.838 0
271.853 0
271.858 0
271.873 0
271.878 0
271.896 0
271.901 0
271.909 0
271.914 0
271.932 0
271.938 0
271.954 0
271.959 0
271.974 0
271.979 0
271.992 0
271.998 0
272.013 0
272.019 0
272.034 0
272.039 0
272.058 0
272.063 0
272.068 0
272.072 0
272.093 0
272.098 0
272.113 0
272.118 0
272.133 0
272.139 0
272.154 0
272.158 0
272.172 0
272.176 0
272.192 0
272.198 0
272.217 0
272.223 0
272.229 0
272.236 0
272.252 0
272.257 0
272.273 0
272.282 0
272.286 0
272.305 0
272.309 0
272.324 0
272.328 0
272.342 0
272.346 0
272.364 0
272.368 0
272.388 0
272.393 0
272.41 0
272.415 0
272.432 0
272.437 0
272.45 0
272.454 0
272.471 0
272.476 0
272.488 0
272.492 0
272.512 0
272.516 0
272.529 0
272.532 0
272.542 0
272.548 0
272.563 0
272.567 0
272.587 0
272.591 0
272.61 0
272.614 0
272.632 0
272.637 0
272.653 0
272.657 0
272.668 0
272.673 0
272.693 0
272.697 0
272.707 0
272.712 0
272.73 0
272.734 0
272.746 0
272.751 0
272.769 0
272.773 0
272.789 0
272.794 0
272.81 0
272.815 0
272.831 0
272.836 0
272.849 0
272.854 0
272.866 0
272.869 0
272.888 0
272.892 0
272.91 0
272.915 0
272.933 0
272.937 0
272.951 0
272.956 0
272.971 0
272.975 0
272.992 0
272.996 0
273.016 0
273.02 0
273.029 0
273.033 0
273.053 0
273.058 0
273.074 0
273.08 0
273.092 0
273.098 0
273.112 0
273.118 0
273.133 0
273.14 0
273.149 0
273.154 0
273.18 0
273.184 0
273.191 0
273.195 0
273.213 0
273.218 0
273.231 0
273.237 0
273.252 0
273.261 0
273.273 0
273.279 0
273.292 0
273.297 0
273.312 0
273.317 0
273.337 0
273.342 0
273.348 0
273.352 0
273.371 0
273.377 0
273.394 0
273.399 0
273.413 0
273.417 0
273.431 0
273.438 0
273.451 0
273.456 0
273.471 0
273.477 0
273.495 0
273.499 0
273.509 0
273.513 0
273.531 0
273.536 0
273.553 0
273.558 0
274.604 0
274.604 0
274.604 0
274.604 0
274.808 0
274.808 0
274.814 0
274.814 43
274.861 0
274.866 0
274.871 0
274.877 0
274.892 0
274.897 0
274.912 0
274.917 0
274.936 0
274.941 0
274.95 0
274.955 0
274.974 0
274.979 0
276.447 0
276.447 0
276.447 0
276.448 0
276.452 0
276.452 0
276.457 0
276.51 0
276.513 0
276.515 0
276.538 0
276.544 0
276.55 0
276.555 0
276.574 0
276.58 0
276.593 0
276.598 0
276.612 0
276.617 0
276.632 0
276.638 0
276.653 0
276.657 0
276.673 0
276.678 0
276.731 0
276.737 0
276.753 0
276.76 0
276.773 0
276.777 0
276.794 0
276.799 0
276.813 0
276.817 0
276.833 0
276.838 0
276.858 0
276.863 0
276.868 0
276.873 0
276.893 0
276.899 0
276.914 0
276.919 0
276.932 0
276.937 0
276.953 0
276.959 0
276.973 0
276.98 0
276.994 0
276.999 0
277.016 0
277.021 0
277.026 0
277.031 0
277.053 0
277.058 0
277.074 0
277.079 0
277.091 0
277.096 0
277.112 0
277.117 0
277.133 0
277.137 0
277.157 0
277.163 0
277.18 0
277.185 0
277.189 0
277.194 0
277.21 0
277.215 0
277.232 0
277.237 0
277.252 0
277.258 0
277.274 0
277.279 0
277.292 0
277.297 0
277.313 0
277.318 0
277.338 0
277.343 0
277.348 0
277.353 0
277.372 0
277.377 0
277.39 0
277.396 0
277.407 0
277.413 0
277.426 0
277.431 0
277.447 0
277.453 0
277.471 0
277.475 0
277.497 0
277.502 0
277.509 0
277.514 0
277.534 0
277.541 0
277.552 0
277.557 0
277.573 0
277.579 0
277.594 0
277.598 0
277.609 0
277.613 0
277.632 0
277.637 0
277.658 0
277.663 0
277.668 0
277.693 0
277.698 0
277.713 0
277.717 0
277.731 0
277.736 0
277.752 0
277.757 0
277.771 0
277.777 0
277.793 0
277.798 0
277.816 0
277.821 0
277.828 0
277.832 0
277.852 0
277.857 0
277.871 0
277.876 0
278.7 0
278.7 0
278.7 0
278.7 0
278.7 0
278.706 0
278.706 0
278.718 0
278.722 0
278.736 0
278.74 0
278.758 0
278.762 0
278.782 0
278.786 0
278.792 0
278.798 0
278.819 0
278.823 0
278.835 0
278.839 0
278.858 0
278.863 0
278.878 0
278.882 0
278.897 0
278.901 0
278.919 0
278.924 0
278.941 0
278.945 0
278.956 0
278.96 0
278.978 0
278.983 0
278.999 0
279.004 0
279.021 0
279.025 0
279.041 0
279.046 0
279.056 0
279.061 0
279.077 0
279.082 0
279.102 0
279.107 0
279.113 0
279.138 0
279.143 0
279.16 0
279.166 0
279.181 0
279.186 0
279.202 0
279.208 0
279.221 0
279.226 0
279.241 0
279.246 0
279.26 0
279.265 0
279.272 0
279.279 0
279.299 0
279.304 0
279.316 0
279.321 0
279.337 0
279.341 0
279.359 0
279.364 0
279.381 0
279.386 0
279.401 0
279.405 0
279.423 0
279.428 0
279.434 0
279.438 0
279.458 0
279.462 0
279.477 0
279.482 0
279.498 0
279.502 0
279.518 0
279.523 0
279.541 0
279.546 0
279.561 0
279.566 0
279.585 0
279.59 0
279.596 0
279.601 0
279.612 0
279.617 0
279.639 0
279.643 0
279.66 0
279.665 0
279.679 0
279.684 0
279.698 0
279.702 0
279.71 0
279.716 0
279.736 0
279.74 0
279.75 0
279.754 0
279.772 0
279.776 0
279.777 43
279.833 0
279.878 0
279.882 0
279.898 0
279.902 0
279.909 0
279.914 0
279.934 0
279.938 0
279.953 0
279.959 0
279.974 0
279.979 0
279.994 0
279.999 0
280.015 0
280.02 0
280.034 0
280.038 0
280.057 0
280.062 0
280.07 0
280.074 0
280.094 0
280.099 0
280.116 0
280.121 0
280.135 0
280.139 0
280.154 0
280.16 0
280.174 0
280.179 0
280.193 0
280.198 0
280.218 0
280.223 0
280.228 0
280.233 0
280.253 0
280.258 0
280.274 0
280.279 0
280.293 0
280.299 0
280.316 0
280.321 0
280.333 0
280.339 0
280.356 0
280.361 0
280.376 0
280.381 0
280.391 0
280.397 0
280.413 0
280.419 0
280.434 0
280.44 0
280.456 0
280.46 0
280.475 0
280.481 0
280.493 0
280.498 0
280.514 0
280.519 0
280.539 0
280.544 0
280.549 0
280.575 0
280.58 0
280.593 0
280.598 0
280.618 0
280.623 0
280.633 0
280.639 0
280.654 0
280.658 0
280.674 0
280.679 0
280.698 0
280.703 0
280.708 0
280.714 0
280.736 0
280.741 0
280.753 0
280.758 0
280.771 0
280.776 0
280.793 0
280.798 0
280.813 0
280.818 0
280.839 0
280.844 0
280.857 0
280.862 0
280.869 0
280.875 0
280.893 0
280.897 0
280.913 0
280.918 0
280.936 0
280.941 0
280.952 0
280.957 0
280.967 0
280.971 0
280.991 0
280.997 0
281.016 0
281.021 0
281.029 0
281.035 0
281.052 0
281.092 0
281.098 0
281.113 0
281.119 0
281.134 0
281.139 0
281.153 0
281.158 0
281.177 0
281.182 0
281.189 0
281.194 0
281.213 0
281.218 0
281.234 0
281.238 0
281.254 0
281.259 0
281.31 0
281.316 0
281.337 0
281.341 0
281.348 0
281.353 0
281.373 0
281.378 0
281.393 0
281.399 0
281.414 0
281.419 0
281.434 0
281.439 0
281.454 0
281.459 0
281.472 0
281.479 0
281.53 0
281.535 0
281.551 0
281.556 0
281.571 0
281.577 0
281.591 0
281.596 0
281.613 0
281.618 0
281.634 0
281.639 0
281.656 0
281.661 0
281.669 0
281.673 0
281.692 0
281.697 0
281.712 0
281.751 0
281.757 0
281.773 0
281.778 0
281.793 0
281.797 0
281.816 0
281.821 0
281.828 0
281.834 0
281.853 0
281.859 0
281.873 0
281.879 0
281.894 0
281.899 0
281.912 0
281.917 0
281.933 0
281.938 0
281.953 0
281.958 0
281.978 0
281.982 0
281.988 0
281.993 0
282.013 0
282.019 0
282.033 0
282.038 0
282.283 0
282.289 0
282.302 0
282.307 0
282.316 0
282.32 0
282.339 0
282.343 0
282.364 0
282.368 0
282.378 0
282.382 0
282.396 0
282.401 0
282.418 0
282.422 0
282.439 0
282.443 0
282.463 0
282.468 0
282.476 0
282.481 0
282.496 0
282.5 0
282.518 0
282.522 0
282.898 0
282.898 0
282.898 0
282.903 0
282.922 0
282.926 0
282.945 0
282.949 0
282.953 0
282.973 0
282.978 0
282.994 0
282.998 0
283.013 0
283.017 0
283.032 0
283.038 0
283.052 0
283.056 0
283.072 0
283.076 0
283.096 0
283.102 0
283.109 0
283.114 0
283.134 0
283.139 0
283.154 0
283.159 0
283.172 0
283.178 0
283.192 0
283.198 0
283.213 0
283.217 0
283.232 0
283.238 0
283.258 0
283.263 0
283.269 0
283.274 0
283.293 0
283.299 0
283.314 0
283.32 0
283.332 0
283.339 0
283.354 0
283.36 0
283.374 0
283.379 0
283.392 0
283.397 0
283.416 0
283.421 0
283.429 0
283.433 0
283.453 0
283.458 0
283.473 0
283.478 0
283.494 0
283.499 0
283.513 0
283.518 0
283.533 0
283.538 0
283.554 0
283.558 0
283.58 0
283.584 0
283.589 0
283.594 0
283.614 0
283.619 0
283.633 0
283.639 0
283.654 0
283.658 0
283.672 0
283.679 0
283.694 0
283.699 0
283.714 0
283.719 0
283.737 0
283.742 0
283.748 0
283.754 0
283.773 0
283.779 0
283.793 0
283.797 0
283.812 0
283.817 0
283.834 0
283.839 0
283.854 0
283.859 0
283.873 0
283.879 0
283.897 0
283.902 0
283.909 0
283.915 0
283.932 0
283.937 0
283.953 0
283.958 0
283.974 0
283.98 0
283.992 0
283.997 0
284.012 0
284.016 0
284.032 0
284.038 0
284.058 0
284.063 0
284.069 0
284.075 0
284.093 0
284.098 0
284.114 0
284.118 0
284.132 0
284.137 0
284.153 0
284.158 0
284.173 0
284.178 0
284.193 0
284.198 0
284.217 0
284.222 0
284.229 0
284.233 0
284.253 0
284.258 0
284.275 0
284.279 0
284.292 0
284.298 0
284.314 0
284.319 0
284.333 0
284.337 0
284.353 0
284.358 0
284.378 0
284.383 0
284.39 0
284.395 0
284.412 0
284.419 0
284.435 0
284.44 0
284.455 0
284.46 0
284.473 0
284.478 0
284.495 0
284.5 0
284.513 0
284.518 0
284.537 0
284.542 0
284.549 0
284.555 0
284.573 0
284.579 0
284.593 0
284.597 0
284.613 0
284.619 0
284.634 0
284.638 0
284.652 0
284.658 0
284.673 0
284.679 0
284.697 0
284.702 0
284.709 0
284.715 0
284.733 0
284.738 0
284.754 0
284.759 0
284.771 0
284.778 0
284.778 43
284.834 0
284.839 0
284.858 0
284.863 0
284.868 0
284.873 0
284.894 0
284.899 0
284.912 0
284.918 0
284.932 0
284.937 0
284.952 0
284.959 0
284.975 0
284.979 0
284.992 0
284.997 0
285.019 0
285.024 0
285.03 0
285.052 0
285.056 0
285.073 0
285.077 0
285.092 0
285.097 0
285.112 0
285.118 0
285.133 0
285.138 0
285.154 0
285.159 0
285.178 0
285.183 0
285.188 0
285.193 0
285.213 0
285.218 0
285.235 0
285.24 0
285.253 0
285.258 0
285.273 0
285.278 0
285.293 0
285.298 0
285.312 0
285.318 0
285.337 0
285.342 0
285.349 0
285.356 0
285.372 0
285.378 0
285.395 0
285.399 0
285.413 0
285.418 0
285.433 0
285.438 0
285.453 0
285.459 0
285.473 0
285.478 0
285.496 0
285.5 0
285.508 0
285.514 0
285.535 0
285.539 0
285.551 0
285.557 0
285.572 0
285.577 0
285.592 0
285.597 0
285.612 0
285.618 0
285.638 0
285.643 0
285.658 0
285.662 0
285.669 0
285.674 0
285.694 0
285.699 0
285.715 0
285.72 0
285.734 0
285.738 0
285.755 0
285.76 0
285.774 0
285.78 0
285.794 0
285.8 0
285.818 0
285.823 0
285.829 0
285.835 0
285.859 0
285.864 0
285.874 0
285.878 0
285.894 0
285.898 0
285.913 0
285.919 0
285.934 0
285.939 0
285.954 0
285.959 0
285.977 0
285.982 0
285.99 0
285.995 0
286.012 0
286.018 0
286.033 0
286.038 0
286.053 0
286.058 0
286.072 0
286.112 0
286.117 0
286.136 0
286.141 0
286.148 0
286.155 0
286.175 0
286.18 0
286.193 0
286.197 0
286.212 0
286.218 0
286.234 0
286.239 0
286.33 0
286.336 0
286.34 0
286.358 0
286.363 0
286.381 0
286.385 0
286.4 0
286.406 0
286.417 0
286.421 0
286.429 0
286.433 0
286.455 0
286.46 0
286.468 0
286.472 0
286.491 0
286.496 0
286.513 0
286.552 0
286.557 0
286.573 0
286.579 0
286.593 0
286.598 0
286.617 0
286.622 0
286.629 0
286.636 0
286.653 0
286.658 0
286.673 0
286.678 0
286.697 0
286.701 0
286.712 0
286.718 0
286.735 0
286.774 0
286.779 0
286.791 0
286.795 0
286.812 0
286.817 0
286.833 0
286.838 0
286.852 0
286.858 0
286.872 0
286.876 0
286.894 0
286.898 0
286.913 0
286.918 0
286.937 0
286.941 0
286.948 0
286.952 0
286.972 0
286.977 0
286.991 0
286.996 0
287.012 0
287.017 0
287.032 0
287.038 0
287.053 0
287.057 0
287.072 0
287.076 0
287.096 0
287.101 0
287.108 0
287.113 0
287.134 0
287.139 0
287.154 0
287.159 0
287.174 0
287.178 0
287.192 0
287.199 0
288.837 0
288.837 0
288.842 0
288.86 0
288.867 0
288.874 0
288.878 0
288.897 0
288.901 0
288.92 0
288.925 0
288.937 0
288.944 0
288.959 0
288.963 0
288.979 0
288.984 0
289.001 0
289.005 0
289.022 0
289.026 0
289.037 0
289.042 0
289.058 0
289.063 0
289.079 0
289.083 0
289.095 0
289.1 0
289.116 0
289.121 0
289.138 0
289.144 0
289.158 0
289.163 0
289.183 0
289.187 0
289.197 0
289.201 0
289.217 0
289.222 0
289.239 0
289.244 0
289.259 0
289.264 0
289.281 0
289.286 0
289.299 0
289.304 0
289.317 0
289.343 0
289.348 0
289.355 0
289.359 0
289.374 0
289.378 0
289.394 0
289.398 0
289.412 0
289.418 0
289.435 0
289.44 0
289.454 0
289.458 0
289.473 0
289.478 0
289.495 0
289.5 0
289.509 0
289.515 0
289.532 0
289.537 0
289.553 0
289.558 0
289.574 0
289.579 0
289.593 0
289.597 0
289.613 0
289.618 0
289.635 0
289.639 0
289.656 0
289.661 0
289.67 0
289.675 0
289.693 0
289.697 0
289.714 0
289.718 0
289.733 0
289.737 0
289.753 0
289.759 0
289.771 0
289.776 0
289.776 43
289.829 0
289.876 0
289.881 0
289.893 0
289.898 0
289.913 0
289.917 0
289.933 0
289.938 0
289.954 0
289.958 0
289.977 0
289.981 0
289.989 0
289.995 0
290.013 0
290.018 0
290.033 0
290.038 0
290.055 0
290.06 0
290.073 0
290.079 0
290.092 0
290.098 0
290.117 0
290.122 0
290.138 0
290.142 0
290.149 0
290.155 0
290.173 0
290.178 0
290.194 0
290.201 0
290.213 0
290.218 0
290.233 0
290.238 0
290.253 0
290.258 0
290.273 0
290.278 0
290.297 0
290.303 0
290.308 0
290.315 0
290.332 0
290.338 0
290.353 0
290.358 0
290.374 0
290.38 0
290.393 0
290.398 0
290.412 0
290.418 0
290.433 0
290.438 0
290.456 0
290.461 0
290.468 0
290.475 0
290.492 0
290.498 0
290.512 0
290.517 0
290.532 0
290.536 0
290.551 0
290.557 0
290.572 0
290.578 0
290.592 0
290.598 0
290.617 0
290.622 0
290.629 0
290.634 0
290.658 0
290.663 0
290.673 0
290.678 0
290.692 0
290.698 0
290.713 0
290.718 0
290.733 0
290.738 0
290.754 0
290.759 0
290.776 0
290.781 0
290.79 0
290.794 0
290.81 0
290.815 0
290.831 0
290.836 0
290.852 0
290.857 0
290.879 0
290.885 0
290.892 0
290.897 0
290.913 0
290.918 0
290.938 0
290.943 0
290.948 0
290.953 0
290.973 0
290.978 0
290.993 0
290.997 0
291.013 0
291.019 0
291.034 0
291.039 0
291.054 0
291.06 0
291.072 0
291.078 0
291.129 0
291.134 0
291.154 0
291.159 0
291.173 0
291.178 0
291.192 0
291.198 0
291.213 0
291.218 0
291.232 0
291.239 0
291.256 0
291.262 0
291.267 0
291.273 0
291.292 0
291.298 0
291.313 0
291.352 0
291.371 0
291.376 0
291.391 0
291.398 0
291.415 0
291.42 0
291.427 0
291.433 0
291.453 0
291.457 0
292.116 0
292.116 0
292.116 0
292.116 0
292.121 0
292.121 0
292.138 0
292.143 0
292.157 0
292.163 0
292.18 0
292.185 0
292.199 0
292.203 0
292.223 0
292.228 0
292.236 0
292.24 0
292.258 0
292.263 0
292.277 0
292.282 0
292.295 0
292.299 0
292.315 0
292.32 0
292.337 0
292.341 0
292.356 0
292.36 0
292.384 0
292.389 0
292.395 0
292.399 0
292.415 0
292.421 0
292.434 0
292.438 0
292.458 0
292.463 0
292.482 0
292.486 0
292.498 0
292.503 0
292.518 0
292.523 0
292.541 0
292.546 0
292.55 0
292.555 0
292.575 0
292.58 0
292.596 0
292.601 0
292.618 0
292.623 0
292.636 0
292.64 0
292.659 0
292.664 0
292.68 0
292.685 0
292.704 0
292.709 0
292.716 0
292.721 0
292.738 0
292.743 0
292.754 0
292.759 0
292.777 0
292.782 0
292.795 0
292.8 0
292.819 0
292.824 0
292.837 0
292.842 0
292.863 0
292.868 0
292.873 0
292.896 0
292.901 0
293.343 0
293.345 0
293.347 0
293.356 0
293.36 0
293.381 0
293.385 0
293.4 0
293.404 0
293.42 0
293.425 0
293.436 0
293.441 0
293.456 0
293.46 0
293.472 0
293.477 0
293.502 0
293.506 0
293.511 0
293.517 0
293.537 0
293.541 0
293.558 0
293.563 0
293.58 0
293.585 0
293.601 0
293.606 0
293.618 0
293.623 0
293.641 0
293.646 0
293.665 0
293.669 0
293.676 0
293.68 0
293.692 0
293.697 0
293.713 0
293.718 0
293.733 0
293.738 0
293.753 0
293.758 0
293.773 0
293.778 0
293.793 0
293.798 0
293.817 0
293.822 0
293.829 0
293.835 0
293.853 0
293.858 0
293.874 0
293.879 0
293.893 0
293.897 0
293.913 0
293.917 0
293.933 0
293.938 0
293.954 0
293.958 0
293.977 0
293.981 0
293.989 0
293.994 0
294.012 0
294.018 0
294.033 0
294.039 0
294.055 0
294.061 0
294.072 0
294.077 0
294.093 0
294.097 0
294.112 0
294.117 0
294.136 0
294.14 0
294.149 0
294.155 0
294.172 0
294.178 0
294.193 0
294.198 0
294.213 0
294.218 0
294.233 0
294.238 0
294.253 0
294.258 0
294.273 0
294.278 0
294.295 0
294.3 0
294.309 0
294.315 0
294.332 0
294.338 0
294.353 0
294.359 0
294.372 0
294.378 0
294.392 0
294.398 0
294.432 0
294.436 0
294.459 0
294.464 0
294.469 0
294.473 0
294.493 0
294.497 0
294.513 0
294.518 0
294.533 0
294.537 0
294.552 0
294.556 0
294.573 0
294.577 0
294.594 0
294.599 0
294.619 0
294.623 0
294.628 0
294.633 0
294.653 0
294.658 0
294.674 0
294.678 0
294.693 0
294.698 0
294.714 0
294.718 0
294.733 0
294.738 0
294.753 0
294.757 0
294.771 0
294.776 0
294.776 43
294.823 0
294.828 0
294.835 0
294.84 0
294.853 0
294.859 0
294.875 0
294.88 0
294.894 0
294.899 0
294.912 0
294.917 0
294.937 0
294.942 0
294.949 0
294.955 0
294.973 0
294.982 0
294.993 0
294.997 0
295.011 0
295.016 0
295.032 0
295.037 0
295.053 0
295.058 0
295.075 0
295.079 0
295.097 0
295.101 0
295.109 0
295.115 0
295.133 0
295.138 0
295.154 0
295.159 0
295.174 0
295.179 0
295.193 0
295.197 0
295.212 0
295.219 0
295.236 0
295.241 0
295.257 0
295.261 0
295.269 0
295.275 0
295.291 0
295.297 0
295.313 0
295.319 0
295.334 0
295.339 0
295.353 0
295.357 0
295.372 0
295.377 0
295.392 0
295.396 0
295.416 0
295.421 0
295.428 0
295.434 0
295.452 0
295.457 0
295.472 0
295.477 0
295.493 0
295.498 0
295.513 0
295.518 0
295.533 0
295.538 0
295.553 0
295.558 0
295.583 0
295.588 0
295.592 0
295.903 0
295.908 0
295.912 0
295.918 0
295.922 0
295.934 0
295.938 0
295.954 0
295.958 0
295.971 0
295.975 0
295.993 0
295.997 0
296.012 0
296.017 0
296.033 0
296.039 0
296.057 0
296.062 0
296.068 0
296.072 0
296.092 0
296.098 0
296.149 0
296.154 0
296.159 0
296.173 0
296.178 0
296.194 0
296.199 0
296.218 0
296.223 0
296.229 0
296.234 0
296.252 0
296.257 0
296.273 0
296.278 0
296.294 0
296.299 0
296.315 0
296.32 0
296.333 0
296.37 0
296.376 0
296.38 0
296.389 0
296.395 0
296.413 0
296.419 0
296.434 0
296.439 0
296.453 0
296.458 0
296.476 0
296.486 0
296.494 0
296.498 0
296.514 0
296.519 0
296.538 0
296.543 0
296.549 0
296.554 0
296.592 0
296.597 0
296.613 0
296.619 0
296.637 0
296.642 0
296.652 0
296.656 0
296.673 0
296.677 0
296.701 0
296.705 0
296.71 0
296.714 0
296.732 0
296.737 0
296.752 0
296.756 0
296.773 0
296.812 0
296.817 0
296.834 0
296.838 0
296.857 0
296.862 0
296.868 0
296.874 0
296.895 0
296.899 0
296.912 0
296.916 0
296.932 0
296.938 0
296.953 0
296.958 0
296.974 0
296.979 0
296.993 0
296.998 0
297.017 0
297.021 0
297.029 0
297.033 0
297.746 0
297.746 0
297.746 0
297.746 0
297.746 0
297.751 0
297.751 0
297.771 0
297.775 0
297.793 0
297.797 0
297.815 0
297.819 0
297.828 0
297.832 0
297.853 0
297.857 0
297.873 0
297.878 0
297.893 0
297.898 0
297.914 0
297.918 0
299.487 0
299.487 0
299.487 0
299.487 0
299.493 0
299.493 0
299.5 0
299.504 0
299.518 0
299.523 0
299.537 0
299.541 0
299.561 0
299.566 0
299.585 0
299.591 0
299.595 0
299.6 0
299.612 0
299.617 0
299.633 0
299.639 0
299.653 0
299.659 0
299.674 0
299.679 0
299.694 0
299.699 0
299.712 0
299.717 0
299.736 0
299.741 0
299.748 0
299.753 0
299.773 0
299.779 0
299.779 43
299.834 0
299.88 0
299.885 0
299.898 0
299.904 0
299.909 0
299.916 0
299.933 0
299.939 0
299.955 0
299.96 0
299.973 0
299.98 0
299.996 0
300.002 0
300.012 0
300.017 0
300.034 0
300.039 0
300.058 0
300.063 0
300.069 0
300.074 0
300.094 0
300.1 0
300.116 0
300.121 0
300.134 0
300.139 0
300.157 0
300.161 0
300.174 0
300.179 0
300.194 0
300.199 0
300.217 0
300.222 0
300.23 0
300.236 0
300.253 0
300.258 0
300.274 0
300.279 0
300.294 0
300.3 0
300.315 0
300.319 0
300.333 0
300.338 0
300.354 0
300.36 0
300.379 0
300.385 0
300.389 0
300.414 0
300.42 0
300.435 0
300.439 0
300.453 0
300.459 0
300.476 0
300.48 0
300.494 0
300.498 0
300.513 0
300.518 0
300.537 0
300.542 0
300.551 0
300.556 0
300.572 0
300.578 0
300.593 0
300.599 0
300.614 0
300.619 0
300.632 0
300.638 0
300.654 0
300.659 0
300.672 0
300.677 0
300.698 0
300.703 0
300.709 0
300.715 0
300.734 0
300.74 0
300.754 0
300.759 0
300.773 0
300.778 0
300.794 0
300.799 0
300.814 0
300.82 0
300.833 0
300.839 0
300.858 0
300.862 0
300.869 0
300.875 0
300.893 0
300.898 0
300.92 0
300.925 0
300.934 0
300.939 0
300.954 0
300.958 0
300.973 0
300.977 0
300.992 0
300.998 0
301.017 0
301.023 0
301.029 0
301.035 0
301.053 0
301.058 0
301.074 0
301.079 0
301.093 0
301.099 0
301.114 0
301.12 0
301.133 0
301.172 0
301.177 0
301.181 0
301.188 0
301.193 0
301.213 0
301.218 0
301.233 0
301.237 0
301.252 0
301.258 0
301.274 0
301.279 0
301.293 0
301.298 0
301.313 0
301.318 0
301.336 0
301.341 0
301.347 0
301.353 0
301.393 0
301.399 0
301.414 0
301.418 0
301.434 0
301.439 0
301.452 0
301.458 0
301.473 0
301.477 0
301.504 0
301.508 0
301.513 0
301.539 0
301.546 0
301.554 0
301.558 0
301.572 0
301.611 0
301.615 0
301.63 0
301.637 0
301.652 0
301.657 0
301.668 0
301.672 0
301.692 0
301.696 0
301.708 0
301.712 0
301.728 0
301.732 0
301.752 0
301.758 0
301.77 0
301.774 0
301.79 0
301.794 0
301.833 0
301.838 0
301.85 0
301.856 0
301.873 0
301.877 0
301.89 0
301.895 0
301.909 0
301.914 0
301.929 0
301.933 0
301.95 0
301.955 0
301.973 0
301.978 0
301.986 0
301.993 0
302.009 0
302.013 0
302.029 0
302.035 0
302.05 0
302.054 0
302.071 0
302.077 0
302.093 0
302.099 0
302.112 0
302.116 0
302.135 0
302.139 0
302.149 0
302.153 0
302.172 0
302.176 0
302.192 0
302.196 0
302.212 0
302.217 0
302.234 0
302.238 0
302.253 0
302.258 0
302.273 0
302.277 0
302.295 0
302.299 0
302.304 0
302.308 0
302.322 0
302.326 0
303.174 0
303.178 0
303.182 0
303.198 0
303.202 0
303.22 0
303.224 0
303.24 0
303.244 0
303.263 0
303.268 0
303.277 0
303.282 0
303.299 0
303.304 0
303.319 0
303.324 0
303.339 0
303.344 0
303.359 0
303.363 0
303.381 0
303.386 0
303.401 0
303.406 0
303.425 0
303.43 0
303.436 0
303.44 0
303.452 0
303.456 0
303.472 0
303.477 0
303.493 0
303.498 0
303.512 0
303.518 0
303.534 0
303.539 0
303.555 0
303.559 0
303.576 0
303.58 0
303.588 0
303.593 0
303.613 0
303.618 0
303.633 0
303.64 0
303.653 0
303.658 0
303.672 0
303.678 0
303.694 0
303.7 0
303.714 0
303.718 0
303.739 0
303.744 0
303.748 0
303.753 0
303.772 0
303.778 0
303.794 0
303.799 0
303.814 0
303.819 0
303.834 0
303.839 0
303.854 0
303.859 0
303.873 0
303.879 0
303.897 0
303.903 0
303.909 0
303.916 0
303.933 0
303.939 0
303.954 0
303.959 0
303.974 0
303.98 0
303.994 0
303.999 0
304.016 0
304.021 0
304.034 0
304.039 0
304.058 0
304.063 0
304.07 0
304.077 0
304.095 0
304.1 0
304.116 0
304.12 0
304.134 0
304.139 0
304.155 0
304.16 0
304.174 0
304.18 0
304.195 0
304.201 0
304.219 0
304.224 0
304.229 0
304.253 0
304.258 0
304.274 0
304.279 0
304.294 0
304.299 0
304.315 0
304.319 0
304.334 0
304.338 0
304.353 0
304.358 0
304.378 0
304.383 0
304.389 0
304.394 0
304.413 0
304.418 0
304.433 0
304.438 0
304.454 0
304.459 0
304.812 0
304.817 0
304.817 43
305.119 0
305.165 0
305.175 0
305.181 0
305.186 0
305.196 0
305.2 0
305.216 0
305.221 0
305.235 0
305.239 0
305.257 0
305.261 0
305.278 0
305.282 0
305.297 0
305.302 0
305.319 0
305.325 0
305.346 0
305.35 0
305.357 0
305.361 0
305.372 0
305.377 0
305.393 0
305.398 0
305.412 0
305.417 0
305.432 0
305.436 0
305.453 0
305.457 0
305.472 0
305.478 0
305.499 0
305.504 0
305.508 0
305.513 0
305.533 0
305.538 0
305.552 0
305.557 0
305.572 0
305.578 0
305.594 0
305.6 0
305.614 0
305.619 0
305.635 0
305.64 0
305.656 0
305.661 0
305.669 0
305.675 0
305.692 0
305.697 0
305.719 0
305.724 0
305.733 0
305.737 0
305.753 0
305.758 0
305.773 0
305.777 0
305.792 0
305.796 0
305.815 0
305.82 0
305.828 0
305.833 0
305.853 0
305.858 0
305.873 0
305.878 0
305.892 0
305.897 0
305.911 0
305.917 0
306.246 0
306.246 0
306.246 0
306.246 0
306.251 0
306.259 0
306.263 0
306.278 0
306.283 0
306.302 0
306.307 0
306.313 0
306.318 0
306.337 0
306.342 0
306.36 0
306.364 0
306.41 0
306.415 0
306.419 0
306.435 0
306.441 0
306.461 0
306.466 0
306.475 0
306.479 0
306.497 0
306.502 0
306.518 0
306.523 0
306.538 0
306.542 0
306.557 0
306.564 0
306.58 0
306.585 0
306.631 0
306.635 0
306.661 0
306.665 0
306.681 0
306.695 0
306.708 0
306.712 0
306.73 0
306.735 0
306.753 0
306.757 0
306.778 0
306.783 0
306.789 0
306.793 0
306.812 0
306.852 0
306.858 0
306.873 0
306.878 0
306.894 0
306.898 0
306.914 0
306.918 0
306.936 0
306.941 0
306.949 0
306.955 0
306.972 0
306.978 0
306.995 0
307 0
307.013 0
307.018 0
307.034 0
307.039 0
307.053 0
307.057 0
307.073 0
307.078 0
307.099 0
307.104 0
307.109 0
307.115 0
307.133 0
307.138 0
307.153 0
307.158 0
307.173 0
307.178 0
307.193 0
307.198 0
307.214 0
307.219 0
307.233 0
307.238 0
307.26 0
307.264 0
307.27 0
307.275 0
307.293 0
307.298 0
307.315 0
307.319 0
307.332 0
307.336 0
307.353 0
307.358 0
307.374 0
307.378 0
307.393 0
307.397 0
307.415 0
307.42 0
307.428 0
307.433 0
307.453 0
307.458 0
307.474 0
307.478 0
307.496 0
307.504 0
307.509 0
307.515 0
307.532 0
307.537 0
307.553 0
307.558 0
307.576 0
307.581 0
307.588 0
307.593 0
307.613 0
307.617 0
307.631 0
307.636 0
307.652 0
307.657 0
307.671 0
307.679 0
307.692 0
307.698 0
307.713 0
307.718 0
307.736 0
307.741 0
307.748 0
307.753 0
307.773 0
307.778 0
307.794 0
307.799 0
307.815 0
307.82 0
307.835 0
307.84 0
307.852 0
307.857 0
307.874 0
307.879 0
307.898 0
307.903 0
307.909 0
307.914 0
307.934 0
307.938 0
307.952 0
307.958 0
307.973 0
307.978 0
307.992 0
307.999 0
308.013 0
308.018 0
308.032 0
308.038 0
308.057 0
308.061 0
308.068 0
308.074 0
308.093 0
308.098 0
308.113 0
308.117 0
308.131 0
308.137 0
308.154 0
308.159 0
308.174 0
308.179 0
308.192 0
308.199 0
308.224 0
308.228 0
308.253 0
308.258 0
308.272 0
308.277 0
308.293 0
308.298 0
308.312 0
308.318 0
308.333 0
308.339 0
308.354 0
308.359 0
308.378 0
308.383 0
308.388 0
308.393 0
308.412 0
308.418 0
308.434 0
308.438 0
308.453 0
308.458 0
308.474 0
308.479 0
308.495 0
308.5 0
308.514 0
308.519 0
308.542 0
308.546 0
308.552 0
308.573 0
308.578 0
308.594 0
308.598 0
308.613 0
308.618 0
308.634 0
308.639 0
308.654 0
308.658 0
308.673 0
308.679 0
308.697 0
308.703 0
308.708 0
308.712 0
308.733 0
308.739 0
308.754 0
308.759 0
308.772 0
308.776 0
308.792 0
308.798 0
308.812 0
308.817 0
308.833 0
308.839 0
308.857 0
308.862 0
308.868 0
308.872 0
308.893 0
308.898 0
308.912 0
308.917 0
308.933 0
308.938 0
308.951 0
308.956 0
308.971 0
308.977 0
308.992 0
308.997 0
309.014 0
309.02 0
309.027 0
309.033 0
309.052 0
309.057 0
309.071 0
309.077 0
309.091 0
309.096 0
309.727 0
309.727 0
309.727 0
309.727 0
309.733 0
309.74 0
309.744 0
309.757 0
309.761 0
309.772 0
309.776 0
309.776 43
309.821 0
309.825 0
309.834 0
309.838 0
309.855 0
309.86 0
309.873 0
309.878 0
309.893 0
309.898 0
309.913 0
309.917 0
309.934 0
309.938 0
309.954 0
309.959 0
309.979 0
309.984 0
309.988 0
310.011 0
310.016 0
310.032 0
310.038 0
310.053 0
310.058 0
310.071 0
310.077 0
310.093 0
310.098 0
310.113 0
310.118 0
310.138 0
310.143 0
310.15 0
310.156 0
310.172 0
310.177 0
310.192 0
310.197 0
310.213 0
310.218 0
310.233 0
310.238 0
310.254 0
310.259 0
310.274 0
310.278 0
310.297 0
310.301 0
310.309 0
310.314 0
310.332 0
310.338 0
310.353 0
310.358 0
310.372 0
310.377 0
310.392 0
310.398 0
310.412 0
310.418 0
310.432 0
310.439 0
310.456 0
310.461 0
310.497 0
310.503 0
310.519 0
310.528 0
310.532 0
310.539 0
310.544 0
310.558 0
310.562 0
310.581 0
310.585 0
310.602 0
310.606 0
310.626 0
310.631 0
310.637 0
310.641 0
310.657 0
310.661 0
310.679 0
310.683 0
310.697 0
310.701 0
310.716 0
310.721 0
310.768 0
310.773 0
310.783 0
310.788 0
310.794 0
310.798 0
310.817 0
310.822 0
310.84 0
310.844 0
310.858 0
310.862 0
310.874 0
310.879 0
310.901 0
310.906 0
310.915 0
310.92 0
310.943 0
310.947 0
310.988 0
310.993 0
311 0
311.005 0
311.021 0
311.025 0
311.04 0
311.045 0
311.06 0
311.065 0
311.08 0
311.085 0
311.102 0
311.106 0
311.115 0
311.12 0
311.14 0
311.145 0
311.158 0
311.164 0
311.209 0
311.215 0
311.219 0
311.234 0
311.24 0
311.257 0
311.263 0
311.268 0
311.272 0
311.294 0
311.299 0
311.313 0
311.318 0
311.333 0
311.338 0
311.355 0
311.359 0
311.373 0
311.378 0
311.43 0
311.435 0
311.452 0
311.458 0
311.474 0
311.479 0
311.493 0
311.498 0
311.515 0
311.52 0
311.533 0
311.538 0
311.553 0
311.558 0
311.578 0
311.583 0
311.59 0
311.597 0
311.613 0
311.651 0
311.657 0
311.674 0
311.678 0
311.694 0
311.698 0
311.713 0
311.718 0
311.738 0
311.742 0
311.75 0
311.754 0
311.772 0
311.778 0
311.794 0
311.798 0
311.813 0
311.818 0
311.835 0
311.872 0
311.879 0
311.897 0
311.902 0
311.909 0
311.915 0
311.933 0
311.938 0
311.954 0
311.959 0
311.975 0
311.979 0
311.993 0
311.999 0
312.014 0
312.019 0
312.034 0
312.038 0
312.056 0
312.063 0
312.07 0
312.076 0
312.093 0
312.098 0
312.112 0
312.117 0
312.132 0
312.139 0
312.154 0
312.159 0
312.174 0
312.179 0
312.192 0
312.197 0
312.218 0
312.223 0
312.229 0
312.236 0
312.253 0
312.258 0
312.273 0
312.279 0
312.295 0
312.3 0
312.313 0
312.318 0
312.332 0
312.338 0
312.354 0
312.359 0
312.379 0
312.384 0
312.389 0
312.394 0
312.413 0
312.419 0
312.434 0
312.439 0
312.454 0
312.458 0
312.472 0
312.477 0
312.493 0
312.497 0
312.512 0
312.516 0
312.536 0
312.541 0
312.549 0
312.555 0
312.572 0
312.577 0
312.594 0
312.598 0
312.613 0
312.617 0
312.632 0
312.638 0
312.652 0
312.657 0
312.673 0
312.677 0
312.697 0
312.701 0
312.709 0
312.713 0
312.733 0
312.738 0
312.753 0
312.758 0
312.773 0
312.778 0
312.792 0
312.796 0
312.813 0
312.817 0
312.833 0
312.837 0
312.856 0
312.861 0
312.87 0
312.875 0
312.892 0
312.897 0
312.912 0
312.916 0
312.932 0
312.936 0
312.952 0
312.958 0
312.974 0
312.979 0
312.993 0
312.997 0
313.016 0
313.02 0
313.029 0
313.033 0
313.053 0
313.059 0
313.074 0
313.079 0
313.094 0
313.099 0
313.112 0
313.117 0
313.133 0
313.137 0
313.153 0
313.158 0
313.177 0
313.182 0
313.187 0
313.193 0
313.213 0
313.218 0
313.233 0
313.239 0
313.254 0
313.26 0
313.273 0
313.277 0
313.291 0
313.296 0
313.312 0
313.318 0
313.337 0
313.342 0
313.349 0
313.353 0
314.54 0
314.54 0
314.54 0
314.54 0
314.745 0
314.75 0
314.758 0
314.764 0
314.772 0
314.776 0
314.777 43
314.811 0
314.856 0
314.861 0
314.872 0
314.879 0
314.893 0
314.898 0
314.912 0
314.918 0
314.937 0
314.942 0
314.949 0
314.956 0
314.973 0
314.978 0
314.994 0
314.999 0
315.013 0
315.017 0
315.033 0
315.038 0
315.054 0
315.058 0
315.073 0
315.077 0
315.097 0
315.102 0
315.109 0
315.115 0
315.134 0
315.139 0
315.163 0
315.168 0
315.173 0
315.192 0
315.197 0
315.212 0
315.216 0
315.231 0
315.237 0
315.258 0
315.262 0
315.268 0
315.274 0
315.292 0
315.297 0
315.312 0
315.318 0
315.334 0
315.339 0
315.355 0
315.36 0
315.372 0
315.378 0
315.394 0
315.401 0
315.417 0
315.422 0
315.428 0
315.433 0
315.452 0
315.458 0
315.475 0
315.479 0
315.492 0
315.497 0
315.511 0
315.516 0
315.532 0
315.539 0
315.554 0
315.559 0
315.578 0
315.583 0
315.589 0
315.595 0
315.612 0
315.616 0
315.632 0
315.639 0
315.654 0
315.659 0
315.673 0
315.677 0
315.691 0
315.697 0
315.71 0
315.716 0
315.736 0
315.74 0
315.748 0
315.758 0
315.772 0
315.777 0
315.791 0
315.8 0
315.833 0
315.838 0
315.854 0
315.858 0
315.874 0
315.879 0
315.899 0
315.903 0
315.909 0
315.913 0
315.933 0
315.938 0
315.953 0
315.958 0
316.008 0
316.013 0
316.017 0
316.034 0
316.038 0
316.057 0
316.061 0
316.07 0
316.075 0
316.094 0
316.098 0
316.112 0
316.118 0
316.134 0
316.139 0
316.155 0
316.16 0
316.173 0
316.18 0
316.229 0
316.234 0
316.252 0
316.257 0
316.272 0
316.277 0
316.294 0
316.299 0
316.312 0
316.317 0
316.333 0
316.338 0
316.352 0
316.357 0
316.377 0
316.383 0
316.388 0
316.393 0
316.413 0
316.451 0
316.456 0
316.472 0
316.477 0
316.492 0
316.497 0
316.513 0
316.518 0
316.537 0
316.541 0
316.549 0
316.554 0
316.579 0
316.584 0
316.589 0
316.594 0
316.613 0
316.618 0
316.633 0
316.671 0
316.677 0
316.697 0
316.703 0
316.709 0
316.715 0
316.734 0
316.74 0
316.754 0
316.759 0
316.773 0
316.778 0
316.794 0
316.799 0
316.815 0
316.819 0
316.833 0
316.838 0
316.856 0
316.896 0
316.913 0
316.918 0
316.933 0
316.938 0
316.953 0
316.959 0
316.974 0
316.979 0
316.992 0
316.997 0
317.016 0
317.021 0
317.029 0
317.034 0
317.052 0
317.058 0
317.074 0
317.08 0
317.095 0
317.1 0
317.113 0
317.118 0
317.133 0
317.138 0
317.153 0
317.159 0
317.178 0
317.183 0
317.19 0
317.212 0
317.219 0
317.236 0
317.24 0
317.252 0
317.258 0
317.274 0
317.279 0
317.292 0
317.297 0
317.312 0
317.318 0
317.339 0
317.344 0
317.349 0
317.374 0
317.379 0
317.394 0
317.399 0
317.412 0
317.419 0
317.434 0
317.438 0
317.453 0
317.458 0
317.473 0
317.478 0
317.497 0
317.502 0
317.509 0
317.514 0
317.532 0
317.538 0
317.552 0
317.559 0
317.574 0
317.579 0
317.592 0
317.598 0
317.613 0
317.618 0
317.632 0
317.637 0
317.657 0
317.662 0
317.666 0
317.671 0
317.69 0
317.695 0
317.712 0
317.718 0
317.731 0
317.735 0
317.753 0
317.757 0
317.771 0
317.776 0
317.794 0
317.799 0
317.82 0
317.825 0
317.832 0
317.837 0
317.857 0
317.861 0
317.878 0
317.882 0
317.899 0
317.903 0
317.917 0
317.923 0
317.942 0
317.947 0
317.96 0
317.966 0
317.984 0
317.99 0
317.995 0
318.014 0
318.019 0
318.036 0
318.041 0
318.059 0
318.064 0
318.078 0
318.083 0
318.099 0
318.105 0
318.119 0
318.124 0
318.143 0
318.148 0
318.153 0
318.158 0
318.178 0
318.184 0
318.201 0
318.206 0
318.22 0
318.225 0
318.24 0
318.246 0
318.26 0
318.264 0
318.282 0
318.287 0
318.304 0
318.309 0
318.317 0
318.322 0
318.336 0
318.341 0
318.354 0
318.358 0
318.373 0
318.378 0
318.4 0
318.404 0
318.417 0
318.421 0
318.438 0
318.443 0
318.461 0
318.467 0
318.475 0
318.497 0
318.504 0
318.517 0
318.523 0
318.538 0
318.542 0
318.559 0
318.563 0
318.578 0
318.583 0
318.601 0
318.605 0
318.623 0
318.628 0
318.636 0
318.64 0
318.662 0
318.667 0
318.677 0
318.682 0
318.7 0
318.704 0
318.72 0
318.725 0
318.74 0
318.745 0
318.76 0
318.765 0
318.784 0
318.789 0
318.796 0
318.801 0
318.82 0
318.826 0
318.838 0
318.844 0
318.86 0
318.864 0
318.877 0
318.882 0
318.901 0
318.906 0
318.92 0
318.925 0
318.945 0
318.949 0
318.955 0
318.959 0
318.975 0
318.982 0
319 0
319.005 0
319.016 0
319.021 0
319.037 0
319.041 0
319.059 0
319.063 0
319.08 0
319.084 0
319.103 0
319.108 0
319.115 0
319.119 0
319.14 0
319.145 0
319.161 0
319.166 0
319.179 0
319.184 0
319.2 0
319.205 0
319.22 0
319.225 0
319.24 0
319.245 0
319.265 0
319.269 0
319.276 0
319.281 0
319.296 0
319.301 0
319.318 0
319.323 0
319.338 0
319.343 0
319.36 0
319.365 0
319.38 0
319.386 0
319.401 0
319.406 0
319.421 0
319.426 0
319.435 0
319.439 0
319.457 0
319.461 0
319.48 0
319.485 0
319.499 0
319.504 0
319.518 0
319.522 0
319.541 0
319.546 0
319.559 0
319.563 0
319.582 0
319.587 0
319.598 0
319.602 0
319.616 0
319.62 0
319.639 0
319.644 0
319.66 0
319.665 0
319.68 0
319.684 0
319.713 0
319.718 0
319.723 0
319.74 0
319.745 0
319.753 0
319.757 0
319.772 0
319.778 0
319.778 43
319.823 0
319.828 0
319.839 0
319.844 0
319.858 0
319.863 0
319.879 0
319.884 0
319.902 0
319.906 0
319.916 0
319.921 0
319.932 0
319.937 0
319.962 0
319.969 0
319.981 0
319.985 0
320.001 0
320.006 0
320.019 0
320.023 0
320.041 0
320.046 0
320.062 0
320.067 0
320.072 0
320.076 0
320.095 0
320.1 0
320.118 0
320.123 0
320.135 0
320.139 0
320.159 0
320.163 0
320.181 0
320.185 0
320.199 0
320.204 0
320.223 0
320.228 0
320.235 0
320.239 0
320.258 0
320.264 0
320.278 0
320.283 0
320.3 0
320.304 0
320.32 0
320.325 0
320.341 0
320.346 0
320.358 0
320.363 0
320.384 0
320.388 0
320.396 0
320.4 0
320.414 0
320.419 0
320.436 0
320.44 0
320.457 0
320.462 0
320.481 0
320.485 0
320.498 0
320.502 0
320.519 0
320.523 0
320.543 0
320.548 0
320.553 0
320.558 0
320.581 0
320.586 0
320.599 0
320.604 0
320.618 0
320.623 0
320.639 0
320.644 0
320.66 0
320.665 0
320.679 0
320.684 0
320.702 0
320.708 0
320.714 0
320.719 0
320.739 0
320.744 0
320.76 0
320.764 0
320.809 0
320.814 0
320.819 0
320.842 0
320.847 0
320.862 0
320.867 0
320.871 0
320.896 0
320.901 0
320.917 0
320.923 0
320.938 0
320.943 0
320.96 0
320.965 0
320.981 0
320.986 0
321.029 0
321.034 0
321.038 0
321.059 0
321.064 0
321.078 0
321.083 0
321.097 0
321.102 0
321.12 0
321.125 0
321.137 0
321.142 0
321.158 0
321.163 0
321.182 0
321.187 0
321.194 0
321.2 0
321.249 0
321.255 0
321.259 0
321.264 0
321.276 0
321.281 0
321.3 0
321.305 0
321.32 0
321.325 0
321.342 0
321.347 0
321.353 0
321.359 0
321.38 0
321.385 0
321.397 0
321.402 0
321.418 0
321.422 0
321.471 0
321.476 0
321.481 0
321.505 0
321.51 0
321.515 0
321.519 0
321.537 0
321.542 0
321.562 0
321.567 0
321.583 0
321.588 0
321.602 0
321.607 0
321.615 0
321.62 0
321.641 0
321.645 0
321.692 0
321.697 0
321.702 0
321.719 0
321.725 0
321.741 0
321.745 0
321.759 0
321.763 0
321.78 0
321.784 0
321.801 0
321.805 0
321.819 0
321.824 0
321.832 0
321.836 0
321.852 0
321.858 0
321.873 0
321.884 0
321.894 0
321.898 0
321.912 0
321.918 0
321.932 0
321.937 0
321.951 0
321.957 0
321.977 0
321.982 0
321.988 0
321.992 0
322.012 0
322.018 0
322.938 0
322.938 0
322.938 0
322.938 0
323.142 0
323.142 0
323.148 0
323.153 0
323.158 0
323.172 0
323.178 0
323.192 0
323.196 0
323.211 0
323.215 0
323.232 0
323.237 0
323.256 0
323.261 0
323.269 0
323.274 0
323.292 0
323.297 0
323.311 0
323.315 0
323.332 0
323.337 0
323.352 0
323.357 0
323.372 0
323.377 0
323.393 0
323.397 0
323.417 0
323.422 0
323.428 0
323.432 0
323.451 0
323.458 0
323.472 0
323.478 0
323.493 0
323.499 0
323.514 0
323.519 0
323.534 0
323.539 0
323.553 0
323.558 0
323.577 0
323.582 0
323.59 0
323.597 0
323.613 0
323.619 0
323.634 0
323.639 0
323.655 0
323.66 0
323.673 0
323.679 0
323.693 0
323.698 0
323.713 0
323.718 0
323.737 0
323.741 0
323.748 0
323.756 0
323.773 0
323.78 0
323.792 0
323.799 0
323.814 0
323.819 0
323.831 0
323.837 0
323.853 0
323.858 0
323.873 0
323.879 0
323.896 0
323.901 0
323.907 0
323.912 0
323.931 0
323.936 0
323.952 0
323.958 0
323.972 0
323.978 0
323.991 0
323.997 0
324.013 0
324.018 0
324.033 0
324.038 0
324.057 0
324.062 0
324.068 0
324.074 0
324.092 0
324.097 0
324.111 0
324.117 0
324.133 0
324.138 0
324.152 0
324.157 0
324.173 0
324.178 0
324.194 0
324.199 0
324.217 0
324.222 0
324.229 0
324.235 0
324.253 0
324.259 0
324.274 0
324.279 0
324.293 0
324.299 0
324.314 0
324.319 0
324.332 0
324.339 0
324.354 0
324.359 0
324.377 0
324.382 0
324.391 0
324.397 0
324.413 0
324.419 0
324.435 0
324.44 0
324.453 0
324.458 0
324.474 0
324.479 0
324.493 0
324.499 0
324.514 0
324.519 0
324.537 0
324.541 0
324.547 0
324.554 0
324.571 0
324.578 0
324.591 0
324.597 0
324.611 0
324.617 0
324.631 0
324.637 0
324.653 0
324.658 0
324.673 0
324.679 0
324.697 0
324.702 0
324.708 0
324.715 0
324.734 0
324.739 0
324.753 0
324.758 0
324.771 0
324.776 0
324.776 43
324.833 0
324.878 0
324.884 0
324.893 0
324.899 0
324.914 0
324.918 0
324.931 0
324.937 0
324.952 0
324.959 0
324.973 0
324.979 0
324.991 0
324.997 0
325.016 0
325.02 0
325.027 0
325.033 0
325.052 0
325.057 0
325.072 0
325.077 0
325.093 0
325.098 0
325.113 0
325.118 0
325.133 0
325.137 0
325.153 0
325.159 0
325.177 0
325.182 0
325.188 0
325.194 0
325.214 0
325.219 0
325.233 0
325.239 0
325.253 0
325.259 0
325.274 0
325.279 0
325.294 0
325.299 0
325.312 0
325.318 0
325.337 0
325.342 0
325.348 0
325.353 0
325.373 0
325.379 0
325.392 0
325.399 0
325.413 0
325.418 0
325.433 0
325.439 0
325.453 0
325.458 0
325.471 0
325.477 0
325.496 0
325.501 0
325.507 0
325.511 0
325.702 0
325.706 0
325.719 0
325.724 0
325.738 0
325.743 0
325.758 0
325.762 0
325.777 0
325.782 0
325.829 0
325.834 0
325.838 0
325.859 0
325.864 0
325.878 0
325.883 0
325.9 0
325.906 0
325.919 0
325.924 0
325.939 0
325.944 0
325.962 0
325.966 0
325.984 0
325.989 0
325.996 0
326.001 0
326.049 0
326.054 0
326.059 0
326.078 0
326.083 0
326.095 0
326.1 0
326.114 0
326.119 0
326.135 0
326.14 0
326.149 0
326.155 0
326.172 0
326.177 0
326.194 0
326.199 0
326.213 0
326.219 0
326.27 0
326.275 0
326.297 0
326.302 0
326.309 0
326.316 0
326.332 0
326.337 0
326.351 0
326.357 0
326.373 0
326.378 0
326.393 0
326.398 0
326.413 0
326.418 0
326.433 0
326.439 0
326.491 0
326.498 0
326.513 0
326.519 0
326.534 0
326.539 0
326.552 0
326.558 0
326.573 0
326.578 0
326.594 0
326.599 0
326.618 0
326.623 0
326.629 0
326.635 0
326.654 0
326.659 0
326.673 0
326.712 0
326.717 0
326.722 0
326.735 0
326.739 0
326.755 0
326.76 0
326.775 0
326.783 0
326.788 0
326.792 0
326.812 0
326.819 0
326.832 0
326.837 0
326.853 0
326.859 0
326.872 0
326.877 0
326.889 0
326.894 0
326.934 0
326.938 0
326.946 0
326.951 0
326.969 0
326.973 0
326.993 0
326.998 0
327.009 0
327.013 0
327.028 0
327.034 0
327.053 0
327.059 0
327.07 0
327.075 0
327.093 0
327.098 0
327.106 0
327.111 0
327.129 0
327.133 0
327.15 0
327.154 0
327.17 0
327.177 0
327.192 0
327.196 0
327.211 0
327.216 0
327.23 0
327.234 0
327.253 0
327.258 0
327.268 0
327.275 0
327.294 0
327.299 0
327.313 0
327.326 0
327.332 0
327.337 0
327.353 0
327.357 0
327.373 0
327.378 0
327.393 0
327.399 0
327.418 0
327.423 0
327.429 0
327.435 0
327.454 0
327.459 0
327.474 0
327.479 0
327.493 0
327.498 0
327.514 0
327.519 0
327.534 0
327.538 0
327.552 0
327.558 0
327.579 0
327.584 0
327.589 0
327.614 0
327.618 0
327.631 0
327.636 0
327.653 0
327.658 0
327.673 0
327.678 0
327.694 0
327.699 0
327.714 0
327.719 0
327.737 0
327.742 0
327.751 0
327.758 0
327.774 0
327.779 0
327.794 0
327.799 0
327.813 0
327.819 0
327.834 0
327.839 0
327.854 0
327.859 0
327.874 0
327.879 0
327.898 0
327.902 0
327.91 0
327.917 0
327.931 0
327.936 0
327.953 0
327.959 0
327.975 0
327.981 0
327.993 0
327.998 0
328.012 0
328.018 0
328.031 0
328.038 0
328.057 0
328.062 0
328.069 0
328.075 0
328.093 0
328.1 0
328.112 0
328.118 0
328.136 0
328.141 0
328.154 0
328.16 0
328.173 0
328.178 0
328.195 0
328.2 0
328.217 0
328.222 0
328.229 0
328.235 0
328.253 0
328.258 0
328.272 0
328.276 0
328.292 0
328.298 0
328.313 0
328.319 0
328.334 0
328.339 0
328.354 0
328.359 0
328.379 0
328.384 0
328.389 0
328.394 0
328.414 0
328.419 0
328.434 0
328.439 0
328.454 0
328.459 0
328.473 0
328.479 0
328.493 0
328.498 0
328.515 0
328.52 0
328.537 0
328.542 0
328.549 0
328.555 0
328.573 0
328.578 0
328.593 0
328.597 0
328.612 0
328.617 0
328.632 0
328.637 0
328.653 0
328.66 0
328.675 0
328.679 0
328.698 0
328.703 0
328.708 0
328.713 0
328.734 0
328.739 0
328.755 0
328.76 0
328.773 0
328.778 0
328.793 0
328.799 0
328.817 0
328.822 0
328.834 0
328.839 0
328.858 0
328.863 0
328.87 0
328.877 0
328.892 0
328.898 0
328.914 0
328.919 0
328.934 0
328.939 0
328.954 0
328.959 0
328.974 0
328.98 0
328.993 0
328.999 0
329.017 0
329.023 0
329.029 0
329.035 0
329.053 0
329.058 0
329.073 0
329.079 0
329.093 0
329.098 0
329.113 0
329.119 0
329.132 0
329.138 0
329.151 0
329.156 0
329.176 0
329.181 0
329.188 0
329.195 0
329.213 0
329.219 0
329.234 0
329.239 0
329.253 0
329.258 0
329.273 0
329.278 0
329.292 0
329.297 0
329.312 0
329.316 0
329.336 0
329.341 0
329.349 0
329.355 0
329.373 0
329.378 0
329.393 0
329.398 0
329.412 0
329.418 0
329.433 0
329.438 0
329.452 0
329.457 0
329.473 0
329.477 0
329.497 0
329.502 0
329.509 0
329.515 0
329.535 0
329.539 0
329.553 0
329.558 0
329.574 0
329.579 0
329.593 0
329.597 0
329.614 0
329.619 0
329.633 0
329.638 0
329.656 0
329.661 0
329.668 0
329.672 0
329.695 0
329.7 0
329.715 0
329.719 0
329.732 0
329.737 0
329.752 0
329.758 0
329.771 0
329.776 0
329.776 43
329.828 0
329.875 0
329.881 0
329.894 0
329.9 0
329.913 0
329.918 0
329.933 0
329.939 0
329.952 0
329.958 0
329.977 0
329.982 0
329.988 0
329.995 0
330.012 0
330.018 0
330.033 0
330.038 0
330.053 0
330.058 0
330.073 0
330.078 0
330.093 0
330.097 0
330.112 0
330.116 0
330.137 0
330.141 0
330.149 0
330.154 0
330.173 0
330.179 0
330.193 0
330.198 0
330.213 0
330.217 0
330.232 0
330.237 0
330.252 0
330.257 0
330.273 0
330.277 0
330.296 0
330.3 0
330.309 0
330.314 0
330.332 0
330.337 0
330.352 0
330.357 0
330.373 0
330.378 0
330.393 0
330.399 0
330.412 0
330.417 0
330.433 0
330.438 0
330.455 0
330.461 0
330.468 0
330.474 0
330.492 0
330.498 0
330.515 0
330.521 0
330.533 0
330.538 0
330.553 0
330.559 0
330.572 0
330.577 0
330.591 0
330.597 0
330.617 0
330.622 0
330.629 0
330.634 0
330.654 0
330.659 0
330.673 0
330.677 0
330.693 0
330.697 0
330.712 0
330.717 0
330.733 0
330.738 0
330.753 0
330.758 0
330.778 0
330.783 0
330.788 0
330.794 0
330.818 0
330.823 0
330.833 0
330.839 0
330.855 0
330.859 0
330.872 0
330.879 0
330.894 0
330.898 0
330.912 0
330.918 0
330.937 0
330.942 0
330.948 0
330.954 0
330.973 0
330.978 0
330.993 0
330.999 0
331.015 0
331.019 0
331.033 0
331.071 0
331.078 0
331.096 0
331.101 0
331.11 0
331.117 0
331.132 0
331.139 0
331.154 0
331.16 0
331.173 0
331.178 0
331.194 0
331.2 0
331.212 0
331.219 0
331.234 0
331.239 0
331.289 0
331.294 0
331.314 0
331.32 0
331.335 0
331.34 0
331.352 0
331.359 0
331.373 0
331.378 0
331.393 0
331.398 0
331.417 0
331.422 0
331.428 0
331.434 0
331.453 0
331.458 0
331.474 0
331.51 0
331.516 0
331.533 0
331.538 0
331.554 0
331.559 0
331.578 0
331.583 0
331.588 0
331.593 0
331.613 0
331.618 0
331.634 0
331.639 0
331.652 0
331.658 0
331.674 0
331.679 0
331.693 0
331.732 0
331.738 0
331.749 0
331.754 0
331.773 0
331.778 0
331.792 0
331.797 0
331.812 0
331.817 0
331.833 0
331.838 0
331.853 0
331.858 0
331.873 0
331.878 0
331.896 0
331.901 0
331.908 0
331.913 0
331.954 0
331.959 0
331.973 0
331.978 0
331.994 0
331.999 0
332.013 0
332.018 0
332.033 0
332.039 0
332.057 0
332.062 0
332.069 0
332.074 0
332.093 0
332.098 0
332.113 0
332.117 0
332.132 0
332.139 0
332.154 0
332.16 0
332.173 0
332.179 0
332.192 0
332.197 0
332.217 0
332.222 0
332.228 0
332.234 0
332.253 0
332.259 0
332.275 0
332.28 0
332.293 0
332.298 0
332.312 0
332.318 0
332.332 0
332.339 0
332.353 0
332.359 0
332.377 0
332.382 0
332.388 0
332.395 0
332.412 0
332.418 0
332.433 0
332.438 0
332.454 0
332.46 0
332.474 0
332.478 0
332.491 0
332.496 0
332.513 0
332.519 0
332.538 0
332.543 0
332.548 0
332.555 0
332.574 0
332.579 0
332.592 0
332.597 0
332.612 0
332.619 0
332.634 0
332.64 0
332.654 0
332.659 0
332.672 0
332.677 0
332.712 0
332.729 0
332.74 0
332.751 0
332.764 0
332.769 0
332.788 0
332.792 0
332.808 0
332.813 0
332.832 0
332.837 0
332.849 0
332.856 0
332.864 0
332.87 0
332.875 0
332.884 0
332.888 0
332.905 0
332.909 0
332.931 0
332.935 0
332.944 0
332.95 0
332.966 0
332.97 0
332.984 0
332.988 0
333.004 0
333.011 0
333.022 0
333.028 0
333.044 0
333.049 0
333.065 0
333.069 0
333.086 0
333.089 0
333.102 0
333.107 0
333.124 0
333.129 0
333.15 0
333.164 0
333.168 0
333.183 0
333.188 0
333.213 0
333.222 0
333.228 0
333.232 0
333.244 0
333.248 0
333.264 0
333.27 0
333.285 0
333.289 0
333.305 0
333.309 0
333.325 0
333.332 0
333.344 0
333.348 0
333.426 0
333.43 0
333.435 0
333.439 0
333.508 0
333.512 0
333.516 0
333.521 0
333.588 0
333.593 0
333.597 0
333.668 0
333.672 0
333.677 0
333.681 0
333.747 0
333.752 0
333.757 0
333.762 0
333.827 0
333.831 0
333.835 0
333.839 0
333.843 0
333.907 0
333.912 0
333.916 0
333.92 0
333.988 0
333.993 0
333.998 0
334.002 0
334.067 0
334.073 0
334.08 0
334.087 0
334.091 0
334.148 0
334.152 0
334.161 0
334.227 0
334.232 0
334.237 0
334.241 0
334.306 0
334.326 0
334.329 0
334.385 0
334.392 0
334.396 0
334.401 0
334.611 0
334.611 0
334.627 0
334.631 0
334.636 0
334.64 0
334.71 0
334.714 0
334.718 0
334.722 0
334.726 0
334.772 0
334.776 0
334.776 43
334.799 0
334.844 0
334.848 0
334.868 0
334.873 0
334.877 0
334.882 0
334.945 0
334.95 0
334.954 0
334.958 0
334.962 0
335.033 0
335.038 0
335.043 0
335.048 0
335.054 0
335.059 0
335.108 0
335.112 0
335.116 0
335.12 0
335.125 0
335.192 0
335.197 0
335.202 0
335.207 0
335.215 0
335.22 0
335.273 0
335.278 0
335.283 0
335.292 0
335.297 0
335.354 0
335.36 0
335.364 0
335.369 0
335.377 0
335.38 0
335.428 0
335.433 0
335.438 0
335.442 0
335.514 0
335.518 0
335.523 0
335.528 0
335.533 0
335.538 0
335.593 0
335.598 0
335.603 0
335.612 0
335.616 0
335.62 0
335.666 0
335.67 0
335.674 0
335.678 0
335.682 0
335.753 0
335.758 0
335.763 0
335.772 0
335.777 0
335.782 0
335.839 0
335.844 0
335.85 0
335.855 0
335.86 0
335.915 0
335.92 0
335.924 0
335.932 0
335.937 0
335.993 0
335.998 0
336.003 0
336.008 0
336.013 0
336.018 0
336.09 0
336.094 0
336.099 0
336.152 0
336.156 0
336.161 0
336.165 0
336.227 0
336.231 0
336.237 0
336.242 0
336.311 0
336.315 0
336.319 0
336.386 0
336.391 0
336.396 0
336.4 0
336.465 0
336.469 0
336.473 0
336.477 0
336.554 0
336.56 0
336.564 0
336.575 0
336.579 0
336.584 0
336.629 0
336.634 0
336.638 0
336.642 0
336.647 0
336.655 0
336.66 0
336.713 0
336.752 0
336.756 0
336.795 0
336.8 0
336.804 0
336.81 0
336.815 0
336.819 0
336.875 0
336.879 0
336.884 0
336.893 0
336.897 0
336.901 0
336.973 0
336.978 0
337.033 0
337.037 0
337.042 0
337.052 0
337.056 0
337.06 0
337.114 0
337.119 0
337.124 0
337.129 0
337.133 0
337.138 0
337.193 0
337.198 0
337.203 0
337.213 0
337.217 0
337.222 0
337.275 0
337.28 0
337.284 0
337.289 0
337.294 0
337.298 0
337.347 0
337.351 0
337.355 0
337.359 0
337.363 0
337.426 0
337.431 0
337.435 0
337.439 0
337.443 0
337.447 0
337.506 0
337.51 0
337.514 0
337.518 0
337.522 0
337.593 0
337.598 0
337.603 0
337.609 0
337.613 0
337.675 0
337.68 0
337.686 0
337.695 0
337.7 0
337.705 0
337.753 0
337.757 0
337.762 0
337.77 0
337.775 0
337.779 0
337.784 0
337.836 0
337.842 0
337.852 0
337.856 0
337.86 0
337.908 0
337.912 0
337.921 0
337.925 0
337.987 0
337.992 0
337.997 0
338.001 0
338.004 0
338.067 0
338.078 0
338.084 0
338.088 0
338.147 0
338.151 0
338.156 0
338.16 0
338.227 0
338.232 0
338.236 0
338.24 0
338.312 0
338.317 0
338.321 0
338.325 0
338.329 0
338.397 0
338.402 0
338.407 0
338.414 0
338.418 0
338.422 0
338.469 0
338.474 0
338.481 0
338.486 0
338.549 0
338.553 0
338.558 0
338.563 0
338.632 0
338.637 0
338.641 0
338.645 0
338.706 0
338.711 0
338.716 0
338.72 0
339.936 0
339.936 0
339.936 0
339.937 0
340.245 0
340.25 0
340.25 0
340.25 43
340.256 0
340.302 0
340.315 0
340.319 0
340.324 0
340.33 0
340.334 0
340.338 0
340.342 0
340.396 0
340.401 0
340.406 0
340.414 0
340.419 0
340.425 0
340.476 0
340.482 0
340.486 0
340.492 0
340.497 0
340.502 0
340.556 0
340.561 0
340.566 0
340.574 0
340.579 0
340.583 0
340.634 0
340.639 0
340.644 0
340.649 0
340.653 0
340.658 0
340.716 0
340.72 0
340.725 0
340.733 0
340.738 0
340.744 0
340.794 0
340.798 0
340.803 0
340.808 0
340.813 0
340.817 0
340.822 0
340.889 0
340.893 0
340.898 0
340.904 0
340.956 0
340.961 0
340.966 0
340.97 0
340.978 0
340.983 0
341.036 0
341.04 0
341.045 0
341.055 0
341.06 0
341.115 0
341.12 0
341.124 0
341.129 0
341.136 0
341.14 0
341.19 0
341.194 0
341.198 0
341.202 0
341.206 0
341.277 0
341.281 0
341.286 0
341.29 0
341.329 0
341.334 0
341.356 0
341.361 0
341.365 0
341.374 0
341.378 0
341.382 0
341.434 0
341.438 0
341.443 0
341.447 0
341.452 0
341.457 0
341.463 0
341.511 0
341.551 0
341.555 0
341.594 0
341.598 0
341.604 0
341.61 0
341.614 0
341.618 0
341.674 0
341.68 0
341.685 0
341.693 0
341.698 0
341.703 0
341.773 0
341.778 0
341.83 0
341.834 0
341.838 0
341.843 0
341.851 0
341.857 0
341.862 0
341.916 0
341.921 0
341.926 0
341.93 0
341.935 0
341.939 0
341.994 0
341.999 0
342.004 0
342.013 0
342.018 0
342.024 0
342.076 0
342.081 0
342.085 0
342.09 0
342.097 0
342.101 0
342.156 0
342.161 0
342.166 0
342.174 0
342.179 0
342.184 0
342.234 0
342.239 0
342.244 0
342.252 0
342.256 0
342.261 0
342.314 0
342.319 0
342.324 0
342.332 0
342.337 0
342.344 0
342.396 0
342.402 0
342.406 0
342.412 0
342.418 0
342.423 0
342.477 0
342.481 0
342.486 0
342.495 0
342.499 0
342.554 0
342.559 0
342.564 0
342.569 0
342.573 0
342.578 0
342.627 0
342.631 0
342.635 0
342.648 0
342.653 0
342.716 0
342.72 0
342.724 0
342.733 0
342.737 0
342.742 0
342.794 0
342.799 0
342.804 0
342.813 0
342.817 0
342.823 0
342.872 0
342.878 0
342.882 0
342.887 0
342.891 0
342.896 0
342.948 0
342.954 0
342.959 0
342.963 0
343.027 0
343.032 0
343.036 0
343.041 0
343.113 0
343.117 0
343.122 0
343.133 0
343.137 0
343.141 0
343.193 0
343.198 0
343.827 0
343.827 0
343.827 0
343.827 0
343.827 0
343.833 0
343.833 0
343.839 0
343.844 0
343.85 0
343.854 0
343.859 0
343.864 0
343.868 0
343.874 0
343.917 0
343.921 0
343.933 0
343.938 0
343.991 0
343.995 0
344 0
344.004 0
344.01 0
344.015 0
344.075 0
344.08 0
344.085 0
344.096 0
344.101 0
344.106 0
344.153 0
344.158 0
344.162 0
344.168 0
344.173 0
344.178 0
344.236 0
344.241 0
344.253 0
344.26 0
344.315 0
344.32 0
344.325 0
344.33 0
344.338 0
344.344 0
344.393 0
344.398 0
344.403 0
344.413 0
344.418 0
344.474 0
344.479 0
344.485 0
344.489 0
344.494 0
344.499 0
344.555 0
344.56 0
344.565 0
344.573 0
344.578 0
344.634 0
344.639 0
344.645 0
344.651 0
344.656 0
344.661 0
344.714 0
344.719 0
344.725 0
344.733 0
344.738 0
344.772 0
344.778 0
344.778 43
344.809 0
344.856 0
344.861 0
344.874 0
344.879 0
344.884 0
344.893 0
344.899 0
345.977 0
345.977 0
345.977 0
346.01 0
346.012 0
346.016 0
346.023 0
346.027 0
346.075 0
346.08 0
346.086 0
346.09 0
346.129 0
346.134 0
346.154 0
346.159 0
346.163 0
346.172 0
346.177 0
346.183 0
346.234 0
346.238 0
346.244 0
346.25 0
346.254 0
346.26 0
346.35 0
346.354 0
346.394 0
346.399 0
346.403 0
346.412 0
346.416 0
346.421 0
346.473 0
346.478 0
346.482 0
346.491 0
346.495 0
346.5 0
346.572 0
346.577 0
346.583 0
346.633 0
346.638 0
346.643 0
346.654 0
346.659 0
346.665 0
346.716 0
346.721 0
346.726 0
346.731 0
346.735 0
346.74 0
346.795 0
346.8 0
346.806 0
346.813 0
346.818 0
346.874 0
346.88 0
346.885 0
346.89 0
346.895 0
346.901 0
346.955 0
346.96 0
346.965 0
346.973 0
346.984 0
346.99 0
347.033 0
347.038 0
347.042 0
347.048 0
347.053 0
347.057 0
347.114 0
347.118 0
347.123 0
347.133 0
347.137 0
347.141 0
347.195 0
347.199 0
347.205 0
347.211 0
347.216 0
347.22 0
347.276 0
347.28 0
347.286 0
347.294 0
347.298 0
347.304 0
347.354 0
347.359 0
347.364 0
347.369 0
347.374 0
347.378 0
347.435 0
347.44 0
347.445 0
347.453 0
347.459 0
347.516 0
347.521 0
347.526 0
347.531 0
347.536 0
347.541 0
347.595 0
347.6 0
347.612 0
347.617 0
347.677 0
347.682 0
347.687 0
347.691 0
347.697 0
347.701 0
347.756 0
347.761 0
347.766 0
347.774 0
347.779 0
347.783 0
347.835 0
347.84 0
347.845 0
347.851 0
347.858 0
347.864 0
347.916 0
347.922 0
347.927 0
347.933 0
347.938 0
347.944 0
347.995 0
348 0
348.005 0
348.01 0
348.016 0
348.021 0
348.074 0
348.079 0
348.084 0
348.093 0
348.098 0
348.153 0
348.159 0
349.767 0
349.767 0
349.767 0
350.073 0
350.074 0
350.278 0
350.278 0
350.285 0
350.285 0
350.285 43
350.29 0
350.297 0
350.333 0
350.378 0
350.384 0
350.394 0
350.399 0
350.403 0
350.411 0
350.416 0
350.422 0
350.475 0
350.48 0
350.485 0
350.493 0
350.498 0
350.504 0
350.557 0
350.562 0
350.567 0
350.571 0
350.575 0
350.58 0
350.634 0
350.639 0
350.643 0
350.647 0
350.651 0
350.716 0
350.721 0
350.725 0
350.731 0
350.736 0
350.741 0
350.795 0
350.8 0
350.805 0
350.814 0
350.819 0
350.825 0
350.876 0
350.882 0
350.887 0
350.892 0
350.932 0
350.954 0
350.959 0
350.963 0
350.975 0
350.98 0
350.986 0
351.035 0
351.04 0
351.044 0
351.05 0
351.054 0
351.059 0
351.149 0
351.153 0
351.195 0
351.201 0
351.205 0
351.21 0
351.216 0
351.221 0
351.276 0
351.281 0
351.287 0
351.294 0
351.299 0
351.371 0
351.376 0
351.381 0
351.435 0
351.44 0
351.445 0
351.454 0
351.459 0
351.515 0
351.52 0
351.524 0
351.531 0
351.536 0
351.54 0
351.595 0
351.6 0
351.605 0
351.613 0
351.618 0
352.224 0
352.224 0
352.224 0
352.238 0
352.242 0
352.246 0
352.25 0
352.254 0
352.258 0
352.262 0
352.315 0
352.32 0
352.325 0
352.33 0
352.335 0
352.341 0
352.395 0
352.4 0
352.405 0
352.413 0
352.417 0
352.424 0
352.476 0
352.482 0
352.487 0
352.491 0
352.499 0
352.505 0
352.554 0
352.559 0
352.564 0
352.572 0
352.576 0
352.582 0
352.635 0
352.642 0
352.647 0
352.652 0
352.657 0
352.662 0
352.717 0
352.722 0
352.726 0
352.733 0
352.739 0
352.743 0
352.795 0
352.8 0
352.805 0
352.81 0
352.815 0
352.82 0
352.874 0
352.879 0
352.883 0
352.892 0
352.897 0
352.903 0
352.955 0
352.96 0
352.964 0
352.97 0
352.975 0
352.979 0
353.033 0
353.038 0
353.043 0
353.052 0
353.057 0
353.062 0
353.116 0
353.121 0
353.126 0
353.131 0
353.137 0
353.142 0
353.196 0
353.201 0
353.206 0
353.215 0
353.22 0
353.274 0
353.284 0
353.291 0
353.296 0
353.301 0
353.354 0
353.359 0
353.364 0
353.374 0
353.378 0
353.434 0
353.439 0
353.443 0
353.45 0
353.456 0
353.461 0
353.516 0
353.521 0
353.526 0
353.534 0
353.538 0
353.543 0
353.595 0
353.6 0
353.605 0
353.61 0
353.614 0
353.619 0
353.676 0
353.681 0
353.686 0
353.694 0
353.699 0
353.755 0
353.761 0
353.766 0
353.771 0
353.778 0
353.783 0
353.835 0
353.84 0
353.846 0
353.853 0
353.858 0
353.864 0
353.916 0
353.921 0
353.926 0
353.931 0
353.936 0
353.94 0
353.997 0
354.002 0
354.007 0
354.014 0
354.019 0
354.024 0
354.077 0
354.081 0
354.086 0
354.091 0
354.098 0
354.104 0
354.157 0
354.162 0
354.167 0
354.174 0
354.179 0
354.185 0
354.236 0
354.241 0
354.246 0
354.251 0
354.255 0
354.261 0
354.317 0
354.322 0
354.327 0
354.334 0
354.339 0
354.345 0
354.395 0
354.4 0
354.405 0
354.409 0
354.414 0
354.418 0
354.424 0
354.476 0
354.481 0
354.486 0
354.494 0
354.499 0
354.505 0
354.556 0
354.561 0
354.566 0
354.571 0
354.576 0
354.583 0
354.637 0
354.642 0
354.646 0
354.654 0
354.659 0
354.665 0
354.716 0
354.721 0
354.726 0
354.73 0
354.736 0
354.743 0
354.773 0
354.78 0
354.78 43
354.815 0
354.861 0
354.866 0
354.876 0
354.881 0
354.886 0
354.891 0
354.895 0
354.9 0
354.956 0
354.961 0
354.966 0
354.974 0
354.979 0
355.036 0
355.041 0
355.046 0
355.05 0
355.057 0
355.063 0
355.114 0
355.119 0
355.124 0
355.132 0
355.137 0
355.196 0
355.201 0
355.206 0
355.211 0
355.501 0
355.501 0
355.501 0
355.517 0
355.521 0
355.528 0
355.533 0
355.537 0
355.542 0
355.546 0
355.595 0
355.601 0
355.608 0
355.613 0
355.618 0
355.623 0
355.675 0
355.68 0
355.685 0
355.69 0
355.695 0
355.701 0
355.754 0
355.759 0
355.764 0
355.773 0
355.778 0
355.784 0
355.835 0
355.84 0
355.845 0
355.85 0
355.858 0
355.864 0
355.948 0
355.953 0
355.995 0
356 0
356.005 0
356.01 0
356.017 0
356.023 0
356.075 0
356.081 0
356.086 0
356.092 0
356.097 0
356.17 0
356.175 0
356.181 0
356.235 0
356.24 0
356.245 0
356.254 0
356.259 0
356.265 0
356.317 0
356.323 0
356.327 0
356.332 0
356.337 0
356.343 0
356.395 0
356.401 0
356.406 0
356.416 0
356.421 0
356.477 0
356.482 0
356.486 0
356.491 0
356.499 0
356.503 0
356.558 0
356.563 0
356.568 0
356.574 0
356.614 0
356.633 0
356.638 0
356.642 0
356.647 0
356.652 0
356.707 0
356.711 0
356.716 0
356.72 0
356.724 0
356.789 0
356.793 0
356.804 0
356.808 0
356.866 0
356.871 0
356.875 0
356.879 0
356.884 0
356.888 0
356.955 0
356.96 0
356.965 0
356.97 0
356.975 0
356.98 0
357.054 0
357.058 0
357.065 0
357.114 0
357.119 0
357.125 0
357.129 0
357.134 0
357.141 0
357.194 0
357.199 0
357.204 0
357.212 0
357.217 0
357.274 0
357.28 0
357.285 0
358.163 0
358.163 0
358.778 0
358.778 0
359.085 0
359.085 0
359.091 0
359.097 0
359.102 0
359.107 0
359.112 0
359.117 0
359.122 0
359.133 0
359.138 0
359.144 0
359.196 0
359.2 0
359.205 0
359.21 0
359.215 0
359.219 0
359.276 0
359.281 0
359.285 0
359.294 0
359.299 0
359.305 0
359.356 0
359.36 0
359.365 0
359.37 0
359.375 0
359.38 0
359.435 0
359.44 0
359.445 0
359.454 0
359.459 0
359.464 0
359.517 0
359.522 0
359.527 0
359.532 0
359.538 0
359.544 0
359.596 0
359.601 0
359.606 0
359.613 0
359.618 0
359.624 0
359.676 0
359.681 0
359.686 0
359.69 0
359.695 0
359.7 0
359.758 0
359.763 0
359.767 0
359.772 0
359.777 0
359.777 43
359.823 0
359.837 0
359.842 0
359.847 0
359.851 0
359.857 0
359.862 0
359.921 0
359.925 0
359.935 0
359.94 0
359.944 0
359.996 0
360.001 0
360.006 0
360.01 0
360.015 0
360.021 0
360.075 0
360.08 0
360.085 0
360.094 0
360.099 0
360.105 0
360.154 0
360.159 0
360.163 0
360.169 0
360.174 0
360.178 0
360.235 0
360.24 0
360.245 0
360.253 0
360.258 0
360.265 0
360.316 0
360.321 0
360.326 0
360.331 0
360.336 0
360.341 0
360.396 0
360.401 0
360.406 0
360.415 0
360.42 0
360.477 0
360.482 0
360.487 0
360.493 0
360.498 0
360.504 0
360.555 0
360.56 0
360.567 0
360.574 0
360.579 0
360.635 0
360.643 0
360.65 0
360.657 0
360.664 0
360.715 0
360.723 0
360.729 0
360.735 0
360.743 0
360.794 0
360.801 0
360.807 0
360.813 0
360.82 0
360.874 0
360.88 0
360.884 0
360.894 0
360.899 0
360.906 0
360.969 0
360.974 0
360.98 0
361.036 0
361.042 0
361.048 0
361.055 0
361.06 0
361.068 0
361.116 0
361.121 0
361.127 0
361.132 0
361.139 0
361.147 0
361.195 0
361.201 0
361.207 0
361.214 0
361.221 0
361.277 0
361.282 0
361.292 0
361.298 0
361.305 0
361.356 0
361.362 0
361.367 0
361.41 0
361.419 0
361.435 0
361.44 0
361.444 0
361.45 0
361.458 0
361.464 0
361.516 0
361.521 0
361.525 0
361.535 0
361.542 0
361.631 0
361.637 0
361.676 0
361.682 0
361.693 0
361.698 0
361.756 0
361.761 0
361.767 0
361.772 0
361.778 0
361.784 0
361.853 0
361.858 0
361.864 0
361.915 0
361.92 0
361.925 0
361.931 0
361.936 0
361.941 0
361.996 0
362.004 0
362.011 0
362.018 0
362.026 0
362.074 0
362.082 0
362.09 0
362.097 0
362.105 0
362.156 0
362.164 0
362.171 0
362.178 0
362.186 0
362.235 0
362.241 0
362.247 0
362.254 0
362.261 0
362.315 0
362.321 0
362.326 0
362.334 0
362.339 0
362.396 0
362.401 0
362.406 0
362.411 0
362.418 0
362.424 0
362.474 0
362.48 0
362.485 0
362.493 0
362.498 0
362.505 0
362.556 0
362.561 0
362.567 0
362.574 0
362.578 0
362.635 0
362.64 0
362.645 0
362.653 0
362.658 0
362.663 0
362.714 0
362.719 0
362.723 0
362.728 0
362.733 0
362.738 0
362.742 0
362.795 0
362.8 0
362.805 0
362.814 0
362.818 0
362.825 0
362.876 0
362.881 0
362.886 0
362.89 0
362.895 0
362.898 0
362.955 0
362.959 0
362.964 0
362.973 0
362.978 0
363.035 0
363.04 0
363.044 0
363.049 0
363.054 0
363.058 0
363.115 0
363.119 0
363.124 0
363.132 0
363.137 0
363.141 0
363.195 0
363.2 0
363.205 0
363.211 0
363.216 0
363.22 0
363.276 0
363.281 0
363.287 0
363.294 0
363.299 0
363.304 0
363.354 0
363.359 0
363.363 0
363.369 0
363.374 0
363.378 0
363.436 0
363.441 0
363.446 0
363.454 0
363.458 0
363.515 0
363.52 0
363.525 0
363.53 0
363.535 0
363.539 0
363.595 0
363.6 0
363.604 0
363.614 0
363.618 0
363.624 0
363.682 0
363.687 0
363.692 0
363.697 0
363.755 0
363.76 0
363.764 0
363.773 0
363.778 0
363.835 0
363.84 0
363.845 0
363.85 0
363.857 0
363.861 0
363.915 0
363.92 0
363.925 0
363.933 0
363.939 0
363.995 0
364.002 0
364.007 0
364.012 0
364.017 0
364.075 0
364.082 0
364.088 0
364.095 0
364.104 0
364.155 0
364.161 0
364.166 0
364.17 0
364.175 0
364.18 0
364.235 0
364.24 0
364.246 0
364.253 0
364.261 0
364.316 0
364.322 0
364.328 0
364.335 0
364.34 0
364.395 0
364.4 0
364.404 0
364.413 0
364.419 0
364.474 0
364.479 0
364.484 0
364.49 0
364.497 0
364.502 0
364.553 0
364.561 0
364.57 0
364.576 0
364.579 0
364.634 0
364.643 0
364.654 0
364.658 0
364.715 0
364.72 0
364.725 0
364.733 0
364.738 0
364.774 0
364.78 0
364.78 43
364.81 0
364.857 0
364.862 0
364.875 0
364.88 0
364.885 0
364.893 0
364.899 0
364.955 0
364.96 0
364.966 0
364.972 0
364.977 0
364.985 0
365.034 0
365.04 0
365.045 0
365.053 0
365.059 0
365.116 0
365.121 0
365.127 0
365.133 0
365.139 0
365.196 0
365.201 0
365.207 0
365.214 0
365.22 0
365.276 0
365.282 0
365.289 0
365.294 0
365.301 0
365.354 0
365.359 0
365.365 0
365.374 0
365.38 0
365.436 0
365.442 0
365.448 0
365.454 0
365.46 0
365.516 0
365.523 0
365.529 0
365.535 0
365.542 0
365.595 0
365.602 0
365.607 0
365.613 0
365.618 0
365.625 0
365.676 0
365.682 0
365.688 0
365.694 0
365.699 0
365.755 0
365.761 0
365.767 0
365.773 0
365.778 0
365.835 0
365.841 0
365.848 0
365.854 0
365.861 0
365.915 0
365.922 0
365.928 0
365.934 0
365.941 0
365.996 0
366.002 0
366.008 0
366.013 0
366.019 0
366.076 0
366.081 0
366.086 0
366.091 0
366.099 0
366.105 0
366.156 0
366.164 0
366.211 0
366.218 0
366.232 0
366.237 0
366.244 0
366.25 0
366.257 0
366.262 0
366.315 0
366.32 0
366.325 0
366.333 0
366.338 0
366.394 0
366.432 0
366.473 0
366.478 0
366.483 0
366.492 0
366.497 0
366.503 0
366.556 0
366.561 0
366.567 0
366.572 0
366.577 0
366.583 0
366.652 0
366.657 0
366.662 0
366.716 0
366.721 0
366.727 0
366.732 0
366.737 0
366.742 0
366.795 0
366.8 0
366.805 0
366.814 0
366.819 0
366.876 0
366.881 0
366.886 0
366.892 0
366.898 0
366.904 0
366.956 0
366.961 0
366.966 0
366.974 0
366.979 0
366.984 0
367.035 0
367.04 0
367.045 0
367.051 0
367.056 0
367.064 0
367.115 0
367.12 0
367.124 0
367.134 0
367.138 0
367.195 0
367.2 0
367.205 0
367.21 0
367.218 0
367.223 0
367.274 0
367.28 0
367.285 0
367.292 0
367.296 0
367.355 0
367.36 0
367.464 0
367.471 0
367.524 0
367.529 0
367.535 0
367.54 0
367.547 0
367.551 0
367.556 0
367.56 0
367.595 0
367.6 0
367.607 0
367.611 0
367.616 0
367.625 0
367.631 0
367.675 0
367.68 0
367.691 0
367.696 0
367.701 0
367.756 0
367.762 0
367.769 0
367.774 0
367.78 0
367.834 0
367.84 0
367.845 0
367.85 0
367.855 0
367.861 0
367.914 0
367.919 0
367.924 0
367.932 0
367.937 0
367.995 0
367.999 0
368.004 0
368.011 0
368.015 0
368.022 0
368.075 0
368.08 0
368.083 0
368.095 0
368.1 0
368.154 0
368.159 0
368.164 0
368.169 0
368.173 0
368.18 0
368.236 0
368.241 0
368.247 0
368.253 0
368.259 0
368.264 0
368.315 0
368.32 0
368.325 0
368.33 0
368.334 0
368.339 0
368.396 0
368.401 0
368.407 0
368.414 0
368.419 0
368.425 0
368.476 0
368.48 0
368.483 0
368.489 0
368.494 0
368.499 0
368.556 0
368.56 0
368.566 0
368.575 0
368.58 0
368.586 0
368.636 0
368.641 0
368.646 0
368.651 0
368.659 0
368.664 0
368.713 0
368.718 0
368.723 0
368.731 0
368.736 0
368.742 0
368.795 0
368.8 0
368.805 0
368.811 0
368.817 0
368.823 0
368.875 0
368.88 0
368.885 0
368.893 0
368.898 0
368.903 0
368.956 0
368.96 0
368.965 0
368.971 0
368.976 0
368.981 0
369.035 0
369.04 0
369.049 0
369.054 0
369.06 0
369.114 0
369.12 0
369.124 0
369.13 0
369.135 0
369.141 0
369.194 0
369.197 0
369.202 0
369.212 0
369.218 0
369.297 0
369.304 0
369.359 0
369.364 0
369.37 0
369.374 0
369.381 0
369.385 0
369.391 0
369.396 0
369.436 0
369.44 0
369.444 0
369.45 0
369.453 0
369.457 0
369.462 0
369.515 0
369.519 0
369.524 0
369.534 0
369.538 0
369.542 0
369.595 0
369.6 0
369.605 0
369.611 0
369.616 0
369.621 0
369.675 0
369.68 0
369.686 0
369.694 0
369.702 0
369.755 0
369.76 0
369.765 0
369.771 0
369.776 0
369.776 43
369.824 0
369.836 0
369.842 0
369.847 0
369.854 0
369.859 0
369.916 0
369.921 0
369.926 0
369.931 0
369.94 0
369.946 0
369.996 0
370.002 0
370.007 0
370.014 0
370.018 0
370.075 0
370.08 0
370.085 0
370.09 0
370.095 0
370.101 0
370.156 0
370.161 0
370.165 0
370.174 0
370.179 0
370.186 0
370.235 0
370.24 0
370.245 0
370.252 0
370.257 0
370.261 0
370.314 0
370.32 0
370.325 0
370.333 0
370.338 0
370.344 0
370.396 0
370.401 0
370.405 0
370.41 0
370.416 0
370.422 0
370.476 0
370.482 0
370.487 0
370.495 0
370.5 0
370.555 0
370.56 0
370.564 0
370.57 0
370.573 0
370.578 0
370.583 0
370.635 0
370.64 0
370.645 0
370.653 0
370.659 0
370.715 0
370.72 0
370.724 0
370.729 0
370.736 0
370.741 0
370.795 0
370.799 0
370.804 0
370.813 0
370.817 0
370.876 0
370.881 0
370.885 0
370.89 0
370.895 0
370.899 0
370.954 0
370.959 0
370.964 0
371.008 0
371.014 0
371.034 0
371.038 0
371.042 0
371.05 0
371.055 0
371.059 0
371.117 0
371.121 0
371.126 0
371.134 0
371.138 0
371.142 0
371.229 0
371.232 0
371.274 0
371.279 0
371.284 0
371.293 0
371.298 0
371.356 0
371.361 0
371.365 0
371.37 0
371.375 0
371.379 0
371.451 0
371.456 0
371.539 0
371.544 0
371.6 0
371.604 0
371.609 0
371.612 0
371.617 0
371.621 0
371.626 0
371.632 0
371.675 0
371.68 0
371.684 0
371.693 0
371.697 0
371.701 0
371.755 0
371.76 0
371.765 0
371.773 0
371.778 0
371.835 0
371.84 0
371.844 0
371.85 0
371.855 0
371.864 0
371.913 0
371.918 0
371.922 0
371.931 0
371.936 0
371.992 0
371.997 0
372.007 0
372.012 0
372.017 0
372.075 0
372.085 0
372.09 0
372.095 0
372.1 0
372.156 0
372.161 0
372.165 0
372.17 0
372.177 0
372.183 0
372.236 0
372.241 0
372.245 0
372.254 0
372.258 0
372.262 0
372.315 0
372.32 0
372.325 0
372.33 0
372.336 0
372.342 0
372.395 0
372.4 0
372.405 0
372.414 0
372.419 0
372.473 0
372.478 0
372.483 0
372.488 0
372.493 0
372.498 0
372.554 0
372.559 0
372.966 0
372.979 0
372.981 0
372.988 0
372.991 0
373.001 0
373.005 0
373.034 0
373.039 0
373.044 0
373.053 0
373.057 0
373.063 0
373.115 0
373.12 0
373.124 0
373.129 0
373.134 0
373.138 0
373.196 0
373.201 0
373.206 0
373.215 0
373.221 0
373.277 0
373.282 0
373.286 0
373.291 0
373.297 0
373.303 0
373.355 0
373.36 0
373.364 0
373.374 0
373.378 0
373.385 0
373.436 0
373.441 0
373.445 0
373.451 0
373.456 0
373.461 0
373.516 0
373.521 0
373.527 0
373.535 0
373.54 0
373.544 0
373.592 0
373.596 0
373.601 0
373.607 0
373.612 0
373.616 0
373.674 0
373.679 0
373.684 0
373.694 0
373.699 0
373.704 0
373.755 0
373.76 0
373.765 0
373.77 0
373.775 0
373.78 0
373.836 0
373.839 0
373.844 0
373.855 0
373.859 0
373.864 0
373.917 0
373.922 0
373.927 0
373.932 0
373.938 0
373.943 0
373.996 0
374.001 0
374.006 0
374.014 0
374.018 0
374.024 0
374.076 0
374.081 0
374.086 0
374.091 0
374.098 0
374.104 0
374.155 0
374.16 0
374.165 0
374.173 0
374.178 0
374.236 0
374.242 0
374.246 0
374.251 0
374.257 0
374.263 0
374.315 0
374.32 0
374.324 0
374.333 0
374.338 0
374.344 0
374.396 0
374.401 0
374.406 0
374.411 0
374.416 0
374.422 0
374.474 0
374.479 0
374.484 0
374.493 0
374.497 0
374.503 0
374.557 0
374.562 0
374.566 0
374.573 0
374.577 0
374.582 0
374.635 0
374.64 0
374.645 0
374.653 0
374.658 0
374.664 0
374.715 0
374.72 0
374.725 0
374.732 0
374.737 0
374.741 0
374.773 0
374.78 0
374.78 43
374.814 0
374.861 0
374.874 0
374.88 0
374.885 0
374.889 0
374.894 0
374.899 0
374.954 0
374.96 0
374.965 0
374.973 0
374.977 0
375.042 0
375.047 0
375.053 0
375.057 0
375.064 0
375.114 0
375.119 0
375.127 0
375.131 0
375.136 0
375.14 0
375.143 0
375.149 0
375.195 0
375.2 0
375.205 0
375.21 0
375.215 0
375.219 0
375.275 0
375.28 0
375.284 0
375.294 0
375.298 0
375.303 0
375.356 0
375.361 0
375.367 0
375.372 0
375.378 0
375.382 0
375.436 0
375.441 0
375.445 0
375.454 0
375.458 0
375.465 0
375.516 0
375.521 0
375.526 0
375.531 0
375.536 0
375.542 0
375.595 0
375.6 0
375.605 0
375.614 0
