0 1245
4.6e-05 1250
5.7e-05 809
0.051486 37
0.054499 32
0.055902 32
0.059506 32
0.06218 32
0.064306 32
0.065952 33
0.068804 33
0.074726 33
0.074864 33
0.077244 33
0.078598 33
0.080416 33
0.083599 33
0.086822 33
0.090739 33
0.092873 33
0.094679 33
0.096937 33
0.099769 33
0.101143 38
0.102501 33
0.106657 33
0.110218 33
0.111926 33
0.113877 33
0.118683 33
0.119811 33
0.122179 33
0.1245 33
0.126315 33
0.129067 33
0.130802 33
0.132843 33
0.137382 33
0.138736 33
0.140611 33
0.142642 33
0.146143 33
0.147479 33
0.152341 38
0.153722 33
0.155867 33
0.157385 33
0.164542 33
0.164683 33
0.168264 33
0.168393 33
0.172453 33
0.174543 33
0.177195 33
0.178681 33
0.18316 33
0.183302 33
0.185607 33
0.189636 33
0.19195 33
0.196116 33
0.197176 33
0.200521 33
0.20775 38
0.207916 33
0.208032 33
0.2095 33
0.214037 33
0.215482 33
0.216836 33
0.218927 33
0.22134 33
0.22344 33
0.225026 33
0.227791 33
0.230615 33
0.234921 33
0.235956 33
0.237445 33
0.241559 33
0.24495 1245
0.244976 1250
0.244987 818
0.29922 38
2.8465 972
2.91393 33
2.9213 36
3.0938 0
4.81508 1250
4.81511 1250
4.81525 80
4.81552 1015
4.86211 78
4.86238 31
4.88879 32
4.92792 32
5.0196 35
5.01966 31
5.0197 31
5.01976 31
5.0198 31
5.02098 31
5.02514 31
5.02673 31
5.02725 31
6.58775 1243
6.58779 1133
6.63076 33
6.6475 36
7.03269 1250
7.03274 1250
7.03462 79
7.0363 1246
7.03634 1250
7.03636 36
7.0474 1244
7.04745 965
7.04871 948
7.07118 1250
7.07449 1250
7.07457 31
7.07948 31
7.09117 35
7.09277 33
7.0951 35
7.12254 36
7.86425 35
7.86497 35
8.1014 847
8.18 35
8.20662 32
8.23424 1244
8.23427 1250
8.23428 1250
8.23429 280
8.24649 1250
8.24655 1250
8.24839 76
8.26929 1250
8.28459 35
8.28662 37
8.28993 39
8.29066 163
8.2912 1246
8.29123 1250
8.29125 1183
8.29127 67
8.29129 50
8.29137 1245
8.29138 1250
8.29139 1250
8.2914 1250
8.29257 1250
8.29259 1250
8.2926 1250
8.29261 1250
8.29262 1250
8.29263 1250
8.29476 1250
8.29478 1250
8.29479 1250
8.2948 1250
8.29481 1250
8.29482 1250
8.29483 1250
8.29484 1250
8.29692 1250
8.29694 1250
8.29695 1250
8.29697 1130
8.30435 158
8.30442 1250
8.31184 32
8.31744 33
8.3175 33
8.34496 32
8.39814 35
8.4002 31
8.62941 1250
8.62946 1250
8.62947 1250
8.63153 80
8.66354 1250
8.66859 78
8.66866 31
8.66889 1246
8.66891 1250
8.66894 362
8.66895 177
8.68521 33
8.72377 1244
8.72383 364
8.73732 32
8.77675 35
8.80339 32
9.08458 35
9.6707 29
9.67083 29
11.7017 1245
11.7018 1250
11.7018 813
11.754 38
12.1199 35
12.9294 841
12.996 29
12.9962 29
13.0024 36
13.0172 29
13.102 1244
13.102 1250
13.102 1250
13.102 395
13.1512 35
13.1583 32
13.1603 32
13.1623 32
13.1649 32
13.1669 32
13.169 32
13.1721 33
13.1738 33
13.1781 33
13.181 33
13.1822 33
13.1928 34
13.2269 1250
13.2269 1250
13.227 75
13.2275 698
13.2276 361
13.2277 110
13.265 39
13.2655 1206
13.3023 32
13.3053 36
13.3309 36
14.1564 29
14.1566 29
14.1578 1244
14.1578 1250
14.1578 1250
14.1578 1250
14.1578 1250
14.1578 1250
14.1578 1250
14.1578 1250
14.1579 1250
14.1579 1250
14.1579 1250
14.1579 1250
14.16 1250
14.1601 1250
14.1601 1250
14.1601 1250
14.1619 1250
14.1619 1250
14.1619 1250
14.1619 654
14.1858 1244
14.1858 1250
14.187 29
14.1871 1250
14.1871 1250
14.1897 1250
14.1897 1068
14.1957 29
14.2128 1250
14.2128 1250
14.213 76
14.2135 453
14.2236 33
14.2264 36
14.2425 36
14.2498 1250
14.2527 78
14.2528 31
14.2676 113
14.2703 33
14.3724 37
14.3735 33
14.3745 543
14.4422 32
14.5588 35
16.2541 1245
16.2542 1250
16.2542 816
16.3018 37
16.3021 32
16.3041 32
16.3058 32
16.3078 32
16.3123 32
16.3125 33
16.314 33
16.3153 33
16.3179 33
16.3196 33
16.3197 33
16.3268 1245
16.3269 1250
16.3269 820
16.3731 37
16.3748 32
16.3779 32
16.378 32
16.3807 32
16.3826 32
16.384 33
16.3862 33
16.3874 33
16.3896 33
16.3951 33
16.3952 33
16.4054 34
17.1953 35
17.1957 35
17.5884 1243
17.5885 1250
17.5885 34
17.6322 33
17.6828 36
17.8274 29
17.8276 29
17.845 29
17.9159 1243
17.916 1250
17.916 1250
17.916 400
17.9682 36
18.3944 1243
18.3944 1250
18.3944 1250
18.3944 385
18.4467 36
18.4734 33
18.7233 1244
18.7233 1099
18.7708 35
18.7972 32
18.8144 29
18.8146 29
18.8157 1243
18.8158 1250
18.8158 1250
18.8158 1250
18.8158 1250
18.8158 1250
18.8158 1250
18.8158 1250
18.8158 1250
18.8158 1250
18.8159 1250
18.8159 1250
18.8159 1250
18.8159 1250
18.818 1250
18.8181 1250
18.8181 1250
18.8181 1250
18.8209 1250
18.8209 1250
18.821 1250
18.821 1250
18.821 1250
18.821 977
18.8234 1250
18.8234 1250
18.8234 1250
18.8234 1250
18.8255 1250
18.8256 1250
18.8256 1250
18.8256 1250
18.8277 1250
18.8277 1250
18.8277 1250
18.8277 1250
18.8278 1250
18.8278 1250
18.83 1250
18.83 1250
18.83 1250
18.83 1250
18.8322 1250
18.8322 1250
18.8543 29
18.856 1250
18.856 1250
18.8561 1250
18.8561 1250
18.857 1250
18.857 1250
18.8576 29
18.8581 1250
18.8581 1250
18.8587 1250
18.8587 1250
18.8611 1250
18.8611 1250
18.8611 1250
18.8611 1250
18.8611 817
18.8665 32
18.8765 38
18.8846 37
18.9122 37
18.9211 38
18.9424 37
20.2114 471
20.2795 32
20.3991 35
22.0305 1250
22.0305 1250
22.0323 81
22.0697 39
22.0702 166
22.0704 1246
22.0704 1250
22.0704 573
22.11 32
22.1402 32
22.1456 33
22.1504 36
22.8472 978
22.9138 33
22.9308 36
23.5738 0
26.2133 473
26.2822 32
26.3972 35
27.9175 35
27.9179 35
28.5878 1243
28.5878 1250
28.5878 55
28.6305 33
28.6566 37
28.7234 1244
28.7234 86
28.7731 35
28.8181 1243
28.8182 685
28.8916 38
32.2109 471
32.2813 32
32.3446 35
32.3969 35
32.7212 1244
32.7212 84
32.7696 35
35.0238 1245
35.0238 1250
35.0238 788
35.0768 38
35.1165 32
35.1184 32
35.12 32
35.122 32
35.1266 32
35.1283 32
35.1317 33
35.1329 33
35.1359 33
35.1381 33
35.1413 33
35.143 33
35.1449 33
35.1473 33
35.1506 33
35.1528 33
35.155 33
35.1573 33
35.1601 33
35.1641 38
35.166 33
35.1684 33
35.1711 33
35.1733 33
35.175 33
35.1775 33
35.1815 33
35.1848 33
35.1859 33
35.1913 33
35.1915 33
35.1935 33
35.1964 33
35.1991 33
35.2096 34
35.2211 33
35.2212 33
35.2214 33
35.2224 33
35.2256 38
35.2257 33
35.2259 33
35.2269 33
35.2293 33
35.2294 33
35.2314 33
35.2315 33
35.2424 34
35.2578 33
35.2579 33
35.258 33
35.2598 33
35.2599 33
35.2628 33
35.2629 33
35.263 33
35.264 33
35.2673 33
35.2674 33
35.2675 38
35.2696 33
35.2697 33
35.2709 33
35.2724 33
35.2762 33
35.2784 33
35.2801 33
35.2824 33
35.2861 33
35.2881 33
35.291 33
35.293 33
35.2957 33
35.297 33
35.3015 33
35.3034 33
35.3055 33
35.3069 33
35.3101 33
35.3121 38
35.3165 33
35.318 33
35.3215 33
35.3234 33
35.3253 33
35.3274 33
35.331 33
35.3319 33
35.3375 33
35.3391 33
35.341 33
35.3424 33
35.3452 33
35.3481 33
35.3498 33
35.3523 33
35.3561 33
35.3578 33
35.3597 33
35.3631 38
35.3665 33
35.3692 33
35.3709 33
35.3756 33
35.3757 33
35.3776 33
35.3808 33
35.3828 33
35.3849 33
35.3875 33
35.391 33
35.3939 35
35.3953 35
35.3975 35
35.4027 35
35.4028 35
35.4065 35
35.4084 35
35.4102 35
35.4118 40
35.4163 35
35.4184 35
35.4202 35
35.4227 35
35.4261 35
35.4283 35
35.4302 35
35.4324 35
35.4388 35
35.4409 35
35.4428 35
35.4429 35
35.4466 35
35.448 35
35.4517 35
35.4548 35
35.4566 35
35.458 35
35.4599 35
35.4635 40
35.4665 35
35.4681 35
35.471 35
35.4737 35
35.4754 35
35.4776 35
35.4816 35
35.4836 35
35.4862 35
35.4969 36
37.358 0
37.3584 35
37.3584 0
37.3606 268
37.361 39
37.3935 0
37.4178 0
37.5014 0
37.502 0
37.502 0
37.5045 1250
37.5045 1250
37.5046 1250
37.5047 79
37.5051 39
37.5053 2768
37.5251 1250
37.5428 37
37.5433 39
37.544 165
37.5614 161
37.5615 168
37.5618 33
37.5618 33
37.6415 0
37.6437 35
38.2115 911
38.2123 472
38.2714 38
38.2791 32
38.3816 35
38.7234 1244
38.7235 66
38.7728 35
39.5879 1243
39.5879 1145
39.6099 33
39.6576 37
40.6674 1245
40.6675 1250
40.6675 793
40.7142 39
40.7164 34
40.7182 34
40.7204 34
40.7269 34
40.7271 34
40.7284 35
40.7306 35
40.7349 35
40.7362 35
40.739 35
40.7402 35
40.7445 35
40.7462 35
40.7483 35
40.75 35
40.7561 35
40.7563 35
40.759 35
40.7637 35
40.7654 40
40.7668 35
40.7682 35
40.7701 35
40.7753 35
40.7755 35
40.7788 35
40.7812 35
40.7831 35
40.7853 35
40.7889 35
40.7912 35
40.7929 35
40.7956 35
40.7994 35
40.8001 35
40.8042 35
40.8053 35
40.8076 35
40.8097 35
40.8138 40
40.8152 35
40.8189 35
40.8199 35
40.826 35
40.8261 35
40.8295 35
40.8321 35
40.8346 35
40.8369 35
40.8399 35
40.8428 35
40.8448 35
40.8461 35
40.8491 35
40.8528 35
40.8546 35
40.8557 35
40.8614 35
40.8616 35
40.8631 40
40.8673 35
40.8688 35
40.8728 35
40.8745 35
40.8765 35
40.8869 36
42.8478 976
42.8942 33
42.9212 37
44.2113 470
44.2797 32
44.396 35
45.8325 29
47.0271 1245
47.0271 1250
47.0271 789
47.0751 39
47.0752 34
47.0785 34
47.0804 34
47.0826 34
47.0842 34
47.0876 35
47.0896 35
47.0928 35
47.0949 35
47.0984 35
47.1006 35
47.1026 35
47.1055 35
47.1071 35
47.1131 35
47.1145 35
47.1159 35
47.1178 35
47.1196 35
47.1234 40
47.125 35
47.127 35
47.129 35
47.1336 35
47.135 35
47.1378 35
47.1401 35
47.1434 35
47.1456 35
47.1516 35
47.1518 35
47.153 35
47.1551 35
47.16 35
47.1601 35
47.1634 35
47.1645 35
47.1693 35
47.1694 35
47.1731 40
47.1755 35
47.1778 35
47.179 35
47.1834 35
47.1845 35
47.1885 35
47.1906 35
47.1935 35
47.1948 35
47.1982 35
47.2006 35
47.2019 35
47.2047 35
47.2096 35
47.2098 35
47.2152 35
47.2173 35
47.2183 35
47.2288 36
48.1497 0
48.4997 35
48.5 35
50.2112 475
50.2819 32
50.4072 35
50.4133 29
50.4165 1250
50.4165 1250
50.4165 1250
50.4183 78
50.4185 1246
50.4186 1250
50.4186 287
50.4186 80
50.4524 1250
50.455 78
50.4551 31
50.4607 31
50.4711 33
50.5891 1243
50.5891 1222
50.6142 33
50.6522 37
50.7143 37
50.7143 33
50.7143 33
50.7144 33
50.7144 33
50.7144 33
50.7145 33
50.7145 33
50.7174 29
50.7293 33
50.7321 31
50.7321 31
50.7322 31
50.7337 31
50.7338 31
50.7355 31
50.7366 31
50.7366 31
50.7385 31
50.7385 31
50.7399 31
50.74 36
50.743 31
50.7516 31
50.7517 31
50.7534 31
50.7535 31
50.7546 32
50.7567 32
50.7567 32
50.7568 32
50.7585 32
50.7586 32
50.7595 32
50.7595 32
50.7614 32
50.7736 32
50.7736 32
50.7775 32
50.7776 32
50.7776 32
50.7776 37
50.7777 32
50.7787 32
50.7787 32
50.7788 32
50.7809 32
50.781 32
50.781 32
50.7829 32
50.7855 33
50.7877 33
50.7922 34
50.7988 33
50.804 34
50.805 32
50.8051 32
50.8078 32
50.8079 33
50.8094 33
50.811 33
50.816 38
50.8172 33
50.822 33
50.8263 33
50.8264 33
50.8276 33
50.8303 33
50.8304 33
50.8324 33
50.8353 33
50.8355 33
50.8356 33
50.8357 33
50.8387 33
50.8388 33
50.8435 34
50.8442 33
50.8486 34
50.8503 33
50.8504 33
50.8505 38
50.8527 33
50.8528 33
50.8549 33
50.857 33
50.8572 33
50.86 33
50.8601 33
50.8602 33
50.8626 33
50.8627 33
50.8653 33
50.8654 33
50.8686 33
50.8687 33
50.8709 33
50.871 33
50.8733 33
50.8734 33
50.8775 33
50.8777 38
50.8811 33
50.8813 33
50.8813 33
50.8824 33
50.8825 33
50.8852 33
50.8853 33
50.8865 33
50.8866 33
50.8898 33
50.89 33
50.8901 33
50.8917 33
50.8944 33
50.8945 33
50.8946 33
50.8972 33
50.8973 33
50.9001 33
50.9002 38
50.9043 33
50.9045 33
50.9069 33
50.9071 33
50.9072 33
50.9089 33
50.9091 33
50.9117 33
50.9118 33
50.9137 33
50.9138 33
50.9168 33
50.9169 33
50.917 33
50.9223 34
50.9226 33
50.9227 33
50.9229 33
50.9231 33
50.9262 38
50.9263 33
50.9264 33
50.9274 33
50.9309 33
50.931 33
50.9311 33
50.9322 33
50.9349 33
50.935 33
50.9351 33
50.9352 33
50.9363 33
50.9395 33
50.9396 33
50.9397 33
50.9408 33
50.944 33
50.9441 33
50.9442 33
50.9456 38
50.9457 33
50.9487 33
50.9488 33
50.95 33
50.9501 33
50.9532 33
50.9534 33
50.9535 33
50.9549 33
50.9578 33
50.9579 33
50.958 33
50.959 33
50.9618 33
50.9619 33
50.962 33
50.9636 33
50.9637 33
50.967 33
50.9671 38
50.9672 33
50.9683 33
50.9723 33
50.9748 33
50.9749 33
50.975 33
50.9781 33
50.9783 33
50.9784 33
50.9817 33
50.9818 33
50.9819 33
50.9829 33
50.983 33
50.9862 33
50.9863 33
50.9875 33
50.9876 33
50.9907 33
50.9908 38
50.9909 33
50.9925 33
50.9954 33
50.9955 33
50.9956 33
50.9969 33
50.9997 33
50.9998 33
50.9999 33
51 33
51.0011 33
51.0054 34
51.0067 33
51.0068 33
51.0069 33
51.0078 33
51.0107 33
51.0108 33
51.0109 33
51.0129 38
51.0157 33
51.0158 33
51.0159 33
51.016 33
51.017 33
51.0205 33
51.0206 33
51.0207 33
51.0228 33
51.0276 33
51.0277 33
51.0278 33
51.0279 33
51.0281 33
51.031 33
51.0311 33
51.0312 33
51.0323 33
51.0351 33
51.0352 38
51.0353 33
51.0363 33
51.0365 33
51.0394 33
51.0395 33
51.0396 33
51.0406 33
51.0433 33
51.0434 33
51.0435 33
51.0446 33
51.0475 33
51.0476 33
51.0477 33
51.0478 33
51.0488 33
51.0517 33
51.0518 33
51.0519 33
51.0545 38
51.0546 33
51.0597 34
51.0715 32
51.0742 32
51.0743 32
51.0772 32
51.0773 32
51.0793 32
51.0794 33
51.0822 33
51.0823 33
51.0843 33
51.0844 33
51.0865 33
51.0866 33
51.0867 33
51.0894 33
51.0896 33
51.0915 33
51.0916 38
51.0939 33
51.094 33
51.0959 33
51.096 33
51.098 33
51.0981 33
51.1003 33
51.1005 33
51.1006 33
51.1025 33
51.1026 33
51.1074 33
51.1076 33
51.1095 33
51.1096 33
51.1119 33
51.1121 33
51.1141 33
51.1142 33
51.1143 38
51.1162 33
51.1163 33
51.1163 39
51.1192 33
51.1193 33
51.1212 33
51.1237 33
51.1238 33
51.1239 33
51.1261 33
51.1263 33
51.1286 33
51.1288 33
51.1318 33
51.1319 33
51.132 33
51.1339 33
51.1341 33
51.1365 33
51.1366 33
51.1388 33
51.1389 33
51.1409 38
51.141 33
51.1411 33
51.143 33
51.1431 33
51.1453 33
51.1454 33
51.1483 33
51.1484 33
51.1502 33
51.1503 33
51.1527 33
51.1528 33
51.1529 33
51.1547 33
51.1548 33
51.1569 33
51.157 33
51.1588 33
51.1589 33
51.1616 38
51.1618 33
51.1636 33
51.1637 33
51.1669 33
51.167 33
51.1671 33
51.1724 34
51.1765 33
51.1766 33
51.1807 33
51.1808 33
51.181 33
51.1838 33
51.1839 33
51.1853 33
51.1887 33
51.1888 33
51.1889 33
51.1922 33
51.1923 38
51.1924 33
51.1941 33
51.1942 33
51.1969 33
51.197 33
51.1987 33
51.1989 33
51.2015 33
51.2016 33
51.2018 33
51.2033 33
51.2034 33
51.2061 33
51.2063 33
51.2092 33
51.21 33
51.2125 33
51.2126 33
51.2127 33
51.2153 38
51.2175 33
51.2177 33
51.2178 33
51.2197 33
51.2198 33
51.2223 33
51.2224 33
51.2241 33
51.2242 33
51.2267 33
51.2297 33
51.2297 33
51.2298 33
51.2299 33
51.2331 33
51.2332 33
51.2333 33
51.2353 33
51.2383 33
51.2384 38
51.2385 33
51.2403 33
51.2434 33
51.2435 33
51.2436 33
51.2437 33
51.2447 33
51.2475 33
51.2476 33
51.2477 33
51.2491 33
51.2522 33
51.2523 33
51.2524 33
51.2538 33
51.2539 33
51.2571 33
51.2573 33
51.2574 33
51.2582 38
51.2615 33
51.2616 33
51.2617 33
51.2627 33
51.2656 33
51.2657 33
51.2658 33
51.2668 33
51.2702 33
51.2703 33
51.2704 33
51.2724 33
51.2753 33
51.2754 33
51.2755 33
51.2765 33
51.2766 33
51.2798 33
51.2799 33
51.28 38
51.282 33
51.2849 33
51.285 33
51.2851 33
51.2897 34
51.2898 33
51.2898 33
51.2899 33
51.29 33
51.2934 33
51.2935 33
51.2936 33
51.2947 33
51.2982 33
51.2983 33
51.2984 33
51.2996 33
51.3024 33
51.3025 33
51.3026 38
51.3036 33
51.3072 33
51.3073 33
51.3074 33
51.3113 33
51.3114 33
51.3144 33
51.3146 33
51.3147 33
51.3156 33
51.3185 33
51.3186 33
51.3187 33
51.3197 33
51.3235 33
51.3236 33
51.3238 33
51.324 33
51.325 33
51.3278 38
51.3279 33
51.328 33
51.329 33
51.3319 33
51.332 33
51.3321 33
51.3338 33
51.3339 33
51.3368 33
51.3369 33
51.337 33
51.3383 33
51.3423 33
51.3424 33
51.3425 33
51.3456 33
51.3458 33
51.3459 33
51.3488 33
51.3489 38
51.349 33
51.3534 34
51.3558 33
51.3559 33
51.356 33
51.3569 33
51.3598 33
51.3599 33
51.3601 33
51.362 33
51.3621 33
51.3644 33
51.3668 33
51.3669 33
51.3714 33
51.3716 33
51.3717 33
51.3718 33
51.3737 33
51.3765 38
51.3766 33
51.3767 33
51.3777 33
51.3809 33
51.3811 33
51.3812 33
51.3826 33
51.3854 33
51.3855 33
51.3856 33
51.3868 33
51.3898 33
51.39 33
51.3901 33
51.3902 33
51.3911 33
51.394 33
51.3941 33
51.3942 33
51.3953 38
51.3981 33
51.3982 33
51.3984 33
51.4 33
51.4001 33
51.4029 33
51.403 33
51.4031 33
51.4046 33
51.4078 33
51.4079 33
51.408 33
51.4094 33
51.4138 34
51.4155 33
51.4156 33
51.4157 33
51.4178 33
51.4207 33
51.4208 38
51.4209 33
51.421 39
51.4233 33
51.4261 33
51.4262 33
51.4263 33
51.4278 33
51.4307 33
51.4308 33
51.4309 33
51.432 33
51.4321 33
51.4349 33
51.4351 33
51.4352 33
51.4367 33
51.4395 33
51.4396 33
51.4397 33
51.4412 33
51.4413 33
51.4443 38
51.4461 33
51.4462 33
51.4463 33
51.4489 33
51.449 33
51.4491 33
51.4503 33
51.4529 33
51.453 33
51.4531 33
51.4551 33
51.4552 33
51.458 33
51.4581 33
51.4582 33
51.4594 33
51.4625 33
51.4626 33
51.4627 33
51.4643 38
51.4644 33
51.4676 33
51.4677 33
51.4678 33
51.4692 33
51.4723 33
51.4724 33
51.4725 33
51.4769 34
51.477 33
51.4771 33
51.4772 33
51.4802 33
51.4803 33
51.4804 33
51.4805 33
51.4839 33
51.484 33
51.4842 33
51.4853 38
51.4881 33
51.4882 33
51.4883 33
51.4895 33
51.4928 33
51.4929 33
51.493 33
51.4942 33
51.4972 33
51.4991 33
51.4992 33
51.4993 33
51.5025 33
51.5026 33
51.5027 33
51.5029 33
51.5039 33
51.5067 33
51.5068 33
51.507 38
51.5087 33
51.5117 33
51.5118 33
51.5119 33
51.5129 33
51.5172 34
51.5187 33
51.5189 33
51.519 33
51.5202 33
51.5232 33
51.5233 33
51.5234 33
51.5247 33
51.5279 33
51.528 33
51.5281 33
51.5294 33
51.5324 33
51.5325 38
51.5326 33
51.5338 33
51.5339 33
51.5365 33
51.5367 33
51.5368 33
51.538 33
51.5408 33
51.5409 33
51.541 33
51.5421 33
51.5422 33
51.5454 33
51.5456 33
51.5457 33
51.5471 33
51.5515 34
51.5522 33
51.5523 33
51.5524 38
51.5526 33
51.5558 33
51.5559 33
51.556 33
51.5569 33
51.5598 33
51.5599 33
51.56 33
51.5615 33
51.5616 38
51.5643 33
51.5645 33
51.5646 33
51.5663 33
51.5694 33
51.5695 33
51.5696 33
51.5706 33
51.5735 33
51.5736 33
51.5737 33
51.5738 33
51.5748 33
51.5776 33
51.5777 34
51.5778 34
51.5788 34
51.5829 34
51.583 34
51.5831 39
51.5842 34
51.5869 33
51.5871 33
51.5872 33
51.5886 33
51.5914 33
51.5915 33
51.5916 33
51.5927 33
51.5928 33
51.596 33
51.5961 33
51.5962 33
51.5973 33
51.6004 33
51.6005 33
51.6006 33
51.603 33
51.6058 33
51.6059 38
51.606 33
51.6076 33
51.6108 33
51.6109 33
51.611 33
51.6122 33
51.6124 33
51.6156 33
51.6157 33
51.6158 33
51.6198 33
51.6226 33
51.6227 33
51.6228 33
51.6242 33
51.6243 33
51.6274 33
51.6275 33
51.6277 33
51.6289 38
51.6319 33
51.632 33
51.6321 33
51.6334 33
51.6364 33
51.6365 33
51.6366 33
51.6378 33
51.6379 33
51.6406 33
51.6407 33
51.6408 33
51.642 33
51.6454 33
51.6455 33
51.6456 33
51.6469 33
51.647 33
51.65 33
51.6501 38
51.6502 33
51.6517 33
51.6548 33
51.6568 33
51.6569 33
51.657 34
51.6605 34
51.6607 33
51.6608 33
51.6609 33
51.662 33
51.6652 33
51.6654 33
51.6655 33
51.6667 33
51.6702 33
51.6703 33
51.6704 33
51.6715 33
51.6716 38
51.6754 33
51.6755 33
51.6756 33
51.6766 33
51.6794 33
51.6795 33
51.6796 34
51.6806 34
51.6835 34
51.6836 34
51.6838 33
51.6839 33
51.6853 33
51.6881 33
51.6882 33
51.6883 33
51.6901 33
51.6932 33
51.6933 33
51.6934 38
51.6948 33
51.6975 33
51.6976 33
51.6978 33
51.6992 33
51.6994 33
51.702 33
51.7021 33
51.7022 33
51.7037 33
51.7077 39
51.7102 33
51.7103 33
51.7104 33
51.7135 33
51.7136 33
51.7137 33
51.7138 33
51.715 33
51.718 33
51.7181 33
51.7182 33
51.7215 33
51.7255 33
51.7257 33
51.7258 33
51.7268 33
51.7299 33
51.73 33
51.7301 33
51.7312 38
51.734 33
51.7342 33
51.7343 33
51.7357 33
51.7386 33
51.7387 33
51.7388 33
51.7389 33
51.7398 33
51.743 33
51.7431 33
51.7432 33
51.7443 33
51.7472 34
51.7473 34
51.7474 34
51.7485 33
51.7486 33
51.7521 33
51.7522 38
51.7523 33
51.7535 33
51.7567 33
51.7569 33
51.757 33
51.7582 33
51.7622 33
51.7624 33
51.7625 33
51.7627 33
51.7656 33
51.7657 33
51.7658 33
51.7668 33
51.7696 33
51.7698 33
51.7699 33
51.7713 33
51.7741 33
51.7743 38
51.7744 33
51.7745 33
51.7769 33
51.7797 33
51.7798 34
51.7799 34
51.7812 34
51.7844 34
51.7845 33
51.7846 33
51.7857 33
51.7858 33
51.789 33
51.7891 33
51.7893 33
51.7906 33
51.7938 33
51.7939 33
51.794 33
51.7952 38
51.798 33
51.7981 33
51.7982 33
51.7999 33
51.8028 34
51.8029 34
51.803 33
51.8051 33
51.8052 33
51.8079 33
51.808 33
51.8081 33
51.8093 33
51.8126 33
51.8151 33
51.8152 33
51.8153 33
51.8184 33
51.8186 33
51.8187 38
51.8231 34
51.8234 33
51.8271 33
51.8272 33
51.8273 33
51.8285 34
51.8312 34
51.8313 33
51.8314 33
51.8337 33
51.8364 33
51.8365 33
51.8366 33
51.8386 33
51.8414 33
51.8415 33
51.8416 33
51.8426 33
51.8454 33
51.8455 38
51.8456 33
51.8468 33
51.8469 33
51.8496 33
51.8497 33
51.8498 33
51.8517 33
51.855 33
51.8552 33
51.8553 33
51.8563 33
51.8564 33
51.8592 33
51.8594 33
51.8595 33
51.8613 33
51.8641 33
51.8642 33
51.8671 33
51.8672 38
51.8699 33
51.87 33
51.8701 33
51.8702 33
51.8719 33
51.875 33
51.8752 33
51.8753 33
51.8769 33
51.8803 33
51.8804 33
51.8805 33
51.8815 33
51.8816 33
51.885 33
51.8851 33
51.8853 33
51.8864 33
51.8897 33
51.8899 38
51.89 33
51.8913 33
51.894 33
51.8941 33
51.8942 33
51.8954 33
51.899 33
51.8991 33
51.8992 33
51.9005 33
51.9006 33
51.9036 33
51.9037 33
51.9038 33
51.9049 33
51.9081 33
51.9082 33
51.9083 33
51.9097 33
51.9124 38
51.9125 33
51.9126 33
51.9137 33
51.9166 33
51.9168 33
51.9186 33
51.9188 33
51.9189 33
51.9216 33
51.9217 33
51.9218 33
51.9229 33
51.9278 33
51.9279 33
51.928 33
51.9281 33
51.9293 33
51.9321 33
51.9322 33
51.9323 38
51.9334 33
51.9361 33
51.9362 33
51.9363 33
51.9375 34
51.9376 33
51.9402 33
51.9404 33
51.9405 33
51.9418 33
51.9457 33
51.9458 33
51.9459 33
51.9471 33
51.9504 33
51.9505 33
51.9506 33
51.9531 33
51.9532 33
51.9533 38
51.9595 33
51.9612 33
51.9633 33
51.9634 33
51.9652 33
51.9672 33
51.9715 34
51.9727 33
51.9728 33
51.9729 33
51.9731 33
51.9742 33
51.977 33
51.9771 33
51.9772 33
51.9784 33
51.9785 33
51.9813 33
51.9814 33
51.9815 38
51.9841 33
51.9871 33
51.9872 33
51.9873 33
51.9884 33
51.9913 33
51.9914 33
51.9916 33
51.9925 33
51.9958 33
51.9959 33
51.996 33
51.9979 33
52.0008 33
52.0009 33
52.001 33
52.0011 33
52.0022 33
52.0058 33
52.0059 38
52.006 33
52.0061 39
52.0069 33
52.0112 33
52.0113 33
52.0114 33
52.0146 33
52.0176 33
52.0177 33
52.0178 33
52.0223 33
52.0225 33
52.0252 33
52.0253 33
52.0254 33
52.0288 33
52.0319 33
52.032 33
52.0321 33
52.0339 33
52.0366 33
52.0367 38
52.0368 33
52.0379 33
52.038 33
52.0408 33
52.0409 33
52.041 33
52.042 33
52.0453 33
52.0455 33
52.0456 33
52.0467 33
52.0495 33
52.0496 33
52.0497 33
52.0508 33
52.0509 33
52.054 33
52.0541 33
52.0542 33
52.0552 38
52.0584 33
52.0585 33
52.0586 33
52.0596 33
52.0632 33
52.0633 33
52.0634 33
52.0635 33
52.0644 33
52.0687 33
52.0688 33
52.0689 33
52.069 33
52.0699 33
52.0728 33
52.0729 33
52.073 33
52.0774 34
52.0794 33
52.0795 38
52.0796 33
52.0798 33
52.0829 33
52.083 33
52.0831 33
52.0843 33
52.0874 33
52.0876 33
52.0877 33
52.0887 33
52.0888 33
52.0916 33
52.0917 33
52.0918 33
52.0932 33
52.0959 33
52.096 33
52.0961 33
52.0973 33
52.1001 38
52.1002 33
52.1003 33
52.1041 33
52.1042 33
52.107 33
52.1071 33
52.1072 33
52.1084 33
52.1112 33
52.1113 33
52.1114 33
52.1126 33
52.1154 33
52.1156 33
52.1157 33
52.1175 33
52.1203 33
52.1204 33
52.1206 33
52.1207 38
52.1228 33
52.1256 33
52.1257 33
52.1258 33
52.1309 33
52.1311 33
52.1338 33
52.1339 33
52.134 33
52.1357 33
52.1388 33
52.1389 33
52.139 33
52.1401 33
52.1436 33
52.1437 33
52.1438 33
52.145 33
52.1478 33
52.1479 38
52.148 33
52.1482 33
52.1493 33
52.1527 33
52.1529 33
52.153 33
52.1558 33
52.1584 33
52.1585 33
52.1586 33
52.16 33
52.1601 33
52.1628 33
52.163 33
52.163 33
52.1645 33
52.1698 34
52.1775 33
52.1776 33
52.1778 38
52.1824 33
52.1826 33
52.1827 33
52.1828 33
52.1858 33
52.1859 33
52.186 33
52.1861 33
52.1872 33
52.1901 33
52.1902 33
52.1903 33
52.1914 33
52.1943 33
52.1944 33
52.1945 33
52.1956 33
52.1958 33
52.1987 33
52.1988 38
52.1989 33
52.1999 33
52.2029 33
52.203 33
52.2031 34
52.2041 34
52.2069 34
52.2071 34
52.2072 34
52.2073 34
52.2085 34
52.2111 34
52.2112 34
52.2113 34
52.212 34
52.2154 34
52.2156 33
52.2157 33
52.2167 33
52.2168 38
52.2196 33
52.2197 33
52.2199 33
52.221 33
52.2238 33
52.2239 33
52.224 33
52.2251 34
52.2279 34
52.228 34
52.2281 34
52.2293 34
52.2344 34
52.2345 34
52.2346 34
52.2347 34
52.2469 34
52.247 35
52.2612 34
52.2626 39
52.2648 33
52.2676 33
52.2678 33
52.2704 33
52.2706 33
52.2736 33
52.2737 33
52.2738 33
52.2749 33
52.275 33
52.2789 33
52.279 33
52.2803 33
52.2804 33
52.283 33
52.2831 33
52.2832 33
52.2857 33
52.2885 33
52.2886 38
52.2887 33
52.2902 33
52.2904 33
52.2939 33
52.294 33
52.2955 33
52.2956 33
52.2983 33
52.2985 33
52.2986 33
52.3005 33
52.3034 33
52.3035 33
52.3036 33
52.3046 33
52.3078 33
52.3079 33
52.308 33
52.3091 33
52.3092 38
52.3123 33
52.3124 33
52.3125 33
52.3137 33
52.3164 33
52.3165 33
52.3166 33
52.3178 33
52.3207 33
52.3209 33
52.321 33
52.3231 33
52.3258 33
52.3259 33
52.326 33
52.3261 39
52.3261 31
52.3272 33
52.33 33
52.3301 33
52.3302 33
52.3315 33
52.3368 34
52.3371 33
52.3402 33
52.3403 33
52.3404 33
52.3436 33
52.3438 33
52.3439 33
52.3457 33
52.3485 33
52.3487 33
52.3488 33
52.3499 33
52.35 33
52.3528 38
52.3529 33
52.353 33
52.3545 33
52.3577 33
52.3578 33
52.3579 33
52.3589 33
52.3617 33
52.3618 33
52.3619 33
52.3634 33
52.3635 33
52.3663 33
52.3665 33
52.3666 33
52.3677 33
52.3704 33
52.3705 33
52.3706 33
52.3717 38
52.3718 33
52.375 33
52.3751 33
52.3752 33
52.3772 33
52.3801 33
52.3802 33
52.3803 33
52.3815 33
52.3843 33
52.3844 33
52.3845 33
52.3855 33
52.3856 33
52.3897 33
52.3916 33
52.3917 33
52.3918 33
52.3951 33
52.3952 38
52.3953 33
52.3964 33
52.3999 33
52.4 33
52.4001 33
52.4011 33
52.4012 33
52.404 33
52.4041 33
52.4042 33
52.4057 33
52.4085 33
52.4087 33
52.4088 33
52.4098 33
52.413 33
52.4131 33
52.4132 33
52.4141 33
52.4171 38
52.4172 33
52.4174 33
52.4176 33
52.4188 33
52.4222 33
52.4224 33
52.4225 33
52.4236 33
52.4264 33
52.4265 33
52.4266 33
52.4277 33
52.4305 33
52.4306 33
52.4307 33
52.4323 33
52.4354 33
52.4356 33
52.4358 33
52.4359 38
52.439 33
52.4424 33
52.4449 33
52.445 33
52.4451 33
52.4482 33
52.4483 33
52.4484 33
52.4503 33
52.4533 33
52.4534 33
52.4535 33
52.4546 33
52.4547 33
52.4578 33
52.4579 33
52.458 33
52.4589 33
52.4622 33
52.4623 38
52.4624 33
52.4637 33
52.467 33
52.4671 33
52.4672 33
52.4684 33
52.4685 33
52.4719 33
52.472 33
52.4721 33
52.4733 33
52.4776 34
52.4806 33
52.4807 33
52.4808 33
52.481 33
52.4843 33
52.4844 33
52.4845 33
52.4856 38
52.4885 33
52.4886 33
52.4888 33
52.4889 33
52.491 33
52.4944 33
52.4961 33
52.4962 34
52.4963 34
52.4991 34
52.4992 34
52.4993 33
52.5004 33
52.5033 33
52.5034 33
52.5035 33
52.5037 33
52.5046 33
52.5076 33
52.5077 38
52.5078 33
52.5088 33
52.5116 33
52.5117 33
52.5118 34
52.5128 34
52.5129 34
52.5158 34
52.5159 34
52.516 34
52.5171 34
52.5201 34
52.5202 34
52.5203 33
52.5212 33
52.524 33
52.5241 33
52.5242 33
52.5252 33
52.528 38
52.5281 33
52.5282 33
52.5283 33
52.5294 33
52.5323 33
52.5324 34
52.5325 34
52.5336 34
52.5363 34
52.5365 34
52.5366 34
52.5403 34
52.543 34
52.5729 34
52.5729 35
52.5758 34
52.576 34
52.5761 34
52.5792 34
52.5793 39
52.5794 34
52.581 34
52.5855 35
52.5912 34
52.598 33
52.5981 33
52.5982 33
52.6027 34
52.6032 33
52.6063 33
52.6064 33
52.6065 33
52.6077 33
52.6121 34
52.6124 33
52.6125 33
52.6126 33
52.6139 33
52.6168 33
52.617 38
52.6172 33
52.6191 33
52.6219 33
52.6221 33
52.6222 33
52.6235 33
52.6271 33
52.6272 33
52.6273 33
52.6284 33
52.6285 33
52.6316 33
52.6317 33
52.6318 33
52.6328 33
52.6358 33
52.6359 33
52.636 33
52.6361 39
52.6371 33
52.6407 33
52.6408 33
52.6409 33
52.6445 33
52.6474 33
52.6476 33
52.6477 33
52.6487 33
52.6515 33
52.6517 33
52.6542 33
52.6543 33
52.6545 33
52.6571 33
52.6572 33
52.6574 33
52.6598 33
52.6651 34
52.666 38
52.6661 33
52.6662 33
52.6676 33
52.671 33
52.6711 33
52.6712 33
52.6722 33
52.6749 33
52.6751 33
52.6752 33
52.6753 33
52.6764 33
52.6801 33
52.6802 33
52.6803 33
52.6816 33
52.6842 33
52.6843 33
52.6844 33
52.6856 38
52.6858 33
52.6884 33
52.6886 33
52.6887 33
52.6898 33
52.6925 33
52.6926 33
52.6927 33
52.6938 33
52.6974 33
52.6975 33
52.6976 33
52.6977 33
52.6989 33
52.7017 33
52.7018 33
52.7019 33
52.703 33
52.707 33
52.7071 38
52.7072 33
52.7099 33
52.7149 34
52.7161 33
52.7162 33
52.7163 33
52.7174 33
52.7203 33
52.7205 33
52.7206 33
52.7221 33
52.7249 33
52.725 33
52.7251 33
52.7273 33
52.73 33
52.7301 33
52.7302 33
52.7318 35
52.7343 40
52.7344 35
52.7345 35
52.7359 35
52.736 35
52.7385 35
52.7386 35
52.7387 35
52.74 35
52.7426 35
52.7427 35
52.7428 35
52.7465 35
52.7501 35
52.7502 35
52.7503 35
52.7517 35
52.7518 35
52.7547 35
52.7549 35
52.755 40
52.7595 36
52.7598 35
52.7599 35
52.76 35
52.7644 36
52.7653 35
52.7654 35
52.7655 35
52.7665 35
52.7701 35
52.7702 35
52.7704 35
52.7713 35
52.7742 35
52.7743 35
52.7744 35
52.7745 35
52.7762 35
52.779 35
52.7791 40
52.7793 35
52.7805 35
52.7847 35
52.7848 35
52.7849 35
52.786 36
52.7861 36
52.789 36
52.7892 36
52.7893 36
52.7907 36
52.7937 35
52.7938 35
52.7939 35
52.7956 35
52.7984 35
52.7985 35
52.7986 35
52.8 35
52.8002 40
52.8033 35
52.8034 35
52.8035 35
52.8054 35
52.8082 35
52.8083 35
52.8084 35
52.8129 36
52.8134 35
52.8167 35
52.8169 35
52.817 35
52.8213 36
52.8229 35
52.8231 35
52.8232 35
52.8261 35
52.8262 35
52.8263 35
52.8274 40
52.8275 35
52.8303 35
52.8304 35
52.8305 35
52.8325 35
52.8353 35
52.8354 35
52.8355 35
52.8365 35
52.8399 35
52.8401 35
52.8402 35
52.8403 35
52.8414 35
52.8442 35
52.8443 35
52.8478 35
52.8506 35
52.8507 35
52.8508 40
52.8509 35
52.852 35
52.8552 35
52.8553 35
52.8554 36
52.8566 36
52.8596 35
52.8598 35
52.8599 35
52.8613 35
52.8614 35
52.8645 35
52.8646 35
52.8648 35
52.8659 35
52.8686 35
52.8687 35
52.8688 35
52.8699 35
52.8733 40
52.8734 35
52.8735 35
52.8746 35
52.8779 35
52.878 36
52.8781 36
52.8807 36
52.8834 36
52.8836 36
52.8837 36
52.8838 36
52.8854 35
52.889 35
52.8891 35
52.8892 35
52.8904 35
52.8937 35
52.8938 35
52.8939 35
52.8959 40
52.8987 35
52.8989 35
52.9015 35
52.9016 35
52.9043 35
52.9045 35
52.9046 35
52.9066 35
52.9067 35
52.9095 35
52.9096 35
52.9097 35
52.9109 35
52.9141 35
52.9157 35
52.9159 35
52.916 35
52.9187 35
52.9188 35
52.9189 40
52.921 35
52.9238 35
52.9239 35
52.924 35
52.9256 989
52.9256 35
52.9258 36
52.9282 36
52.9283 36
52.9284 36
52.9296 35
52.9333 35
52.9334 35
52.9335 35
52.9347 35
52.9374 35
52.9375 35
52.9376 35
52.9395 35
52.9423 35
52.9424 40
52.9425 35
52.9426 41
52.9445 35
52.9472 35
52.9473 35
52.9474 36
52.9513 36
52.954 36
52.9541 36
52.9542 36
52.9563 36
52.9564 36
52.959 36
52.9591 35
52.9592 35
52.9634 35
52.9635 35
52.9637 35
52.9648 35
52.965 35
52.9689 35
52.9691 40
52.9692 35
52.9704 35
52.973 35
52.9731 35
52.9732 36
52.9748 36
52.9749 36
52.9775 36
52.9776 36
52.9777 36
52.9789 36
52.9826 35
52.9828 35
52.9839 35
52.9841 35
52.9867 35
52.9868 35
52.9869 35
52.9881 35
52.9919 40
52.992 35
52.9921 35
52.9923 989
52.9934 36
52.9935 36
52.9965 36
52.9967 36
52.9968 36
52.9979 36
53.0006 36
53.0008 36
53.0009 36
53.002 36
53.0021 36
53.0057 36
53.0059 35
53.007 35
53.0114 36
53.0146 35
53.0148 35
53.015 40
53.0152 35
53.018 35
53.0181 35
53.0182 35
53.0204 36
53.0234 36
53.0235 36
53.0236 36
53.0237 36
53.0245 36
53.0274 36
53.0275 36
53.0276 36
53.0284 1245
53.0284 1250
53.0284 790
53.0285 36
53.0321 36
53.0323 36
53.0339 36
53.034 36
53.0382 36
53.0384 41
53.0385 36
53.0391 36
53.0411 36
53.0412 36
53.0413 36
53.0424 36
53.0425 36
53.0426 38
53.0456 36
53.0457 36
53.0458 36
53.047 36
53.0497 36
53.0498 36
53.0499 36
53.0533 36
53.057 36
53.0571 36
53.0572 36
53.0583 36
53.0584 41
53.0611 36
53.0612 36
53.0613 36
53.0629 36
53.0662 36
53.0663 35
53.0664 36
53.0675 36
53.0703 36
53.0704 36
53.0705 36
53.0728 36
53.0756 36
53.0757 36
53.0758 36
53.0759 36
53.0769 36
53.0798 36
53.08 36
53.0801 41
53.081 36
53.0837 36
53.0838 36
53.084 36
53.0851 35
53.0878 35
53.0879 35
53.088 35
53.0881 41
53.0892 36
53.093 35
53.0931 36
53.0932 36
53.0933 36
53.0944 36
53.0971 36
53.0972 36
53.0973 36
53.0985 36
53.0987 1245
53.1013 36
53.1014 36
53.1015 36
53.1026 36
53.1028 35
53.1063 36
53.1064 36
53.1065 36
53.1076 35
53.1077 35
53.1104 36
53.1105 41
53.1106 36
53.1118 36
53.1146 36
53.1147 36
53.1148 36
53.1168 36
53.1197 36
53.1198 36
53.1199 36
53.1209 36
53.1238 39
53.124 36
53.1259 34
53.126 36
53.1262 36
53.1289 36
53.129 36
53.1291 36
53.1308 34
53.1337 34
53.1338 36
53.1339 36
53.1341 36
53.1386 34
53.1387 34
53.1388 41
53.139 36
53.1401 36
53.1429 36
53.143 36
53.1431 36
53.1446 35
53.1447 36
53.1477 35
53.1479 36
53.148 36
53.1491 36
53.1523 35
53.1525 36
53.1565 35
53.1566 36
53.1593 35
53.1594 36
53.1595 36
53.1607 36
53.1639 36
53.1641 36
53.1642 36
53.1653 35
53.1685 35
53.1687 36
53.1688 36
53.1689 41
53.1699 36
53.173 35
53.1732 36
53.1733 35
53.177 35
53.1786 35
53.1788 35
53.1789 36
53.1815 35
53.1817 36
53.1818 36
53.1838 36
53.1867 35
53.1868 35
53.1869 36
53.1871 36
53.188 36
53.1909 36
53.191 36
53.1911 36
53.1933 36
53.1961 35
53.1962 36
53.1963 36
53.1965 40
53.1975 36
53.2002 35
53.2004 41
53.2005 36
53.2023 36
53.2052 35
53.2054 36
53.2055 36
53.2056 36
53.2074 35
53.2102 35
53.2102 36
53.2103 36
53.2104 36
53.2117 36
53.2149 36
53.215 36
53.215 36
53.2165 36
53.2193 35
53.2195 36
53.2196 36
53.2212 35
53.2244 35
53.2245 36
53.2246 36
53.2248 36
53.2289 35
53.229 36
53.2291 41
53.2308 35
53.231 36
53.2337 35
53.2339 36
53.2342 36
53.2355 36
53.2389 35
53.2392 36
53.2393 36
53.2403 35
53.2404 36
53.2433 35
53.2435 36
53.2436 36
53.2445 36
53.248 35
53.2481 36
53.2482 36
53.2483 36
53.2524 35
53.2525 36
53.2526 36
53.2538 36
53.2539 36
53.259 37
53.2591 36
53.2592 41
53.2593 36
53.2605 36
53.2628 36
53.2633 36
53.2634 36
53.2651 35
53.2651 36
53.2687 35
53.2688 36
53.2689 36
53.2702 36
53.2703 36
53.2734 36
53.2735 36
53.2747 35
53.2748 36
53.2782 40
53.2783 36
53.2784 36
53.2785 42
53.28 36
53.2846 35
53.2848 35
53.2848 36
53.2849 36
53.285 36
53.2882 36
53.2883 36
53.2884 36
53.2895 36
53.2927 35
53.2929 36
53.293 36
53.2931 36
53.2944 36
53.2975 35
53.2977 36
53.2978 36
53.2989 36
53.3026 35
53.3027 35
53.3029 36
53.3038 36
53.307 35
53.3071 36
53.3072 36
53.3073 41
53.3095 35
53.3118 37
53.3125 36
53.3126 36
53.3138 35
53.314 36
53.3168 36
53.3169 36
53.318 36
53.3181 36
53.3209 35
53.321 35
53.3212 36
53.3222 35
53.3251 36
53.3252 36
53.3253 36
53.3264 35
53.3294 36
53.3295 36
53.3296 36
53.3305 36
53.3333 35
53.3334 35
53.3335 36
53.3379 37
53.3389 36
53.3423 35
53.3424 41
53.3425 36
53.3426 36
53.3464 35
53.3466 36
53.3467 36
53.3482 35
53.3482 36
53.3511 36
53.3511 38
53.3511 38
53.3511 38
53.3512 38
53.3513 38
53.3524 37
53.3524 42
53.3524 37
53.3524 37
53.3525 38
53.3557 37
53.3558 38
53.3559 40
53.3559 40
53.3559 40
53.356 40
53.3561 40
53.3596 40
53.3625 47
53.3625 42
53.3626 42
53.3626 42
53.3627 42
53.3637 39
53.3638 40
53.3638 40
53.3638 40
53.3639 42
53.3677 42
53.3677 42
53.3678 42
53.3678 42
53.3679 42
53.369 42
53.3691 42
53.3719 42
53.372 42
53.3721 42
53.3739 43
53.377 42
53.3771 43
53.3772 45
53.3772 45
53.3772 45
53.3772 45
53.3782 45
53.3809 42
53.3809 45
53.381 45
53.3811 45
53.3823 50
53.3853 44
53.3853 44
53.3854 44
53.3854 44
53.3854 45
53.3855 48
53.3856 48
53.3856 48
53.3856 48
53.3857 48
53.3889 49
53.39 49
53.3916 44
53.3918 48
53.393 48
53.3931 48
53.3961 44
53.3962 48
53.3963 49
53.3974 49
53.4009 49
53.401 49
53.4011 49
53.4026 44
53.4027 49
53.4059 49
53.406 49
53.4061 54
53.4076 49
53.4105 49
53.4106 49
53.4108 49
53.4124 44
53.4125 44
53.4156 45
53.4157 50
53.4157 51
53.4157 51
53.4158 51
53.4158 51
53.4159 51
53.417 51
53.4207 51
53.4208 51
53.4209 51
53.4221 51
53.4248 52
53.425 52
53.4251 52
53.4263 52
53.4264 57
53.4264 46
53.4303 52
53.4304 52
53.4305 52
53.4318 52
53.435 52
53.4351 52
53.4352 52
53.4363 52
53.439 52
53.4391 52
53.4417 52
53.4418 52
53.4444 52
53.4445 52
53.4446 52
53.447 52
53.4494 52
53.4496 52
53.4497 52
53.4517 57
53.4542 52
53.4543 52
53.4544 52
53.4564 51
53.4565 51
53.4593 51
53.4594 51
53.4596 51
53.4636 51
53.466 45
53.4661 45
53.4662 45
53.4676 45
53.4677 45
53.4708 45
53.4709 45
53.4725 45
53.4726 45
53.4751 45
53.4752 50
53.4753 45
53.4766 41
53.4791 42
53.4792 41
53.4792 41
53.4794 41
53.4795 41
53.4816 41
53.4818 41
53.4846 41
53.4847 41
53.4866 41
53.4868 41
53.4893 42
53.4901 41
53.4903 41
53.4928 41
53.4929 41
53.4953 41
53.4954 41
53.4955 41
53.497 41
53.4995 41
53.4996 46
53.4997 41
53.5008 42
53.5017 38
53.5042 38
53.5044 38
53.5044 38
53.5058 38
53.5059 38
53.5092 38
53.5093 38
53.5107 38
53.5109 38
53.514 38
53.5141 38
53.5154 36
53.5155 36
53.5181 36
53.5182 36
53.5183 36
53.5196 37
53.52 36
53.5226 41
53.5227 36
53.5229 36
53.5245 36
53.5246 36
53.5272 36
53.5273 36
53.5285 36
53.5287 36
53.532 36
53.5321 36
53.5322 36
53.5333 36
53.5368 36
53.5369 36
53.537 36
53.5384 36
53.5385 36
53.5414 36
53.5415 36
53.5416 41
53.5462 37
53.5474 36
53.5475 36
53.5476 36
53.5478 36
53.5508 36
53.5509 36
53.551 36
53.5521 36
53.5556 36
53.5558 36
53.5559 36
53.5569 36
53.5599 36
53.56 36
53.5601 36
53.5602 36
53.5648 36
53.5649 36
53.5677 41
53.5678 36
53.5679 36
53.5689 36
53.5718 36
53.5719 36
53.572 36
53.5735 36
53.577 36
53.5771 36
53.5772 36
53.5783 36
53.5785 36
53.5818 36
53.5819 36
53.5821 36
53.5836 36
53.5867 36
53.5868 36
53.5869 36
53.5881 41
53.5915 36
53.5916 36
53.5918 36
53.5939 36
53.5945 1243
53.5945 1250
53.5946 804
53.5967 36
53.5968 36
53.5995 36
53.5996 36
53.6023 36
53.6024 36
53.6025 36
53.6035 36
53.6036 36
53.6068 36
53.607 36
53.6071 36
53.6081 36
53.6112 36
53.6114 36
53.6115 41
53.6126 36
53.6153 36
53.6154 36
53.6155 36
53.6156 42
53.6171 36
53.6199 36
53.62 36
53.6201 36
53.6212 36
53.624 36
53.6242 36
53.6243 36
53.6254 36
53.6288 36
53.629 36
53.6291 36
53.6302 36
53.6303 36
53.6342 36
53.6343 36
53.6344 36
53.6355 36
53.6387 36
53.6388 41
53.639 36
53.6408 36
53.6436 35
53.6437 35
53.6438 35
53.6439 35
53.645 36
53.6478 36
53.6479 36
53.648 36
53.6502 35
53.6531 35
53.6532 35
53.6533 35
53.6544 35
53.6576 35
53.6577 35
53.6578 35
53.6592 35
53.6619 41
53.662 36
53.6621 36
53.6636 36
53.6637 36
53.6687 36
53.6688 35
53.6689 35
53.671 35
53.6739 35
53.674 35
53.6741 35
53.6761 35
53.6788 35
53.6789 35
53.679 35
53.6801 35
53.6828 35
53.6829 35
53.683 35
53.6851 40
53.6852 35
53.6865 40
53.6887 35
53.6888 35
53.6889 35
53.6904 35
53.693 36
53.6931 36
53.6932 35
53.6944 35
53.6972 35
53.6973 35
53.6974 35
53.6987 35
53.6988 35
53.7015 35
53.7016 35
53.7034 35
53.7035 35
53.7063 35
53.7064 40
53.7065 35
53.7088 35
53.7089 35
53.7116 35
53.7117 35
53.7118 36
53.7131 36
53.7159 36
53.7161 36
53.7162 36
53.7173 36
53.7202 36
53.7203 36
53.7204 36
53.7218 36
53.722 36
53.7246 36
53.7247 35
53.7248 35
53.7269 40
53.7295 35
53.7296 35
53.7298 35
53.7313 35
53.7314 35
53.7349 35
53.735 35
53.7351 35
53.7365 35
53.7395 35
53.7396 35
53.7397 35
53.7414 35
53.7415 35
53.7442 35
53.7443 35
53.7456 35
53.7457 35
53.7487 35
53.7488 40
53.7504 35
53.7505 35
53.7534 35
53.7536 35
53.758 36
53.7582 35
53.7616 35
53.7618 35
53.7619 35
53.7629 35
53.763 35
53.7665 35
53.7666 35
53.7667 35
53.7703 35
53.7732 35
53.7733 35
53.7734 35
53.775 35
53.778 40
53.7781 35
53.7782 35
53.7796 35
53.7824 35
53.7825 35
53.7827 35
53.7828 35
53.7841 35
53.7878 35
53.7879 35
53.788 35
53.7891 35
53.7925 35
53.7926 35
53.7928 35
53.7938 35
53.7975 35
53.7976 35
53.7978 35
53.7991 40
53.8019 35
53.8021 35
53.8022 35
53.8033 35
53.8034 35
53.8062 35
53.8063 35
53.8085 35
53.8086 35
53.8113 35
53.8115 35
53.8116 35
53.8127 35
53.8154 35
53.8155 35
53.8156 35
53.8171 35
53.8172 35
53.8206 35
53.8207 40
53.8208 35
53.822 35
53.8253 35
53.8254 35
53.8255 36
53.8267 36
53.8268 36
53.8305 36
53.8306 36
53.8307 36
53.8317 36
53.8356 36
53.8357 36
53.8358 36
53.8369 35
53.8405 35
53.8406 35
53.8407 35
53.8419 35
53.842 40
53.8454 35
53.8455 35
53.8456 35
53.8467 35
53.8495 35
53.8496 35
53.8497 35
53.8508 36
53.8537 36
53.8538 36
53.8539 36
53.8553 36
53.8579 36
53.8581 36
53.8582 35
53.8583 35
53.8608 35
53.8637 35
53.8638 35
53.8639 40
53.8656 35
53.8684 35
53.8685 35
53.8686 35
53.8721 35
53.8752 35
53.8753 35
53.8754 35
53.8771 35
53.8772 35
53.88 35
53.8801 35
53.8818 35
53.882 35
53.8845 35
53.8847 35
53.8848 35
53.8859 35
53.8889 35
53.889 40
53.8891 35
53.8908 35
53.8936 35
53.8937 35
53.8938 36
53.8959 36
53.8987 36
53.8989 36
53.899 35
53.8991 35
53.9005 35
53.9035 35
53.9036 35
53.9037 35
53.9051 35
53.9052 40
53.9083 35
53.9084 35
53.9085 35
53.9099 35
53.9099 41
53.9149 35
53.915 35
53.9151 35
53.9153 36
53.9182 36
53.9183 36
53.9184 36
53.9198 36
53.9227 35
53.9229 35
53.923 35
53.9231 35
53.9251 35
53.928 35
53.9281 35
53.9282 35
53.9299 35
53.9328 35
53.9329 35
53.933 40
53.9344 35
53.9346 35
53.9375 35
53.9376 35
53.9377 35
53.9388 35
53.9416 35
53.9417 36
53.9418 36
53.9431 36
53.9458 35
53.9459 35
53.946 35
53.9479 35
53.948 35
53.9507 35
53.9508 35
53.9509 35
53.9525 35
53.9553 40
53.9554 35
53.9555 35
53.9566 35
53.9597 35
53.9598 35
53.9599 35
53.9613 35
53.9643 35
53.9644 35
53.9667 35
53.9668 35
53.9695 35
53.9696 35
53.9697 35
53.9698 35
53.9739 35
53.9768 35
53.977 35
53.9771 35
53.9785 40
53.9811 35
53.9812 35
53.9813 35
53.9825 35
53.9859 36
53.986 36
53.9861 36
53.9872 36
53.9874 35
53.9901 35
53.9902 35
53.9903 35
53.9925 35
53.9954 35
53.9955 35
53.9956 35
53.9971 35
54.0005 35
54.0006 35
54.0008 40
54.0019 35
54.002 35
54.0051 35
54.0052 35
54.0053 35
54.0063 35
54.0095 35
54.0096 35
54.0097 35
54.0111 35
54.0112 35
54.014 35
54.0142 35
54.0143 35
54.0153 35
54.0182 35
54.0183 35
54.0184 35
54.0197 35
54.0224 40
54.0225 35
54.0226 35
54.0227 35
54.0269 35
54.027 35
54.0271 35
54.0273 35
54.0303 35
54.0305 35
54.0306 35
54.0316 35
54.0343 35
54.0345 35
54.0346 35
54.0361 35
54.0362 35
54.039 35
54.0391 35
54.0392 35
54.0403 40
54.0439 35
54.044 35
54.0441 35
54.0454 35
54.0486 35
54.0487 35
54.0488 35
54.0499 35
54.0527 35
54.0528 35
54.053 35
54.0531 35
54.0545 35
54.0579 35
54.058 35
54.0581 35
54.0594 35
54.0621 35
54.0622 35
54.0623 40
54.0634 35
54.0661 35
54.0662 35
54.0663 35
54.0682 35
54.072 35
54.0721 35
54.0722 35
54.0767 36
54.0779 35
54.0781 35
54.0782 35
54.0802 35
54.0831 35
54.0832 35
54.0833 35
54.0843 35
54.0875 35
54.0876 35
54.0877 40
54.0891 35
54.0924 35
54.0925 35
54.0926 35
54.0938 35
54.0939 35
54.0975 35
54.0976 35
54.0977 35
54.0991 35
54.1021 35
54.1022 35
54.1023 35
54.1044 35
54.1071 35
54.1072 35
54.1073 35
54.109 35
54.112 35
54.1122 40
54.1123 35
54.1124 35
54.1135 35
54.1167 35
54.1168 35
54.1169 35
54.1186 35
54.1215 35
54.1216 35
54.1238 35
54.1239 35
54.124 35
54.1266 35
54.1267 35
54.1269 35
54.1287 35
54.1315 35
54.1316 35
54.1318 35
54.1331 40
54.1364 35
54.1366 35
54.1367 35
54.1384 35
54.1386 35
54.1412 35
54.1413 35
54.1414 35
54.1427 35
54.1454 35
54.1455 35
54.1456 35
54.1468 35
54.1496 35
54.1497 35
54.1498 35
54.1509 35
54.151 35
54.1544 35
54.1545 40
54.156 35
54.1561 35
54.1589 35
54.159 35
54.1591 35
54.1602 35
54.163 35
54.1631 35
54.1632 35
54.1648 35
54.1681 35
54.1682 35
54.1684 35
54.1703 35
54.173 35
54.1731 35
54.1732 35
54.1753 35
54.1754 35
54.1799 41
54.1811 35
54.1812 35
54.1813 35
54.1829 35
54.1856 35
54.1858 35
54.1859 35
54.187 35
54.1915 36
54.1943 35
54.1944 35
54.1945 35
54.1947 35
54.1985 35
54.1986 35
54.1987 35
54.1997 35
54.2034 35
54.2035 35
54.2036 40
54.2037 41
54.2049 35
54.2077 35
54.2078 35
54.208 36
54.2102 35
54.2129 35
54.213 35
54.2131 35
54.2143 35
54.2144 35
54.217 35
54.2172 35
54.2173 35
54.2185 35
54.2213 35
54.2214 35
54.2215 35
54.2231 35
54.2232 35
54.2262 40
54.2263 35
54.2281 35
54.2282 35
54.2317 35
54.2318 35
54.2319 35
54.2329 35
54.2356 35
54.2358 35
54.2359 35
54.2376 35
54.2377 35
54.2408 35
54.241 35
54.2411 35
54.2425 35
54.2456 35
54.2457 35
54.2458 35
54.2469 40
54.2504 35
54.2505 35
54.2506 35
54.2507 35
54.2518 36
54.2549 36
54.255 36
54.2551 36
54.2565 36
54.2592 35
54.2593 35
54.2595 35
54.2606 35
54.2637 35
54.2638 35
54.2639 35
54.2654 35
54.2689 35
54.269 35
54.2691 40
54.2702 35
54.2704 35
54.2741 35
54.2742 35
54.2743 35
54.2753 35
54.278 35
54.2781 35
54.2782 35
54.2817 35
54.2853 35
54.2854 35
54.2855 35
54.2867 35
54.2868 35
54.2897 35
54.2898 35
54.2899 35
54.2909 35
54.2945 40
54.2946 35
54.2947 35
54.2959 35
54.2988 35
54.2989 35
54.299 35
54.3001 35
54.3002 35
54.3037 35
54.3038 35
54.3048 35
54.305 35
54.308 35
54.3081 35
54.3082 35
54.3103 35
54.313 35
54.3131 35
54.3132 35
54.3147 40
54.3174 35
54.3175 35
54.3176 35
54.3194 35
54.3195 35
54.3224 35
54.3225 35
54.3226 35
54.3238 35
54.327 35
54.3271 35
54.3272 35
54.3283 35
54.3311 35
54.3312 35
54.3313 35
54.3314 35
54.3328 35
54.3358 35
54.3359 40
54.336 35
54.3373 35
54.3401 35
54.3429 35
54.3431 35
54.3432 36
54.3434 36
54.3463 36
54.3464 36
54.3465 36
54.3475 36
54.3511 35
54.3512 35
54.3513 35
54.3524 35
54.3559 35
54.3561 35
54.3562 35
54.3572 35
54.36 40
54.3601 35
54.3602 35
54.362 35
54.3647 35
54.3648 35
54.3649 35
54.3664 35
54.3696 35
54.3718 35
54.3719 35
54.372 35
54.3721 35
54.3757 35
54.3758 35
54.376 35
54.3773 35
54.3808 35
54.3809 35
54.381 35
54.3852 40
54.3854 35
54.3883 35
54.3884 35
54.3885 35
54.3895 35
54.3936 35
54.3937 35
54.3938 35
54.3948 35
54.3977 35
54.3978 35
54.3979 35
54.3981 35
54.399 35
54.403 35
54.4032 35
54.4033 35
54.4043 35
54.4075 35
54.4076 40
54.4078 35
54.4097 35
54.4098 35
54.4126 35
54.4127 35
54.4128 35
54.4175 35
54.4177 35
54.4178 35
54.4179 35
54.4181 35
54.4212 35
54.4213 35
54.4214 35
54.4258 35
54.4259 35
54.426 35
54.4261 35
54.4293 35
54.4324 40
54.4325 35
54.4326 35
54.4352 35
54.4353 35
54.437 35
54.4401 35
54.4402 35
54.4403 35
54.4432 35
54.4433 35
54.4434 35
54.4456 35
54.4488 35
54.4489 35
54.449 35
54.4502 35
54.4503 35
54.453 35
54.4531 35
54.4533 40
54.4545 35
54.4572 35
54.4573 35
54.4574 35
54.4589 35
54.4618 35
54.4619 35
54.462 35
54.463 35
54.4665 35
54.4666 35
54.4667 35
54.4668 35
54.4681 35
54.471 35
54.4711 35
54.4712 35
54.4723 35
54.4763 35
54.4765 40
54.4766 35
54.4776 35
54.4805 35
54.4806 35
54.4807 35
54.4824 35
54.4869 36
54.4872 35
54.4873 35
54.4889 35
54.4933 36
54.4934 35
54.4935 35
54.4936 35
54.4971 35
54.4972 35
54.4973 35
54.4984 35
54.5013 35
54.5014 40
54.5015 35
54.5016 41
54.5026 35
54.5055 35
54.5056 35
54.5057 35
54.5071 35
54.5099 35
54.51 35
54.5101 35
54.5112 35
54.5113 35
54.5141 35
54.5142 35
54.5143 35
54.5154 35
54.5182 35
54.5183 35
54.5184 35
54.5233 35
54.5234 35
54.527 40
54.5271 35
54.5272 35
54.5283 35
54.5311 35
54.5312 35
54.5313 35
54.5324 35
54.5325 35
54.5357 35
54.5358 35
54.5359 35
54.5382 35
54.541 35
54.5411 35
54.5412 35
54.543 35
54.5457 35
54.5458 35
54.5459 35
54.5474 40
54.5517 36
54.5527 35
54.5528 35
54.5529 35
54.5531 35
54.556 35
54.5562 35
54.5563 35
54.5572 35
54.5605 35
54.5606 35
54.5607 35
54.5628 35
54.5657 35
54.5659 35
54.566 35
54.5673 35
54.5674 35
54.5702 35
54.5703 40
54.5704 35
54.572 35
54.5752 35
54.5753 35
54.5754 35
54.5764 35
54.5792 35
54.5794 35
54.5824 35
54.5825 35
54.5826 35
54.5851 35
54.5853 35
54.5886 35
54.5888 35
54.5915 35
54.5916 35
54.5917 35
54.5962 36
54.597 40
54.5971 35
54.5972 35
54.5974 35
54.601 35
54.6012 35
54.6034 35
54.6035 35
54.6069 35
54.607 35
54.6071 35
54.6082 35
54.6124 35
54.6126 35
54.6127 35
54.6129 35
54.6158 35
54.6159 35
54.6179 35
54.618 35
54.6212 40
54.6213 35
54.6214 35
54.6224 35
54.6253 35
54.6278 35
54.6279 35
54.628 35
54.6282 35
54.6312 35
54.6313 35
54.6336 35
54.6338 35
54.6367 35
54.6368 35
54.6369 35
54.6383 35
54.6425 35
54.6427 35
54.6428 35
54.6429 40
54.6462 35
54.6463 35
54.6479 35
54.648 35
54.6481 40
54.6515 35
54.6516 35
54.6517 35
54.6565 36
54.6571 35
54.6572 35
54.6573 35
54.6605 35
54.6606 35
54.6607 35
54.6625 35
54.6626 35
54.6655 35
54.6656 35
54.6657 35
54.6668 35
54.6697 35
54.6719 35
54.672 35
54.6721 41
54.6753 35
54.6754 35
54.6755 35
54.6778 35
54.6808 35
54.6809 35
54.681 35
54.6825 35
54.6826 35
54.6854 35
54.6856 35
54.6857 35
54.6876 35
54.692 36
54.6928 35
54.693 35
54.6931 35
54.6949 35
54.6977 35
54.6978 40
54.6979 35
54.6994 35
54.7025 35
54.7027 35
54.7028 35
54.7041 35
54.707 35
54.7071 35
54.7096 35
54.7097 35
54.7098 35
54.7128 35
54.7129 35
54.713 35
54.7145 35
54.7175 35
54.7176 35
54.7177 35
54.7188 35
54.722 40
54.7221 35
54.7222 35
54.724 35
54.7241 35
54.7274 35
54.7275 35
54.7276 35
54.7287 35
54.7318 35
54.7319 35
54.732 35
54.7332 35
54.7365 35
54.7367 35
54.7368 35
54.7389 35
54.739 35
54.7425 35
54.7426 35
54.7427 40
54.7438 35
54.7472 35
54.7473 35
54.7474 35
54.7487 35
54.7488 35
54.7516 35
54.7517 35
54.7518 35
54.7529 35
54.7563 35
54.7565 35
54.7566 35
54.7577 35
54.7605 35
54.7606 35
54.7607 35
54.7624 35
54.7652 35
54.7653 40
54.7654 35
54.7678 35
54.7679 35
54.7706 35
54.7707 35
54.7708 35
54.7723 35
54.775 35
54.7751 35
54.7752 35
54.7763 35
54.7798 35
54.7799 35
54.78 35
54.7811 35
54.7851 35
54.7852 35
54.7853 35
54.7855 35
54.7886 40
54.7888 35
54.79 35
54.7902 35
54.795 35
54.7951 35
54.7952 35
54.7973 35
54.7974 35
54.8 35
54.8001 35
54.8002 35
54.8013 35
54.8058 36
54.8059 35
54.8061 35
54.8062 35
54.8077 35
54.8107 35
54.8108 35
54.8109 40
54.8109 41
54.8127 35
54.8155 35
54.8156 35
54.8157 35
54.8169 35
54.8202 35
54.8203 35
54.8204 35
54.8205 35
54.8217 35
54.8244 35
54.8245 35
54.8246 35
54.8261 35
54.8289 35
54.8291 35
54.8292 35
54.8311 35
54.8312 35
54.834 40
54.8341 35
54.8342 35
54.8356 35
54.8385 35
54.8386 36
54.8387 36
54.8397 36
54.8426 35
54.8445 35
54.8446 35
54.8448 35
54.8449 35
54.8484 35
54.8486 35
54.8487 35
54.85 35
54.8533 35
54.8534 35
54.8535 35
54.8547 40
54.8549 35
54.8581 35
54.8582 35
54.8583 35
54.8597 35
54.8628 35
54.8629 35
54.863 35
54.8643 35
54.8672 35
54.8673 35
54.8674 35
54.8689 35
54.872 35
54.8722 35
54.8742 35
54.8743 35
54.8744 35
54.8771 35
54.8772 40
54.8773 35
54.8787 35
54.8814 35
54.8815 35
54.8816 35
54.8828 35
54.8856 35
54.8857 35
54.8858 35
54.8882 35
54.891 35
54.8911 35
54.8912 35
54.8922 35
54.8965 36
54.8979 35
54.898 35
54.8982 35
54.8995 35
54.9027 40
54.9028 35
54.9029 35
54.9044 35
54.9073 35
54.9075 35
54.9076 35
54.9086 35
54.912 35
54.9121 35
54.9122 35
54.9133 35
54.9134 35
54.9168 35
54.919 35
54.9191 35
54.9192 35
54.9236 36
54.9272 35
54.9273 35
54.9274 40
54.9284 35
54.932 35
54.9321 35
54.9322 35
54.9333 35
54.9367 35
54.9369 35
54.937 35
54.9381 35
54.9382 35
54.9411 35
54.9412 35
54.9413 35
54.9423 35
54.9451 35
54.9452 35
54.9453 35
54.9507 36
54.9509 35
54.951 40
54.9511 35
54.9513 35
54.9544 35
54.9545 35
54.9546 35
54.9557 35
54.9589 35
54.959 35
54.9591 35
54.9604 35
54.9605 35
54.9632 35
54.9633 35
54.9634 35
54.9649 35
54.9677 35
54.9678 35
54.9679 35
54.969 35
54.9718 40
54.9719 35
54.972 35
54.9731 35
54.9759 35
54.976 35
54.9761 35
54.9805 36
54.981 35
54.9844 35
54.9845 35
54.9846 35
54.9857 35
54.9884 35
54.9885 35
54.9886 35
54.9897 35
54.9942 36
54.9974 35
54.9976 35
54.9977 40
54.9979 35
55.0013 35
55.0015 35
55.0016 35
55.0031 35
55.0061 35
55.0062 35
55.0063 35
55.0073 35
55.0104 35
55.0105 35
55.0106 35
55.0118 35
55.0119 35
55.0146 35
55.0147 35
55.0148 35
55.0159 35
55.0187 35
55.0188 40
55.0189 35
55.0202 35
55.024 35
55.0241 35
55.0242 35
55.0254 35
55.0255 35
55.0288 35
55.0289 35
55.029 35
55.0301 35
55.0328 35
55.0329 35
55.033 35
55.0342 35
55.0376 35
55.0378 35
55.0379 35
55.038 35
55.0392 40
55.0423 35
55.0424 35
55.0425 35
55.0436 35
55.0469 35
55.047 35
55.0472 35
55.0482 35
55.0483 35
55.0517 35
55.0538 35
55.0539 35
55.054 35
55.0569 35
55.057 35
55.0571 35
55.0583 35
55.061 35
55.0611 35
55.0612 40
55.0624 35
55.0625 35
55.0654 35
55.0655 35
55.0656 35
55.0668 35
55.0694 35
55.0695 35
55.0696 35
55.0708 35
55.0737 35
55.0738 35
55.0739 35
55.075 35
55.0777 35
55.0778 35
55.0779 35
55.0791 35
55.0792 35
55.082 40
55.0839 35
55.084 35
55.087 35
55.0871 35
55.0872 35
55.0874 35
55.0911 35
55.0912 35
55.0913 35
55.0946 35
55.0947 35
55.0949 35
55.0992 36
55.1008 35
55.1009 35
55.101 35
55.1037 35
55.1039 35
55.1059 35
55.1079 40
55.1081 35
55.1098 35
55.1098 32
55.1128 35
55.1129 35
55.1158 35
55.1159 35
55.116 35
55.1176 35
55.1205 35
55.1206 35
55.1207 35
55.1209 35
55.1222 35
55.125 35
55.1251 35
55.1253 35
55.1289 35
55.1291 35
55.1292 35
55.1307 35
55.1331 35
55.1332 40
55.1333 35
55.1348 35
55.1349 35
55.1377 35
55.1378 35
55.1379 35
55.1396 35
55.1442 36
55.1446 35
55.1447 35
55.1448 35
55.1462 35
55.1499 35
55.15 35
55.1501 35
55.1512 35
55.1544 35
55.1545 35
55.1546 35
55.1562 40
55.1603 35
55.1604 35
55.1605 35
55.1607 35
55.1639 35
55.164 35
55.1641 35
55.1658 35
55.1689 35
55.169 35
55.172 35
55.1721 35
55.1722 35
55.1751 35
55.1753 35
55.1754 35
55.1769 35
55.1799 35
55.18 35
55.1801 40
55.1827 35
55.1856 35
55.1858 35
55.1859 35
55.1882 35
55.1911 35
55.1912 35
55.1913 35
55.1914 35
55.1924 35
55.1955 35
55.1957 35
55.1958 35
55.1969 35
55.1997 35
55.1998 35
55.1999 35
55.2032 35
55.2073 35
55.2075 40
55.2076 35
55.2089 35
55.209 35
55.2118 35
55.2119 35
55.212 35
55.214 35
55.2168 35
55.2169 35
55.217 35
55.2194 35
55.2223 35
55.2224 35
55.2225 35
55.2235 35
55.2236 35
55.2264 35
55.2265 35
55.2266 35
55.2283 40
55.2317 35
55.2319 35
55.2342 35
55.2343 35
55.237 35
55.2371 35
55.2372 35
55.2373 35
55.2384 35
55.2416 35
55.2417 35
55.2418 35
55.2435 35
55.2463 35
55.2464 35
55.2465 35
55.2481 35
55.2482 35
55.251 35
55.2511 40
55.2513 35
55.253 35
55.2559 35
55.256 35
55.2561 35
55.2575 35
55.2607 35
55.2608 35
55.2609 35
55.263 35
55.2631 35
55.2659 35
55.266 35
55.2661 35
55.2673 35
55.2703 35
55.2704 35
55.2705 35
55.2716 35
55.2743 40
55.2744 35
55.2745 35
55.2756 35
55.2757 35
55.2784 35
55.2785 35
55.2786 35
55.2803 35
55.283 35
55.2831 35
55.2832 35
55.2843 35
55.2875 35
55.2877 35
55.2878 35
55.2888 35
55.289 35
55.2917 35
55.2938 35
55.2939 40
55.294 35
55.2967 35
55.2968 35
55.2969 35
55.3014 35
55.3015 35
55.3068 36
55.307 35
55.3083 35
55.3084 35
55.3133 35
55.3134 35
55.3159 35
55.316 35
55.3161 35
55.3181 35
55.3206 35
55.3208 35
55.3209 35
55.3223 40
55.3224 35
55.3252 35
55.3253 35
55.3254 35
55.3285 35
55.3286 35
55.33 35
55.3301 35
55.3325 35
55.3327 35
55.3356 35
55.3358 35
55.3358 35
55.3396 35
55.3397 35
55.3398 35
55.343 35
55.3432 35
55.3433 35
55.348 41
55.3486 35
55.3487 35
55.3488 35
55.3517 35
55.3518 35
55.3519 35
55.3532 35
55.3564 35
55.3565 35
55.3581 35
55.3582 35
55.3601 35
55.3602 35
55.3641 35
55.3642 35
55.3643 35
55.3654 35
55.3687 35
55.3689 35
55.369 40
55.3691 35
55.3707 35
55.3734 35
55.3735 35
55.3736 35
55.3748 35
55.3785 35
55.3786 35
55.3787 35
55.3798 35
55.3826 35
55.3827 35
55.3828 35
55.3839 35
55.3871 35
55.3872 35
55.3873 35
55.3884 35
55.3885 35
55.3914 40
55.3915 35
55.3916 35
55.3926 35
55.3962 35
55.3964 35
55.3982 35
55.3983 35
55.4011 35
55.4012 35
55.4013 35
55.4024 35
55.4052 35
55.4053 35
55.4054 35
55.4056 40
55.4088 35
55.4133 36
55.4137 35
55.4138 35
55.4139 35
55.4157 35
55.4184 35
55.4185 35
55.4186 35
55.4187 41
55.4203 35
55.4233 35
55.4235 35
55.4236 35
55.4252 35
55.4279 35
55.428 35
55.4281 35
55.431 35
55.4311 35
55.4312 35
55.4355 36
55.4365 35
55.4436 35
55.4437 35
55.4438 35
55.4463 35
55.4465 35
55.4499 35
55.45 40
55.4501 35
55.4512 35
55.454 35
55.4542 35
55.4543 35
55.4544 35
55.4561 35
55.4589 35
55.459 35
55.4591 35
55.4602 35
55.4631 35
55.4632 35
55.4633 35
55.4652 35
55.4681 35
55.4682 35
55.4683 35
55.4695 35
55.4696 40
55.4732 35
55.4733 35
55.4734 35
55.4745 35
55.4772 35
55.4774 35
55.4775 35
55.4793 35
55.4824 35
55.4825 35
55.4826 35
55.484 35
55.4867 35
55.4868 35
55.4869 35
55.488 35
55.4882 35
55.4919 35
55.492 35
55.4921 40
55.4967 36
55.4973 35
55.5001 35
55.5002 35
55.5026 35
55.5027 35
55.5064 35
55.5065 35
55.5066 35
55.5112 36
55.5123 35
55.5124 35
55.5125 35
55.5139 35
55.5167 35
55.5168 35
55.5191 35
55.5192 35
55.5221 35
55.5222 40
55.5223 35
55.5233 35
55.5234 35
55.5265 35
55.5266 35
55.5267 35
55.5282 35
55.5315 35
55.5316 35
55.5318 35
55.533 35
55.5331 35
55.5365 35
55.5366 35
55.5367 35
55.5378 35
55.5405 35
55.5406 35
55.5408 35
55.5428 40
55.5455 35
55.5456 35
55.5457 35
55.5486 35
55.5487 35
55.5515 35
55.5516 35
55.5517 35
55.5528 35
55.5557 35
55.5558 35
55.5559 35
55.557 35
55.5571 35
55.5603 35
55.5604 35
55.5605 35
55.5623 35
55.565 35
55.5651 40
55.5652 35
55.5664 35
55.5698 35
55.5699 35
55.57 35
55.571 35
55.5738 35
55.574 35
55.5741 35
55.5755 35
55.5757 35
55.5787 35
55.5788 35
55.5799 35
55.5801 35
55.5828 35
55.5829 35
55.583 35
55.584 35
55.5874 40
55.5875 35
55.5876 35
55.589 35
55.5918 35
55.5919 35
55.592 35
55.5931 35
55.5933 35
55.5961 35
55.5962 35
55.5963 35
55.5982 35
55.6011 35
55.6012 35
55.6013 35
55.6026 35
55.6058 35
55.6059 35
55.606 35
55.6085 40
55.6128 36
55.6141 35
55.6143 35
55.6144 35
55.6154 35
55.6188 35
55.619 35
55.6191 35
55.6206 35
55.624 35
55.6242 35
55.6243 35
55.6277 35
55.6278 35
55.6279 35
55.6288 35
55.6317 35
55.6318 35
55.6319 35
55.632 40
55.6334 35
55.6361 35
55.6362 35
55.6363 35
55.6382 35
55.6409 35
55.641 35
55.6411 35
55.6425 35
55.6426 35
55.6453 35
55.6454 35
55.6455 35
55.6479 35
55.6505 35
55.6506 35
55.6507 35
55.652 35
55.6547 35
55.6549 40
55.655 35
55.656 35
55.6561 35
55.6596 35
55.6597 35
55.6598 35
55.661 35
55.6637 35
55.6638 35
55.6639 35
55.6654 35
55.6655 35
55.6682 35
55.6683 35
55.6684 35
55.6695 35
55.6724 35
55.6725 35
55.6726 35
55.6749 40
55.6781 35
55.6782 35
55.6783 35
55.6799 35
55.6829 35
55.683 35
55.6831 35
55.6832 35
55.6849 35
55.6877 35
55.6879 35
55.688 35
55.6889 35
55.6918 35
55.6919 35
55.692 35
55.6935 35
55.6963 35
55.6964 35
55.6965 40
55.6977 35
55.6978 35
55.7006 35
55.7007 35
55.7008 35
55.7019 35
55.7047 35
55.7048 35
55.7049 35
55.7062 35
55.7104 35
55.7105 35
55.7106 35
55.7119 35
55.7172 36
55.7173 35
55.7174 35
55.7176 35
55.7199 35
55.7227 40
55.7228 35
55.7229 35
55.723 41
55.7241 35
55.726 35
55.7289 35
55.7291 35
55.7292 35
55.7318 35
55.732 35
55.7321 35
55.7338 35
55.7339 35
55.7366 35
55.7368 35
55.7369 35
55.7387 35
55.7424 35
55.7425 35
55.7426 35
55.7439 35
55.744 35
55.7473 40
55.7474 35
55.7475 35
55.7487 35
55.752 35
55.7521 35
55.7522 35
55.7535 35
55.757 35
55.7571 35
55.7572 35
55.7583 35
55.7585 35
55.7613 35
55.7614 35
55.7615 35
55.7627 35
55.7654 35
55.7655 35
55.7656 35
55.7676 40
55.7677 35
55.7705 35
55.7706 35
55.7717 35
55.7718 35
55.7748 35
55.7749 35
55.775 35
55.7767 35
55.7795 35
55.7813 35
55.7814 35
55.7816 35
55.7841 35
55.7842 35
55.7843 35
55.7855 35
55.7856 35
55.7891 35
55.7892 40
55.7893 35
55.7904 35
55.7931 35
55.7932 35
55.7933 35
55.7946 35
55.7972 35
55.7973 35
55.7975 35
55.7993 35
55.802 35
55.8021 35
55.8022 35
55.8038 35
55.807 35
55.8071 35
55.8072 35
55.8084 35
55.8086 35
55.8111 40
55.8112 35
55.8113 35
55.8139 35
55.8185 36
55.8189 35
55.819 35
55.8204 35
55.8205 35
55.8236 35
55.8237 35
55.8238 35
55.825 35
55.8276 35
55.8277 35
55.8278 35
55.829 35
55.8317 35
55.8318 35
55.8337 35
55.8338 40
55.8339 35
55.8364 35
55.8365 35
55.8366 35
55.8387 35
55.8414 35
55.8415 35
55.8416 35
55.8436 35
55.8463 35
55.8464 35
55.8465 35
55.8477 35
55.8478 35
55.8508 35
55.851 35
55.8511 35
55.8535 35
55.8537 35
55.8587 41
55.8628 35
55.8659 35
55.866 35
55.8661 35
55.869 35
55.8692 35
55.8693 35
55.8719 35
55.8736 35
55.8762 35
55.8763 35
55.878 35
55.8781 35
55.8802 35
55.8804 35
55.8835 35
55.8836 35
55.8864 35
55.8866 35
55.8867 40
55.8911 36
55.8956 35
55.8958 35
55.8959 35
55.8988 35
55.8989 35
55.9015 35
55.9016 35
55.9018 35
55.9062 36
55.9064 35
55.9107 36
55.9131 35
55.9132 35
55.9133 35
55.9146 35
55.918 35
55.9181 35
55.9182 35
55.9215 40
55.9256 35
55.9258 35
55.9259 35
55.9267 35
55.9268 35
55.9297 35
55.9298 35
55.9299 35
55.9311 35
55.9339 35
55.9341 35
55.9342 35
55.9363 35
55.9398 35
55.9399 35
55.94 35
55.9402 35
55.9433 35
55.9434 35
55.9435 40
55.9445 35
55.9479 35
55.948 35
55.9481 35
55.9496 35
55.9528 35
55.953 35
55.9531 35
55.9532 35
55.9546 35
55.9579 35
55.958 35
55.9581 35
55.9591 35
55.9622 35
55.9624 35
55.9625 35
55.9635 35
55.9636 35
55.9664 40
55.9665 35
55.9666 35
55.9677 35
55.9709 35
55.971 35
55.9711 35
55.9726 35
55.9765 35
55.9766 35
55.9767 35
55.9778 35
55.978 35
55.9808 35
55.9809 35
55.981 35
55.9825 35
55.9858 35
55.986 35
55.9861 35
55.9875 40
55.9923 36
55.9952 35
55.9953 35
55.9954 35
55.9957 35
55.9986 35
55.9987 35
55.9989 35
55.9999 35
56.0027 35
56.0028 35
56.0029 35
56.0043 35
56.0045 35
56.0077 35
56.0078 35
56.0079 35
56.0101 35
56.0132 35
56.0134 40
56.0135 35
56.0148 35
56.018 35
56.0181 35
56.0182 35
56.0226 36
56.0228 35
56.0255 35
56.0256 35
56.0258 35
56.0279 35
56.0308 35
56.0309 35
56.031 35
56.0321 35
56.0355 35
56.0357 35
56.0358 35
56.0368 35
56.04 40
56.0401 35
56.0402 35
56.0403 41
56.0428 35
56.0457 35
56.0458 35
56.0459 35
56.0468 35
56.0497 35
56.0498 35
56.05 35
56.0509 35
56.0547 35
56.0548 35
56.0549 35
56.0559 35
56.0587 35
56.0588 35
56.0589 35
56.0591 35
56.06 35
56.0639 35
56.064 40
56.0641 35
56.0652 35
56.068 35
56.0681 35
56.0683 35
56.0693 35
56.0694 35
56.0722 35
56.0723 35
56.0724 35
56.0734 35
56.0763 35
56.0764 35
56.0765 35
56.078 35
56.0809 35
56.081 35
56.0811 35
56.0812 35
56.0823 40
56.0858 35
56.0859 35
56.0861 36
56.0871 36
56.0903 36
56.0905 36
56.0906 35
56.0924 35
56.0925 35
56.0972 35
56.0974 35
56.0975 35
56.0978 35
56.1008 35
56.1009 35
56.1011 35
56.1019 35
56.1049 35
56.105 35
56.1051 40
56.107 35
56.1099 35
56.11 35
56.1101 35
56.1123 36
56.1124 36
56.1152 36
56.1153 36
56.1154 36
56.1165 36
56.1199 36
56.12 36
56.1211 35
56.1212 35
56.1265 36
56.1268 35
56.1269 35
56.127 35
56.128 35
56.1313 40
56.1314 35
56.1315 35
56.1326 35
56.1357 35
56.1358 35
56.1359 35
56.1378 35
56.1406 35
56.1407 35
56.1408 35
56.1419 35
56.142 35
56.145 35
56.1451 35
56.1453 35
56.1478 35
56.1507 35
56.1508 35
56.1509 35
56.1524 40
56.1552 35
56.1553 35
56.1555 35
56.1571 35
56.1573 35
56.1609 35
56.161 35
56.1611 35
56.1623 35
56.1662 35
56.1663 35
56.1664 35
56.1676 35
56.1704 35
56.1705 35
56.1706 35
56.1707 35
56.1718 35
56.1753 35
56.1754 40
56.1755 35
56.1756 40
56.1767 35
56.1793 35
56.1794 35
56.1795 35
56.1808 35
56.1843 35
56.1844 35
56.1845 35
56.1863 35
56.1864 35
56.1891 35
56.1892 35
56.1894 35
56.1915 35
56.1941 35
56.1942 35
56.1943 35
56.1955 35
56.1983 35
56.1985 40
56.1986 35
56.2031 36
56.2037 35
56.2071 35
56.2072 35
56.2073 35
56.2085 35
56.2113 1106
56.2115 35
56.2116 35
56.2117 35
56.2136 35
56.2137 35
56.2164 35
56.2165 35
56.2166 35
56.2177 35
56.2206 35
56.2207 35
56.2208 35
56.2219 40
56.2253 35
56.2254 35
56.2255 35
56.2291 35
56.2319 35
56.232 35
56.2321 35
56.2323 35
56.2334 35
56.2361 35
56.2362 35
56.2364 35
56.238 35
56.2406 35
56.2407 35
56.2408 35
56.2427 35
56.2428 35
56.2456 35
56.2457 40
56.2458 35
56.2473 35
56.2503 35
56.2504 35
56.2505 35
56.2549 36
56.2556 35
56.2558 35
56.2559 35
56.2561 35
56.2591 35
56.2592 35
56.2593 35
56.2603 35
56.2631 35
56.2633 35
56.2634 35
56.2635 35
56.2649 35
56.2681 40
56.2682 35
56.2683 35
56.2695 35
56.2725 35
56.2726 35
56.2728 35
56.2744 35
56.2745 35
56.2779 35
56.278 35
56.2781 35
56.2791 35
56.282 35
56.2821 35
56.2822 35
56.2834 35
56.2862 35
56.2863 35
56.2864 35
56.2865 40
56.288 35
56.2907 35
56.2909 35
56.291 35
56.2924 35
56.2962 35
56.2963 35
56.2964 35
56.2975 35
56.301 35
56.3011 35
56.3012 35
56.3014 35
56.3072 35
56.3073 35
56.3079 35
56.308 35
56.3112 35
56.3114 35
56.3115 40
56.3131 35
56.3132 35
56.3155 38
56.316 35
56.3161 35
56.3162 35
56.3172 35
56.3205 35
56.3206 35
56.3207 35
56.322 35
56.3255 35
56.3257 35
56.3258 35
56.3298 35
56.3325 35
56.3327 35
56.3328 35
56.334 35
56.3342 35
56.3377 40
56.3378 35
56.3379 35
56.338 41
56.3394 35
56.3426 35
56.3427 35
56.3429 35
56.3443 35
56.3472 35
56.3473 35
56.3474 35
56.3485 35
56.3514 35
56.3515 35
56.3516 35
56.3527 35
56.3556 35
56.3558 35
56.3559 35
56.3589 35
56.3591 35
56.3619 35
56.362 40
56.3621 35
56.3634 35
56.3669 36
56.3671 36
56.3673 36
56.3687 36
56.3716 35
56.3717 35
56.3718 35
56.3729 35
56.373 35
56.3762 35
56.3763 35
56.3764 35
56.3776 35
56.3807 35
56.3808 35
56.3809 35
56.382 35
56.3848 40
56.3849 35
56.385 36
56.3851 35
56.3862 35
56.3894 35
56.3896 35
56.3897 35
56.3908 35
56.3936 35
56.3937 35
56.3938 35
56.395 35
56.3981 35
56.3982 35
56.3984 35
56.3995 35
56.4021 35
56.4023 35
56.4024 35
56.4035 40
56.4036 35
56.407 35
56.4071 35
56.4072 35
56.4084 35
56.4126 35
56.4127 35
56.4128 35
56.4166 35
56.4167 35
56.4168 35
56.4187 35
56.4219 35
56.422 35
56.4221 35
56.423 35
56.4232 35
56.426 35
56.4261 35
56.4262 40
56.4276 35
56.4329 36
56.433 35
56.4331 35
56.4332 35
56.4344 35
56.4372 35
56.4373 35
56.4374 35
56.4393 35
56.4424 35
56.4425 35
56.4426 35
56.4437 35
56.447 35
56.4472 35
56.4473 35
56.4474 35
56.4484 35
56.4513 40
56.4515 35
56.4516 35
56.4525 35
56.456 35
56.4561 35
56.4562 35
56.4573 35
56.4574 35
56.4607 35
56.4608 35
56.4652 36
56.4653 35
56.4688 35
56.4689 35
56.469 35
56.4701 35
56.4702 35
56.473 35
56.4731 35
56.4732 40
56.4749 35
56.4783 35
56.4784 35
56.4785 35
56.4795 36
56.4823 36
56.4824 36
56.4825 36
56.4846 36
56.4848 35
56.4877 35
56.4878 35
56.4879 35
56.4888 35
56.4917 35
56.4918 35
56.4919 35
56.4929 35
56.4957 35
56.4958 40
56.496 35
56.4961 35
56.497 35
56.4999 35
56.5023 35
56.5024 35
56.5025 35
56.5059 35
56.506 35
56.5061 35
56.5081 35
56.5118 35
56.5119 35
56.512 35
56.5121 35
56.5132 35
56.5171 35
56.5172 35
56.5173 35
56.5206 40
56.5208 35
56.5209 35
56.5225 35
56.5253 35
56.5254 35
56.5255 35
56.5269 35
56.5298 35
56.5299 35
56.53 35
56.5301 35
56.5339 35
56.5369 35
56.537 35
56.5371 35
56.5381 35
56.5409 35
56.541 35
56.5411 35
56.5427 40
56.5455 35
56.5456 35
56.5457 35
56.5468 35
56.5469 35
56.5496 35
56.5497 35
56.5499 35
56.5517 35
56.5545 35
56.5547 35
56.5548 35
56.5559 35
56.5594 35
56.5595 35
56.5596 35
56.5607 35
56.5608 35
56.564 35
56.5642 40
56.5643 35
56.5657 35
56.5694 35
56.5696 35
56.5697 35
56.5709 35
56.5745 35
56.5746 35
56.5748 35
56.576 35
56.5762 35
56.5796 35
56.5797 35
56.5798 35
56.581 35
56.5838 35
56.5839 35
56.584 35
56.5855 35
56.5889 40
56.5891 35
56.5892 35
56.5903 35
56.5904 35
56.593 35
56.5931 36
56.5932 35
56.5943 35
56.5972 35
56.5973 35
56.5974 35
56.5991 35
56.6025 35
56.6026 35
56.6027 35
56.6037 35
56.6069 35
56.607 35
56.6071 35
56.6083 40
56.6084 35
56.6115 35
56.6116 35
56.6118 35
56.6134 35
56.6183 36
56.6185 35
56.6186 35
56.623 36
56.6236 35
56.627 35
56.6272 35
56.6273 35
56.6285 35
56.6317 35
56.6318 35
56.6319 35
56.632 35
56.6362 35
56.64 40
56.6402 35
56.6403 35
56.6403 41
56.6413 35
56.6445 35
56.6446 35
56.6447 36
56.6459 36
56.6489 35
56.649 35
56.6491 35
56.6507 35
56.6533 35
56.6534 35
56.6535 35
56.6554 35
56.6555 35
56.658 35
56.6581 35
56.6583 35
56.66 35
56.6626 35
56.6627 40
56.6628 35
56.664 35
56.6667 35
56.6668 35
56.6669 35
56.6681 35
56.6707 35
56.6709 35
56.671 35
56.6751 35
56.6752 35
56.6787 35
56.6788 35
56.6789 35
56.68 35
56.6828 35
56.683 35
56.6831 35
56.6852 35
56.6853 40
56.6883 35
56.6884 35
56.6885 35
56.6896 35
56.693 35
56.6931 35
56.6932 35
56.6943 35
56.697 35
56.6971 35
56.6972 35
56.6973 35
56.6985 35
56.7018 35
56.7019 35
56.702 35
56.7032 35
56.7064 35
56.7065 35
56.7066 40
56.7076 35
56.7077 35
56.7106 35
56.7107 35
56.7123 35
56.7124 35
56.7156 35
56.7157 35
56.7158 35
56.7168 35
56.7197 35
56.7198 35
56.7199 35
56.7213 35
56.7249 35
56.727 35
56.7272 35
56.7273 35
56.7274 35
56.7305 40
56.7306 35
56.7307 35
56.7317 35
56.7345 35
56.7346 35
56.7347 35
56.7386 35
56.7419 35
56.742 35
56.7422 35
56.7436 35
56.7438 35
56.7466 35
56.7467 35
56.7468 35
56.7478 35
56.7513 35
56.7515 35
56.7516 35
56.7525 40
56.7562 35
56.7563 35
56.7564 35
56.7572 35
56.7609 35
56.761 35
56.7611 35
56.7612 35
56.7624 35
56.7653 35
56.7654 35
56.7655 35
56.7666 35
56.7701 35
56.7702 35
56.7703 35
56.7715 35
56.7742 35
56.7743 35
56.7744 40
56.7745 35
56.7775 35
56.7804 35
56.7805 35
56.7806 35
56.7819 35
56.7848 35
56.7849 35
56.785 35
56.7864 35
56.7893 35
56.7894 35
56.7895 35
56.7905 35
56.7906 35
56.794 35
56.7941 35
56.7942 35
56.7954 35
56.7981 40
56.7983 35
56.7984 35
56.7999 35
56.8028 35
56.8029 36
56.8031 35
56.804 35
56.8041 35
56.8078 35
56.8079 35
56.808 35
56.8091 35
56.8125 35
56.8126 35
56.8127 35
56.8137 35
56.8166 35
56.8167 35
56.8168 35
56.8177 40
56.8207 35
56.8208 35
56.8209 35
56.822 35
56.8221 35
56.8262 35
56.8263 35
56.8264 35
56.8274 35
56.8324 36
56.8326 35
56.8327 35
56.8328 35
56.836 35
56.8362 35
56.8363 35
56.8364 35
56.8376 35
56.8427 36
56.8428 40
56.8429 35
56.843 35
56.8446 35
56.8479 35
56.848 35
56.8481 35
56.8493 35
56.8524 35
56.8525 35
56.8526 35
56.8541 35
56.8573 35
56.8574 35
56.8575 35
56.8576 35
56.859 35
56.8626 35
56.8628 35
56.8629 35
56.8639 40
56.8668 35
56.867 35
56.8671 35
56.868 35
56.8716 35
56.8718 35
56.8719 35
56.8729 35
56.873 35
56.8762 35
56.8764 35
56.8764 35
56.8775 35
56.8803 35
56.8804 35
56.8805 35
56.8858 36
56.8861 35
56.8862 35
56.8863 40
56.8865 35
56.8898 35
56.8899 35
56.89 35
56.891 35
56.8939 35
56.8941 35
56.8942 35
56.8953 35
56.8955 35
56.8981 35
56.8982 35
56.8983 35
56.8996 35
56.9029 35
56.9031 35
56.9032 35
56.9076 36
56.9089 35
56.909 40
56.9091 35
56.9093 35
56.9123 35
56.9124 35
56.9125 35
56.9139 35
56.9171 36
56.9172 36
56.9173 35
56.9174 40
56.9185 35
56.9215 35
56.9217 35
56.9218 35
56.923 35
56.9261 35
56.9262 35
56.9263 35
56.928 35
56.9307 35
56.9309 35
56.931 35
56.9311 41
56.932 35
56.9353 35
56.9355 35
56.9356 35
56.9368 35
56.94 36
56.9401 35
56.9402 35
56.9436 35
56.947 35
56.9471 35
56.9472 35
56.9484 35
56.9485 35
56.9512 35
56.9513 35
56.9514 35
56.9526 35
56.9561 35
56.9562 40
56.958 35
56.9582 36
56.9619 36
56.962 36
56.9621 36
56.9633 35
56.9634 35
56.9667 35
56.9668 35
56.968 35
56.9681 35
56.9708 35
56.9709 35
56.971 35
56.9728 35
56.9755 35
56.9756 35
56.9757 35
56.9769 35
56.977 40
56.9799 35
56.98 35
56.9801 35
56.9815 35
56.9848 35
56.9849 35
56.985 35
56.9862 35
56.9895 35
56.9896 35
56.9897 35
56.9931 35
56.9932 35
56.9933 35
56.9934 35
56.9944 35
56.9975 35
56.9976 35
56.9978 35
56.9997 40
57.0024 35
57.0025 35
57.0026 35
57.0041 35
57.0042 35
57.0069 35
57.007 35
57.0071 35
57.009 35
57.0118 35
57.0119 35
57.012 35
57.0137 35
57.0176 35
57.0177 35
57.0178 35
57.0196 35
57.0198 35
57.0225 35
57.0227 40
57.0228 35
57.0239 35
57.0269 35
57.027 35
57.0271 35
57.0283 35
57.0317 36
57.0318 36
57.0319 36
57.033 35
57.0331 35
57.0359 35
57.036 35
57.0361 35
57.0374 35
57.0401 35
57.0455 35
57.0456 35
57.0457 35
57.0489 40
57.049 35
57.0491 35
57.0501 35
57.0529 35
57.0531 35
57.0532 35
57.0534 35
57.0547 35
57.0576 36
57.0577 35
57.0578 35
57.0587 35
57.0616 35
57.0618 35
57.0619 35
57.0637 35
57.0667 35
57.0668 35
57.0669 35
57.067 40
57.0683 35
57.0716 35
57.0719 35
57.073 35
57.0731 36
57.0762 36
57.0764 36
57.0765 35
57.0775 35
57.0803 35
57.0804 35
57.0806 35
57.0823 35
57.0854 35
57.0855 35
57.0856 35
57.0871 35
57.0903 35
57.0904 35
57.0905 40
57.0906 35
57.0958 36
57.0961 35
57.0962 35
57.0963 35
57.0965 36
57.0996 35
57.0997 35
57.0998 35
57.101 35
57.1039 35
57.1041 35
57.1042 35
57.1053 35
57.1087 35
57.1088 35
57.109 35
57.1102 35
57.1103 35
57.1131 40
57.1132 35
57.1154 35
57.1187 35
57.1188 35
57.1189 35
57.1203 35
57.1204 35
57.1229 35
57.1231 35
57.1232 35
57.1243 35
57.127 35
57.1271 35
57.1272 35
57.1283 35
57.1284 35
57.1316 35
57.1317 35
57.1318 35
57.133 40
57.1358 35
57.1359 35
57.136 35
57.1372 35
57.1404 35
57.1405 35
57.1406 35
57.142 35
57.1467 36
57.1499 35
57.15 35
57.1501 35
57.1503 35
57.1532 35
57.1534 35
57.1535 35
57.1546 35
57.1576 35
57.1577 35
57.1578 40
57.1589 35
57.1617 35
57.1618 35
57.1619 35
57.1629 35
57.1631 35
57.1659 35
57.166 35
57.1661 35
57.1671 35
57.1712 35
57.1714 35
57.1715 35
57.1725 35
57.1757 35
57.1758 35
57.1759 35
57.1773 35
57.1805 35
57.1806 40
57.1807 35
57.1808 35
57.1821 35
57.1851 35
57.1852 35
57.1853 35
57.1864 35
57.1909 35
57.191 35
57.1911 35
57.1912 35
57.1921 35
57.1958 35
57.1959 35
57.2003 36
57.2005 35
57.2039 35
57.204 35
57.2041 35
57.2054 40
57.2082 35
57.2083 35
57.2084 35
57.2086 35
57.2093 35
57.213 35
57.2131 35
57.2132 35
57.2144 35
57.2175 35
57.2177 35
57.2178 35
57.2188 35
57.2229 35
57.223 35
57.2231 35
57.2242 35
57.2272 35
57.2274 35
57.2275 40
57.2276 35
57.2276 32
57.2315 35
57.2368 36
57.2384 35
57.2385 35
57.2386 35
57.24 35
57.2431 35
57.2432 35
57.2433 35
57.2447 35
57.2476 35
57.2477 35
57.2478 35
57.251 35
57.2547 35
57.2548 35
57.2549 35
57.2559 35
57.256 35
57.26 40
57.2601 35
57.2602 35
57.2613 35
57.2646 35
57.2647 35
57.2648 35
57.266 35
57.2661 35
57.2692 35
57.2693 35
57.2694 35
57.2708 35
57.2736 35
57.2737 35
57.2738 35
57.2749 35
57.2777 35
57.2778 35
57.2779 35
57.279 40
57.2791 35
57.2819 35
57.282 35
57.2821 35
57.284 35
57.2868 35
57.2869 35
57.287 35
57.2882 35
57.2883 35
57.291 35
57.2911 35
57.2912 35
57.2927 35
57.2955 35
57.2957 35
57.2958 35
57.2968 35
57.2995 35
57.2997 40
57.2998 35
57.3008 35
57.3059 36
57.306 35
57.3061 35
57.3062 36
57.3094 36
57.3095 35
57.3096 35
57.3109 35
57.311 35
57.3139 35
57.314 35
57.3141 35
57.315 35
57.3179 35
57.3181 35
57.3182 35
57.3191 35
57.3222 40
57.3223 35
57.3224 35
57.3244 35
57.3274 35
57.3275 35
57.3276 35
57.3277 35
57.3299 35
57.3346 36
57.3362 35
57.3363 35
57.3364 35
57.3374 35
57.3406 35
57.3407 35
57.3408 35
57.3419 35
57.3453 35
57.3454 35
57.3455 40
57.3465 35
57.3466 35
57.3498 35
57.3499 35
57.35 35
57.355 36
57.3575 35
57.3576 35
57.3577 35
57.3608 35
57.3609 35
57.361 35
57.3611 35
57.363 35
57.3658 35
57.3659 35
57.366 35
57.367 35
57.3707 35
57.3709 40
57.371 35
57.3722 35
57.3753 35
57.3754 35
57.3755 35
57.3774 35
57.3775 35
57.3803 35
57.3804 35
57.3805 35
57.3816 35
57.385 35
57.3851 35
57.3852 35
57.3865 35
57.3893 35
57.3895 35
57.3896 35
57.391 35
57.3938 40
57.3939 35
57.394 35
57.3956 35
57.3957 35
57.399 35
57.3991 35
57.3992 35
57.4004 35
57.4032 35
57.4033 35
57.4034 35
57.4051 35
57.4078 35
57.41 35
57.4102 35
57.4103 35
57.4105 35
57.4139 35
57.414 35
57.4141 40
57.4163 35
57.4192 35
57.4193 35
57.4194 35
57.4204 35
57.4234 35
57.4235 35
57.4236 35
57.4247 35
57.4248 35
57.4292 35
57.4293 35
57.4294 35
57.4295 35
57.4304 35
57.4337 35
57.4339 35
57.434 35
57.4353 35
57.4381 40
57.4383 35
57.4384 35
57.4394 35
57.4408 35
57.4427 35
57.4429 35
57.443 36
57.444 36
57.4441 35
57.4442 35
57.4473 35
57.4475 35
57.4476 35
57.4488 35
57.4524 35
57.4525 35
57.4526 35
57.456 35
57.4588 35
57.4589 35
57.459 35
57.461 40
57.4611 35
57.4639 35
57.4641 35
57.4642 35
57.4655 35
57.4684 35
57.4685 35
57.4686 35
57.4703 35
57.4732 35
57.4733 35
57.4734 35
57.4744 35
57.4772 35
57.4774 35
57.4775 35
57.4786 35
57.4787 35
57.4819 35
57.482 40
57.4822 35
57.4838 35
57.4875 35
57.4876 35
57.4877 35
57.4888 35
57.4915 35
57.4916 35
57.4917 35
57.4933 35
57.4934 35
57.4962 35
57.4963 35
57.4964 35
57.4981 35
57.5008 35
57.5009 35
57.501 35
57.5021 35
57.5055 40
57.5057 35
57.5058 35
57.5059 35
57.507 35
57.5097 35
57.5098 35
57.5099 36
57.5145 37
57.5168 35
57.517 35
57.5171 35
57.5173 35
57.5218 36
57.5222 35
57.5224 35
57.5225 35
57.5256 35
57.5257 35
57.5258 35
57.5259 40
57.527 35
57.5301 35
57.5302 35
57.5303 35
57.5304 41
57.5317 35
57.5352 35
57.5353 35
57.5354 35
57.5364 35
57.5393 35
57.5394 35
57.5395 35
57.5405 35
57.5433 35
57.5434 35
57.5435 35
57.545 35
57.5451 35
57.5479 35
57.548 35
57.5481 35
57.5496 35
57.553 35
57.5531 40
57.5532 36
57.5543 36
57.5588 36
57.5595 35
57.5597 35
57.5598 35
57.5613 35
57.5644 35
57.5673 35
57.5674 35
57.5675 35
57.5701 35
57.5702 35
57.5703 35
57.5718 35
57.5719 35
57.5751 35
57.5752 35
57.5764 35
57.5766 40
57.5792 35
57.5794 35
57.5795 35
57.5807 35
57.5843 35
57.5844 35
57.5845 35
57.5858 35
57.5859 35
57.5886 35
57.5887 35
57.5888 35
57.5899 35
57.5936 35
57.5937 35
57.5938 35
57.5951 35
57.5982 35
57.5983 35
57.5984 40
57.5998 35
57.5999 35
57.6031 35
57.6032 35
57.6033 35
57.6048 35
57.6077 35
57.6078 35
57.6079 35
57.6098 35
57.6099 35
57.6126 35
57.6127 35
57.6129 35
57.6141 35
57.6173 35
57.6203 35
57.6204 35
57.6205 35
57.624 40
57.6241 35
57.6242 35
57.6252 35
57.6253 35
57.6281 35
57.6282 35
57.6283 35
57.6298 35
57.6325 35
57.6326 35
57.6328 35
57.6347 35
57.6375 35
57.6377 35
57.6378 35
57.6389 35
57.6419 35
57.6421 35
57.6422 35
57.6423 40
57.6434 35
57.6461 35
57.6462 35
57.6463 35
57.6479 35
57.6509 35
57.6511 35
57.6512 35
57.6523 35
57.655 35
57.6551 35
57.6552 35
57.6564 35
57.6565 35
57.6619 35
57.6621 35
57.6622 35
57.6623 40
57.6637 35
57.6664 35
57.6665 35
57.6666 35
57.6677 35
57.6731 36
57.6754 35
57.6755 35
57.6756 35
57.6758 35
57.6789 35
57.679 35
57.6791 35
57.681 35
57.684 35
57.6841 35
57.6842 35
57.6858 35
57.6892 35
57.6894 40
57.6895 35
57.6896 35
57.6905 35
57.6939 35
57.694 35
57.6941 35
57.6951 35
57.6978 35
57.6979 35
57.698 35
57.6993 35
57.6994 35
57.702 35
57.7021 35
57.7022 35
57.7034 35
57.7061 35
57.7062 35
57.7063 35
57.7075 40
57.7103 35
57.7104 35
57.7105 35
57.7106 35
57.7122 35
57.715 35
57.7151 35
57.7152 35
57.7162 35
57.72 35
57.7202 35
57.7203 35
57.7211 35
57.7251 35
57.7253 35
57.7254 35
57.7257 35
57.7285 35
57.7286 35
57.7287 40
57.7308 35
57.734 35
57.7341 35
57.7342 35
57.7354 35
57.7381 35
57.7382 35
57.7383 35
57.7395 35
57.7422 35
57.7424 35
57.7425 35
57.7426 35
57.7437 35
57.7464 35
57.7465 35
57.7466 35
57.7486 35
57.7514 35
57.7515 40
57.7517 35
57.7527 35
57.7559 35
57.756 35
57.7561 35
57.7576 35
57.7577 35
57.7605 35
57.7606 35
57.7608 35
57.7642 35
57.767 35
57.7671 35
57.7672 35
57.7683 35
57.771 35
57.7711 35
57.7712 35
57.7724 35
57.7725 40
57.7775 36
57.7779 35
57.7781 35
57.7781 35
57.7814 35
57.7815 35
57.7816 35
57.7817 35
57.783 35
57.7859 35
57.786 35
57.7861 35
57.7875 35
57.7903 35
57.7904 35
57.7906 35
57.7921 35
57.7922 35
57.7954 35
57.7955 40
57.7956 35
57.797 35
57.7998 35
57.7999 35
57.8 35
57.802 35
57.8049 35
57.805 35
57.8051 35
57.8053 35
57.8062 35
57.8092 35
57.8093 35
57.8094 35
57.8104 35
57.8132 35
57.8133 35
57.8134 35
57.8144 35
57.8145 40
57.8174 35
57.8175 35
57.8176 35
57.8176 41
57.8193 35
57.8226 35
57.8227 35
57.8228 35
57.8249 35
57.8292 36
57.8305 35
57.8306 35
57.8307 35
57.8309 35
57.834 35
57.8341 35
57.8342 35
57.8351 35
57.838 35
57.8381 35
57.8382 35
57.842 35
57.8421 35
57.8422 40
57.8433 35
57.8434 35
57.8463 35
57.8465 35
57.8501 35
57.8502 35
57.8503 35
57.8539 35
57.854 35
57.8541 35
57.8593 36
57.8676 35
57.8711 35
57.8713 35
57.8727 35
57.8756 35
57.8757 35
57.8758 35
57.8769 35
57.8799 40
57.88 35
57.8801 35
57.8802 35
57.8817 35
57.8849 35
57.885 35
57.8851 35
57.8861 35
57.889 35
57.8892 35
57.8893 35
57.8944 36
57.895 35
57.8952 35
57.8953 35
57.8964 35
57.8988 35
57.8989 35
57.9034 36
57.9073 40
57.9124 36
57.9163 35
57.9164 35
57.9165 35
57.9179 35
57.9228 36
57.9249 35
57.9299 34
57.9301 35
57.9302 35
57.9348 36
57.9349 35
57.935 35
57.9351 35
57.9362 35
57.9391 35
57.9392 35
57.9444 36
57.9454 35
57.9493 40
57.9494 35
57.9521 35
57.9522 35
57.956 35
57.9561 35
57.9562 35
57.9574 35
57.9575 35
57.9608 35
57.9609 35
57.9609 35
57.9622 35
57.9653 35
57.9654 35
57.9655 35
57.9692 35
57.9726 35
57.9727 35
57.9728 35
57.9742 40
57.9744 35
57.9776 35
57.9778 35
57.9789 35
57.979 35
57.9818 35
57.9819 35
57.982 35
57.9832 35
57.9869 35
57.987 35
57.9871 35
57.9885 35
57.9886 35
57.9912 35
57.9913 35
57.9914 35
57.9936 35
57.9962 35
57.9963 40
57.9964 35
57.9976 35
58.0009 35
58.001 35
58.0011 35
58.0023 35
58.0025 35
58.0055 35
58.0056 35
58.0078 35
58.0079 35
58.0094 35
58.0095 35
58.0126 35
58.0128 35
58.013 35
58.0146 35
58.0169 35
58.0172 35
58.0173 40
58.0194 35
58.0195 35
58.0227 35
58.0228 35
58.0243 35
58.0244 35
58.0286 35
58.0287 35
58.0296 1243
58.0297 1250
58.0297 794
58.0301 35
58.0303 35
58.0334 35
58.0335 35
58.0336 35
58.0352 35
58.0397 36
58.0404 35
58.0405 35
58.0406 35
58.0409 35
58.0438 40
58.0439 35
58.044 35
58.0456 35
58.0484 35
58.0485 35
58.0486 35
58.0504 35
58.0533 35
58.0534 35
58.0535 35
58.0549 35
58.0551 35
58.0584 35
58.0585 35
58.0586 35
58.0598 35
58.0625 35
58.0626 35
58.0628 35
58.0638 40
58.0665 35
58.0667 35
58.0668 35
58.071 35
58.0711 35
58.0738 35
58.0739 35
58.074 35
58.0751 35
58.0782 35
58.0783 35
58.0784 35
58.0799 35
58.0831 35
58.0832 35
58.0833 35
58.0844 35
58.0871 35
58.0873 35
58.0874 40
58.0875 35
58.09 40
58.0927 34
58.0928 34
58.0929 34
58.0941 35
58.0969 35
58.097 35
58.0987 34
58.0988 34
58.1017 35
58.1018 35
58.102 35
58.1033 35
58.1034 35
58.1065 35
58.1066 35
58.108 36
58.1082 35
58.1083 35
58.1115 35
58.1133 35
58.115 35
58.1176 36
58.1204 35
58.1205 35
58.1207 35
58.1208 35
58.1218 35
58.1248 35
58.1249 35
58.1262 35
58.1264 35
58.1297 35
58.1299 35
58.13 35
58.131 35
58.1342 35
58.1344 40
58.1345 35
58.1355 35
58.139 35
58.1392 35
58.1393 35
58.1403 40
58.1404 35
58.1455 36
58.1477 35
58.1479 35
58.148 35
58.1481 35
58.1511 35
58.1513 35
58.1514 35
58.1528 35
58.1558 35
58.156 35
58.1561 35
58.1569 35
58.1598 35
58.16 35
58.1601 35
58.161 35
58.1611 35
58.164 35
58.1642 40
58.1656 35
58.1684 35
58.1685 35
58.1686 35
58.1687 35
58.1722 35
58.1723 35
58.1757 35
58.176 35
58.1777 35
58.1804 35
58.1806 35
58.1807 35
58.1808 35
58.1818 35
58.1849 35
58.1851 35
58.1852 35
58.1866 35
58.1896 35
58.1897 35
58.1898 35
58.1899 35
58.1916 35
58.1963 35
58.1964 35
58.1965 35
58.1966 40
58.2006 35
58.2007 35
58.2008 35
58.2009 35
58.202 35
58.2052 35
58.2054 35
58.2055 35
58.2065 35
58.2066 35
58.2067 41
58.2098 35
58.21 35
58.2101 35
58.2117 35
58.2151 35
58.2152 35
58.2164 35
58.2165 35
58.2194 35
58.2196 35
58.2198 35
58.2211 40
58.2244 35
58.2245 35
58.2246 35
58.2256 35
58.2257 35
58.2283 35
58.2284 35
58.2285 35
58.2312 35
58.2339 35
58.234 35
58.2341 35
58.2359 35
58.2389 35
58.239 40
58.2391 35
58.2402 35
58.2435 35
58.2437 35
58.2438 35
58.2439 35
58.245 35
58.2477 35
58.2502 35
58.2504 35
58.2506 35
58.254 35
58.2541 35
58.2542 35
58.2543 35
58.2555 35
58.2585 35
58.2586 35
58.26 35
58.2601 35
58.2629 35
58.263 35
58.2632 35
58.2633 35
58.2642 35
58.2676 35
58.2677 35
58.2679 35
58.2695 40
58.2724 35
58.2725 35
58.2726 35
58.2763 35
58.2791 35
58.2793 35
58.2793 35
58.2809 35
58.2836 35
58.2838 35
58.284 35
58.2841 35
58.2885 35
58.2886 35
58.2887 35
58.2898 35
58.2899 35
58.2927 35
58.2928 40
58.2929 35
58.294 35
58.2973 35
58.2974 35
58.2975 35
58.3018 36
58.3029 35
58.3031 35
58.3032 35
58.3033 35
58.3065 35
58.3066 40
58.3067 35
58.3081 35
58.3112 35
58.3114 35
58.3115 35
58.3129 35
58.313 35
58.3157 35
58.3159 35
58.3161 35
58.3169 40
58.3171 35
58.3204 35
58.3205 35
58.3207 35
58.325 35
58.3251 35
58.3252 35
58.3253 35
58.3272 35
58.3301 35
58.3302 35
58.3303 35
58.3304 35
58.3318 35
58.3347 35
58.3349 35
58.335 35
58.3359 35
58.336 35
58.3392 40
58.3393 35
58.3406 35
58.3407 35
58.3433 35
58.3434 35
58.3435 35
58.3453 35
58.3482 35
58.3484 35
58.3485 35
58.3496 35
58.3525 35
58.3549 35
58.3552 35
58.3553 35
58.3585 35
58.3586 35
58.3587 35
58.3607 35
58.3631 36
58.3637 35
58.3639 35
58.364 35
58.3653 35
58.3687 35
58.3688 35
58.3689 35
58.369 35
58.3706 35
58.3732 35
58.3734 35
58.3735 40
58.3772 35
58.3803 40
58.3805 35
58.3806 35
58.3816 35
58.3818 35
58.3849 35
58.3851 35
58.3852 35
58.3862 35
58.3893 35
58.3896 35
58.3909 35
58.391 35
58.3937 35
58.3939 35
58.394 35
58.395 35
58.3989 35
58.399 35
58.3991 35
58.4003 35
58.4036 35
58.4037 35
58.4054 36
58.4055 35
58.4082 35
58.4083 35
58.4084 40
58.4099 35
58.41 35
58.4131 35
58.4132 35
58.4133 35
58.4146 36
58.4148 35
58.4176 35
58.4177 35
58.4178 35
58.4192 35
58.4223 35
58.4224 35
58.4225 35
58.4239 35
58.4241 35
58.4275 35
58.4277 35
58.4278 35
58.4291 35
58.4337 41
58.4339 35
58.434 35
58.4341 35
58.4351 35
58.4378 35
58.438 35
58.4381 35
58.4392 35
58.4419 35
58.442 35
58.4421 35
58.4434 35
58.4468 35
58.4469 35
58.447 35
58.4481 35
58.4482 35
58.4513 35
58.4515 35
58.4516 40
58.453 35
58.4566 35
58.4567 35
58.4584 35
58.4585 35
58.4618 35
58.4619 35
58.462 35
58.4634 35
58.4665 35
58.4666 35
58.4667 35
58.4681 35
58.4682 35
58.4709 35
58.471 35
58.4711 35
58.4723 35
58.4749 35
58.475 40
58.4752 35
58.4796 36
58.4798 35
58.4831 35
58.4832 35
58.4833 35
58.4846 35
58.4873 35
58.4874 35
58.4875 35
58.4891 35
58.4921 35
58.4922 35
58.4923 35
58.4935 35
58.4936 35
58.4969 35
58.497 35
58.4971 35
58.4984 40
58.5017 35
58.5018 35
58.5019 35
58.5042 35
58.5068 35
58.5069 35
58.507 35
58.5083 35
58.5084 35
58.5127 35
58.5129 35
58.513 35
58.5142 35
58.5168 35
58.5193 35
58.5194 35
58.5195 35
58.522 35
58.5221 35
58.5222 40
58.5243 35
58.5244 35
58.527 35
58.5271 35
58.5272 35
58.5288 35
58.5315 35
58.5317 35
58.5318 35
58.5329 35
58.5357 35
58.5358 35
58.5359 35
58.5371 35
58.5399 35
58.54 35
58.5401 35
58.5412 35
58.5413 35
58.544 40
58.5441 35
58.5442 35
58.5455 35
58.549 35
58.5491 35
58.5492 35
58.5505 35
58.5531 35
58.5532 35
58.5533 35
58.5535 40
58.5554 35
58.5582 35
58.5584 35
58.5585 35
58.5598 35
58.5626 35
58.5635 35
58.5636 35
58.5674 35
58.5675 35
58.5676 35
58.5677 41
58.5688 35
58.5744 35
58.5746 35
58.5747 35
58.577 35
58.582 36
58.5842 35
58.5844 35
58.5845 35
58.587 35
58.5871 35
58.589 35
58.5892 35
58.5913 35
58.5914 35
58.5935 35
58.5936 35
58.5954 35
58.5955 35
58.5983 40
58.5984 35
58.6002 35
58.6003 35
58.6024 35
58.6025 35
58.6026 35
58.6056 35
58.6057 35
58.6088 35
58.6089 35
58.609 35
58.6106 35
58.6137 35
58.6139 35
58.6163 35
58.6164 35
58.6165 35
58.6194 35
58.6195 35
58.6215 40
58.6216 35
58.6242 35
58.6244 35
58.6263 35
58.6265 35
58.6305 35
58.6306 35
58.6307 35
58.6332 35
58.6333 35
58.6363 35
58.6364 35
58.6365 35
58.6381 35
58.6399 35
58.6401 35
58.6433 35
58.6434 35
58.6435 35
58.6459 40
58.6461 35
58.6478 35
58.6479 35
58.6506 35
58.6507 35
58.6526 35
58.6527 35
58.6551 35
58.6552 35
58.6553 35
58.6574 35
58.6575 35
58.6607 35
58.6609 35
58.661 35
58.6639 35
58.664 35
58.6668 35
58.6674 35
58.6676 40
58.6698 35
58.6699 35
58.6729 35
58.673 35
58.6755 35
58.6756 35
58.6777 35
58.6811 35
58.6812 35
58.6813 35
58.6856 36
58.6859 35
58.6882 35
58.6883 35
58.6884 35
58.69 35
58.6901 35
58.6924 35
58.6925 35
58.6947 40
58.6948 35
58.6992 36
58.701 35
58.7011 35
58.7012 35
58.7028 35
58.7063 35
58.7064 35
58.7065 35
58.7077 35
58.7111 35
58.7112 35
58.7113 35
58.7123 35
58.7152 35
58.7153 35
58.7154 35
58.7165 35
58.7166 35
58.7195 40
58.7219 35
58.722 35
58.7221 35
58.7247 35
58.7248 35
58.7249 35
58.7261 35
58.7288 35
58.729 35
58.7291 35
58.7314 35
58.7315 35
58.7343 35
58.7344 35
58.7345 35
58.7356 35
58.739 35
58.7391 35
58.7392 35
58.7405 40
58.7441 35
58.7442 35
58.7443 35
58.7454 35
58.7482 35
58.7483 35
58.7484 35
58.7485 35
58.7496 35
58.7528 35
58.7529 35
58.7531 35
58.7546 35
58.7573 35
58.7574 35
58.7575 35
58.7594 35
58.7622 35
58.7623 35
58.7624 40
58.7636 35
58.7637 35
58.7665 35
58.7666 35
58.7667 35
58.7687 35
58.7715 35
58.7716 35
58.7734 35
58.7735 35
58.7767 35
58.7768 35
58.7769 35
58.7781 35
58.7782 35
58.7819 35
58.782 35
58.7821 35
58.7834 35
58.7883 41
58.7884 35
58.7885 35
58.7887 35
58.7897 35
58.7926 35
58.7927 35
58.7928 35
58.794 35
58.7969 35
58.797 35
58.7971 35
58.7981 35
58.801 35
58.8011 35
58.8012 35
58.8026 35
58.8057 35
58.8058 35
58.8059 35
58.806 40
58.8084 35
58.8113 35
58.8114 35
58.8115 35
58.813 35
58.8158 35
58.8159 35
58.8192 35
58.8194 35
58.8195 35
58.8223 35
58.8225 35
58.8252 35
58.826 35
58.8261 35
58.8288 35
58.8289 35
58.8318 35
58.8319 35
58.832 40
58.8353 35
58.8355 35
58.837 35
58.8372 35
58.8395 35
58.8396 35
58.8398 35
58.8442 36
58.8443 35
58.8444 35
58.8493 35
58.8495 35
58.8538 36
58.8572 35
58.8573 35
58.8574 35
58.8598 35
58.86 35
58.8618 35
58.8619 40
58.8639 35
58.8641 35
58.8659 35
58.866 35
58.8687 35
58.8689 35
58.869 35
58.8712 35
58.8741 35
58.8742 35
58.8743 35
58.8762 35
58.8798 35
58.8799 35
58.88 35
58.8832 35
58.8833 35
58.8834 35
58.8853 35
58.89 41
58.8908 35
58.891 35
58.8911 35
58.8911 41
58.8924 35
58.8952 35
58.8953 35
58.8954 35
58.897 35
58.8999 35
58.9 35
58.9001 35
58.9012 35
58.904 35
58.9041 35
58.9042 35
58.9051 35
58.9053 35
58.9086 35
58.9088 35
58.9089 35
58.9103 35
58.9136 35
58.9137 40
58.9138 35
58.9148 35
58.9177 35
58.9178 35
58.9179 35
58.9189 35
58.919 35
58.9227 35
58.9228 35
58.9229 35
58.9239 35
58.9265 35
58.9267 35
58.9268 35
58.9281 35
58.9312 35
58.9313 35
58.9314 35
58.9315 35
58.9327 40
58.9355 35
58.9356 35
58.9358 35
58.9368 35
58.9409 35
58.941 35
58.9411 35
58.9423 35
58.9424 35
58.9457 35
58.9458 35
58.9459 35
58.9471 35
58.9499 35
58.95 35
58.9501 35
58.9514 35
58.9542 35
58.9543 35
58.9544 40
58.9555 35
58.9556 35
58.9588 35
58.9589 35
58.959 35
58.9601 35
58.9637 35
58.9639 35
58.964 35
58.9652 35
58.968 35
58.9681 35
58.9682 35
58.9699 35
58.97 35
58.9731 35
58.9733 35
58.9734 35
58.9744 35
58.9771 40
58.9772 35
58.9773 35
58.9785 35
58.9819 35
58.982 35
58.9848 35
58.9849 35
58.9875 35
58.9877 35
58.9878 35
58.9915 35
58.9916 35
58.9944 35
58.9945 35
58.9946 35
58.9957 35
58.9985 35
58.9986 35
58.9987 35
59.0006 40
59.0034 35
59.0035 35
59.0036 35
59.005 35
59.0051 35
59.0081 35
59.0082 35
59.0084 35
59.0098 35
59.0135 35
59.0137 35
59.0138 35
59.0142 35
59.017 35
59.0171 35
59.0172 35
59.0183 35
59.0184 35
59.0218 35
59.0219 40
59.0221 35
59.0239 35
59.0266 35
59.0268 35
59.0269 35
59.028 35
59.0308 35
59.0309 35
59.031 35
59.0333 35
59.0376 36
59.0379 35
59.0381 35
59.0382 35
59.0413 35
59.0414 35
59.0415 35
59.0427 35
59.0454 35
59.0455 40
59.0456 35
59.0467 35
59.0468 35
59.0503 35
59.0504 35
59.0506 35
59.0516 35
59.0548 35
59.0549 35
59.055 35
59.0561 35
59.0588 35
59.0589 35
59.059 35
59.0613 35
59.0614 35
59.064 35
59.0641 35
59.0642 35
59.0654 40
59.0691 35
59.0693 35
59.0694 35
59.0706 35
59.0732 35
59.0734 35
59.0735 35
59.0746 35
59.0747 35
59.0774 35
59.0775 35
59.0787 35
59.0788 35
59.0814 35
59.0815 35
59.0816 35
59.0829 35
59.0856 35
59.0857 35
59.0858 40
59.0886 35
59.0913 35
59.0914 35
59.0915 35
59.095 35
59.0951 35
59.0984 35
59.0986 35
59.0987 35
59.0998 35
59.1029 35
59.1031 35
59.1032 35
59.105 35
59.1078 35
59.108 35
59.1081 35
59.1093 35
59.1095 35
59.1123 40
59.1125 35
59.1126 35
59.1138 35
59.1164 35
59.1166 35
59.1167 35
59.1181 35
59.1209 35
59.121 35
59.1211 35
59.1223 35
59.1225 35
59.126 35
59.1261 35
59.1262 35
59.1275 35
59.1304 35
59.1305 35
59.1306 35
59.1319 40
59.1351 35
59.1352 35
59.1353 35
59.1369 35
59.137 35
59.1415 36
59.1427 35
59.1428 35
59.1429 35
59.1431 35
59.1461 35
59.1462 35
59.1463 35
59.1473 35
59.1501 35
59.1502 35
59.1503 35
59.1518 35
59.1554 35
59.1555 40
59.1556 35
59.1558 35
59.1566 35
59.1597 35
59.1598 36
59.1599 36
59.1611 36
59.1641 36
59.1643 36
59.1644 36
59.1661 36
59.1662 36
59.1693 35
59.1694 35
59.1695 35
59.1712 35
59.1742 35
59.1744 35
59.1745 35
59.1763 40
59.1765 41
59.1795 35
59.1796 35
59.1797 35
59.1809 36
59.184 36
59.1841 35
59.1842 35
59.1854 35
59.1881 35
59.1882 35
59.1883 35
59.1899 35
59.19 35
59.1948 35
59.1949 35
59.1983 35
59.1985 35
59.2014 35
59.2016 35
59.2017 40
59.2027 35
59.206 35
59.2061 35
59.2062 36
59.2074 36
59.2109 36
59.211 36
59.2111 35
59.2123 35
59.2124 35
59.2154 35
59.2155 35
59.2156 35
59.2168 35
59.2198 35
59.2199 35
59.22 35
59.2213 35
59.2241 35
59.2242 40
59.2244 35
59.2254 35
59.2255 35
59.2282 35
59.2283 35
59.2284 36
59.2296 36
59.2325 36
59.2326 36
59.2329 36
59.2356 36
59.2384 36
59.2385 35
59.2386 35
59.24 35
59.2401 35
59.2429 35
59.243 35
59.2431 35
59.2451 40
59.248 35
59.2481 35
59.2482 35
59.2493 35
59.2522 36
59.2523 36
59.2524 36
59.2534 36
59.2568 36
59.2569 36
59.257 36
59.2571 36
59.2587 35
59.2618 35
59.2619 35
59.262 35
59.263 35
59.2658 35
59.2659 35
59.266 40
59.2676 35
59.2704 35
59.2706 35
59.2707 35
59.2716 35
59.2718 35
59.2754 35
59.2755 35
59.2756 35
59.2766 35
59.2795 35
59.2796 35
59.2797 35
59.2807 35
59.2842 35
59.2843 35
59.2844 35
59.2854 35
59.2855 35
59.289 40
59.2892 35
59.2893 35
59.2903 35
59.2931 35
59.2932 35
59.2933 35
59.2955 35
59.3008 35
59.3009 35
59.301 35
59.3022 35
59.3023 35
59.3054 35
59.3055 35
59.3056 35
59.3067 35
59.3068 40
59.3096 35
59.3097 35
59.3098 35
59.3119 35
59.3148 35
59.3149 35
59.315 35
59.3162 35
59.319 35
59.3191 35
59.3192 35
59.3203 35
59.3239 35
59.324 35
59.3241 35
59.3251 35
59.3252 35
59.3286 35
59.3287 35
59.3288 40
59.3304 35
59.3335 35
59.3336 35
59.3337 35
59.3348 35
59.3382 35
59.3383 35
59.3384 35
59.3395 35
59.3397 35
59.3431 35
59.3432 35
59.3433 35
59.3444 35
59.3472 35
59.3473 35
59.3474 35
59.3528 35
59.3529 35
59.353 40
59.3532 35
59.3534 35
59.3562 35
59.3564 35
59.3565 35
59.3576 35
59.3604 35
59.3605 35
59.3606 35
59.362 35
59.3652 35
59.3653 35
59.3654 35
59.3667 35
59.3669 35
59.3698 35
59.3699 35
59.37 35
59.3719 35
59.3747 40
59.3748 35
59.3749 35
59.376 35
59.3789 35
59.379 35
59.3791 35
59.3802 35
59.3803 35
59.384 35
59.3841 35
59.3842 35
59.3854 35
59.3886 35
59.3887 35
59.3889 35
59.3898 35
59.3926 35
59.3927 35
59.3928 35
59.394 40
59.3941 35
59.397 35
59.3971 35
59.3972 35
59.4052 36
59.4053 36
59.4054 36
59.4057 36
59.4091 35
59.4092 35
59.4093 35
59.4103 35
59.4132 35
59.4133 35
59.4134 35
59.4151 35
59.4152 35
59.418 35
59.4181 35
59.4183 40
59.4194 35
59.4223 35
59.4224 35
59.4225 35
59.4241 35
59.4272 35
59.4273 35
59.4274 35
59.4288 35
59.4316 35
59.4317 35
59.4318 35
59.4319 35
59.4331 35
59.4374 36
59.4377 35
59.4378 35
59.4379 35
59.4389 35
59.4418 40
59.442 35
59.4421 35
59.443 35
59.4462 35
59.4463 35
59.4465 35
59.4466 35
59.4482 35
59.4513 35
59.4514 35
59.4515 35
59.4525 35
59.4564 35
59.4565 35
59.4566 35
59.4578 35
59.4579 35
59.4607 35
59.4608 35
59.4609 40
59.4619 35
59.4655 35
59.4656 35
59.4658 35
59.4659 41
59.4667 35
59.4696 35
59.4697 35
59.4699 35
59.4716 35
59.4747 35
59.4749 35
59.475 35
59.476 35
59.4788 35
59.4789 35
59.479 35
59.4805 35
59.4806 35
59.4835 35
59.4836 35
59.4837 35
59.4848 35
59.4876 35
59.4877 40
59.4878 35
59.4889 35
59.4923 35
59.4924 35
59.4925 35
59.4946 35
59.4974 35
59.4975 35
59.4976 35
59.4992 35
59.4994 35
59.5038 36
59.5055 35
59.5057 35
59.5058 35
59.5077 35
59.5106 35
59.5107 35
59.5108 35
59.5122 40
59.5155 35
59.5156 35
59.5157 35
59.5177 35
59.5205 35
59.5206 35
59.5208 35
59.5224 35
59.5226 35
59.5256 35
59.5257 35
59.5258 35
59.527 35
59.5297 35
59.5298 35
59.5299 35
59.532 35
59.5349 35
59.535 35
59.5351 40
59.5352 35
59.5362 35
59.5389 35
59.5391 35
59.5392 35
59.541 35
59.5438 35
59.5439 35
59.544 35
59.5456 35
59.549 35
59.5491 35
59.5492 35
59.5504 35
59.5505 35
59.5539 35
59.554 35
59.5541 35
59.5552 35
59.5583 40
59.5584 35
59.5585 35
59.5637 35
59.5638 35
59.5673 35
59.5674 35
59.5675 35
59.5686 35
59.5719 35
59.572 35
59.5721 35
59.5722 35
59.5734 35
59.5761 35
59.5763 35
59.5764 35
59.5779 35
59.5806 35
59.5806 35
59.5807 40
59.5824 35
59.5825 35
59.5852 35
59.5853 35
59.5854 36
59.5866 36
59.5898 36
59.5899 36
59.59 35
59.591 35
59.5944 35
59.5945 35
59.5946 35
59.5958 35
59.5959 35
59.5986 35
59.5988 35
59.5989 35
59.6002 35
59.6035 40
59.6036 35
59.6037 35
59.607 35
59.6105 35
59.6106 35
59.6107 35
59.6129 35
59.6156 35
59.6157 35
59.6158 36
59.616 36
59.6174 36
59.6206 35
59.6207 35
59.6208 35
59.6228 35
59.6256 35
59.6257 35
59.6258 35
59.627 40
59.6302 35
59.6303 35
59.6304 35
59.6315 35
59.6316 35
59.6342 35
59.6343 36
59.6344 36
59.637 36
59.64 36
59.6401 36
59.6402 36
59.6413 36
59.644 35
59.6441 35
59.6442 35
59.6454 35
59.6455 35
59.6489 35
59.649 40
59.6491 35
59.6504 35
59.6535 35
59.6536 35
59.6537 35
59.6552 35
59.6579 35
59.658 35
59.6581 35
59.66 36
59.6601 36
59.6629 36
59.663 35
59.6631 35
59.6674 36
59.6679 35
59.668 35
59.6681 35
59.6683 35
59.6717 40
59.6719 35
59.672 35
59.6733 35
59.6768 35
59.677 35
59.6771 35
59.6772 36
59.6782 36
59.6811 36
59.6812 36
59.6813 36
59.6832 36
59.6859 36
59.686 36
59.6861 36
59.6872 35
59.69 35
59.6901 35
59.6902 35
59.6916 40
59.6918 35
59.6949 35
59.695 35
59.6951 35
59.6962 36
59.699 36
59.6992 36
59.6993 36
59.7003 35
59.7036 35
59.7037 35
59.7038 35
59.7049 35
59.7093 36
59.7103 35
59.7104 35
59.7105 35
59.712 35
59.7147 35
59.7148 40
59.7149 35
59.7161 35
59.7202 35
59.7203 35
59.7204 35
59.7235 36
59.7237 36
59.7238 36
59.7257 36
59.7259 35
59.7286 35
59.7288 35
59.7289 35
59.7304 35
59.7338 35
59.7339 35
59.734 35
59.7355 35
59.739 35
59.7391 40
59.7392 35
59.7403 35
59.7404 35
59.7437 35
59.7438 35
59.7439 35
59.7454 35
59.7488 36
59.749 36
59.749 36
59.7501 36
59.7529 36
59.7531 36
59.7532 35
59.7542 35
59.7579 35
59.7581 35
59.7581 35
59.7592 35
59.7593 40
59.7624 35
59.7625 35
59.7626 35
59.7626 41
59.7644 35
59.7673 35
59.7674 35
59.7675 35
59.7686 35
59.772 35
59.7721 35
59.7722 35
59.7754 35
59.7754 35
59.7755 35
59.7794 35
59.7795 35
59.7796 35
59.7806 35
59.7807 35
59.7843 35
59.7844 35
59.7845 35
59.7856 40
59.7889 35
59.789 35
59.7892 36
59.7912 36
59.7941 36
59.7942 36
59.7943 36
59.7956 35
59.7988 35
59.7989 35
59.7991 35
59.7992 35
59.8007 35
59.804 35
59.8041 35
59.8042 35
59.8057 35
59.8089 35
59.8091 35
59.8092 40
59.8128 35
59.8156 35
59.8157 35
59.8158 35
59.8171 35
59.82 35
59.8201 35
59.8202 35
59.8246 36
59.8266 35
59.8267 35
59.8268 35
59.8271 35
59.83 35
59.8302 35
59.8303 35
59.8316 35
59.8345 35
59.8346 35
59.8347 40
59.8357 35
59.8358 35
59.8398 35
59.8399 35
59.84 35
59.8419 35
59.8447 35
59.8448 35
59.8449 35
59.8463 35
59.8494 35
59.8496 35
59.8497 35
59.8498 35
59.8508 35
59.8536 35
59.8538 35
59.8539 35
59.8549 35
59.8578 40
59.858 35
59.8581 35
59.8582 35
59.86 35
59.8631 35
59.8632 35
59.8633 35
59.8645 35
59.8676 35
59.8677 35
59.8678 35
59.8688 35
59.872 35
59.8722 35
59.8723 35
59.8724 35
59.8774 35
59.8776 35
59.8777 35
59.878 40
59.8819 35
59.882 35
59.8821 35
59.8831 35
59.886 35
59.8861 35
59.8862 35
59.888 35
59.8881 35
59.8911 35
59.8913 35
59.8914 35
59.8924 35
59.8952 35
59.8954 35
59.8955 35
59.8972 35
59.9001 35
59.9002 35
59.9003 40
59.9022 35
59.905 35
59.9051 35
59.9052 35
59.9063 35
59.9064 35
59.9095 35
59.9096 35
59.9097 35
59.9132 35
59.9159 35
59.916 35
59.9161 35
59.918 35
59.9209 35
59.921 35
59.9211 35
59.9221 35
59.9223 35
59.925 40
59.9251 35
59.9252 35
59.9298 36
59.9311 35
59.9312 35
59.9313 35
59.9316 35
59.9344 35
59.9345 35
59.9346 35
59.9361 35
59.9388 35
59.9389 35
59.939 35
59.9406 35
59.9436 35
59.9438 35
59.9439 35
59.9482 36
59.9513 40
59.9514 35
59.9515 35
59.9517 35
59.9546 35
59.9548 35
59.9549 35
59.9582 35
59.9583 35
59.9584 35
59.9595 35
59.9623 35
59.9624 35
59.9626 35
59.9627 35
59.9643 35
59.9671 35
59.9672 35
59.9673 35
59.9684 35
59.9719 40
59.972 35
59.9721 35
59.9735 35
59.9736 35
59.9767 35
59.9768 35
59.9769 35
59.9817 36
59.9838 35
59.9839 35
59.984 35
59.9873 35
59.9875 35
59.9876 35
59.9885 35
59.9886 35
59.9928 35
59.9929 35
59.993 35
59.9941 40
59.9976 35
59.9978 35
59.9979 35
60.0022 36
60.0037 35
60.0067 35
60.0068 35
60.0069 35
60.011 35
60.0112 35
60.0112 35
60.0124 35
60.0177 36
60.0178 35
60.0179 35
60.018 35
60.0191 35
60.022 35
60.0221 35
60.0222 40
60.0232 35
60.027 35
60.0271 35
60.0272 35
60.0283 35
60.0317 35
60.0318 35
60.0341 35
60.0342 35
60.0343 35
60.037 35
60.0371 35
60.0372 35
60.0383 35
60.0423 35
60.0424 35
60.0425 35
60.0447 35
60.0475 35
60.0476 40
60.0477 35
60.0489 35
60.049 35
60.0525 35
60.0526 35
60.0527 35
60.0527 40
60.0538 35
60.0572 35
60.0573 35
60.0574 35
60.0617 36
60.0633 35
60.0661 35
60.0662 35
60.0663 35
60.0692 35
60.0693 35
60.0694 35
60.0705 35
60.0748 35
60.0749 35
60.075 35
60.0751 41
60.076 35
60.0794 35
60.0795 35
60.0796 35
60.0805 35
60.0837 35
60.0838 35
60.0839 35
60.0855 35
60.0856 35
60.0891 35
60.0893 35
60.0894 35
60.0905 35
60.0936 35
60.0937 35
60.0938 35
60.0949 35
60.098 35
60.0981 40
60.0983 35
60.1004 35
60.1032 35
60.1033 35
60.1034 35
60.1044 35
60.1045 35
60.1078 35
60.1079 35
60.108 35
60.1098 35
60.1127 35
60.1128 35
60.1129 35
60.115 35
60.1194 36
60.1258 35
60.1259 35
60.126 35
60.1272 40
60.1298 35
60.1299 35
60.13 35
60.1313 35
60.134 35
60.1341 35
60.1342 35
60.1355 35
60.139 35
60.1391 35
60.1392 35
60.1405 35
60.1406 35
60.1432 35
60.1433 35
60.1434 35
60.1447 35
60.1474 35
60.1475 35
60.1476 40
60.1488 35
60.1516 35
60.1517 35
60.1518 35
60.153 35
60.1531 35
60.1559 35
60.156 35
60.1561 35
60.1574 35
60.1601 35
60.1602 35
60.1603 35
60.1628 35
60.1792 35
60.1815 35
60.1816 35
60.1839 35
60.184 35
60.1858 40
60.1859 35
60.1895 35
60.1896 35
60.1897 35
60.1914 35
60.1947 35
60.1949 35
60.195 35
60.1961 35
60.1995 35
60.1996 35
60.1998 35
60.2031 35
60.2032 35
60.2033 35
60.2045 35
60.2076 35
60.2077 35
60.2078 35
60.208 40
60.2092 35
60.2124 35
60.2125 35
60.2126 35
60.214 35
60.217 35
60.2172 35
60.2173 35
60.2213 35
60.2214 35
60.2241 35
60.2242 35
60.2254 35
60.2255 35
60.231 35
60.2311 35
60.2312 35
60.2323 35
60.2351 35
60.2352 40
60.2353 35
60.2368 35
60.2401 35
60.2403 35
60.2404 35
60.2414 35
60.2459 35
60.246 35
60.2461 35
60.2462 35
60.2496 35
60.2498 35
60.2499 35
60.2512 35
60.2542 35
60.2543 35
60.2544 35
60.2545 35
60.2558 35
60.259 40
60.2592 35
60.2593 35
60.2605 35
60.2633 35
60.2634 35
60.2635 35
60.2647 35
60.2649 35
60.2677 35
60.2678 35
60.268 35
60.2695 35
60.2729 35
60.273 35
60.2731 35
60.2741 35
60.277 35
60.2771 35
60.2773 35
60.2774 40
60.2795 35
60.2824 35
60.2825 35
60.2826 35
60.2838 35
60.2873 35
60.2874 35
60.2875 35
60.2887 35
60.2888 35
60.2915 35
60.2916 35
60.2917 35
60.293 35
60.2966 35
60.2967 35
60.2968 35
60.298 35
60.3013 35
60.3015 40
60.3016 35
60.3017 35
60.3029 35
60.3061 35
60.3063 35
60.3064 35
60.3078 35
60.311 35
60.3111 35
60.3112 35
60.3126 35
60.3127 35
60.3155 35
60.3156 35
60.3157 35
60.317 35
60.3199 35
60.32 35
60.3201 35
60.3235 40
60.3237 35
60.3264 35
60.3265 35
60.3266 35
60.3285 35
60.3315 35
60.3316 35
60.3317 35
60.3327 35
60.3359 35
60.3361 35
60.3362 35
60.3406 36
60.3428 35
60.3456 35
60.3457 35
60.3459 35
60.3488 35
60.3489 35
60.349 40
60.3509 35
60.354 35
60.3541 35
60.3542 35
60.3564 35
60.3565 35
60.3592 35
60.3593 35
60.3594 35
60.3605 35
60.3634 35
60.3635 35
60.3636 35
60.3653 35
60.3684 35
60.3686 35
60.3687 35
60.3698 35
60.3699 35
60.3727 40
60.3728 35
60.3729 35
60.374 35
60.3768 35
60.377 35
60.3771 35
60.3787 35
60.3815 35
60.3816 35
60.3817 35
60.3834 35
60.3861 35
60.3863 35
60.3864 35
60.3887 35
60.3888 35
60.3915 35
60.3916 35
60.3917 35
60.3929 40
60.3957 35
60.3958 35
60.3959 35
60.396 41
60.403 35
60.4031 35
60.4032 35
60.4034 35
60.4065 35
60.4066 35
60.4067 35
60.408 35
60.4108 35
60.4109 35
60.411 35
60.4121 35
60.4157 35
60.4158 35
60.4159 35
60.416 35
60.4172 35
60.4202 35
60.4203 35
60.4204 40
60.4248 36
60.4251 35
60.4287 35
60.4289 35
60.429 35
60.4302 35
60.4339 35
60.434 35
60.4341 35
60.4353 35
60.4382 35
60.4384 35
60.4385 35
60.4386 35
60.4401 35
60.443 35
60.4431 35
60.4432 35
60.4442 35
60.447 40
60.4472 35
60.4473 35
60.4482 35
60.451 35
60.4511 35
60.4512 35
60.4543 35
60.4544 35
60.4572 35
60.4574 35
60.4575 35
60.4586 35
60.4613 35
60.4614 35
60.4615 35
60.4627 35
60.4656 35
60.4657 35
60.4658 35
60.4669 40
60.467 35
60.4702 35
60.4703 35
60.4704 35
60.4715 36
60.4742 36
60.4743 35
60.4745 35
60.4759 35
60.4792 35
60.4794 35
60.4795 35
60.4796 35
60.4808 35
60.4836 35
60.4837 35
60.4839 35
60.4852 35
60.488 35
60.4881 40
60.4883 35
60.4893 35
60.4894 35
60.4928 35
60.4929 36
60.493 36
60.4942 36
60.4969 36
60.497 36
60.4971 36
60.4982 36
60.5018 36
60.5019 36
60.502 36
60.5031 36
60.5032 35
60.5065 35
60.5066 35
60.5067 35
60.5085 40
60.5111 35
60.5112 35
60.5113 35
60.5137 35
60.5163 36
60.5164 36
60.5165 36
60.5183 36
60.522 36
60.5221 36
60.5223 36
60.5271 37
60.5501 36
60.5738 36
60.596 36
60.6171 36
60.6403 36
60.6656 36
60.6915 36
60.715 41
60.7377 35
60.7574 34
60.7575 34
60.7594 34
60.7595 34
60.7609 34
60.7631 35
60.7633 35
60.7656 35
60.7657 35
60.7672 35
60.7702 35
60.7703 35
60.7704 35
60.7718 35
60.775 35
60.7751 35
60.7752 35
60.7765 35
60.7797 40
60.7798 35
60.7799 35
60.7816 35
60.7818 35
60.7845 35
60.7847 35
60.7848 35
60.7862 35
60.7893 35
60.7894 35
60.7895 35
60.7913 35
60.7949 35
60.795 35
60.7951 35
60.7965 35
60.7966 35
60.7995 35
60.7996 35
60.7997 40
60.8007 35
60.8039 35
60.804 35
60.8041 35
60.8056 35
60.8084 35
60.8085 35
60.8086 35
60.8104 35
60.813 35
60.8132 35
60.8133 35
60.8143 35
60.8144 35
60.8175 35
60.8177 35
60.8178 35
60.8221 36
60.8228 35
60.8229 40
60.823 35
60.8233 35
60.8261 35
60.8262 35
60.8263 35
60.8277 35
60.8308 35
60.831 35
60.8311 35
60.8349 35
60.8382 35
60.8383 35
60.8384 35
60.8395 35
60.8423 35
60.8424 35
60.8425 35
60.8439 35
60.844 35
60.8469 40
60.847 35
60.8471 35
60.8481 35
60.8521 35
60.8522 35
60.8523 35
60.8538 35
60.8569 35
60.857 35
60.8571 35
60.8572 35
60.8586 35
60.8617 35
60.8618 35
60.8619 35
60.8631 35
60.8662 35
60.8664 35
60.8665 35
60.8675 40
60.8676 35
60.8703 35
60.8705 35
60.8706 35
60.8724 35
60.8757 35
60.8797 35
60.8799 35
60.88 35
60.8824 35
60.8825 35
60.885 35
60.8851 35
60.8881 35
60.8882 35
60.8912 35
60.8944 35
60.8945 35
60.8946 35
60.8958 40
60.8959 35
60.8989 35
60.8991 35
60.8992 35
60.9004 35
60.9036 35
60.9037 35
60.9038 35
60.9049 35
60.9077 35
60.9078 35
60.9079 35
60.9095 35
60.9123 35
60.9124 35
60.9125 35
60.9143 35
60.9144 35
60.9173 35
60.9174 40
60.9175 35
60.9207 35
60.9208 35
60.9209 35
60.9221 35
60.9251 35
60.9252 41
60.9281 35
60.9282 35
60.9283 35
60.932 35
60.9321 35
60.9322 35
60.9323 35
60.9334 35
60.9387 35
60.9388 35
60.9389 35
60.939 35
60.9403 35
60.9441 35
60.9443 35
60.9444 35
60.9454 35
60.9488 35
60.949 35
60.9491 40
60.9502 35
60.9503 35
60.9535 35
60.9536 35
60.9537 35
60.9556 35
60.9584 35
60.9585 35
60.9586 35
60.9596 35
60.9626 35
60.9627 35
60.9628 35
60.9629 35
60.9639 35
60.9668 35
60.9669 35
60.9672 35
60.9681 35
60.971 40
60.9711 35
60.9712 35
60.9727 35
60.9728 35
60.9759 35
60.976 35
60.9805 36
60.9808 35
60.9847 35
60.9849 35
60.985 35
60.9861 35
60.9863 35
60.9892 35
60.9893 35
60.9894 35
60.9904 35
60.9943 35
60.9944 35
60.9945 40
60.9957 35
60.9993 35
60.9994 35
60.9995 35
61.0007 35
61.0008 35
61.0037 35
61.0039 35
61.004 35
61.005 35
61.0079 35
61.008 35
61.0081 35
61.0099 35
61.0129 35
61.013 35
61.0131 35
61.0143 35
61.0174 35
61.0175 40
61.0176 35
61.0189 35
61.0215 35
61.0217 35
61.0218 35
61.0236 35
61.0237 35
61.0267 35
61.0268 35
61.0282 35
61.0325 35
61.0327 35
61.0328 35
61.0329 35
61.0363 35
61.0365 35
61.0366 35
61.0399 35
61.043 35
61.0431 40
61.0432 35
61.0447 35
61.0475 35
61.0476 35
61.0477 35
61.0506 35
61.0507 35
61.0536 35
61.0538 35
61.0539 35
61.0547 35
61.0581 35
61.0583 35
61.0584 35
61.0585 40
61.0597 35
61.0631 35
61.0632 35
61.0633 35
61.0644 35
61.0672 35
61.0673 35
61.0674 35
61.069 35
61.0691 35
61.072 35
61.0721 35
61.0722 35
61.0736 35
61.0764 35
61.0765 35
61.0766 35
61.0779 35
61.0806 35
61.0808 40
61.0809 35
61.0853 36
61.0858 35
61.0893 35
61.0894 35
61.0895 35
61.0905 35
61.0906 35
61.0934 35
61.0935 35
61.0936 35
61.0947 35
61.0975 35
61.0976 35
61.0977 35
61.0989 35
61.1018 35
61.1019 35
61.102 35
61.103 40
61.1031 35
61.106 35
61.1061 35
61.1073 35
61.1074 35
61.1102 35
61.1103 35
61.1104 35
61.1117 35
61.1152 35
61.1154 35
61.1155 35
61.1169 35
61.12 35
61.1201 35
61.1202 35
61.1217 35
61.1245 35
61.1246 35
61.1247 40
61.1258 35
61.1259 35
61.129 35
61.1291 35
61.1293 35
61.131 35
61.1339 35
61.134 35
61.1358 35
61.1359 35
61.1386 35
61.1387 35
61.1388 35
61.1428 35
61.143 35
61.1457 35
61.1458 35
61.1469 35
61.147 35
61.1497 40
61.1498 35
61.1499 35
61.1514 35
61.1542 35
61.1543 35
61.1544 35
61.1556 35
61.1583 35
61.1585 35
61.1586 35
61.1597 35
61.1599 35
61.1627 35
61.1628 35
61.1629 35
61.1639 35
61.1674 35
61.1675 35
61.1676 35
61.1691 40
61.1692 35
61.1723 35
61.1724 35
61.1725 35
61.1736 35
61.1767 35
61.1769 35
61.177 35
61.1781 35
61.1814 35
61.1815 35
61.1816 35
61.1817 35
61.183 35
61.1857 35
61.1858 35
61.1859 35
61.1884 35
61.1912 35
61.1913 40
61.1914 35
61.1925 35
61.1927 35
61.1964 35
61.1965 35
61.1966 35
61.1978 35
61.2013 35
61.2015 35
61.2016 35
61.2027 35
61.207 35
61.2071 35
61.2072 35
61.2073 35
61.2111 35
61.2112 35
61.2113 35
61.2114 35
61.2129 40
61.2157 35
61.2158 35
61.2159 35
61.2169 35
61.2197 35
61.2199 35
61.22 35
61.22 41
61.2218 35
61.2249 35
61.225 35
61.2251 35
61.2264 35
61.2292 35
61.2293 35
61.2294 35
61.2312 35
61.234 35
61.2341 35
61.2342 35
61.2353 35
61.2354 35
61.2388 35
61.239 35
61.2434 36
61.2436 35
61.2464 35
61.2465 40
61.2466 35
61.2486 35
61.2487 35
61.2514 35
61.2515 35
61.2516 35
61.2531 35
61.2569 35
61.2571 35
61.2572 35
61.2584 35
61.2616 35
61.2617 35
61.2618 35
61.2619 35
61.2633 35
61.2661 35
61.2662 35
61.2663 35
61.2673 40
61.2701 35
61.2702 35
61.2704 35
61.2714 35
61.2715 35
61.2748 35
61.2749 35
61.275 35
61.2759 35
61.2791 35
61.2792 35
61.2793 35
61.2812 35
61.284 35
61.2841 35
61.2842 35
61.2843 35
61.287 35
61.2871 35
61.2901 40
61.2902 35
61.2948 36
61.2969 35
61.297 35
61.2971 35
61.2981 35
61.3014 35
61.3015 35
61.3016 35
61.303 35
61.3066 35
61.3067 35
61.3089 35
61.309 35
61.3115 35
61.3117 35
61.3118 35
61.3142 35
61.3143 35
61.3174 40
61.3175 35
61.319 35
61.3191 35
61.3215 35
61.3216 35
61.3236 35
61.3237 35
61.327 35
61.3271 35
61.3272 35
61.3287 35
61.3309 35
61.331 35
61.3311 35
61.333 35
61.3331 35
61.3361 35
61.3362 35
61.3378 35
61.3379 40
61.3402 35
61.3403 35
61.3404 35
61.3423 35
61.3446 35
61.3489 36
61.3492 35
61.3493 35
61.3494 35
61.3527 35
61.3528 35
61.353 35
61.3544 35
61.3545 35
61.3576 35
61.3578 35
61.3579 35
61.3591 35
61.3623 35
61.3624 40
61.3625 35
61.3635 35
61.3664 35
61.3666 35
61.3667 35
61.3668 35
61.3677 35
61.3712 35
61.3713 35
61.3714 35
61.3727 35
61.3754 35
61.3755 35
61.3756 35
61.3771 35
61.3799 35
61.38 35
61.3801 35
61.3802 35
61.382 40
61.3848 35
61.385 35
61.3851 35
61.3862 35
61.3896 35
61.3897 35
61.3898 35
61.3909 35
61.391 35
61.3938 35
61.3939 35
61.394 35
61.3958 35
61.4004 35
61.4005 35
61.4006 35
61.4007 35
61.4041 35
61.4042 35
61.4043 40
61.4054 35
61.4089 35
61.409 35
61.4091 35
61.4102 35
61.413 35
61.4132 35
61.4133 35
61.4143 35
61.4144 35
61.418 35
61.4181 35
61.4182 35
61.4192 35
61.422 35
61.4222 35
61.4223 35
61.4237 35
61.4269 35
61.427 40
61.4271 35
61.4298 35
61.4299 35
61.4315 35
61.4316 35
61.4364 35
61.4365 35
61.4366 35
61.4377 35
61.4409 35
61.441 35
61.4411 35
61.4424 35
61.4458 35
61.446 35
61.4461 35
61.4462 35
61.4499 35
61.4531 35
61.4532 40
61.4533 35
61.4543 35
61.459 35
61.4591 35
61.4592 35
61.4593 35
61.4602 35
61.4631 35
61.4632 35
61.4633 35
61.4644 35
61.4676 35
61.4677 35
61.4678 35
61.4691 35
61.4692 35
61.4726 35
61.4728 35
61.4729 35
61.4739 40
61.4772 35
61.4774 35
61.4775 35
61.4796 35
61.4823 35
61.4824 35
61.4825 35
61.4826 35
61.4846 35
61.4876 35
61.4883 35
61.4884 35
61.4915 35
61.4916 35
61.4917 35
61.4943 35
61.4945 35
61.4966 35
61.4967 35
61.4999 40
61.5 35
61.5001 35
61.5045 36
61.5054 35
61.5055 35
61.5056 35
61.5058 35
61.5088 35
61.5089 35
61.509 35
61.5112 35
61.514 35
61.5141 35
61.5142 35
61.5161 35
61.5189 35
61.519 35
61.5191 35
61.521 35
61.5211 40
61.5241 35
61.5242 35
61.5243 35
61.5243 41
61.5253 35
61.5281 35
61.5282 35
61.5284 35
61.5295 35
61.5326 35
61.5327 35
61.5328 35
61.534 35
61.5368 35
61.5369 35
61.5371 35
61.5382 35
61.5383 35
61.5417 35
61.5418 35
61.5419 35
61.543 35
61.5459 35
61.546 40
61.5461 35
61.5505 36
61.5514 35
61.5544 35
61.5545 35
61.5567 35
61.5568 35
61.5593 35
61.5594 35
61.5596 35
61.5613 35
61.5614 35
61.564 35
61.5641 35
61.5661 35
61.5663 35
61.569 35
61.5691 35
61.5692 35
61.5704 40
61.5737 35
61.5738 35
61.5739 35
61.5749 35
61.575 35
61.5779 35
61.578 35
61.5781 35
61.58 35
61.5829 35
61.583 35
61.5831 35
61.5842 35
61.5873 1243
61.5873 1218
61.5874 35
61.5875 35
61.5876 35
61.5895 35
61.5897 35
61.5924 35
61.5925 40
61.5926 35
61.5938 35
61.5968 35
61.5969 35
61.597 35
61.5988 35
61.5989 35
61.6017 35
61.6018 35
61.6019 35
61.6029 35
61.6064 35
61.6066 35
61.6083 35
61.6084 35
61.6117 35
61.6118 35
61.6119 35
61.6136 35
61.6163 40
61.6165 35
61.6166 35
61.6166 35
61.6179 35
61.6207 35
61.6208 35
61.6209 35
61.622 35
61.6255 35
61.6257 35
61.6258 35
61.627 35
61.6296 35
61.6297 35
61.6298 35
61.631 35
61.6311 35
61.6312 33
61.6338 35
61.6339 35
61.634 40
61.6352 35
61.6379 35
61.638 35
61.6381 35
61.6394 35
61.6395 35
61.642 35
61.6421 35
61.6422 35
61.6434 35
61.6471 35
61.6473 35
61.6474 35
61.6486 35
61.6517 35
61.6518 35
61.6519 35
61.6554 35
61.6592 35
61.6594 40
61.6614 35
61.6616 35
61.6617 35
61.6646 35
61.6647 35
61.6648 35
61.666 35
61.6686 35
61.6687 35
61.6688 35
61.67 35
61.6736 35
61.6737 35
61.6738 35
61.675 35
61.6751 35
61.678 34
61.6781 35
61.6782 35
61.6783 35
61.6804 40
61.6831 38
61.6847 35
61.6848 35
61.6849 35
61.685 35
61.6853 35
61.6875 34
61.6881 35
61.6882 35
61.6884 35
61.6889 35
61.6917 35
61.6918 35
61.6919 35
61.693 35
61.6959 35
61.696 35
61.6961 35
61.6972 35
61.6973 35
61.7001 35
61.7002 40
61.7003 35
61.7024 35
61.7052 35
61.7054 35
61.7054 35
61.7069 35
61.707 35
61.7098 35
61.7099 35
61.71 35
61.7148 35
61.7149 35
61.715 35
61.7151 35
61.7189 35
61.719 35
61.7191 35
61.7202 35
61.7235 35
61.7236 40
61.7237 35
61.725 35
61.7278 35
61.728 35
61.7281 36
61.7291 36
61.7292 36
61.732 36
61.7321 36
61.7322 36
61.7338 36
61.7365 36
61.7366 36
61.7368 36
61.7379 35
61.7411 35
61.7412 35
61.7413 35
61.7415 30
61.7424 35
61.7425 40
61.7456 35
61.7458 35
61.7459 35
61.7472 35
61.7504 35
61.7505 35
61.7506 35
61.7533 35
61.7577 36
61.7583 35
61.7584 35
61.7605 35
61.7606 35
61.7632 35
61.7633 35
61.7656 35
61.7658 35
61.7687 35
61.7688 35
61.7689 40
61.77 35
61.773 35
61.7731 35
61.7733 35
61.7748 35
61.7749 35
61.7777 35
61.7778 35
61.7779 35
61.779 35
61.7824 35
61.7825 35
61.7826 35
61.7838 35
61.7866 35
61.7867 35
61.7868 35
61.7885 35
61.7887 35
61.7915 40
61.7916 35
61.7917 35
61.7918 40
61.7931 35
61.7958 35
61.7959 35
61.7961 35
61.7971 35
61.8 35
61.8001 35
61.8002 35
61.8014 35
61.8016 35
61.805 35
61.8052 35
61.8053 35
61.8067 35
61.8095 35
61.8096 35
61.8097 35
61.8108 35
61.8109 35
61.811 32
61.8138 35
61.8139 35
61.814 35
61.8151 35
61.819 35
61.8191 35
61.8192 35
61.8204 35
61.8232 35
61.8234 35
61.8235 35
61.8245 35
61.8246 35
61.8273 35
61.8275 35
61.8276 35
61.8291 35
61.8329 35
61.833 35
61.8331 40
61.8342 35
61.837 36
61.8371 36
61.8372 36
61.8383 36
61.841 36
61.8411 36
61.8412 36
61.8428 36
61.8459 36
61.846 35
61.8461 35
61.848 35
61.8481 35
61.8509 35
61.851 35
61.8511 35
61.8524 35
61.8565 35
61.8566 40
61.8567 35
61.86 35
61.8628 35
61.8629 35
61.863 35
61.864 35
61.8641 35
61.8669 35
61.8672 35
61.8673 35
61.8683 35
61.8725 35
61.8726 35
61.8727 35
61.8738 35
61.8765 35
61.8766 35
61.8767 35
61.8782 35
61.8784 40
61.8809 35
61.8811 35
61.8812 35
61.8824 35
61.885 36
61.8851 36
61.8852 36
61.8864 36
61.8865 36
61.8894 36
61.8895 35
61.8896 35
61.8907 35
61.8935 35
61.8936 35
61.8938 35
61.8949 35
61.8977 35
61.8978 35
61.8979 40
61.8991 35
61.8992 35
61.9019 35
61.9021 35
61.9022 35
61.9042 35
61.9072 35
61.9073 35
61.9074 35
61.9086 36
61.9088 36
61.9117 36
61.9118 36
61.9119 36
61.9138 36
61.9165 36
61.9166 36
61.9167 35
61.9184 35
61.9211 40
61.9213 35
61.9214 35
61.9241 35
61.9242 35
61.9269 35
61.927 35
61.9271 35
61.9282 36
61.9309 36
61.931 36
61.9312 36
61.9329 36
61.9353 36
61.9355 36
61.9356 35
61.9369 35
61.9395 35
61.9396 35
61.9397 35
61.941 40
61.9436 35
61.9437 35
61.9438 35
61.9456 35
61.9457 35
61.9489 35
61.949 35
61.9512 35
61.9513 35
61.9539 35
61.954 35
61.9541 35
61.9556 35
61.958 35
61.9581 35
61.9582 35
61.962 35
61.9649 35
61.965 35
61.9651 40
61.9672 35
61.9673 35
61.97 35
61.9701 35
61.9703 35
61.972 35
61.9749 35
61.9772 35
61.9773 35
61.9774 35
61.9806 35
61.9807 35
61.9809 35
61.9822 35
61.9823 35
61.985 35
61.9851 35
61.9852 35
61.9862 35
61.9897 40
61.9898 35
61.9899 35
61.991 35
61.9911 35
61.9939 35
61.994 35
61.9941 35
61.9952 35
61.9984 35
61.9985 35
61.9986 35
62.0005 35
62.0031 35
62.0032 35
62.0033 35
62.0046 35
62.0047 35
62.0073 35
62.0074 35
62.0075 40
62.0086 35
62.0114 35
62.0115 35
62.0116 35
62.0135 35
62.0137 35
62.0164 35
62.0165 35
62.0166 35
62.018 35
62.0212 35
62.0213 35
62.0214 35
62.023 35
62.0261 35
62.0262 35
62.0263 35
62.0286 35
62.0318 35
62.0319 40
62.0321 35
62.0331 35
62.0332 35
62.0359 35
62.036 35
62.0376 35
62.0377 35
62.0404 35
62.0406 35
62.0407 35
62.0428 35
62.0456 35
62.0457 35
62.0458 35
62.047 35
62.05 35
62.0502 35
62.0503 35
62.0519 35
62.052 40
62.055 35
62.0551 35
62.0552 35
62.0563 35
62.0591 35
62.0592 35
62.0593 35
62.0605 35
62.0649 36
62.0656 35
62.0657 35
62.0658 35
62.0684 35
62.0715 35
62.0716 35
62.0717 35
62.0731 35
62.0762 35
62.0763 35
62.0764 40
62.0779 35
62.078 35
62.0818 35
62.0819 35
62.082 35
62.0832 35
62.0859 35
62.086 35
62.0861 35
62.0873 35
62.0874 35
62.0905 35
62.0906 35
62.0907 35
62.0918 35
62.0947 35
62.0948 35
62.0949 35
62.0959 35
62.0961 41
62.0995 35
62.0996 35
62.0997 35
62.1007 35
62.104 35
62.1041 35
62.1042 35
62.1053 36
62.1088 36
62.109 36
62.1091 36
62.1102 36
62.1103 35
62.1134 35
62.1135 35
62.1136 35
62.1146 35
62.1175 35
62.1177 35
62.1178 40
62.1195 35
62.1196 35
62.1231 35
62.1232 35
62.1233 35
62.1245 35
62.1272 35
62.1273 35
62.1274 35
62.1289 35
62.1318 35
62.1319 35
62.1338 35
62.1339 35
62.134 35
62.1372 35
62.1373 35
62.1374 35
62.1396 35
62.1426 40
62.1427 35
62.1428 35
62.1438 35
62.1472 35
62.1473 35
62.1474 35
62.1485 35
62.152 35
62.1521 35
62.1523 35
62.1535 35
62.1536 35
62.1564 35
62.1565 35
62.1566 35
62.1578 35
62.1614 35
62.1615 35
62.1616 35
62.1626 40
62.1671 36
62.168 35
62.1681 35
62.1682 35
62.1695 36
62.1722 35
62.1723 35
62.1725 35
62.1748 35
62.1777 35
62.1778 35
62.1779 35
62.1793 35
62.182 35
62.1822 35
62.1823 35
62.1833 35
62.1877 36
62.1883 35
62.1884 40
62.1885 35
62.1918 35
62.1919 35
62.192 35
62.193 36
62.1958 36
62.1959 36
62.1961 36
62.1982 36
62.2011 36
62.2012 36
62.2013 36
62.2014 36
62.2024 36
62.2066 35
62.2068 35
62.2069 35
62.207 35
62.208 35
62.2119 40
62.212 35
62.2121 35
62.2131 35
62.2165 35
62.2166 35
62.2167 35
62.2179 35
62.218 36
62.2215 36
62.2216 36
62.2217 36
62.2229 36
62.2257 36
62.2258 36
62.2259 36
62.2279 36
62.2307 36
62.2308 36
62.2309 36
62.2311 40
62.233 35
62.2358 35
62.2359 35
62.236 35
62.2405 36
62.2406 36
62.2441 36
62.2442 36
62.2443 36
62.2454 36
62.2486 36
62.2488 36
62.2489 36
62.249 36
62.25 36
62.2529 36
62.253 36
62.2532 36
62.2541 36
62.2576 41
62.2578 36
62.2579 35
62.2589 35
62.263 35
62.2631 36
62.2632 36
62.2649 36
62.265 36
62.2702 37
62.2704 36
62.2705 36
62.2723 36
62.2724 36
62.2756 36
62.2757 36
62.2758 36
62.2768 36
62.2797 36
62.2798 36
62.2799 41
62.2819 36
62.2848 36
62.285 36
62.2851 36
62.2871 36
62.2899 35
62.2923 35
62.2924 36
62.2925 36
62.2926 36
62.2957 36
62.2959 36
62.296 36
62.2991 36
62.2992 36
62.2994 36
62.303 36
62.3031 36
62.3032 36
62.3064 41
62.3065 36
62.3066 36
62.3079 35
62.3108 35
62.3109 36
62.311 36
62.3121 36
62.3149 36
62.315 36
62.3151 36
62.3161 36
62.3162 36
62.3191 36
62.3192 36
62.3193 36
62.3205 36
62.3238 36
62.3239 36
62.324 36
62.3259 41
62.328 36
62.3324 36
62.3475 35
62.3476 35
62.3477 35
62.3491 35
62.3717 34
62.3718 34
62.3762 35
62.3771 35
62.3772 35
62.3773 35
62.3817 36
62.382 35
62.3863 36
62.3874 35
62.3876 35
62.3877 35
62.3916 35
62.3917 40
62.3918 35
62.3962 36
62.3968 35
62.3993 35
62.3994 35
62.3995 35
62.401 35
62.4011 35
62.4035 35
62.4036 35
62.4053 35
62.4055 35
62.4088 35
62.4089 35
62.409 35
62.4105 35
62.4106 35
62.4134 35
62.4135 35
62.4149 40
62.415 35
62.4178 35
62.4179 35
62.418 35
62.4199 35
62.4224 35
62.4226 35
62.4227 35
62.424 35
62.4271 35
62.4272 35
62.4273 35
62.4288 35
62.4289 35
62.4313 35
62.4315 35
62.4329 35
62.433 35
62.4354 35
62.4356 40
62.438 35
62.4381 35
62.4397 35
62.4435 35
62.4436 35
62.4437 35
62.4438 41
62.4462 35
62.4476 35
62.4506 35
62.4507 35
62.4508 35
62.4519 35
62.4559 35
62.456 35
62.4561 35
62.4571 35
62.4599 35
62.46 35
62.4601 35
62.4629 35
62.4656 35
62.4658 35
62.4659 35
62.466 35
62.4672 35
62.4706 40
62.4707 35
62.4708 35
62.4744 35
62.4772 35
62.4773 35
62.4774 35
62.4786 35
62.4787 35
62.482 35
62.4822 35
62.4823 35
62.4834 35
62.4865 35
62.4866 35
62.4868 35
62.489 35
62.492 35
62.4921 35
62.4922 35
62.4943 40
62.4944 35
62.4973 35
62.4974 35
62.4975 35
62.5005 35
62.5031 35
62.5032 35
62.5033 35
62.5045 35
62.5046 35
62.5084 35
62.5085 35
62.5086 35
62.5099 35
62.513 35
62.5131 35
62.5132 35
62.5149 35
62.518 35
62.5182 40
62.5183 35
62.5194 35
62.5195 35
62.5224 35
62.5225 35
62.5226 35
62.5248 35
62.5276 35
62.5277 35
62.5278 35
62.5321 36
62.5329 35
62.533 35
62.5331 35
62.5333 35
62.5362 35
62.5363 35
62.5387 35
62.5388 35
62.5416 40
62.5418 35
62.5419 35
62.5431 35
62.5433 35
62.546 35
62.5461 35
62.5462 35
62.548 35
62.5507 35
62.5508 35
62.5509 35
62.5561 35
62.5595 35
62.5597 35
62.5598 35
62.5607 35
62.5641 35
62.5642 35
62.5644 35
62.5645 40
62.5655 35
62.5684 35
62.5685 35
62.5686 35
62.5697 35
62.5731 35
62.5732 35
62.5733 35
62.5734 40
62.5766 35
62.5798 35
62.5799 35
62.58 35
62.5817 35
62.5852 35
62.5853 35
62.5854 35
62.5864 35
62.5897 35
62.5898 35
62.5899 35
62.59 35
62.5909 35
62.5937 35
62.5938 35
62.5939 35
62.5954 35
62.5982 35
62.5983 40
62.5984 35
62.5999 35
62.6032 35
62.6033 35
62.6034 35
62.6059 35
62.606 35
62.6089 35
62.609 35
62.6091 35
62.6102 35
62.6136 35
62.6137 35
62.6138 35
62.615 35
62.6177 35
62.6179 35
62.618 35
62.6197 35
62.6198 40
62.6229 35
62.623 35
62.6231 35
62.6241 35
62.6276 35
62.6277 35
62.6278 35
62.6289 35
62.629 35
62.6319 35
62.632 35
62.6321 35
62.6336 35
62.6364 35
62.6365 35
62.6366 35
62.6378 35
62.6406 35
62.6407 35
62.6409 40
62.641 35
62.6429 35
62.6458 35
62.6459 35
62.646 36
62.6474 36
62.6506 36
62.6508 36
62.6509 36
62.6521 36
62.6549 36
62.655 36
62.6551 35
62.6562 35
62.6598 35
62.6599 35
62.66 35
62.6602 35
62.6638 35
62.6639 40
62.664 35
62.6655 35
62.669 35
62.6691 35
62.6692 35
62.6703 35
62.6731 36
62.6732 36
62.6733 36
62.6744 36
62.6745 35
62.6801 35
62.6803 35
62.6804 35
62.6816 35
62.6849 35
62.685 35
62.6852 35
62.6863 35
62.689 40
62.6891 35
62.6892 35
62.6909 35
62.694 35
62.6941 35
62.6942 35
62.6962 35
62.6991 35
62.6992 35
62.6993 35
62.7005 35
62.7032 35
62.7033 35
62.7034 35
62.705 35
62.7051 35
62.7084 35
62.7085 35
62.7129 36
62.7136 40
62.7171 35
62.7172 35
62.7173 35
62.7183 35
62.7214 35
62.7216 35
62.7217 35
62.7218 35
62.7231 35
62.7259 35
62.7261 35
62.7262 35
62.7275 35
62.7309 35
62.731 35
62.7311 35
62.7321 35
62.7323 35
62.7355 35
62.7356 40
62.7357 35
62.7375 35
62.7404 35
62.7405 35
62.7406 35
62.742 35
62.7447 35
62.7449 35
62.745 35
62.7468 35
62.7469 35
62.7469 32
62.7498 35
62.7499 35
62.75 35
62.7511 35
62.7538 35
62.7539 35
62.754 35
62.7552 35
62.7579 35
62.7581 35
62.7582 35
62.7605 35
62.7641 35
62.7642 35
62.7643 35
62.7654 35
62.7655 35
62.7688 35
62.7689 35
62.769 40
62.7701 35
62.7729 35
62.773 35
62.7731 35
62.7742 35
62.7777 35
62.7779 35
62.778 35
62.7812 35
62.784 35
62.7841 35
62.7843 35
62.7855 35
62.7856 35
62.7886 35
62.7887 35
62.7888 35
62.7898 35
62.793 35
62.7931 40
62.7932 35
62.7944 35
62.7945 35
62.7977 35
62.7978 35
62.7979 35
62.7993 35
62.8024 35
62.8025 35
62.8027 35
62.8045 35
62.8071 35
62.8072 35
62.8073 35
62.8091 35
62.8092 35
62.8119 35
62.8121 35
62.8122 35
62.8132 40
62.8184 35
62.8185 35
62.8186 35
62.8188 35
62.8221 35
62.8222 35
62.8223 35
62.8236 35
62.8268 35
62.8269 35
62.827 35
62.8283 35
62.8284 35
62.8312 35
62.8313 35
62.8314 35
62.8325 35
62.8354 35
62.8355 35
62.8356 40
62.8377 35
62.8405 35
62.8406 35
62.8407 35
62.8408 35
62.8426 35
62.8466 35
62.8468 35
62.8469 35
62.848 35
62.8509 35
62.851 35
62.8511 35
62.8526 35
62.8528 35
62.8539 989
62.8559 35
62.8561 35
62.8562 35
62.8572 35
62.8601 40
62.8602 35
62.8603 35
62.8613 35
62.8641 35
62.8642 35
62.8643 35
62.8688 36
62.8718 35
62.872 35
62.8721 35
62.8723 35
62.875 35
62.8751 35
62.8752 35
62.8771 35
62.88 35
62.8801 35
62.8802 35
62.8836 35
62.8865 40
62.8866 35
62.8867 35
62.8877 35
62.891 35
62.8911 35
62.8912 35
62.8932 35
62.8933 35
62.896 35
62.8962 35
62.8963 35
62.8977 35
62.9007 35
62.9009 35
62.901 35
62.9022 35
62.9053 35
62.9054 35
62.9056 35
62.9074 40
62.9075 35
62.9104 35
62.9105 35
62.9106 35
62.9119 36
62.9145 35
62.9146 35
62.9147 35
62.9159 35
62.9162 33
62.9191 35
62.9192 35
62.9217 35
62.9219 35
62.922 35
62.9245 35
62.9247 35
62.9248 35
62.9262 35
62.9296 35
62.9297 40
62.9298 35
62.931 35
62.9311 35
62.9338 35
62.9339 35
62.9339 35
62.9352 35
62.9379 35
62.9381 35
62.9382 35
62.9394 35
62.942 35
62.9421 35
62.9422 35
62.9435 35
62.9436 35
62.9462 35
62.9463 35
62.9464 35
62.9476 40
62.9503 35
62.9504 35
62.9505 35
62.9517 35
62.9555 35
62.9557 35
62.9558 36
62.9569 36
62.9571 36
62.9606 36
62.9607 35
62.9619 35
62.962 35
62.9646 35
62.9647 35
62.9648 35
62.966 35
62.9705 35
62.9706 35
62.9708 40
62.9709 35
62.9714 35
62.9715 37
62.9743 35
62.9744 35
62.9759 35
62.976 36
62.9787 36
62.9789 36
62.979 36
62.9805 35
62.9831 35
62.9832 35
62.9833 35
62.9873 35
62.9899 35
62.99 35
62.9901 35
62.9917 35
62.9918 35
62.9944 40
62.9945 35
62.9946 35
62.9958 35
62.9993 35
62.9996 35
62.9997 35
63.001 35
63.0011 35
63.004 35
63.0041 35
63.0042 35
63.0053 35
63.0089 35
63.009 35
63.0091 35
63.0105 35
63.0137 35
63.0138 35
63.0139 35
63.0154 40
63.0156 35
63.0185 35
63.0186 35
63.0187 35
63.0202 35
63.0233 35
63.0234 35
63.0235 35
63.0256 35
63.0257 35
63.0283 35
63.0284 35
63.0285 35
63.0298 35
63.0326 35
63.0328 35
63.0329 35
63.0341 35
63.0367 35
63.0368 40
63.0369 35
63.0371 41
63.0383 35
63.0415 35
63.0416 35
63.0417 35
63.0431 35
63.0458 35
63.0459 35
63.046 35
63.0483 35
63.0484 35
63.0511 35
63.0513 35
63.0526 35
63.0527 35
63.0558 35
63.056 35
63.0561 35
63.0575 35
63.0606 35
63.0607 40
63.0608 35
63.062 35
63.0661 35
63.0662 35
63.0663 35
63.0676 35
63.0704 35
63.0705 35
63.0706 35
63.0719 35
63.072 35
63.0746 35
63.0747 35
63.0748 35
63.076 35
63.0799 35
63.08 35
63.0801 35
63.0834 35
63.0835 40
63.0836 35
63.0876 35
63.0906 35
63.0908 35
63.0909 35
63.092 35
63.0957 35
63.0958 35
63.096 35
63.097 35
63.0971 35
63.1 35
63.1001 35
63.1002 35
63.1013 35
63.1041 35
63.1043 35
63.1044 35
63.1053 35
63.1089 40
63.109 35
63.1091 35
63.1109 35
63.1139 35
63.114 35
63.1141 35
63.1142 35
63.1152 35
63.1187 35
63.1189 35
63.119 35
63.1202 35
63.124 35
63.1241 35
63.1242 35
63.1253 35
63.1255 35
63.1285 35
63.1286 35
63.1326 40
63.1328 35
63.1361 35
63.1363 35
63.1364 35
63.1375 35
63.1402 35
63.1404 35
63.1405 35
63.1406 35
63.1415 35
63.1444 35
63.1445 35
63.1446 35
63.1456 35
63.1485 35
63.1486 35
63.1487 35
63.151 35
63.1511 35
63.1539 40
63.1541 35
63.1543 35
63.1551 35
63.158 35
63.1581 35
63.1582 35
63.1604 35
63.1648 36
63.1656 35
63.1658 35
63.1659 35
63.1673 35
63.1705 35
63.1706 35
63.1707 35
63.1722 35
63.1754 35
63.1756 35
63.1757 35
63.1769 40
63.1796 35
63.1798 35
63.1799 35
63.1809 35
63.1852 36
63.1854 35
63.1855 35
63.1856 35
63.19 36
63.1919 35
63.192 35
63.1921 35
63.1931 35
63.1962 35
63.1963 35
63.1964 35
63.1981 35
63.2019 35
63.202 35
63.2021 40
63.2032 35
63.2063 35
63.2065 35
63.2066 35
63.2076 35
63.2091 35
63.2115 35
63.2116 35
63.2117 35
63.2149 35
63.215 35
63.2151 35
63.2161 35
63.2192 35
63.2193 35
63.2194 35
63.2204 35
63.2233 35
63.2234 35
63.2235 40
63.2245 35
63.2246 35
63.2273 35
63.2274 35
63.2275 35
63.2286 35
63.2323 35
63.2324 36
63.2325 36
63.2335 36
63.2374 35
63.2375 35
63.2376 35
63.2379 35
63.2409 35
63.241 35
63.2411 35
63.2425 35
63.2459 35
63.246 40
63.2461 35
63.2471 35
63.2499 35
63.25 35
63.2501 35
63.2502 36
63.2513 36
63.2551 35
63.2553 35
63.2554 35
63.2563 35
63.2593 35
63.2594 35
63.2595 35
63.2604 35
63.2605 35
63.2633 35
63.2634 35
63.2636 35
63.2654 40
63.2696 35
63.2697 35
63.2698 35
63.2708 35
63.2737 36
63.2738 36
63.2739 36
63.2749 36
63.2777 36
63.2778 36
63.2779 35
63.279 35
63.2826 35
63.2827 35
63.2828 35
63.2829 35
63.2839 35
63.2868 35
63.2869 35
63.292 40
63.2921 35
63.2948 35
63.2949 35
63.295 35
63.2961 35
63.299 35
63.2991 35
63.2992 35
63.3002 35
63.3004 36
63.3032 35
63.3034 35
63.3035 35
63.3045 35
63.3084 35
63.3085 35
63.3086 35
63.3097 35
63.3098 40
63.3127 35
63.3128 35
63.3129 35
63.3138 35
63.3167 35
63.3169 35
63.317 35
63.318 35
63.3215 35
63.3216 35
63.3217 35
63.3218 35
63.3231 35
63.3264 35
63.3265 35
63.3266 35
63.3277 35
63.3304 35
63.3306 35
63.3307 40
63.3318 35
63.3319 35
63.3319 41
63.3347 35
63.3348 35
63.3349 36
63.3365 36
63.3396 36
63.3422 36
63.3423 36
63.3424 36
63.345 36
63.3451 36
63.3452 36
63.3464 36
63.3465 36
63.3496 36
63.3497 36
63.3498 36
63.3513 36
63.3546 36
63.3548 36
63.3549 40
63.3558 35
63.3559 35
63.3587 35
63.3588 36
63.3589 36
63.3609 36
63.3643 36
63.3644 36
63.3645 36
63.3659 36
63.3685 36
63.3686 36
63.3688 36
63.3703 35
63.3704 35
63.3731 35
63.3732 35
63.3743 35
63.3744 35
63.3779 40
63.378 35
63.3781 35
63.3793 35
63.3833 35
63.3834 35
63.3835 35
63.3847 35
63.3874 35
63.3876 36
63.3877 35
63.3891 35
63.3892 35
63.392 35
63.3963 36
63.3965 35
63.3966 35
63.3992 35
63.3993 35
63.3994 35
63.3995 40
63.4011 35
63.4038 35
63.404 35
63.4041 35
63.4059 36
63.4086 36
63.4087 36
63.4089 36
63.41 36
63.4128 36
63.4129 36
63.413 36
63.415 36
63.4152 36
63.418 36
63.4181 36
63.4182 36
63.4198 36
63.4229 35
63.423 40
63.4232 35
63.4241 35
63.4276 35
63.4277 35
63.4278 35
63.4294 35
63.4325 35
63.4326 35
63.4328 35
63.4344 36
63.4371 36
63.4372 36
63.4373 36
63.4375 36
63.4389 35
63.442 35
63.4421 35
63.4423 35
63.4437 35
63.4476 40
63.4478 35
63.4479 35
63.4509 35
63.451 35
63.4511 35
63.4512 35
63.4523 35
63.4559 36
63.456 36
63.4561 36
63.4571 36
63.4599 36
63.4601 36
63.4602 36
63.4611 35
63.4643 35
63.4645 35
63.4646 35
63.4647 35
63.4659 40
63.4687 35
63.4688 35
63.4689 35
63.4713 35
63.474 35
63.4742 35
63.4743 35
63.4753 35
63.478 35
63.4781 35
63.4782 35
63.4803 35
63.4804 35
63.4833 35
63.4834 35
63.4835 35
63.4849 35
63.4881 35
63.4882 35
63.4883 40
63.49 35
63.4934 35
63.4935 35
63.4936 35
63.4974 35
63.5003 35
63.5004 36
63.5005 36
63.5021 36
63.5022 36
63.5054 36
63.5055 35
63.5057 35
63.5078 35
63.5106 35
63.5108 35
63.5109 35
63.5128 35
63.5157 35
63.5158 40
63.5159 35
63.517 35
63.5171 35
63.5198 35
63.5199 36
63.52 36
63.5218 36
63.5248 36
63.525 36
63.5251 36
63.5262 36
63.5289 36
63.5291 36
63.5292 35
63.5303 35
63.5304 35
63.5338 35
63.5339 35
63.5341 35
63.5353 40
63.5394 35
63.5395 35
63.5396 35
63.5413 35
63.545 36
63.5451 36
63.5452 36
63.5454 36
63.5484 36
63.5485 36
63.5526 36
63.5527 35
63.5562 35
63.5563 35
63.5564 35
63.5573 35
63.5603 35
63.5604 35
63.5605 35
63.5606 40
63.5615 35
63.5643 35
63.5645 35
63.5646 35
63.5663 35
63.5691 36
63.5692 36
63.5693 36
63.5715 36
63.5716 36
63.5746 36
63.5747 36
63.5749 36
63.5764 36
63.5798 36
63.58 36
63.5801 35
63.5811 35
63.5844 35
63.5845 40
63.5846 35
63.5861 35
63.5893 35
63.5894 35
63.5896 35
63.5906 35
63.5907 35
63.5941 35
63.5942 35
63.5943 35
63.5955 35
63.5983 35
63.5984 35
63.5985 35
63.6027 35
63.6057 35
63.6058 35
63.6059 35
63.6069 35
63.6097 40
63.6098 35
63.6099 35
63.611 35
63.6111 35
63.6139 36
63.614 36
63.6141 36
63.6151 36
63.6179 36
63.618 36
63.6181 36
63.6203 36
63.623 36
63.6232 35
63.6232 35
63.6244 35
63.627 35
63.6272 35
63.6273 35
63.6274 41
63.6288 35
63.632 35
63.6321 35
63.6322 35
63.6337 35
63.6368 36
63.6369 36
63.637 36
63.638 36
63.6381 36
63.6409 36
63.6411 36
63.6412 36
63.6427 36
63.646 35
63.6462 35
63.6463 35
63.6472 35
63.6505 35
63.6506 40
63.6508 35
63.6509 35
63.6527 35
63.6577 35
63.6578 35
63.6579 36
63.658 36
63.6582 36
63.6613 36
63.6614 36
63.6615 36
63.6635 36
63.6663 36
63.6664 36
63.6665 36
63.6675 35
63.6676 35
63.6705 35
63.6707 35
63.6708 40
63.673 35
63.6759 35
63.676 35
63.6761 35
63.6771 35
63.6799 35
63.68 35
63.6801 35
63.6811 35
63.6848 35
63.685 35
63.685 35
63.6851 35
63.686 35
63.6889 35
63.689 35
63.6891 35
63.6901 35
63.6936 35
63.6937 40
63.6938 35
63.6949 35
63.6977 35
63.6978 35
63.6979 36
63.7019 36
63.7052 36
63.7053 35
63.7054 35
63.7076 35
63.7077 35
63.711 35
63.7111 35
63.7112 35
63.7128 35
63.716 35
63.7161 35
63.7162 35
63.7173 35
63.7202 40
63.7203 35
63.7204 35
63.7216 35
63.7218 35
63.7246 35
63.7247 36
63.7248 36
63.7262 36
63.729 36
63.7291 36
63.7292 36
63.7303 36
63.7338 36
63.7339 36
63.734 36
63.7341 36
63.7352 35
63.7386 35
63.7387 35
63.7388 40
63.7398 35
63.7425 35
63.7426 35
63.7428 35
63.7443 35
63.7445 35
63.7475 35
63.7476 35
63.7478 35
63.7492 35
63.7519 35
63.752 35
63.7521 35
63.753 36
63.7561 36
63.7562 35
63.7563 35
63.7564 35
63.7584 35
63.7632 40
63.7634 35
63.7635 35
63.7667 35
63.7668 35
63.767 36
63.7685 36
63.7715 36
63.7717 36
63.7718 36
63.7719 36
63.7732 36
63.776 36
63.7761 36
63.7762 35
63.7777 35
63.781 35
63.7811 35
63.7812 35
63.7822 35
63.7849 40
63.785 35
63.7852 35
63.7875 35
63.7876 35
63.7901 35
63.7903 35
63.7904 35
63.7923 35
63.795 36
63.7952 35
63.7953 35
63.7972 35
63.8 35
63.8001 35
63.8002 35
63.8015 35
63.8059 36
63.8065 35
63.8067 35
63.8081 40
63.8083 35
63.8109 35
63.811 35
63.8155 36
63.8164 35
63.8197 36
63.8199 36
63.82 36
63.821 36
63.8245 35
63.8246 35
63.8247 35
63.8248 35
63.8258 35
63.8287 35
63.8288 35
63.8289 35
63.8298 35
63.8333 35
63.8335 40
63.8337 35
63.8347 35
63.8348 35
63.8376 35
63.8377 36
63.8378 36
63.8389 36
63.8416 35
63.8418 35
63.8419 35
63.8429 35
63.8458 35
63.8459 35
63.846 35
63.8461 35
63.8481 35
63.851 35
63.8512 35
63.8513 35
63.8529 40
63.8557 35
63.8558 35
63.8559 35
63.8569 35
63.857 35
63.8599 35
63.86 35
63.8601 35
63.8611 35
63.8646 35
63.8667 35
63.8668 35
63.8669 35
63.8696 35
63.8698 35
63.8699 35
63.8709 35
63.8711 35
63.875 35
63.8752 40
63.8753 35
63.8767 35
63.8795 35
63.8796 35
63.8797 35
63.8807 35
63.8844 35
63.8845 36
63.8846 36
63.8857 35
63.8891 35
63.8893 35
63.8894 35
63.8904 35
63.8931 35
63.8932 35
63.8933 35
63.8949 35
63.8951 35
63.8983 40
63.8984 35
63.8985 35
63.8997 35
63.9025 35
63.9026 35
63.9027 35
63.9039 35
63.9092 36
63.9094 35
63.9096 35
63.9097 35
63.9108 35
63.9134 35
63.9135 35
63.9136 35
63.9149 35
63.919 35
63.9191 35
63.9192 35
63.9206 40
63.9207 35
63.9208 32
63.9237 35
63.9238 35
63.9239 35
63.9254 35
63.9283 35
63.9285 35
63.9286 35
63.9298 35
63.9328 35
63.9329 35
63.933 35
63.9341 35
63.9342 35
63.9373 35
63.9374 35
63.9375 35
63.9394 35
63.9419 35
63.942 35
63.9421 40
63.9436 35
63.9469 35
63.947 35
63.9471 35
63.9484 35
63.9485 35
63.9511 35
63.9512 35
63.9513 35
63.9539 35
63.9568 35
63.9569 35
63.957 35
63.9586 35
63.9588 35
63.9617 35
63.9618 35
63.962 35
63.9632 35
63.9659 40
63.9661 35
63.9662 35
63.9673 35
63.9711 35
63.9712 35
63.9713 35
63.9726 35
63.9727 35
63.9754 35
63.9755 35
63.9767 35
63.9768 35
63.9799 35
63.98 35
63.9801 35
63.9813 35
63.9839 35
63.984 35
63.9841 35
63.9854 40
63.9888 35
63.9889 35
63.989 35
63.9902 35
63.9903 35
63.9936 35
63.9937 35
63.9938 35
63.995 35
63.9977 35
63.9978 35
63.9979 35
63.9991 35
64.0022 35
64.0023 35
64.0024 35
64.0039 35
64.0066 35
64.0067 35
64.0068 40
64.0107 35
64.0108 35
64.0134 35
64.0136 35
64.0148 35
64.0149 35
64.0178 35
64.0179 35
64.018 35
64.02 35
64.0253 36
64.0255 35
64.0256 35
64.0257 35
64.0289 35
64.029 35
64.0291 35
64.0292 35
64.0304 35
64.0342 40
64.0343 35
64.0344 35
64.0354 35
64.0386 35
64.0387 35
64.0388 35
64.0389 40
64.0398 35
64.0427 35
64.0428 35
64.0429 35
64.0443 35
64.0471 35
64.0472 35
64.0473 35
64.0488 35
64.0489 35
64.0528 35
64.0529 35
64.053 35
64.0541 35
64.0568 35
64.0569 35
64.057 35
64.0585 36
64.0618 35
64.0619 40
64.062 35
64.0632 35
64.0633 35
64.0662 35
64.0663 35
64.0664 35
64.0673 35
64.07 35
64.0702 35
64.0703 35
64.0729 35
64.0731 35
64.0762 35
64.0763 35
64.0764 35
64.0781 35
64.0812 35
64.0813 35
64.0814 35
64.0828 40
64.0857 35
64.0858 35
64.0859 35
64.0869 35
64.087 35
64.0903 35
64.0904 35
64.0905 35
64.0919 35
64.0947 35
64.0949 35
64.095 35
64.0966 35
64.0995 35
64.0996 35
64.0997 35
64.1011 35
64.1044 35
64.1045 35
64.1046 40
64.1059 35
64.1088 35
64.1089 35
64.109 35
64.1122 35
64.1124 36
64.1151 36
64.1152 36
64.1153 36
64.1165 36
64.1194 36
64.1196 35
64.1197 35
64.1208 35
64.1236 35
64.1237 35
64.1238 35
64.1249 35
64.125 35
64.1301 41
64.1306 35
64.1307 35
64.1308 35
64.131 35
64.1345 35
64.1346 36
64.1347 36
64.138 36
64.1381 35
64.1382 35
64.1415 35
64.1416 35
64.1417 35
64.1449 35
64.145 35
64.1452 35
64.1467 35
64.1468 35
64.1496 35
64.1497 40
64.1498 35
64.1509 35
64.1536 35
64.1538 35
64.1539 35
64.1554 35
64.1582 35
64.1583 36
64.1584 36
64.1595 36
64.1596 36
64.163 36
64.1631 35
64.1632 35
64.1643 35
64.167 35
64.1671 35
64.1672 35
64.1685 35
64.1711 40
64.1712 35
64.1713 35
64.1736 35
64.1737 35
64.1766 35
64.1767 35
64.1768 35
64.178 35
64.1819 35
64.1821 35
64.1822 35
64.1842 35
64.1868 35
64.187 35
64.1871 35
64.1891 35
64.1892 35
64.1919 35
64.1921 35
64.1939 40
64.1941 35
64.1967 35
64.1968 35
64.1969 35
64.1981 35
64.2017 35
64.2018 35
64.2019 35
64.2032 35
64.2059 35
64.206 35
64.2061 35
64.2077 35
64.2079 35
64.2079 41
64.2104 35
64.2105 35
64.215 36
64.2154 35
64.2179 35
64.218 35
64.2181 35
64.2196 35
64.2222 35
64.2224 35
64.2225 35
64.2241 35
64.2266 35
64.2268 35
64.2269 35
64.2282 35
64.2283 35
64.2308 35
64.2309 35
64.2353 41
64.2359 35
64.2394 35
64.2395 35
64.2396 35
64.2407 35
64.2408 35
64.2435 35
64.2436 35
64.2437 35
64.2457 36
64.2485 36
64.2486 36
64.2487 35
64.2498 35
64.2526 35
64.2527 35
64.2528 35
64.2543 35
64.2545 35
64.2574 40
64.2575 35
64.2577 35
64.2599 35
64.2626 35
64.2628 35
64.2629 35
64.2642 35
64.2644 35
64.267 35
64.2671 35
64.2672 35
64.2688 35
64.2715 35
64.2716 35
64.2717 35
64.2732 35
64.2758 35
64.2759 35
64.276 35
64.2774 40
64.2775 35
64.2801 35
64.2802 35
64.2803 35
64.2816 35
64.2843 35
64.2844 36
64.2863 36
64.2865 35
64.2893 35
64.2895 35
64.2896 35
64.2911 35
64.2912 35
64.2939 35
64.294 35
64.2941 35
64.2953 35
64.298 35
64.2981 40
64.2983 35
64.2996 35
64.3021 35
64.3022 35
64.3023 35
64.3036 36
64.308 37
64.3084 36
64.3085 35
64.31 35
64.3101 35
64.3128 35
64.3129 35
64.313 35
64.3173 35
64.32 35
64.3202 35
64.3203 35
64.3214 35
64.3242 40
64.3244 35
64.3245 35
64.3258 35
64.326 35
64.3286 35
64.3288 35
64.3289 36
64.3301 36
64.3332 36
64.3333 35
64.3334 35
64.3359 35
64.3403 35
64.3404 35
64.3406 35
64.3406 35
64.3438 35
64.3439 35
64.344 35
64.3451 40
64.3479 35
64.348 35
64.3481 35
64.3496 35
64.3497 35
64.3523 35
64.3525 35
64.3526 35
64.3538 35
64.3572 35
64.3573 35
64.3574 35
64.3585 35
64.3587 35
64.3618 35
64.3619 35
64.362 35
64.3632 35
64.366 35
64.3661 40
64.3662 35
64.3674 35
64.3702 35
64.3703 35
64.3704 35
64.3716 35
64.3717 35
64.3754 35
64.3755 35
64.3756 35
64.3769 35
64.3802 35
64.3804 35
64.3805 35
64.3817 35
64.3845 35
64.3846 35
64.3848 35
64.386 35
64.3888 40
64.3889 35
64.3906 35
64.3907 35
64.3909 35
64.3941 35
64.3942 35
64.3943 35
64.3956 35
64.3984 35
64.3985 35
64.3986 35
64.4001 35
64.4028 35
64.4029 35
64.403 35
64.4043 35
64.4073 35
64.4075 35
64.4076 35
64.4092 40
64.4093 35
64.4121 35
64.4123 35
64.4124 35
64.4134 35
64.416 35
64.4161 35
64.4162 35
64.4204 36
64.4206 35
64.4231 35
64.4232 35
64.4233 35
64.4252 35
64.4284 35
64.4285 35
64.4286 35
64.4307 35
64.4333 35
64.4334 40
64.4335 35
64.4347 35
64.4348 35
64.4379 35
64.438 35
64.4381 35
64.4396 35
64.4423 35
64.4445 35
64.4446 35
64.4447 35
64.445 35
64.4479 35
64.448 35
64.4481 35
64.4502 35
64.4531 35
64.4532 35
64.4533 35
64.4544 40
64.4572 35
64.4573 35
64.4574 35
64.4575 35
64.4588 35
64.4617 35
64.4619 35
64.462 35
64.463 35
64.4659 35
64.466 35
64.4662 35
64.4678 35
64.4679 35
64.4714 35
64.4716 35
64.4717 35
64.4727 28
64.4728 35
64.477 35
64.4771 40
64.4772 35
64.4781 35
64.4809 35
64.481 35
64.4811 35
64.4826 35
64.486 35
64.4861 35
64.4862 35
64.4873 35
64.4875 35
64.4901 35
64.4902 35
64.4903 35
64.492 35
64.4948 35
64.4972 35
64.4973 35
64.4974 35
64.5005 40
64.5006 35
64.5007 35
64.5008 41
64.5018 35
64.5046 35
64.5047 35
64.5048 35
64.5058 35
64.5091 35
64.5092 35
64.5093 35
64.5103 35
64.5137 35
64.5139 35
64.514 35
64.5154 35
64.5189 35
64.519 35
64.5191 35
64.5226 35
64.5228 35
64.5264 35
64.5265 40
64.5266 35
64.5277 35
64.5305 35
64.5306 35
64.5307 35
64.5322 35
64.5356 35
64.5357 35
64.5358 35
64.5373 35
64.5401 35
64.5402 35
64.5403 35
64.5404 35
64.5416 35
64.5443 35
64.5444 35
64.5445 35
64.5457 35
64.5498 40
64.55 35
64.55 35
64.5512 35
64.5539 35
64.554 35
64.5541 35
64.5542 35
64.5556 35
64.5584 35
64.5585 35
64.5586 35
64.5597 35
64.5623 35
64.5625 35
64.5626 35
64.5637 35
64.5638 35
64.5665 35
64.5667 35
64.5668 40
64.5679 35
64.5708 35
64.5709 35
64.571 35
64.5722 35
64.5761 35
64.5762 35
64.5764 35
64.5765 35
64.5778 35
64.5804 35
64.5805 35
64.5806 35
64.582 35
64.5852 35
64.5853 35
64.5854 35
64.5865 35
64.5867 35
64.5901 40
64.5902 35
64.5904 35
64.5914 35
64.5944 35
64.5946 35
64.5947 35
64.5958 36
64.5986 36
64.5987 36
64.5988 36
64.6009 36
64.6037 36
64.6038 36
64.604 36
64.6051 36
64.6053 36
64.6086 36
64.6087 36
64.6088 36
64.6099 41
64.613 36
64.6131 36
64.614 36
64.6143 36
64.6176 36
64.6177 36
64.6178 36
64.6188 36
64.6189 35
64.6217 35
64.6219 35
64.622 35
64.626 35
64.6288 35
64.6289 35
64.629 35
64.6301 35
64.6333 35
64.6334 35
64.6335 40
64.635 35
64.6376 35
64.6377 35
64.6378 35
64.6379 36
64.639 36
64.6418 36
64.6419 36
64.642 36
64.6431 36
64.6466 36
64.6467 35
64.6468 35
64.648 35
64.651 35
64.6511 35
64.6512 35
64.6529 35
64.653 35
64.6559 40
64.656 35
64.6561 35
64.658 35
64.6608 35
64.661 35
64.6611 35
64.6627 36
64.6629 36
64.6659 35
64.666 35
64.6661 35
64.6672 35
64.67 35
64.6701 35
64.6702 35
64.6714 35
64.6749 35
64.675 35
64.6751 35
64.6763 40
64.6764 35
64.6802 35
64.6803 35
64.6804 35
64.6817 35
64.6845 35
64.6846 35
64.6847 36
64.6865 36
64.6866 36
64.6894 36
64.6895 36
64.6896 36
64.691 36
64.6944 36
64.6945 36
64.6946 36
64.6958 36
64.6987 36
64.6988 41
64.699 36
64.7004 35
64.7005 35
64.7037 35
64.7039 35
64.7058 35
64.706 35
64.7093 35
64.7094 35
64.7095 36
64.7107 36
64.7134 36
64.7136 36
64.7137 36
64.7148 36
64.7149 35
64.7181 35
64.7182 35
64.7183 35
64.7195 40
64.7223 35
64.7225 35
64.7226 35
64.7261 35
64.7295 35
64.7297 35
64.7298 36
64.7311 36
64.7345 36
64.7346 36
64.7347 36
64.7348 36
64.736 36
64.7388 36
64.7389 36
64.739 36
64.7405 36
64.7432 36
64.7433 36
64.7434 41
64.7446 36
64.7479 36
64.7481 36
64.7482 36
64.7493 35
64.7494 35
64.7528 35
64.7529 35
64.753 35
64.7541 35
64.7572 35
64.7593 35
64.7595 36
64.7596 36
64.7597 41
64.7627 36
64.7628 36
64.7629 36
64.764 36
64.7672 36
64.7673 36
64.7674 35
64.7685 35
64.7713 35
64.7714 35
64.7715 36
64.7725 36
64.7726 36
64.776 36
64.7761 36
64.7762 36
64.7773 36
64.7801 36
64.7802 36
64.7803 41
64.7821 36
64.7849 36
64.785 36
64.7851 36
64.7852 36
64.7852 42
64.7867 36
64.7894 36
64.7895 36
64.7896 36
64.7914 36
64.7941 36
64.7942 36
64.7944 36
64.796 36
64.7961 36
64.7995 36
64.7997 36
64.7998 36
64.8009 36
64.8037 36
64.8038 36
64.8039 36
64.8049 36
64.8081 36
64.8083 41
64.8084 36
64.8107 36
64.8108 36
64.8137 36
64.8138 36
64.8139 36
64.8149 36
64.8184 36
64.8185 36
64.8186 36
64.8197 36
64.8198 36
64.8234 36
64.8236 36
64.8237 36
64.825 36
64.8302 37
64.8311 36
64.8312 36
64.8313 41
64.8326 36
64.8354 36
64.8355 36
64.8356 36
64.837 36
64.8398 36
64.8399 36
64.84 36
64.841 36
64.8439 36
64.844 36
64.8441 36
64.846 36
64.8487 36
64.8488 36
64.8489 36
64.849 36
64.8514 36
64.8543 36
64.8544 41
64.8545 36
64.8556 36
64.8591 36
64.8592 36
64.8593 36
64.8604 36
64.8641 36
64.8642 36
64.8643 36
64.8653 36
64.8655 36
64.8686 36
64.8687 36
64.8688 36
64.8702 36
64.8731 36
64.8732 36
64.8733 36
64.8744 36
64.8771 41
64.8772 36
64.8774 36
64.8798 36
64.88 36
64.8826 36
64.8828 36
64.8829 36
64.884 36
64.8874 36
64.8876 36
64.8877 36
64.8887 36
64.8889 36
64.8916 36
64.8917 36
64.8918 36
64.8929 36
64.8957 36
64.8959 36
64.8961 41
64.8974 36
64.9008 36
64.9009 36
64.901 36
64.9036 35
64.9037 36
64.9087 37
64.9105 36
64.9106 36
64.9108 36
64.911 36
64.9141 36
64.9142 36
64.9161 36
64.9163 36
64.9198 36
64.92 36
64.9201 35
64.9211 35
64.9248 40
64.925 35
64.9251 35
64.926 35
64.9261 35
64.9289 36
64.929 36
64.9291 36
64.9324 36
64.9362 36
64.9363 36
64.9364 36
64.9376 36
64.9409 36
64.941 36
64.9411 36
64.9424 36
64.9456 36
64.9457 36
64.9458 36
64.9471 41
64.9472 36
64.9502 35
64.9503 35
64.9504 35
64.952 35
64.9552 35
64.9553 36
64.9554 36
64.9565 36
64.9595 36
64.9596 36
64.9598 36
64.9619 35
64.9645 35
64.9646 35
64.9647 35
64.9679 35
64.9681 35
64.9707 35
64.9708 40
64.9723 35
64.9724 35
64.9751 35
64.9752 35
64.9753 35
64.9771 36
64.9803 36
64.9804 36
64.9805 36
64.9821 36
64.9848 36
64.9849 36
64.985 36
64.9872 36
64.9873 36
64.99 36
64.9901 36
64.9903 36
64.9915 36
64.994 41
64.9942 36
64.9943 35
64.9962 35
64.9963 35
64.999 35
64.9991 35
64.9992 35
65.0008 35
65.0044 35
65.0045 35
65.0046 35
65.0058 36
65.0059 36
65.0091 36
65.0092 36
65.0093 36
65.0107 36
65.0135 35
65.0136 35
65.0137 40
65.0153 35
65.018 35
65.0181 35
65.0182 35
65.0208 35
65.0235 36
65.0236 36
65.0237 36
65.0238 36
65.0258 36
65.0284 36
65.0285 36
65.0286 36
65.0299 36
65.035 36
65.0351 36
65.0352 36
65.0369 36
65.037 35
65.04 40
65.0402 35
65.0403 35
65.0415 35
65.045 35
65.0451 36
65.0452 36
65.0465 36
65.0491 36
65.0492 36
65.0493 36
65.0506 36
65.0532 36
65.0533 36
65.0534 35
65.0548 35
65.0549 35
65.0577 35
65.0578 35
65.0579 35
65.0591 40
65.0618 35
65.0619 35
65.062 35
65.0633 35
65.066 35
65.0661 35
65.0662 36
65.0673 36
65.0674 36
65.0701 36
65.0702 36
65.0704 36
65.0746 36
65.0748 36
65.0749 35
65.075 35
65.0752 35
65.0784 35
65.0786 35
65.0787 40
65.0824 35
65.0825 35
65.0826 35
65.0827 41
65.0847 35
65.0876 35
65.0877 35
65.0878 35
65.0889 36
65.0917 36
65.0918 36
65.0919 36
65.093 36
65.0931 36
65.0959 36
65.096 35
65.0961 35
65.0978 35
65.1006 35
65.1007 35
65.1009 35
65.1023 35
65.1053 35
65.1055 40
65.1056 35
65.1076 35
65.1101 35
65.1102 35
65.1103 35
65.1117 35
65.1142 35
65.1144 35
65.1145 35
65.1158 35
65.1159 35
65.1191 35
65.1192 35
65.1208 35
65.1209 35
65.1237 35
65.1238 35
65.1282 36
65.1285 35
65.1319 40
65.132 35
65.1321 35
65.1356 35
65.1357 35
65.139 35
65.1391 35
65.1392 35
65.1406 35
65.1441 35
65.1442 35
65.1443 35
65.1455 35
65.1486 35
65.1487 35
65.1488 35
65.1505 35
65.1506 35
65.1535 35
65.1536 35
65.1537 40
65.1556 35
65.1586 35
65.1587 35
65.1588 35
65.1599 35
65.1631 35
65.1632 35
65.1633 35
65.1644 35
65.1645 35
65.1673 35
65.1674 35
65.1675 35
65.1686 35
65.1723 35
65.1724 35
65.1725 35
65.1742 35
65.177 35
65.1771 40
65.1788 35
65.1789 35
65.179 35
65.1817 35
65.1818 35
65.1819 35
65.1829 35
65.1862 35
65.1863 35
65.1865 35
65.1879 35
65.1882 35
65.1907 35
65.1908 35
65.1909 35
65.1923 35
65.1954 35
65.1955 35
65.1956 35
65.1977 40
65.2003 35
65.2004 35
65.2005 35
65.2019 35
65.202 35
65.2046 35
65.2047 35
65.2048 35
65.206 35
65.2092 35
65.2093 35
65.2094 35
65.2106 35
65.2142 35
65.2143 35
65.2144 35
65.2155 35
65.2174 35
65.221 35
65.2212 40
65.2213 35
65.2221 35
65.2258 35
65.2259 35
65.226 36
65.227 36
65.2313 36
65.2314 36
65.2316 36
65.2317 35
65.2326 35
65.2356 35
65.2357 35
65.2358 35
65.2391 35
65.2425 35
65.2426 35
65.2427 35
65.2438 35
65.2465 40
65.2467 35
65.2468 35
65.2484 35
65.2485 35
65.2512 35
65.2513 35
65.2514 35
65.2529 35
65.2563 35
65.2564 35
65.2565 35
65.2577 35
65.2605 35
65.2606 35
65.2607 35
65.2626 35
65.2627 35
65.2655 35
65.2656 35
65.2657 40
65.2671 35
65.2705 35
65.2706 35
65.2708 35
65.2717 35
65.2719 35
65.2746 35
65.2747 35
65.2748 35
65.2759 35
65.2787 35
65.2789 35
65.2789 35
65.2823 35
65.2851 35
65.2852 35
65.2853 35
65.2871 35
65.2872 35
65.2906 40
65.2907 35
65.2908 35
65.2919 35
65.2946 35
65.2948 35
65.2949 35
65.2963 36
65.2964 36
65.2991 36
65.2992 36
65.2993 36
65.3008 36
65.3036 35
65.3037 35
65.3038 35
65.3049 35
65.3076 35
65.3077 35
65.3078 35
65.3094 40
65.3095 35
65.3125 35
65.3126 35
65.3127 35
65.3139 36
65.3167 36
65.3168 36
65.3169 36
65.3185 36
65.3212 35
65.3214 35
65.3215 35
65.3225 35
65.3227 35
65.3255 35
65.3256 35
65.3279 35
65.328 35
65.3307 35
65.3308 40
65.3309 35
65.332 35
65.3349 35
65.3394 36
65.3398 35
65.3399 36
65.34 36
65.3431 36
65.3432 36
65.3434 36
65.3446 36
65.3481 36
65.3482 36
65.3483 36
65.3496 36
65.3528 36
65.3529 36
65.353 36
65.354 35
65.3572 40
65.3574 35
65.3575 35
65.3588 35
65.3589 35
65.3622 35
65.3623 35
65.3635 35
65.3636 36
65.3664 36
65.3665 36
65.3666 35
65.3677 35
65.3715 35
65.3716 35
65.3718 35
65.3727 35
65.3759 35
65.376 35
65.3761 35
65.3771 40
65.3772 35
65.3772 32
65.38 35
65.3801 35
65.3802 35
65.382 35
65.3848 35
65.3849 35
65.385 35
65.386 35
65.3901 35
65.3902 35
65.3903 35
65.3905 35
65.3935 35
65.3936 35
65.3937 35
65.3955 35
65.3984 35
65.3985 35
65.3986 35
65.3999 40
65.4031 35
65.4032 35
65.4033 35
65.4034 35
65.4047 36
65.4075 36
65.4077 36
65.4078 36
65.4089 36
65.412 36
65.4122 35
65.4122 35
65.4137 35
65.4165 35
65.4167 35
65.4168 35
65.4182 35
65.4183 35
65.4214 35
65.4215 40
65.4216 35
65.4238 35
65.4266 35
65.4267 35
65.4268 35
65.4283 35
65.431 36
65.4311 36
65.4312 36
65.4323 36
65.4324 36
65.4351 36
65.4352 35
65.4353 35
65.4365 35
65.4394 35
65.4439 35
65.444 35
65.4441 35
65.4472 40
65.4473 35
65.4474 35
65.4488 35
65.452 35
65.4521 36
65.4522 36
65.4535 36
65.4566 36
65.4567 36
65.4569 36
65.4588 36
65.4589 35
65.4617 35
65.4618 35
65.4619 35
65.4631 35
65.4663 35
65.4664 35
65.4666 35
65.468 40
65.4708 35
65.4709 35
65.4711 35
65.4724 35
65.4726 35
65.4753 35
65.4755 35
65.4755 35
65.4774 35
65.4801 35
65.4802 35
65.4803 35
65.4815 35
65.4859 36
65.4865 35
65.4866 35
65.4867 35
65.4879 35
65.4907 35
65.4908 40
65.4909 35
65.493 35
65.4931 40
65.4958 35
65.4959 35
65.496 36
65.4976 36
65.5004 36
65.5005 35
65.5006 35
65.5018 35
65.5054 35
65.5055 35
65.5056 35
65.5068 35
65.5069 35
65.5096 35
65.5098 35
65.5099 35
65.5113 35
65.5144 35
65.5145 35
65.5146 40
65.5156 35
65.5184 35
65.5185 35
65.5186 35
65.5201 35
65.5202 35
65.523 35
65.5232 35
65.5245 35
65.5247 35
65.5285 35
65.5286 35
65.5287 35
65.5299 35
65.5332 35
65.5333 35
65.5334 35
65.5351 35
65.5379 35
65.538 40
65.5381 35
65.5396 35
65.5426 35
65.5427 35
65.5428 35
65.5462 35
65.5463 35
65.5499 35
65.55 35
65.5501 35
65.5544 35
65.5546 35
65.5547 35
65.5548 35
65.558 35
65.5581 35
65.5582 35
65.5583 35
65.5597 35
65.5624 40
65.5625 35
65.5626 35
65.5637 35
65.5672 35
65.5673 35
65.5674 35
65.5685 35
65.5687 35
65.5724 35
65.5726 35
65.5727 35
65.5736 35
65.5766 35
65.5767 35
65.5768 35
65.5784 35
65.5818 35
65.582 35
65.5821 35
65.5822 40
65.5832 35
65.5861 35
65.5862 35
65.5863 35
65.5878 35
65.5912 35
65.5913 35
65.5914 35
65.5925 35
65.5925 35
65.5958 35
65.5959 35
65.596 35
65.5983 35
65.6012 35
65.6013 35
65.6014 35
65.6027 35
65.6055 35
65.6056 40
65.6057 35
65.6058 35
65.6069 35
65.6098 35
65.6099 35
65.61 36
65.6114 36
65.6145 36
65.6146 35
65.6147 35
65.616 35
65.6161 35
65.6194 35
65.6195 35
65.6196 35
65.621 35
65.6236 35
65.6237 35
65.6238 35
65.6249 40
65.6276 35
65.6277 35
65.6278 35
65.629 35
65.6291 35
65.6319 35
65.632 35
65.6342 36
65.6343 35
65.6371 35
65.6372 35
65.6373 35
65.6383 35
65.6411 35
65.6412 35
65.6413 35
65.6433 35
65.6467 35
65.6469 35
65.647 40
65.6503 35
65.653 35
65.6531 35
65.6533 35
65.6545 35
65.6546 35
65.6576 35
65.6577 35
65.6578 35
65.6596 36
65.6623 36
65.6624 35
65.6625 35
65.664 35
65.6671 35
65.6672 35
65.6673 35
65.6674 41
65.6687 35
65.672 35
65.6722 35
65.6723 35
65.6733 35
65.6768 35
65.6769 35
65.677 35
65.678 35
65.6782 35
65.6813 35
65.6814 35
65.6815 35
65.6841 35
65.687 35
65.6871 35
65.6872 35
65.6886 35
65.6914 35
65.6916 40
65.6917 35
65.6918 35
65.6937 35
65.6965 35
65.6966 35
65.6967 35
65.6978 35
65.7005 35
65.7007 35
65.7008 35
65.7022 35
65.7024 35
65.705 35
65.7051 35
65.7052 35
65.7069 35
65.7095 35
65.7096 35
65.7098 35
65.7108 40
65.7138 35
65.7139 35
65.714 35
65.715 35
65.7151 35
65.7179 35
65.718 35
65.7181 35
65.7197 35
65.7227 35
65.7229 35
65.723 35
65.7238 35
65.7266 35
65.7268 35
65.7269 35
65.7291 35
65.7319 35
65.732 35
65.7321 40
65.7333 35
65.736 35
65.7361 35
65.7362 35
65.7378 35
65.7405 35
65.7407 35
65.7408 35
65.7419 35
65.742 35
65.7449 35
65.745 35
65.7451 35
65.7466 35
65.751 36
65.752 35
65.7521 35
65.7522 35
65.7572 36
65.7576 40
65.7577 35
65.7578 35
65.7608 35
65.761 35
65.7611 35
65.7611 35
65.7622 35
65.765 35
65.7651 35
65.7652 35
65.766 35
65.7697 35
65.7698 35
65.7699 35
65.7711 35
65.7712 35
65.774 35
65.7742 35
65.7743 35
65.7756 40
65.7789 35
65.779 35
65.7791 35
65.7807 35
65.784 35
65.7841 35
65.7842 35
65.7843 35
65.7855 35
65.7883 35
65.7885 35
65.7886 35
65.7902 35
65.7933 35
65.7934 35
65.7935 35
65.7948 35
65.7949 35
65.7976 35
65.7977 40
65.7978 35
65.7989 35
65.8017 35
65.8019 35
65.802 35
65.8031 35
65.8059 35
65.806 35
65.8061 35
65.811 35
65.8111 35
65.8145 35
65.8146 35
65.8148 35
65.8158 35
65.8159 35
65.8191 35
65.8192 35
65.8193 35
65.8207 40
65.8237 35
65.8238 35
65.8239 35
65.8251 35
65.828 35
65.8281 35
65.8282 35
65.8299 35
65.8332 35
65.8333 35
65.8334 35
65.8345 35
65.8347 35
65.8374 35
65.8376 35
65.8377 35
65.8393 35
65.8424 35
65.8425 35
65.8426 40
65.8436 35
65.8464 35
65.8465 35
65.8466 35
65.8478 35
65.8505 35
65.8506 35
65.8507 35
65.8541 35
65.8569 35
65.8571 35
65.8572 35
65.8583 35
65.8629 36
65.8638 35
65.8639 35
65.864 35
65.8671 35
65.8672 35
65.8673 40
65.8687 35
65.8716 35
65.8717 35
65.8718 35
65.8732 35
65.8734 35
65.8765 35
65.8766 35
65.8767 35
65.8777 35
65.8809 35
65.881 35
65.8811 35
65.8823 35
65.8852 35
65.8853 35
65.8854 35
65.8855 35
65.8881 35
65.8909 40
65.8911 35
65.8912 35
65.8922 35
65.8953 35
65.8955 36
65.8956 36
65.8969 35
65.897 35
65.9001 35
65.9002 35
65.9003 35
65.9014 35
65.9046 35
65.9047 35
65.9048 35
65.9059 35
65.9095 35
65.9096 35
65.9097 35
65.9098 40
65.9149 35
65.9151 35
65.9152 35
65.9153 35
65.9185 35
65.9186 35
65.9187 35
65.9197 35
65.9227 35
65.9228 35
65.9229 35
65.9238 35
65.9272 35
65.9273 35
65.9274 35
65.9289 35
65.929 35
65.9325 35
65.9326 35
65.9327 40
65.9338 35
65.9366 35
65.9367 35
65.9368 35
65.9378 35
65.9412 35
65.9413 35
65.9414 35
65.9424 35
65.9459 35
65.946 35
65.9461 35
65.9472 35
65.9473 35
65.95 35
65.9501 35
65.9502 35
65.955 35
65.9578 35
65.9579 40
65.958 35
65.9581 41
65.9592 35
65.9626 35
65.9627 35
65.9628 35
65.9671 36
65.9677 35
65.9678 35
65.9679 35
65.9681 35
65.9713 35
65.9714 35
65.9715 35
65.9726 35
65.9756 35
65.9757 35
65.9758 35
65.9767 35
65.9768 35
65.9796 35
65.9797 40
65.9798 35
65.9816 35
65.9848 36
65.9849 36
65.985 35
65.9859 35
65.9887 35
65.9889 35
65.989 35
65.9891 35
65.9901 35
65.9935 35
65.9936 35
65.9937 35
65.9947 35
65.9976 35
65.9978 35
65.9979 35
65.9994 35
65.9995 40
66.0025 35
66.0027 35
66.0028 35
66.0037 35
66.007 35
66.0071 35
66.0072 35
66.0083 35
66.0116 35
66.0117 35
66.0118 35
66.0131 35
66.0132 35
66.0161 35
66.0162 35
66.0201 35
66.0203 35
66.0237 35
66.0238 35
66.0239 40
66.025 35
66.0282 35
66.0283 35
66.0284 35
66.0285 35
66.0294 36
66.0324 36
66.0325 35
66.0326 35
66.0348 35
66.0376 35
66.0377 35
66.0378 35
66.0392 35
66.0426 35
66.0427 35
66.0428 35
66.0435 1243
66.0435 1250
66.0435 797
66.0441 35
66.0469 35
66.0471 40
66.0472 35
66.0483 35
66.0484 35
66.0511 35
66.0512 35
66.0513 35
66.0524 35
66.0568 36
66.0588 35
66.0589 35
66.0605 35
66.0606 35
66.0636 35
66.0637 35
66.0638 35
66.0655 35
66.0691 35
66.0692 35
66.071 35
66.0711 40
66.0738 35
66.074 35
66.0741 35
66.0751 35
66.0752 35
66.078 35
66.0781 35
66.0802 35
66.0803 35
66.0831 35
66.0832 35
66.0833 35
66.0848 35
66.0886 35
66.0888 35
66.0889 35
66.0903 35
66.0929 35
66.093 35
66.0931 40
66.0943 35
66.0944 35
66.097 35
66.0971 35
66.0972 36
66.0984 36
66.1017 36
66.1018 36
66.1019 36
66.1035 36
66.1063 35
66.1064 35
66.1065 35
66.1066 35
66.1086 35
66.1113 35
66.1114 35
66.1115 35
66.1129 35
66.1157 40
66.1158 35
66.1159 35
66.117 35
66.1171 35
66.1207 35
66.1208 35
66.121 35
66.1231 35
66.1261 35
66.1262 35
66.1263 35
66.1273 35
66.13 35
66.1302 35
66.1303 35
66.1315 35
66.1316 35
66.1342 40
66.1345 35
66.1355 35
66.1356 40
66.1391 34
66.1393 35
66.1394 35
66.1437 34
66.1438 35
66.1439 35
66.144 35
66.1451 35
66.1478 34
66.148 34
66.1481 35
66.1498 35
66.1499 35
66.1526 34
66.1528 35
66.1529 35
66.1541 35
66.157 35
66.1572 35
66.1573 35
66.1606 35
66.1635 35
66.1637 35
66.1638 35
66.1639 35
66.1655 35
66.1681 35
66.1684 40
66.1695 35
66.1696 35
66.1723 35
66.1724 35
66.1725 35
66.1768 36
66.1778 35
66.178 35
66.1781 35
66.1782 35
66.1812 35
66.1813 35
66.1814 35
66.1825 35
66.1866 35
66.1868 35
66.1869 35
66.1879 35
66.1907 35
66.1909 35
66.191 35
66.1923 35
66.1925 35
66.1952 35
66.1954 35
66.1955 40
66.1966 35
66.1999 35
66.2001 35
66.2003 35
66.2014 35
66.2015 35
66.2049 35
66.205 35
66.2058 35
66.206 35
66.2088 35
66.209 35
66.2091 35
66.211 35
66.2138 40
66.214 35
66.2141 35
66.2142 35
66.2152 35
66.2181 35
66.2182 35
66.2192 35
66.2193 35
66.2224 35
66.2225 35
66.2227 35
66.2264 35
66.2265 35
66.2267 35
66.2282 40
66.2283 35
66.2314 35
66.2315 35
66.2326 35
66.2328 35
66.2354 35
66.2355 35
66.2356 35
66.2368 35
66.2404 35
66.2405 35
66.2406 36
66.2407 36
66.2423 36
66.245 36
66.2451 36
66.2453 36
66.2468 35
66.2469 40
66.2497 35
66.2498 35
66.2499 35
66.2514 35
66.2542 35
66.2544 35
66.2545 35
66.2555 35
66.2557 35
66.2585 35
66.2586 35
66.2621 35
66.2635 36
66.2656 35
66.2657 35
66.2658 36
66.2669 35
66.2697 35
66.2698 35
66.2699 36
66.2721 36
66.2723 36
66.2749 35
66.275 35
66.2752 36
66.2762 36
66.2792 36
66.2813 35
66.2814 40
66.284 40
66.2841 35
66.2843 35
66.2844 35
66.2858 35
66.2886 35
66.2887 35
66.289 35
66.2899 35
66.2926 35
66.2928 35
66.2929 35
66.293 35
66.2941 35
66.2942 41
66.2987 35
66.2988 35
66.299 35
66.3001 35
66.3033 36
66.3035 36
66.3049 35
66.305 36
66.3078 36
66.3079 36
66.308 36
66.3094 35
66.3121 36
66.3122 36
66.3123 36
66.3137 36
66.3138 36
66.3165 36
66.3167 35
66.3176 35
66.3178 35
66.3213 35
66.3215 35
66.3224 35
66.3225 35
66.3252 35
66.3254 35
66.3256 40
66.3272 35
66.3302 35
66.3303 35
66.3304 35
66.3305 36
66.3348 35
66.335 35
66.3351 35
66.3352 35
66.3383 35
66.3384 35
66.3385 35
66.3386 35
66.34 35
66.3436 35
66.3438 35
66.3439 35
66.3448 35
66.3478 35
66.3479 35
66.348 35
66.349 36
66.3523 40
66.3524 36
66.3525 36
66.3526 36
66.354 35
66.3541 36
66.3569 35
66.3572 41
66.3581 36
66.3609 35
66.361 35
66.3611 36
66.3612 36
66.365 36
66.3677 35
66.368 35
66.3681 35
66.3693 35
66.3722 35
66.3723 35
66.3724 35
66.3735 35
66.3763 35
66.3764 35
66.3765 35
66.3789 35
66.3793 36
66.3816 35
66.3819 35
66.382 35
66.3868 36
66.3883 35
66.3884 35
66.3885 35
66.3914 35
66.3916 35
66.3917 35
66.3951 40
66.3952 35
66.3953 35
66.3964 35
66.3988 36
66.3991 35
66.3993 36
66.3994 36
66.4014 36
66.4015 36
66.4041 35
66.4042 35
66.4043 35
66.4058 35
66.409 35
66.4091 35
66.4092 35
66.4103 35
66.4131 35
66.4132 35
66.4133 35
66.4148 40
66.415 35
66.4178 35
66.4179 35
66.418 35
66.4193 36
66.4224 36
66.4225 36
66.4226 36
66.424 36
66.4241 36
66.4275 36
66.4275 35
66.4276 35
66.4285 35
66.4317 35
66.4318 35
66.4319 35
66.4334 35
66.4368 35
66.4369 40
66.4393 35
66.4396 35
66.4397 35
66.4421 35
66.4423 35
66.4424 35
66.4448 35
66.4479 36
66.448 36
66.4481 36
66.4497 36
66.4532 36
66.4533 36
66.4534 36
66.4547 35
66.4549 35
66.4581 35
66.4582 35
66.4594 35
66.4596 40
66.4625 35
66.4626 35
66.4627 35
66.464 35
66.4684 36
66.4689 35
66.469 35
66.4702 35
66.4703 36
66.4729 36
66.4731 36
66.4732 35
66.4748 35
66.4775 35
66.4777 35
66.4778 35
66.4793 35
66.4819 35
66.482 35
66.4821 40
66.4837 35
66.4864 35
66.4865 35
66.4866 35
66.4884 912
66.4886 35
66.4932 36
66.4962 35
66.4964 35
66.4965 35
66.4967 35
66.4999 35
66.5 35
66.5001 35
66.5013 35
66.5042 35
66.5043 35
66.5045 35
66.5055 35
66.5071 35
66.5116 41
66.5132 35
66.5133 35
66.5134 35
66.5159 35
66.5161 35
66.5206 35
66.5208 35
66.521 35
66.5211 35
66.5236 35
66.5238 35
66.5267 35
66.5268 35
66.5269 35
66.5283 35
66.5314 35
66.5315 35
66.5316 35
66.5335 35
66.5336 40
66.5364 35
66.5365 35
66.5379 35
66.538 35
66.5412 35
66.5414 35
66.5442 35
66.5444 35
66.5467 35
66.5469 35
66.547 35
66.5483 35
66.5518 35
66.5519 35
66.552 35
66.5538 35
66.5539 35
66.5572 35
66.5573 35
66.5575 38
66.5591 40
66.5592 35
66.5616 35
66.5618 35
66.5636 35
66.5637 35
66.5664 35
66.5666 35
66.5667 35
66.5707 35
66.5731 35
66.5732 35
66.5733 35
66.5746 35
66.5777 35
66.5779 35
66.578 35
66.5802 35
66.5803 35
66.5828 35
66.5829 40
66.5831 35
66.5844 35
66.587 35
66.5871 35
66.5872 35
66.5892 35
66.5894 35
66.5921 35
66.5922 35
66.5936 35
66.5973 35
66.5974 35
66.5975 35
66.5976 35
66.6006 35
66.6007 35
66.6008 35
66.6041 35
66.6042 35
66.6043 40
66.6053 35
66.6081 35
66.6083 35
66.6084 35
66.6085 35
66.6095 35
66.6127 35
66.6128 35
66.613 35
66.6157 35
66.6158 35
66.6159 35
66.6195 35
66.6196 35
66.6197 35
66.6225 35
66.6227 35
66.6245 35
66.6247 35
66.6277 40
66.6278 35
66.6279 35
66.6279 32
66.6294 35
66.632 35
66.6321 35
66.6323 35
66.635 35
66.6351 35
66.6372 35
66.6374 35
66.6397 35
66.6398 35
66.6399 35
66.6414 35
66.6436 35
66.6438 35
66.6439 35
66.6454 35
66.6455 35
66.6508 36
66.6525 35
66.6527 40
66.6528 35
66.653 35
66.6559 35
66.6561 35
66.6562 35
66.6572 35
66.6607 35
66.6608 35
66.6609 35
66.662 35
66.6648 35
66.6649 35
66.665 35
66.6651 35
66.6663 35
66.6688 35
66.6689 35
66.6742 35
66.6743 35
66.6744 40
66.676 35
66.6761 35
66.679 35
66.6791 35
66.6806 35
66.6807 35
66.6837 35
66.6838 35
66.6839 35
66.6854 35
66.6855 35
66.6882 35
66.6884 35
66.691 35
66.6911 35
66.6912 35
66.6942 35
66.6943 35
66.6965 35
66.6966 40
66.6983 35
66.6984 35
66.7016 35
66.7017 35
66.7036 35
66.7038 35
66.7059 35
66.706 35
66.7061 35
66.7082 35
66.7083 35
66.7111 35
66.7112 35
66.713 35
66.7131 35
66.7153 35
66.7154 35
66.7155 35
66.7184 35
66.7185 40
66.7203 35
66.7204 35
66.7226 35
66.7227 35
66.7249 35
66.725 35
66.7272 35
66.7273 35
66.7274 35
66.7292 35
66.7293 35
66.7315 35
66.7316 35
66.7333 35
66.7336 35
66.7361 35
66.7362 35
66.7379 35
66.738 35
66.7401 40
66.7402 35
66.7425 35
66.7426 35
66.7451 35
66.7452 35
66.7453 35
66.747 35
66.7491 35
66.7493 35
66.7494 35
66.7511 35
66.7521 35
66.7554 35
66.7555 35
66.7556 35
66.7623 35
66.7624 35
66.7625 35
66.7636 35
66.7665 40
66.7666 35
66.7667 35
66.7682 35
66.7711 35
66.7712 35
66.7713 35
66.775 35
66.7779 35
66.778 35
66.7781 35
66.7782 35
66.7792 35
66.7824 35
66.7825 35
66.7826 35
66.784 35
66.7873 35
66.7875 35
66.7876 35
66.7889 40
66.7916 35
66.7918 35
66.7919 35
66.792 35
66.7939 35
66.7968 35
66.7969 35
66.797 35
66.7982 35
66.8009 35
66.8011 35
66.8012 35
66.8024 35
66.8025 35
66.8073 35
66.8074 35
66.8075 35
66.8077 35
66.8078 35
66.8111 40
66.8112 35
66.8113 35
66.8134 35
66.8162 35
66.8163 35
66.8164 35
66.8178 35
66.821 35
66.8211 35
66.8212 35
66.8213 35
66.8229 35
66.8263 35
66.8264 35
66.8265 35
66.8275 35
66.8312 35
66.8313 35
66.8314 35
66.8338 40
66.8353 35
66.839 35
66.8392 35
66.8393 35
66.8421 35
66.8422 35
66.8423 35
66.8445 35
66.8447 35
66.8472 35
66.8473 35
66.8503 35
66.8504 35
66.8505 35
66.8523 35
66.8556 35
66.8558 35
66.8559 35
66.8575 35
66.8576 40
66.86 35
66.8601 35
66.8616 35
66.8617 35
66.8643 35
66.8644 35
66.8645 35
66.866 35
66.8693 35
66.8694 35
66.8695 35
66.8709 35
66.871 35
66.8738 35
66.8739 35
66.8778 35
66.8779 35
66.8808 35
66.8809 35
66.8811 40
66.8827 35
66.8855 35
66.8856 35
66.8857 35
66.8871 35
66.8873 35
66.8897 35
66.8899 35
66.89 35
66.893 35
66.8931 35
66.8945 35
66.8946 35
66.8984 35
66.8985 35
66.8986 35
66.8999 35
66.9024 35
66.9025 35
66.9026 40
66.906 35
66.9061 35
66.9062 35
66.9074 35
66.9075 35
66.9123 35
66.9124 35
66.9125 35
66.9126 35
66.9158 35
66.916 35
66.916 35
66.9173 35
66.9174 35
66.9201 35
66.9203 35
66.9204 35
66.9215 35
66.9249 35
66.925 40
66.9251 35
66.9252 41
66.9263 35
66.9295 35
66.9296 35
66.9297 35
66.9311 35
66.9339 35
66.934 35
66.9341 35
66.9352 35
66.9389 35
66.939 35
66.9391 35
66.9403 35
66.9404 35
66.9439 35
66.9441 35
66.9442 35
66.9453 35
66.948 35
66.9481 40
66.9482 35
66.95 35
66.9529 35
66.953 35
66.9531 35
66.9545 35
66.9576 35
66.9577 35
66.9578 35
66.9579 35
66.96 35
66.9645 35
66.9647 35
66.9648 35
66.9649 35
66.968 35
66.9681 35
66.9682 35
66.9683 35
66.9697 40
66.9734 35
66.9735 35
66.9736 35
66.9749 35
66.9793 36
66.9804 35
66.9805 35
66.9806 35
66.9817 35
66.9844 35
66.9845 35
66.9847 35
66.9858 35
66.9886 35
66.9888 35
66.9889 35
66.9909 35
66.991 35
66.9944 35
66.9945 40
66.9946 35
66.9957 35
66.9991 35
66.9992 35
66.9993 35
67.0005 35
67.0007 35
67.0037 35
67.0038 35
67.0039 35
67.0049 35
67.0079 35
67.008 35
67.0081 35
67.0098 35
67.013 35
67.0131 35
67.0132 35
67.0133 35
67.0156 40
67.0184 35
67.0186 35
67.0187 35
67.0211 35
67.0255 36
67.0259 35
67.026 35
67.0261 35
67.0271 35
67.0313 35
67.0315 35
67.0316 35
67.0345 35
67.0372 35
67.0373 35
67.0375 35
67.0376 35
67.041 35
67.0438 35
67.044 40
67.0441 35
67.0441 40
67.0454 35
67.0485 35
67.0486 35
67.0487 35
67.0501 35
67.0531 35
67.0532 35
67.0532 35
67.0546 35
67.0578 35
67.0579 35
67.0579 35
67.0593 35
67.062 35
67.0621 35
67.0622 35
67.0635 35
67.0636 35
67.0688 36
67.071 40
67.0711 35
67.0712 35
67.0714 35
67.0751 35
67.0752 35
67.0753 35
67.0764 35
67.0799 35
67.08 35
67.0801 35
67.0835 35
67.0869 35
67.087 35
67.0871 35
67.0883 35
67.0884 35
67.0918 35
67.092 35
67.0921 35
67.0944 40
67.0976 35
67.0977 35
67.0978 35
67.1 35
67.1027 35
67.1028 35
67.1029 35
67.103 35
67.104 35
67.1073 35
67.1074 35
67.1075 35
67.1087 35
67.1118 35
67.1119 35
67.112 35
67.1135 35
67.1136 35
67.1163 35
67.1164 40
67.1165 35
67.1177 35
67.1216 35
67.1218 35
67.1219 35
67.1249 35
67.125 35
67.1301 36
67.1358 35
67.1403 36
67.1431 35
67.1433 35
67.1434 35
67.1461 35
67.1492 35
67.1518 35
67.1519 35
67.1543 35
67.1545 35
67.1578 40
67.1579 35
67.158 35
67.1592 35
67.1628 35
67.1629 35
67.163 35
67.1643 35
67.1644 35
67.167 35
67.1672 35
67.1673 35
67.1685 35
67.1716 35
67.1717 35
67.1738 35
67.174 35
67.1769 35
67.177 35
67.1771 35
67.1792 40
67.1793 35
67.1861 35
67.1862 35
67.1863 35
67.1874 35
67.1912 35
67.1913 35
67.1914 35
67.1925 35
67.1962 35
67.1963 35
67.1964 35
67.1974 35
67.1976 35
67.2009 35
67.201 35
67.2011 35
67.2027 35
67.2056 35
67.2057 40
67.2058 35
67.2068 35
67.2099 35
67.21 35
67.2101 35
67.2102 35
67.2121 35
67.2151 35
67.2152 35
67.2153 35
67.2163 35
67.2194 35
67.2195 35
67.2196 35
67.221 35
67.2212 35
67.2242 35
67.2286 36
67.2375 35
67.2376 40
67.2401 35
67.2402 35
67.2403 35
67.2416 35
67.2417 35
67.2444 35
67.2445 35
67.2446 35
67.2457 35
67.2484 35
67.2485 35
67.2486 35
67.2497 35
67.2526 35
67.2527 35
67.2529 35
67.254 35
67.2541 35
67.2569 35
67.2571 40
67.2581 35
67.2582 35
67.2583 41
67.2609 35
67.261 35
67.2611 35
67.2623 35
67.265 35
67.2651 35
67.2652 35
67.2665 35
67.2693 35
67.2694 35
67.2695 35
67.2707 35
67.2735 35
67.2736 35
67.2737 35
67.2748 35
67.2749 35
67.2784 35
67.2785 35
67.2787 40
67.2809 35
67.2853 36
67.3025 35
67.3038 35
67.3054 34
67.3069 34
67.3093 34
67.3094 34
67.3113 35
67.3115 35
67.3139 35
67.314 35
67.3164 35
67.3165 35
67.3196 35
67.3197 35
67.3199 35
67.3218 35
67.3219 35
67.3248 40
67.3249 35
67.325 35
67.3267 35
67.3298 35
67.3299 35
67.33 35
67.3312 35
67.3344 35
67.3346 35
67.3347 35
67.3358 35
67.3359 35
67.3386 35
67.3387 35
67.3388 35
67.3406 35
67.3434 35
67.3435 35
67.3436 35
67.345 40
67.3487 35
67.3488 35
67.3489 35
67.35 35
67.3529 35
67.3555 35
67.3556 35
67.3557 35
67.3589 35
67.359 35
67.3591 35
67.3592 35
67.3601 35
67.3637 35
67.3638 35
67.3639 35
67.365 35
67.3685 35
67.3686 35
67.3687 40
67.3697 35
67.3729 35
67.373 35
67.3731 35
67.3742 35
67.3743 35
67.377 35
67.3771 35
67.3772 35
67.3784 35
67.3811 35
67.3813 35
67.3837 35
67.3838 35
67.3866 35
67.3867 35
67.3868 35
67.3905 35
67.3934 35
67.3935 40
67.3936 35
67.3946 35
67.3948 35
67.3981 35
67.3982 35
67.3983 35
67.3999 35
67.4028 35
67.4029 35
67.403 35
67.405 35
67.4078 35
67.408 35
67.4081 35
67.4096 35
67.4097 35
67.4126 35
67.4127 35
67.4128 35
67.4151 40
67.4195 36
67.4239 35
67.424 35
67.4241 35
67.4243 35
67.4273 35
67.4274 35
67.4275 35
67.4289 35
67.4317 35
67.4319 35
67.432 35
67.4321 35
67.434 35
67.4373 35
67.4375 35
67.4376 35
67.4388 35
67.4415 35
67.4416 40
67.4418 35
67.4437 35
67.4438 35
67.4466 35
67.4467 35
67.4468 35
67.4479 35
67.4508 35
67.4509 35
67.451 35
67.4521 35
67.4554 35
67.4555 35
67.4556 35
67.457 35
67.4571 35
67.4601 35
67.4602 35
67.4603 35
67.4616 40
67.4645 35
67.4647 35
67.4649 35
67.4662 35
67.4692 35
67.4693 35
67.4694 35
67.4709 35
67.4752 36
67.4756 35
67.4757 35
67.4758 35
67.4789 35
67.479 35
67.4791 35
67.4804 35
67.4836 35
67.4838 35
67.4839 35
67.4851 40
67.4888 35
67.489 35
67.4891 35
67.4926 35
67.4928 35
67.4956 35
67.4958 35
67.4959 35
67.498 35
67.5022 35
67.5023 35
67.5024 35
67.5035 35
67.5063 35
67.5064 35
67.5065 35
67.5076 35
67.5077 35
67.5105 35
67.5107 40
67.5108 35
67.5126 35
67.5155 35
67.5156 35
67.5157 35
67.517 35
67.5205 35
67.5206 35
67.5207 35
67.522 35
67.5251 35
67.5253 35
67.5254 35
67.5268 35
67.5297 35
67.5298 35
67.5299 35
67.53 35
67.5318 35
67.5348 40
67.5349 35
67.535 35
67.5363 35
67.5415 36
67.545 35
67.5451 35
67.5452 35
67.5455 35
67.5494 35
67.5496 35
67.5497 35
67.5511 35
67.5538 35
67.5539 35
67.554 35
67.5541 35
67.5552 35
67.5586 35
67.5588 35
67.5589 40
67.5598 35
67.5626 35
67.5628 35
67.5629 35
67.5639 35
67.5667 35
67.5669 35
67.567 35
67.5696 35
67.5697 35
67.5725 35
67.5726 35
67.5727 35
67.5737 35
67.5766 35
67.5767 35
67.5768 35
67.5785 35
67.5812 35
67.5813 40
67.5814 35
67.5815 41
67.5826 35
67.5858 35
67.586 36
67.5861 36
67.5878 36
67.5905 36
67.5907 35
67.5908 35
67.5941 35
67.5942 35
67.5978 35
67.5979 35
67.598 35
67.5991 35
67.602 35
67.6021 35
67.6022 35
67.6032 35
67.606 35
67.6061 40
67.6062 35
67.6073 35
67.6074 35
67.6109 35
67.6111 35
67.613 36
67.6131 36
67.6165 36
67.6167 36
67.6168 36
67.6179 36
67.6208 35
67.6209 35
67.621 35
67.6223 35
67.6255 35
67.6256 35
67.6257 35
67.6272 35
67.6273 40
67.6308 35
67.6309 35
67.631 35
67.6321 35
67.6349 35
67.635 35
67.6351 35
67.6362 35
67.6391 35
67.6392 35
67.6393 35
67.6394 35
67.6409 35
67.6436 35
67.6437 35
67.6481 36
67.6492 35
67.6526 35
67.6527 35
67.6528 40
67.6529 35
67.6538 35
67.657 35
67.6571 35
67.6572 36
67.6596 36
67.6639 36
67.6658 35
67.6659 35
67.666 35
67.6692 35
67.6693 35
67.6694 35
67.6708 35
67.6744 35
67.6745 35
67.6746 35
67.6757 35
67.6784 35
67.6786 40
67.6787 35
67.6803 35
67.6804 35
67.6831 35
67.6832 35
67.6833 35
67.685 35
67.6884 36
67.6886 35
67.6887 35
67.6897 35
67.693 35
67.6931 35
67.6931 35
67.6974 35
67.6975 35
67.7002 35
67.7003 35
67.7004 35
67.7016 40
67.7044 35
67.7045 35
67.7046 35
67.7058 35
67.7101 37
67.7105 36
67.7106 36
67.7107 36
67.7152 37
67.7176 36
67.7177 36
67.7178 35
67.7187 35
67.7215 35
67.7216 35
67.7218 35
67.7228 35
67.7261 35
67.7262 35
67.7263 40
67.7275 35
67.7302 35
67.7303 35
67.7304 35
67.7305 35
67.7328 36
67.7355 36
67.7357 36
67.7358 36
67.7374 36
67.741 36
67.7411 36
67.7412 36
67.7429 36
67.7457 36
67.7458 36
67.7459 36
67.746 36
67.7471 36
67.7499 41
67.7528 36
67.7529 36
67.7531 36
67.7562 35
67.7564 35
67.7565 35
67.7609 36
67.7622 36
67.7624 36
67.7625 36
67.7627 36
67.7656 36
67.7658 36
67.7659 36
67.7668 36
67.7703 36
67.7704 36
67.7705 36
67.7706 36
67.7717 41
67.7745 36
67.7746 36
67.7748 36
67.7768 36
67.7797 36
67.7799 36
67.78 36
67.7814 36
67.7815 36
67.7845 36
67.7846 36
67.7847 36
67.7859 36
67.7888 36
67.789 36
67.7891 36
67.7905 36
67.7937 36
67.7938 36
67.7939 41
67.798 36
67.7981 36
67.8022 36
67.8042 36
67.8043 36
67.8044 36
67.807 36
67.8071 36
67.8072 36
67.8087 36
67.8116 36
67.8117 36
67.8118 36
67.813 36
67.8158 36
67.8159 36
67.816 36
67.8171 36
67.82 36
67.8201 41
67.8202 36
67.8203 36
67.8213 36
67.8242 36
67.8243 36
67.8244 36
67.8263 36
67.8316 37
67.8339 36
67.8341 36
67.8342 36
67.8343 36
67.8374 36
67.8376 36
67.8377 36
67.8394 36
67.8421 36
67.8422 36
67.8423 36
67.8435 41
67.8436 36
67.8473 36
67.8474 36
67.8475 36
67.8488 36
67.8515 36
67.8516 36
67.8517 36
67.8529 36
67.8573 37
67.8579 36
67.858 36
67.8582 36
67.8582 41
67.8584 36
67.8613 36
67.8614 36
67.8615 36
67.8626 36
67.8654 36
67.8655 36
67.8656 36
67.8674 36
67.8702 36
67.8703 36
67.8704 36
67.8705 36
67.8716 36
67.875 36
67.8752 36
67.8752 36
67.8762 36
67.879 36
67.8791 41
67.8793 36
67.884 37
67.885 36
67.8851 36
67.8852 36
67.8854 36
67.8885 36
67.8887 36
67.8888 35
67.889 41
67.8904 35
67.8935 35
67.8937 35
67.8938 35
67.896 35
67.8986 35
67.8987 36
67.8988 36
67.9023 36
67.9052 36
67.9053 36
67.9054 36
67.909 36
67.9117 36
67.9118 35
67.9119 35
67.9132 35
67.9133 35
67.9161 35
67.9162 40
67.9181 35
67.9182 36
67.9212 36
67.9213 36
67.9214 36
67.9226 36
67.9256 36
67.9258 35
67.9259 35
67.927 35
67.9297 35
67.9299 35
67.93 35
67.9321 35
67.9347 35
67.9348 35
67.935 35
67.9365 35
67.9392 35
67.9393 40
67.9394 35
67.9414 35
67.9416 35
67.9442 35
67.9443 35
67.9444 35
67.9458 35
67.9485 35
67.9486 35
67.9487 35
67.9499 35
67.95 35
67.9526 35
67.9527 35
67.9528 35
67.9541 35
67.9567 35
67.9568 35
67.9569 35
67.9582 40
67.9626 36
67.9628 35
67.963 35
67.963 35
67.9646 36
67.9678 36
67.968 35
67.9681 35
67.9695 35
67.9726 35
67.9727 35
67.9728 35
67.9742 35
67.9743 35
67.9769 35
67.977 35
67.9783 35
67.9784 35
67.9809 35
67.981 40
67.9811 35
67.9825 35
67.9854 35
67.9855 35
67.9856 36
67.987 36
67.9903 35
67.9904 35
67.9905 35
67.9922 35
67.9923 35
67.9954 35
67.9955 35
67.9956 35
67.9969 35
68.0002 35
68.0003 35
68.0004 35
68.0045 35
68.007 40
68.0071 35
68.0072 35
68.0088 35
68.0123 35
68.0146 35
68.0148 35
68.0149 35
68.015 35
68.0179 35
68.018 35
68.0182 35
68.0198 35
68.0233 35
68.0234 35
68.0235 35
68.0278 36
68.0291 35
68.0292 35
68.0293 35
68.0294 40
68.0326 35
68.0327 35
68.0328 35
68.0347 35
68.0377 35
68.0378 35
68.0379 35
68.0381 35
68.0395 35
68.0423 35
68.0424 35
68.0425 35
68.0435 35
68.0464 35
68.0465 35
68.0466 35
68.0476 35
68.0477 35
68.0512 35
68.0513 40
68.0514 35
68.053 35
68.0559 35
68.056 35
68.0561 35
68.0571 36
68.0599 36
68.06 35
68.0601 35
68.0622 35
68.0623 35
68.0673 36
68.0674 35
68.0675 35
68.0676 35
68.0706 35
68.0707 35
68.0709 35
68.0722 35
68.0723 40
68.0751 35
68.0752 35
68.0753 35
68.0764 35
68.0793 35
68.0794 35
68.0795 35
68.0812 36
68.084 36
68.0841 36
68.0842 36
68.0853 36
68.0854 35
68.0883 35
68.0884 35
68.0885 35
68.0896 35
68.0924 35
68.0925 35
68.0926 40
68.0942 35
68.0974 35
68.0975 35
68.0976 35
68.0987 35
68.1015 35
68.1016 35
68.1017 35
68.1054 35
68.1095 35
68.1096 35
68.1097 35
68.1108 35
68.1109 35
68.1136 35
68.1137 35
68.1138 35
68.12 36
68.1202 35
68.1203 40
68.1204 35
68.1236 35
68.1237 35
68.1238 35
68.1248 36
68.128 36
68.1281 36
68.1282 36
68.1293 35
68.1326 35
68.1327 35
68.1328 35
68.1329 35
68.1344 35
68.1371 35
68.1372 35
68.1373 35
68.1391 35
68.1419 35
68.142 40
68.1421 35
68.1432 35
68.1433 35
68.1464 35
68.1465 35
68.1466 35
68.1477 35
68.1512 35
68.1513 35
68.1514 35
68.1526 35
68.1558 35
68.1559 35
68.156 35
68.1561 35
68.1571 35
68.1603 35
68.1604 35
68.1605 35
68.1615 40
68.1643 35
68.1644 35
68.1645 35
68.1664 35
68.1665 36
68.1693 36
68.1714 36
68.1715 35
68.1716 35
68.1744 35
68.1745 35
68.1746 35
68.1765 35
68.1793 35
68.1794 35
68.1795 35
68.1807 35
68.1837 35
68.1838 35
68.184 40
68.1841 35
68.1841 32
68.1857 35
68.189 35
68.1891 35
68.1892 35
68.1905 35
68.1936 35
68.1937 35
68.1938 35
68.1959 35
68.1989 35
68.199 35
68.1991 35
68.2005 35
68.204 35
68.2042 35
68.2043 35
68.2076 35
68.2077 35
68.211 35
68.2111 40
68.2112 35
68.2123 35
68.2152 35
68.2153 35
68.2154 35
68.2164 35
68.2198 35
68.22 35
68.2201 35
68.2202 35
68.225 35
68.2251 35
68.2252 35
68.2254 35
68.2286 35
68.2287 35
68.2288 35
68.2309 35
68.2338 35
68.2339 40
68.234 35
68.2341 35
68.2355 35
68.2387 35
68.2388 35
68.2389 35
68.24 35
68.2433 35
68.2434 35
68.2435 35
68.2446 35
68.2447 35
68.2474 35
68.2475 35
68.2476 35
68.2494 35
68.2531 35
68.2532 35
68.2532 35
68.2545 40
68.2573 35
68.2574 35
68.2575 35
68.2576 35
68.2587 36
68.2623 36
68.2625 36
68.2626 35
68.2637 35
68.2669 35
68.267 35
68.2671 35
68.2681 35
68.2682 35
68.271 35
68.2711 35
68.2711 35
68.2729 35
68.2763 35
68.2764 40
68.2765 35
68.2781 35
68.2821 35
68.2822 35
68.2823 35
68.2834 35
68.2835 35
68.2864 35
68.2865 35
68.2866 35
68.2877 35
68.2909 35
68.291 35
68.2911 35
68.2921 35
68.2954 35
68.2955 35
68.2956 35
68.2969 35
68.2997 40
68.2998 35
68.2999 35
68.301 35
68.305 35
68.3051 35
68.3052 35
68.3053 36
68.3064 35
68.3109 36
68.3121 35
68.3122 35
68.3123 35
68.3134 35
68.3166 35
68.3167 35
68.3168 35
68.3181 35
68.3208 35
68.3209 35
68.321 40
68.3222 35
68.3248 35
68.3249 35
68.325 35
68.3265 35
68.3306 35
68.3307 36
68.3308 36
68.331 36
68.3341 35
68.3342 35
68.3343 35
68.3354 35
68.3383 35
68.3384 35
68.3385 35
68.3395 35
68.3431 35
68.3432 35
68.3433 40
68.3444 35
68.3473 35
68.3474 35
68.3475 35
68.3476 35
68.3486 35
68.3516 36
68.3517 36
68.3518 36
68.3528 36
68.3557 35
68.3559 35
68.356 35
68.3569 35
68.3571 35
68.3606 35
68.3607 35
68.3608 35
68.3623 35
68.3653 40
68.3654 35
68.3655 35
68.3666 35
68.3694 35
68.3695 35
68.3696 35
68.3712 35
68.3713 35
68.3744 35
68.3745 35
68.3746 35
68.3762 35
68.3795 35
68.3817 35
68.3818 35
68.3819 35
68.3846 35
68.3848 35
68.3849 35
68.386 40
68.3861 35
68.3892 35
68.3894 35
68.3895 35
68.3906 35
68.3933 36
68.3934 36
68.3935 36
68.395 36
68.3979 36
68.398 35
68.3981 35
68.3992 35
68.4019 35
68.402 35
68.4021 35
68.404 35
68.4041 35
68.407 35
68.4071 40
68.4072 35
68.4083 35
68.4129 36
68.414 35
68.4142 36
68.4143 36
68.4158 36
68.4187 35
68.4189 35
68.419 35
68.4202 35
68.423 35
68.4231 35
68.4232 35
68.4248 35
68.4276 35
68.4277 35
68.4278 35
68.4279 35
68.429 40
68.4318 35
68.4319 35
68.4344 35
68.4345 35
68.4371 35
68.4372 35
68.4373 35
68.4388 35
68.439 35
68.4422 35
68.4423 35
68.4425 35
68.4438 35
68.4468 35
68.4469 35
68.447 35
68.4513 36
68.4521 35
68.4522 35
68.4524 40
68.4535 35
68.4566 35
68.4567 35
68.4568 35
68.4584 35
68.4609 35
68.461 35
68.4611 35
68.4633 35
68.4635 35
68.4662 35
68.4663 35
68.4664 35
68.4676 35
68.4704 35
68.4705 35
68.4706 35
68.4717 35
68.4718 35
68.4749 40
68.4751 35
68.4752 35
68.4752 41
68.4767 35
68.4797 35
68.4798 35
68.4799 35
68.4815 35
68.4842 35
68.4843 35
68.486 35
68.4861 35
68.4892 35
68.4893 35
68.4894 35
68.4915 35
68.4917 35
68.4944 35
68.4945 35
68.4946 35
68.4957 35
68.4984 35
68.4985 40
68.4986 35
68.4997 35
68.503 35
68.5031 35
68.5032 35
68.5042 35
68.5069 35
68.507 35
68.5071 35
68.5096 35
68.5097 35
68.5125 35
68.5126 35
68.5127 35
68.516 35
68.5194 35
68.5195 35
68.5197 35
68.5207 35
68.5236 40
68.5237 35
68.5238 36
68.5248 36
68.5275 35
68.5277 35
68.5278 35
68.5289 35
68.529 35
68.5316 35
68.5317 35
68.5318 35
68.533 35
68.5374 35
68.5396 35
68.5397 35
68.5398 35
68.5399 35
68.5434 35
68.5435 35
68.5436 40
68.5445 35
68.5478 35
68.5479 35
68.548 35
68.5501 36
68.5502 36
68.5552 35
68.5553 35
68.5554 35
68.5556 35
68.5586 35
68.5587 35
68.5588 35
68.5608 35
68.5636 35
68.5637 35
68.5638 35
68.5656 35
68.5657 35
68.5692 40
68.5693 35
68.5694 35
68.5705 35
68.5732 35
68.5733 35
68.5734 36
68.5746 36
68.5747 36
68.5775 35
68.5776 35
68.5777 35
68.5793 35
68.582 35
68.5821 35
68.5822 35
68.5835 35
68.5861 35
68.5862 35
68.5863 35
68.5864 40
68.5931 36
68.5933 35
68.5934 35
68.5935 35
68.597 35
68.5971 35
68.5972 35
68.5982 35
68.6011 35
68.6012 35
68.6013 35
68.6029 35
68.603 35
68.6062 35
68.6063 35
68.6064 35
68.6077 35
68.6105 35
68.6106 35
68.6107 40
68.6116 35
68.6149 35
68.615 35
68.6151 35
68.619 36
68.6218 36
68.6219 36
68.6221 36
68.623 36
68.626 36
68.6262 36
68.6262 35
68.6263 35
68.6273 35
68.6301 35
68.6303 35
68.6304 35
68.6318 35
68.6347 35
68.6349 40
68.635 35
68.6359 35
68.6389 35
68.639 35
68.6391 35
68.6392 35
68.6401 35
68.6448 35
68.6449 35
68.645 35
68.6451 35
68.6453 35
68.6486 35
68.6488 35
68.6489 35
68.6502 35
68.6535 35
68.6536 35
68.6538 35
68.6555 40
68.6583 35
68.6584 35
68.6586 35
68.66 35
68.6601 35
68.663 35
68.6631 35
68.6632 35
68.6642 35
68.6675 35
68.6676 35
68.6677 35
68.669 35
68.6725 35
68.6727 35
68.6728 35
68.6729 35
68.6738 35
68.6767 35
68.6769 40
68.677 35
68.6778 35
68.6813 35
68.6814 35
68.6815 36
68.6828 36
68.6855 35
68.6856 35
68.6857 35
68.6858 35
68.6871 35
68.6901 35
68.6902 35
68.6903 35
68.6925 35
68.6976 35
68.6977 35
68.6978 35
68.6979 35
68.7012 40
68.7013 35
68.7014 35
68.7015 35
68.7032 35
68.7063 35
68.7064 35
68.7065 35
68.7079 35
68.7106 35
68.7108 35
68.7109 35
68.712 35
68.7151 35
68.7152 35
68.7153 35
68.7197 35
68.7198 35
68.7229 35
68.723 35
68.7232 40
68.7242 35
68.7269 35
68.7271 35
68.7272 35
68.7287 35
68.7324 35
68.7325 35
68.7326 35
68.7369 36
68.7371 35
68.7372 35
68.7373 35
68.7384 35
68.7416 35
68.7418 35
68.7419 35
68.7432 35
68.7464 35
68.7465 35
68.7466 40
68.7484 35
68.7485 35
68.7513 35
68.7514 35
68.7515 35
68.7525 35
68.7567 35
68.7568 35
68.7569 35
68.7579 35
68.758 35
68.7607 35
68.7608 35
68.7609 35
68.7619 35
68.7647 35
68.7648 35
68.7649 35
68.7669 35
68.7697 40
68.7698 35
68.7699 35
68.77 41
68.771 35
68.7739 36
68.774 36
68.7741 36
68.775 35
68.7779 35
68.778 35
68.7781 35
68.7791 1250
68.7792 1250
68.7793 82
68.7799 35
68.7826 35
68.7827 35
68.7828 35
68.7829 35
68.7849 35
68.7877 35
68.7878 35
68.788 35
68.7889 35
68.792 35
68.7921 40
68.7922 35
68.7934 36
68.796 36
68.7961 36
68.7963 36
68.7975 36
68.7976 35
68.8011 35
68.8012 35
68.8025 35
68.8026 35
68.8063 35
68.8064 35
68.8065 35
68.8077 35
68.8104 35
68.8105 35
68.8106 35
68.8123 35
68.8153 40
68.8154 35
68.8155 35
68.8168 35
68.8195 36
68.8196 36
68.8197 36
68.8232 36
68.8234 36
68.8264 35
68.8265 35
68.8266 35
68.8283 35
68.8313 35
68.8314 35
68.8315 35
68.8325 35
68.8326 1250
68.8359 35
68.836 35
68.8361 35
68.8374 40
68.8404 35
68.8405 35
68.8406 35
68.8418 35
68.8419 35
68.8446 35
68.8447 35
68.846 35
68.8461 35
68.8488 35
68.8489 35
68.849 35
68.8509 35
68.8556 36
68.8557 40
68.856 39
68.8562 35
68.8563 35
68.8594 35
68.8595 35
68.8596 35
68.8611 40
68.8612 35
68.864 35
68.8641 35
68.8642 35
68.8654 35
68.8681 35
68.8682 35
68.8683 35
68.8699 35
68.8731 36
68.8732 36
68.8733 35
68.8745 35
68.8779 35
68.878 35
68.8781 35
68.8793 35
68.8794 35
68.8827 35
68.8828 40
68.8829 35
68.8841 35
68.8869 35
68.8871 35
68.8872 35
68.8881 35
68.8883 35
68.8911 35
68.8912 35
68.8913 35
68.8924 36
68.8957 36
68.8959 35
68.896 35
68.8974 35
68.8999 35
68.9 35
68.9003 35
68.9019 170
68.902 35
68.9023 1246
68.9023 1250
68.9023 1250
68.9024 830
68.9024 322
68.9044 40
68.9072 35
68.9073 35
68.9074 35
68.9098 35
68.9099 35
68.91 35
68.9114 35
68.9115 35
68.914 35
68.9141 35
68.9154 35
68.9155 35
68.918 35
68.9181 35
68.9182 35
68.9198 35
68.9241 36
68.9266 35
68.9267 35
68.928 40
68.9281 35
68.9309 35
68.931 35
68.9311 35
68.9325 35
68.935 35
68.9351 35
68.9352 35
68.9373 35
68.9399 36
68.94 35
68.9401 35
68.942 35
68.9421 35
68.945 35
68.9451 35
68.9452 35
68.9476 35
68.9503 35
68.9504 40
68.9505 35
68.9525 35
68.9526 35
68.9552 35
68.9553 35
68.9554 35
68.9566 33
68.9566 33
68.9602 35
68.9603 35
68.9604 35
68.9606 35
68.9636 35
68.9637 35
68.9638 35
68.9648 35
68.9681 35
68.9682 35
68.9683 35
68.9703 35
68.9704 35
68.973 35
68.9743 40
68.9744 35
68.9745 35
68.9747 35
68.9775 35
68.9776 35
68.9777 35
68.9798 35
68.9828 35
68.9829 35
68.983 35
68.9841 35
68.9869 35
68.987 35
68.9871 35
68.9891 35
68.9892 35
68.9919 35
68.992 35
68.9921 35
68.9933 40
68.9965 35
68.9966 35
68.9967 35
68.9979 35
68.9982 32
69.001 35
69.0011 35
69.0012 35
69.0024 35
69.0051 35
69.0053 35
69.0054 35
69.0074 35
69.0075 35
69.0118 35
69.0119 35
69.0121 35
69.0122 35
69.0155 35
69.0156 35
69.0157 40
69.017 35
69.0204 35
69.0206 35
69.0207 35
69.0216 35
69.0217 35
69.0246 35
69.0248 35
69.0249 35
69.0282 35
69.0311 35
69.0312 35
69.0313 35
69.0323 35
69.0351 35
69.0353 35
69.0354 35
69.0375 35
69.0403 35
69.0404 40
69.0405 35
69.0416 35
69.0417 35
69.0444 35
69.0445 35
69.0447 35
69.0466 35
69.0495 35
69.0497 35
69.0498 35
69.0508 35
69.0541 35
69.0543 35
69.0544 35
69.0558 35
69.0559 35
69.0586 35
69.0587 35
69.0588 35
69.0608 40
69.0608 41
69.065 35
69.0651 35
69.0652 35
69.0682 35
69.0683 35
69.0684 35
69.0695 35
69.0724 35
69.0725 35
69.0726 35
69.0736 35
69.0737 35
69.0766 35
69.0767 35
69.0768 35
69.0779 35
69.0816 35
69.0817 35
69.0818 35
69.0828 40
69.0857 35
69.0858 35
69.0859 35
69.0871 35
69.0872 35
69.0904 35
69.0905 35
69.0906 35
69.092 35
69.0952 35
69.0953 35
69.0954 35
69.0967 35
69.0968 35
69.1 35
69.1001 35
69.1002 35
69.1014 35
69.1042 35
69.1043 40
69.1044 35
69.1055 35
69.109 35
69.1091 35
69.1092 35
69.1116 35
69.1147 35
69.1148 35
69.1172 35
69.1173 35
69.1174 35
69.12 35
69.1201 35
69.1213 35
69.1214 35
69.1241 35
69.1242 35
69.1243 35
69.1255 35
69.1299 41
69.1308 35
69.1309 35
69.1311 35
69.1322 35
69.135 35
69.1351 35
69.1352 35
69.1369 35
69.14 35
69.1401 35
69.1402 35
69.1414 35
69.1415 35
69.1446 35
69.1447 35
69.1449 35
69.1462 35
69.1489 35
69.1491 35
69.1492 40
69.1504 35
69.1531 35
69.1532 35
69.1534 35
69.1535 35
69.1546 35
69.158 35
69.1581 35
69.1582 35
69.1603 35
69.1632 35
69.1633 35
69.1634 35
69.1645 35
69.1646 35
69.169 36
69.1705 35
69.1706 35
69.1707 35
69.1739 40
69.174 35
69.1741 35
69.1742 35
69.1751 35
69.1784 35
69.1785 35
69.1786 35
69.1801 35
69.1831 35
69.1833 35
69.1834 35
69.1848 35
69.1849 35
69.1878 35
69.188 35
69.1881 35
69.1892 35
69.1925 35
69.1926 35
69.1928 40
69.1939 35
69.1967 35
69.1969 35
69.197 35
69.1989 35
69.1991 35
69.2018 35
69.2019 35
69.2031 35
69.2032 35
69.2075 35
69.2076 35
69.2077 35
69.2085 35
69.2119 35
69.2121 35
69.2122 35
69.2136 35
69.2138 35
69.217 1243
69.2171 1250
69.2171 1250
69.2171 251
69.2172 40
69.2173 35
69.2174 35
69.2184 35
69.2237 35
69.2238 35
69.2239 35
69.227 35
69.2271 35
69.2272 35
69.2286 35
69.2332 36
69.234 35
69.2342 35
69.2343 35
69.2353 35
69.2389 35
69.2391 35
69.2392 35
69.2402 35
69.2429 40
69.243 35
69.2431 35
69.2443 35
69.2474 35
69.2475 35
69.2476 35
69.2487 35
69.2488 35
69.2516 35
69.2517 35
69.2518 35
69.2528 35
69.2563 35
69.2565 35
69.2566 35
69.2576 35
69.2612 35
69.2613 35
69.2614 35
69.2626 40
69.2627 35
69.2634 1022
69.2635 1244
69.2635 1250
69.2635 1250
69.2635 1250
69.2635 1250
69.2636 1250
69.2636 1250
69.2636 1250
69.2636 1250
69.2654 35
69.2655 35
69.2656 35
69.2656 1250
69.2657 1250
69.2657 1250
69.2657 1250
69.2679 35
69.268 1192
69.2718 35
69.272 35
69.2737 35
69.2738 35
69.2764 35
69.2765 35
69.2766 35
69.2787 35
69.2788 35
69.2814 35
69.2815 35
69.2816 35
69.2829 35
69.2855 35
69.2856 40
69.2857 35
69.2869 35
69.2899 35
69.2901 35
69.2902 35
69.2923 35
69.295 36
69.2951 36
69.2952 35
69.2964 35
69.2966 35
69.2998 35
69.3 35
69.3018 35
69.302 35
69.3045 35
69.3047 35
69.3048 35
69.3065 35
69.3091 40
69.3092 35
69.3093 35
69.3107 35
69.3108 35
69.3109 38
69.3133 35
69.3134 35
69.3135 36
69.3161 36
69.3161 40
69.3186 35
69.3187 35
69.3202 35
69.3203 35
69.3229 35
69.3231 35
69.3232 35
69.3276 36
69.329 35
69.3291 35
69.3292 35
69.3294 35
69.3328 35
69.333 35
69.3331 35
69.3363 35
69.3399 36
69.3401 35
69.3402 35
69.3414 40
69.3445 35
69.3446 35
69.3447 35
69.3463 35
69.3464 35
69.3495 35
69.3496 35
69.3497 35
69.3517 35
69.3546 34
69.3548 35
69.3549 35
69.355 35
69.356 35
69.3561 41
69.3594 35
69.3595 35
69.3596 36
69.3612 36
69.364 36
69.3641 36
69.3642 36
69.3655 36
69.3682 36
69.3683 36
69.3684 35
69.3696 35
69.3697 35
69.3725 35
69.3726 35
69.3727 35
69.3738 35
69.3768 35
69.3769 35
69.379 40
69.3792 35
69.3793 35
69.3819 35
69.382 35
69.3821 35
69.3835 35
69.3862 35
69.3864 35
69.3865 35
69.3877 35
69.3904 35
69.3905 35
69.3906 35
69.3917 35
69.3918 35
69.3946 35
69.3947 35
69.3948 35
69.3969 35
69.4003 40
69.4004 35
69.4005 35
69.4015 35
69.4017 35
69.4048 35
69.405 35
69.4063 35
69.4064 35
69.4089 35
69.409 35
69.4132 35
69.4133 35
69.4146 38
69.4157 35
69.4159 35
69.4185 35
69.4186 35
69.4206 35
69.4208 35
69.4229 35
69.423 40
69.425 35
69.4251 35
69.4274 35
69.4275 35
69.4308 35
69.4309 35
69.431 35
69.4329 35
69.433 35
69.4375 36
69.438 35
69.4382 35
69.44 35
69.4402 35
69.4421 35
69.4422 35
69.4445 35
69.4446 35
69.4466 35
69.4468 40
69.4492 35
69.4493 35
69.4522 35
69.4523 35
69.4524 35
69.4539 35
69.4543 35
69.4544 35
69.4565 35
69.4566 35
69.4568 35
69.4595 35
69.4596 35
69.4618 35
69.4619 35
69.4643 35
69.4644 35
69.4645 35
69.4665 35
69.4666 35
69.4687 35
69.4688 40
69.471 35
69.4711 35
69.4729 35
69.473 35
69.475 35
69.4751 35
69.4752 35
69.4775 35
69.4777 35
69.48 35
69.4801 35
69.4836 35
69.4837 35
69.4858 35
69.4859 35
69.4877 35
69.4878 35
69.4899 35
69.49 35
69.4901 40
69.4918 35
69.4919 35
69.4941 35
69.4942 35
69.4964 35
69.4966 35
69.4993 35
69.4994 35
69.5014 35
69.5015 35
69.504 35
69.5041 35
69.5043 35
69.5074 35
69.5096 35
69.5097 35
69.5098 35
69.5114 35
69.5116 35
69.5141 40
69.5142 35
69.5159 35
69.516 35
69.5183 35
69.5184 35
69.5202 35
69.5203 35
69.5237 35
69.5239 35
69.524 35
69.527 35
69.5271 35
69.5293 35
69.5294 35
69.5311 35
69.5312 35
69.5335 35
69.5336 35
69.538 36
69.5394 40
69.5395 35
69.5419 35
69.542 35
69.5439 35
69.544 35
69.5461 35
69.5462 35
69.5483 35
69.5484 35
69.551 35
69.5511 35
69.5512 35
69.5528 35
69.553 35
69.5559 35
69.556 35
69.5577 35
69.5578 35
69.5599 35
69.56 40
69.5626 35
69.5627 35
69.5649 35
69.565 35
69.5651 35
69.5669 35
69.567 35
69.571 35
69.5711 35
69.5737 35
69.5738 35
69.5759 35
69.576 35
69.5761 35
69.5779 35
69.578 35
69.5826 35
69.5827 35
69.5845 35
69.5846 40
69.5867 35
69.5903 35
69.5904 35
69.5905 35
69.5937 36
69.5938 36
69.5939 35
69.594 35
69.5958 35
69.5986 35
69.5987 35
69.5988 35
69.6002 35
69.6035 35
69.6037 35
69.6038 35
69.6047 35
69.6048 35
69.6075 35
69.6076 40
69.6078 35
69.61 35
69.6127 35
69.6128 35
69.6129 35
69.6143 35
69.6193 36
69.6199 35
69.62 35
69.6201 35
69.6202 35
69.6235 35
69.6236 35
69.6237 35
69.6247 35
69.6277 35
69.6279 35
69.628 35
69.629 35
69.6319 40
69.632 35
69.6321 35
69.6331 35
69.6332 35
69.6366 36
69.6368 36
69.6369 36
69.6379 36
69.6423 37
69.6437 36
69.6438 36
69.6439 36
69.6451 36
69.6496 36
69.6497 36
69.6498 36
69.6499 35
69.6532 35
69.6533 35
69.6534 40
69.655 35
69.6551 35
69.6552 32
69.6579 35
69.658 35
69.6581 36
69.6592 36
69.6621 36
69.6622 36
69.6623 36
69.6636 36
69.6663 36
69.6664 36
69.6665 36
69.6676 36
69.6678 35
69.6706 35
69.6707 35
69.6708 35
69.672 35
69.6747 35
69.6749 35
69.675 40
69.6759 35
69.6808 36
69.6813 36
69.6814 36
69.6815 36
69.6849 36
69.685 36
69.6851 36
69.686 36
69.6861 36
69.6889 36
69.6891 36
69.6892 36
69.6901 36
69.6943 36
69.6944 36
69.6946 36
69.6947 35
69.6957 35
69.6992 40
69.6993 35
69.6994 35
69.7005 35
69.7034 36
69.7036 36
69.7037 36
69.7058 36
69.7059 36
69.7087 36
69.7089 36
69.709 36
69.7099 36
69.7132 36
69.7133 36
69.7134 36
69.7145 36
69.7146 36
69.7174 36
69.7176 36
69.7177 41
69.7186 36
69.7215 36
69.7216 36
69.7249 36
69.725 36
69.7286 36
69.7287 36
69.7288 36
69.7289 36
69.7299 36
69.7327 36
69.7329 36
69.7343 36
69.7345 36
69.7372 35
69.7373 35
69.7374 35
69.7389 35
69.7419 35
69.742 40
69.7421 35
69.7456 35
69.7483 35
69.7484 35
69.7485 35
69.7497 35
69.7541 37
69.7543 36
69.7545 36
69.7546 36
69.7557 36
69.7594 36
69.7595 36
69.7596 36
69.7611 36
69.7646 36
69.7647 36
69.7648 36
69.7658 35
69.7693 40
69.7694 35
69.7695 35
69.7708 35
69.7709 35
69.7737 35
69.7738 35
69.7739 35
69.775 35
69.7778 35
69.7779 35
69.778 36
69.7791 36
69.7821 36
69.7847 36
69.7848 36
69.7849 36
69.785 36
69.7882 36
69.7883 36
69.7885 41
69.7894 35
69.793 35
69.7932 35
69.7933 35
69.7944 35
69.7972 35
69.7996 35
69.7997 36
69.7998 36
69.8026 36
69.8028 36
69.8029 36
69.803 36
69.8039 36
69.8068 36
69.8068 36
69.8069 36
69.8094 36
69.8121 36
69.8122 41
69.8123 36
69.8135 36
69.8136 36
69.817 36
69.8171 36
69.8172 36
69.8184 36
69.8216 35
69.8217 35
69.8218 36
69.8232 36
69.8259 36
69.826 36
69.8261 36
69.8306 36
69.8307 36
69.8342 36
69.8343 36
69.8344 36
69.8355 41
69.8356 36
69.8384 36
69.8386 36
69.8387 36
69.8431 36
69.8432 36
69.8482 36
69.8483 36
69.8484 36
69.8485 36
69.8499 36
69.8543 37
69.8579 36
69.858 36
69.8581 36
69.8585 36
69.8613 36
69.8615 36
69.8616 36
69.8635 41
69.8664 36
69.8665 36
69.8666 36
69.868 36
69.8705 36
69.8706 36
69.8707 36
69.873 36
69.8756 36
69.8758 36
69.8759 36
69.8771 36
69.8772 36
69.8802 36
69.8803 36
69.8804 36
69.882 36
69.8848 36
69.885 36
69.8851 41
69.8861 36
69.8888 36
69.8889 36
69.8891 36
69.8906 36
69.8907 36
69.8935 36
69.8937 36
69.8952 36
69.8954 36
69.8983 36
69.8984 36
69.8985 36
69.8997 36
69.9024 36
69.9047 36
69.9049 36
69.905 36
69.9052 36
69.9082 41
69.9084 36
69.9085 36
69.9095 36
69.9148 37
69.9185 36
69.9186 36
69.9187 36
69.9189 36
69.9226 36
69.9227 36
69.9228 36
69.9238 36
69.9273 36
69.9275 36
69.9276 36
69.9277 36
69.9288 36
69.9319 36
69.9336 36
69.9337 41
69.9338 36
69.9368 36
69.9369 36
69.9371 36
69.938 36
69.9381 36
69.9417 36
69.9418 36
69.9419 36
69.9429 36
69.9458 36
69.9459 36
69.946 36
69.9498 36
69.9526 36
69.9527 36
69.9529 36
69.954 36
69.9541 36
69.9568 41
69.957 36
69.958 36
69.9581 36
69.9609 36
69.961 36
69.9611 42
69.9661 36
69.9705 37
69.9752 36
69.9753 36
69.9754 36
69.9764 36
69.9792 36
69.9793 36
69.9794 36
69.9809 36
69.984 36
69.9841 36
69.9842 36
69.9861 36
69.989 36
69.9891 36
69.9892 36
69.9908 36
69.9949 36
69.9951 41
69.9952 36
69.9953 36
69.9986 36
69.9987 36
69.9988 36
69.9998 36
70.0031 36
70.0032 36
70.0033 36
70.0048 36
70.0078 36
70.0097 36
70.0098 36
70.01 36
70.0101 36
70.013 36
70.0131 36
70.0132 36
70.0149 36
70.0178 41
70.0179 36
70.018 36
70.0196 36
70.0228 36
70.0229 36
70.023 36
70.0231 36
70.0249 36
70.0277 36
70.0278 36
70.0279 36
70.0292 36
70.032 36
70.0321 36
70.0322 36
70.0336 36
70.0337 36
70.0367 36
70.0368 36
70.0392 41
70.0393 36
70.042 36
70.0421 36
70.0423 36
70.0433 36
70.0468 36
70.0469 36
70.047 36
70.0471 36
70.0507 36
70.0535 36
70.0536 36
70.0537 36
70.0549 36
70.0576 36
70.0577 36
70.0578 36
70.0589 36
70.0623 36
70.0624 41
70.0625 36
70.0639 36
70.0664 35
70.0665 35
70.0689 35
70.069 35
70.0716 35
70.0717 35
70.0718 35
70.0729 36
70.0756 36
70.0757 36
70.0758 36
70.077 36
70.0771 36
70.0771 32
70.0803 36
70.0804 36
70.0819 36
70.0821 36
70.0853 35
70.0854 35
70.0855 35
70.0868 35
70.0895 36
70.0896 36
70.0897 36
70.0909 36
70.0939 36
70.094 36
70.0941 36
70.0957 36
70.0958 36
70.0996 36
70.0997 36
70.0998 41
70.1011 36
70.1038 36
70.1039 36
70.104 36
70.1053 36
70.1055 36
70.1081 35
70.1082 35
70.1083 35
70.1099 35
70.1142 36
70.118 35
70.1181 36
70.1182 36
70.1184 36
70.1219 36
70.122 36
70.1221 36
70.1233 36
70.1261 41
70.1262 36
70.1263 35
70.1274 35
70.1275 35
70.1328 36
70.1331 35
70.1332 35
70.1333 35
70.1378 36
70.1425 35
70.1426 36
70.1427 36
70.143 36
70.1464 36
70.1465 36
70.1466 36
70.1476 35
70.1504 35
70.1506 35
70.1507 40
70.1538 35
70.1567 35
70.1569 35
70.157 35
70.1582 36
70.1614 36
70.1616 36
70.1617 36
70.1631 36
70.1659 36
70.166 36
70.1662 36
70.1673 35
70.1699 35
70.17 35
70.1701 35
70.1729 35
70.173 35
70.1757 35
70.1758 40
70.1759 35
70.1775 35
70.18 35
70.1801 35
70.1802 35
70.1821 35
70.185 35
70.1851 35
70.1852 35
70.187 35
70.1894 35
70.1895 35
70.1896 35
70.1916 35
70.1917 35
70.1943 35
70.1944 35
70.1945 35
70.1958 35
70.1987 40
70.1988 35
70.1989 35
70.2003 35
70.2043 35
70.2044 35
70.2045 35
70.2058 36
70.2059 36
70.2089 36
70.209 36
70.2116 36
70.2118 36
70.2143 36
70.2144 36
70.2146 36
70.219 36
70.2199 35
70.22 35
70.2201 35
70.2203 40
70.2234 35
70.2235 35
70.2236 35
70.2246 35
70.2277 35
70.2278 35
70.228 35
70.2294 35
70.2325 36
70.2326 35
70.2327 35
70.2341 35
70.2372 35
70.2373 35
70.2374 35
70.2409 35
70.2411 35
70.2412 35
70.2413 35
70.2425 40
70.2454 35
70.2455 35
70.2456 35
70.2477 35
70.2507 35
70.2508 35
70.2509 35
70.252 35
70.2564 36
70.2573 35
70.2574 35
70.2576 35
70.259 35
70.2627 35
70.2629 35
70.263 35
70.2657 35
70.2686 35
70.2688 35
70.2689 40
70.2699 35
70.27 35
70.2731 35
70.2732 35
70.2733 35
70.2745 35
70.2775 35
70.2795 36
70.2796 36
70.2797 36
70.2798 41
70.2834 35
70.2835 35
70.2836 35
70.2846 35
70.2876 35
70.2877 35
70.2878 35
70.2888 35
70.2919 35
70.292 35
70.2921 35
70.2922 35
70.2938 35
70.2967 35
70.2968 35
70.2969 35
70.2989 36
70.3018 36
70.3019 36
70.302 41
70.3031 35
70.3032 35
70.3067 35
70.3069 35
70.3089 35
70.309 35
70.3116 35
70.3117 35
70.3119 35
70.3131 35
70.3158 35
70.316 35
70.3161 35
70.3162 35
70.3172 35
70.3201 35
70.3202 36
70.3203 36
70.3241 36
70.3269 41
70.327 36
70.3271 36
70.3287 36
70.3288 36
70.3316 36
70.3317 36
70.3318 36
70.3336 35
70.337 35
70.3371 35
70.3372 35
70.3384 35
70.3419 35
70.342 35
70.3421 35
70.3434 35
70.3464 35
70.3465 35
70.3466 35
70.3467 40
70.3481 35
70.3513 35
70.3515 35
70.3534 35
70.3535 36
70.3565 36
70.3567 36
70.3568 36
70.3605 36
70.3635 35
70.3636 35
70.3637 35
70.3648 35
70.3677 35
70.3678 35
70.3679 35
70.369 35
70.3692 35
70.3718 35
70.3719 40
70.372 35
70.3741 35
70.3769 35
70.377 35
70.3771 35
70.3794 35
70.3821 36
70.3843 36
70.3845 36
70.3846 36
70.3847 36
70.3879 36
70.388 36
70.3881 35
70.3891 35
70.3922 35
70.3923 35
70.3924 35
70.3935 35
70.397 40
70.3971 35
70.3972 35
70.3983 35
70.4011 35
70.4012 36
70.4013 36
70.4031 36
70.4033 36
70.4086 37
70.4097 36
70.4098 36
70.4099 36
70.4143 37
70.4156 36
70.4157 35
70.4158 35
70.4162 35
70.4173 1243
70.4174 1250
70.4174 722
70.4193 35
70.4194 35
70.4195 40
70.4214 35
70.4246 35
70.4247 35
70.4248 35
70.4249 36
70.4303 36
70.4304 36
70.4305 36
70.4307 36
70.4337 36
70.4338 36
70.4339 36
70.4352 36
70.4383 35
70.4384 35
70.4385 35
70.4405 35
70.4406 35
70.4438 35
70.4439 40
70.444 35
70.4453 35
70.4485 35
70.4486 35
70.4487 35
70.4499 36
70.4528 36
70.453 36
70.4531 36
70.4543 36
70.457 36
70.4572 36
70.4617 36
70.4619 36
70.462 36
70.4649 36
70.4651 36
70.4652 36
70.4668 36
70.4669 41
70.4694 36
70.4696 36
70.4697 35
70.4713 35
70.474 35
70.4741 35
70.4742 35
70.476 35
70.4793 35
70.4794 35
70.4795 36
70.4808 36
70.4809 36
70.4845 36
70.4846 36
70.4858 36
70.4859 36
70.49 36
70.4901 36
70.4934 41
70.4935 35
70.4936 35
70.4937 35
70.4951 35
70.498 35
70.4981 35
70.4983 35
70.4994 35
70.502 40
70.5022 35
70.5023 35
70.5034 34
70.5062 34
70.5063 34
70.5064 34
70.5065 35
70.5077 35
70.5103 34
70.5105 35
70.5106 35
70.5126 35
70.5154 35
70.5155 35
70.5156 35
70.5202 35
70.5204 35
70.5205 35
70.5206 40
70.5207 35
70.5243 35
70.5244 35
70.5245 35
70.5256 35
70.5288 35
70.529 35
70.5291 35
70.5292 35
70.5336 36
70.5344 35
70.5345 35
70.5357 35
70.5359 35
70.5387 35
70.539 35
70.5391 35
70.5412 35
70.5438 35
70.5439 35
70.544 35
70.5452 35
70.5453 35
70.5486 35
70.5488 35
70.55 40
70.5501 35
70.553 35
70.5532 35
70.5533 35
70.5549 35
70.5576 35
70.5578 35
70.5579 35
70.5591 35
70.5643 35
70.5644 35
70.5645 35
70.5646 35
70.5669 35
70.5694 36
70.5701 40
70.5702 35
70.5703 35
70.5714 35
70.5741 35
70.5742 35
70.5743 35
70.5755 35
70.5783 35
70.5784 35
70.5785 35
70.5804 35
70.5806 35
70.5835 35
70.5836 40
70.5849 35
70.5878 35
70.588 35
70.5881 35
70.5882 35
70.5926 36
70.594 35
70.5942 35
70.5943 35
70.5959 35
70.5992 35
70.5994 35
70.5995 35
70.5996 35
70.6038 35
70.6039 35
70.604 35
70.6058 1245
70.6058 1250
70.6058 710
70.6059 35
70.606 35
70.6122 35
70.6124 35
70.6125 35
70.6135 35
70.6163 40
70.6164 35
70.6165 35
70.6183 35
70.6184 41
70.6213 35
70.6215 36
70.623 36
70.6231 36
70.6265 35
70.6266 35
70.6268 35
70.6278 35
70.6306 35
70.6307 35
70.6308 35
70.6332 35
70.6334 35
70.6362 35
70.6364 35
70.6389 35
70.639 35
70.6417 35
70.6418 35
70.6419 40
70.6436 35
70.6464 35
70.6465 35
70.6466 35
70.6477 35
70.6509 35
70.651 35
70.6511 35
70.6522 35
70.6524 35
70.6551 35
70.6552 35
70.6553 35
70.6564 35
70.6592 35
70.6593 35
70.6594 35
70.6607 35
70.6658 36
70.6668 40
70.6687 35
70.6688 35
70.6689 35
70.6717 36
70.6718 35
70.6738 35
70.6739 35
70.6775 35
70.6776 35
70.6777 35
70.6779 35
70.681 35
70.6811 35
70.6812 35
70.6825 35
70.6851 35
70.6852 35
70.6853 35
70.6866 35
70.6867 41
70.6898 40
70.69 35
70.6901 35
70.6902 35
70.6916 35
70.6947 35
70.6948 35
70.6949 35
70.6959 35
70.7001 35
70.7002 35
70.7003 35
70.7033 35
70.7035 35
70.7036 35
70.7053 35
70.7054 35
70.7085 35
70.7086 35
70.7087 35
70.7098 40
70.7134 35
70.7135 35
70.7136 35
70.7147 35
70.7148 35
70.7176 35
70.7177 35
70.7178 35
70.719 35
70.7218 35
70.7219 35
70.722 35
70.7231 35
70.7258 35
70.7259 35
70.726 35
70.7279 35
70.7281 35
70.7308 35
70.731 40
70.7311 35
70.7322 35
70.7351 35
70.7352 35
70.7353 35
70.7365 35
70.7392 35
70.7394 35
70.7396 35
70.7407 35
70.7437 35
70.7438 35
70.7439 35
70.745 35
70.7452 35
70.748 35
70.7481 35
70.7482 35
70.7494 35
70.7535 40
70.758 36
70.7677 35
70.7699 35
70.7721 35
70.7722 35
70.7742 35
70.7744 35
70.7775 35
70.7777 35
70.7778 35
70.7791 35
70.7824 35
70.7826 35
70.7827 35
70.784 35
70.7872 35
70.7874 35
70.7875 35
70.7876 35
70.7907 40
70.7908 35
70.7922 35
70.7923 35
70.7974 36
70.7977 35
70.7978 35
70.7979 35
70.7981 35
70.8011 35
70.8013 35
70.8014 35
70.8027 35
70.8057 35
70.8058 35
70.8059 35
70.8072 35
70.8104 35
70.8106 35
70.8107 35
70.8108 40
70.8118 35
70.8149 35
70.815 35
70.8152 35
70.8163 35
70.8196 35
70.8198 35
70.8199 35
70.8215 35
70.8243 35
70.8244 35
70.8265 35
70.8266 35
70.8267 35
70.8294 35
70.8295 35
70.8296 35
70.8316 35
70.8344 35
70.8346 40
70.8347 35
70.836 35
70.8395 35
70.8397 35
70.8398 35
70.8409 35
70.841 35
70.8438 35
70.844 35
70.854 35
70.8569 35
70.857 35
70.8571 35
70.8615 36
70.8625 35
70.8666 35
70.8668 35
70.8712 36
70.8716 35
70.8745 40
70.8746 35
70.8747 35
70.8761 35
70.879 35
70.8791 35
70.8792 35
70.8805 35
70.8806 35
70.883 35
70.8832 35
70.8846 35
70.8847 35
70.8881 35
70.8883 35
70.8884 35
70.8897 35
70.8924 35
70.895 35
70.8951 35
70.8952 40
70.8954 35
70.8989 35
70.899 35
70.8991 35
70.8992 40
70.9004 35
70.9032 35
70.9033 35
70.9034 35
70.9045 35
70.9078 35
70.9079 35
70.908 35
70.9089 35
70.909 35
70.9126 35
70.9128 35
70.9129 35
70.9139 35
70.9174 35
70.9175 35
70.9176 35
70.9188 35
70.9216 35
70.9217 40
70.9244 35
70.9246 35
70.9247 35
70.9278 35
70.9279 35
70.9298 35
70.9299 35
70.9335 35
70.9336 35
70.9337 35
70.9349 35
70.9381 35
70.9382 35
70.9383 35
70.9395 35
70.9431 35
70.9432 35
70.9434 35
70.9435 41
70.9447 35
70.9477 35
70.9479 35
70.948 35
70.9498 35
70.9526 35
70.9544 35
70.9545 35
70.9546 35
70.9579 35
70.958 35
70.9581 35
70.9582 35
70.9603 35
70.9632 35
70.9634 35
70.9635 35
70.9647 35
70.9678 35
70.9679 40
70.968 35
70.9698 35
70.9742 36
70.9752 35
70.9753 35
70.9754 35
70.9766 35
70.9792 35
70.9794 35
70.9795 35
70.9826 35
70.9852 35
70.9854 35
70.9855 35
70.9867 35
70.9868 35
70.9898 35
70.9899 35
70.99 35
70.9912 40
70.9946 35
70.9948 35
70.9949 35
70.9961 35
70.9988 35
70.9989 35
70.999 35
70.9991 35
71.0008 35
71.0042 35
71.0043 35
71.0044 35
71.0056 35
71.009 35
71.0091 35
71.0092 35
71.0103 35
71.0105 35
71.0136 35
71.0137 40
71.0138 35
71.0153 35
71.0181 35
71.0182 35
71.0183 35
71.0195 35
71.0227 35
71.0228 35
71.0229 35
71.023 35
71.024 35
71.0268 35
71.0269 35
71.027 35
71.0288 35
71.0317 35
71.0319 35
71.032 35
71.0332 35
71.0375 40
71.0376 35
71.0377 35
71.0389 35
71.039 35
71.0423 35
71.0442 35
71.0444 35
71.0445 35
71.0476 35
71.0478 35
71.0479 35
71.0501 35
71.0529 35
71.0531 35
71.0532 35
71.0543 35
71.0544 35
71.057 35
71.0593 35
71.0595 40
71.0596 35
71.0621 35
71.0622 35
71.0623 35
71.0635 35
71.0679 36
71.068 35
71.0681 35
71.0682 35
71.0713 35
71.0714 35
71.0758 36
71.0759 35
71.076 35
71.0788 35
71.0789 35
71.0814 35
71.0815 35
71.0842 35
71.0843 40
71.0844 35
71.0858 35
71.0892 35
71.0893 35
71.0894 35
71.0928 35
71.0929 35
71.093 35
71.0977 36
71.0978 35
71.0979 35
71.098 35
71.0982 35
71.1012 35
71.1013 35
71.1039 35
71.1041 35
71.1067 35
71.1068 35
71.1069 40
71.1079 35
71.1112 35
71.1113 35
71.1114 35
71.1133 35
71.1134 35
71.1162 35
71.1163 35
71.1186 35
71.1187 35
71.1214 35
71.1215 35
71.1216 35
71.1232 35
71.1233 35
71.126 35
71.1261 35
71.1262 35
71.1272 35
71.1313 40
71.1314 35
71.1315 35
71.1334 35
71.1362 35
71.1364 35
71.1365 35
71.1377 35
71.1378 35
71.1406 35
71.1408 35
71.1409 35
71.1424 35
71.1455 35
71.1456 35
71.1457 35
71.1473 35
71.1507 35
71.1508 35
71.1509 35
71.1521 40
71.1522 35
71.155 35
71.1551 35
71.1552 35
71.1567 35
71.1594 35
71.1595 35
71.1596 35
71.1612 35
71.1641 35
71.1642 35
71.1643 35
71.1659 35
71.169 35
71.1691 35
71.171 35
71.1711 35
71.1712 35
71.1738 35
71.174 40
71.1741 35
71.1776 35
71.181 35
71.1811 35
71.1812 35
71.1833 36
71.186 36
71.1861 36
71.1862 36
71.1874 36
71.1875 35
71.1901 35
71.1903 35
71.1923 35
71.1924 35
71.1951 35
71.1952 35
71.1953 35
71.1965 35
71.1998 40
71.2 35
71.2001 35
71.2045 36
71.2047 35
71.2048 35
71.2049 35
71.2057 36
71.2099 36
71.21 35
71.2101 35
71.2138 35
71.2139 35
71.214 35
71.215 35
71.2151 35
71.2179 35
71.218 35
71.2181 35
71.2197 35
71.2225 40
71.2253 35
71.2255 35
71.2256 35
71.2293 35
71.2294 35
71.2295 36
71.2296 36
71.2307 36
71.2336 36
71.2338 36
71.2339 35
71.2349 35
71.2378 35
71.2379 35
71.238 35
71.239 35
71.2392 35
71.2432 35
71.2433 35
71.2434 40
71.2445 35
71.2446 41
71.2478 35
71.2479 35
71.248 35
71.249 36
71.2523 36
71.2546 36
71.2547 36
71.2548 36
71.2578 36
71.2579 36
71.258 36
71.2593 36
71.2594 36
71.2623 35
71.2632 35
71.2633 35
71.2643 35
71.2673 35
71.2674 35
71.2675 40
71.2689 35
71.2717 35
71.2719 35
71.272 35
71.2737 36
71.2763 36
71.2764 36
71.2765 36
71.2808 36
71.281 36
71.2846 35
71.2847 35
71.2848 35
71.2865 35
71.2891 35
71.2892 35
71.2893 35
71.2912 35
71.2939 35
71.294 40
71.2941 35
71.2964 35
71.3008 36
71.3026 35
71.3027 35
71.3029 35
71.3039 35
71.3067 35
71.3069 35
71.3069 35
71.308 35
71.3107 35
71.3108 35
71.3109 35
71.3139 35
71.3168 35
71.3169 35
71.317 35
71.3179 35
71.318 40
71.3213 35
71.3214 35
71.3215 35
71.3229 35
71.326 35
71.3261 35
71.3262 35
71.3278 35
71.3321 35
71.3322 35
71.3323 35
71.3324 35
71.3336 35
71.3373 35
71.3374 35
71.3375 35
71.3386 35
71.3417 35
71.3419 35
71.342 40
71.343 35
71.3431 35
71.3467 35
71.3468 35
71.3469 35
71.3481 35
71.3512 35
71.3513 35
71.3515 35
71.3538 35
71.3565 35
71.3566 35
71.3589 35
71.359 35
71.3616 35
71.3617 35
71.3618 35
71.363 35
71.3631 35
71.3665 40
71.3667 35
71.3668 35
71.3679 35
71.3708 35
71.371 35
71.3711 35
71.3723 35
71.3749 35
71.375 35
71.3751 35
71.3764 35
71.3791 35
71.3792 35
71.3793 35
71.3836 35
71.3837 35
71.3864 35
71.3866 35
71.3884 35
71.3885 40
71.3917 35
71.3918 35
71.3919 35
71.393 35
71.3961 35
71.3962 35
71.3963 35
71.3978 35
71.3979 35
71.401 35
71.4011 35
71.4012 35
71.4027 35
71.4057 35
71.4058 35
71.4059 35
71.4074 35
71.4075 35
71.4105 35
71.4106 40
71.4124 35
71.4126 35
71.4154 35
71.4156 35
71.4157 35
71.4201 35
71.4202 36
71.4204 36
71.4205 35
71.4208 35
71.4235 35
71.4237 35
71.4238 35
71.4253 35
71.4281 35
71.4282 35
71.4283 35
71.4299 35
71.4301 35
71.4349 40
71.435 35
71.4351 35
71.4352 35
71.4383 35
71.4384 35
71.4385 35
71.4386 35
71.4408 35
71.4435 35
71.4436 35
71.4437 35
71.4448 35
71.4475 35
71.4477 35
71.4478 35
71.4492 35
71.4524 35
71.4525 35
71.4526 35
71.4537 40
71.4538 35
71.4569 35
71.457 35
71.4571 35
71.4585 35
71.4613 35
71.4614 35
71.4635 35
71.4636 35
71.4664 35
71.4665 35
71.4666 35
71.4678 35
71.4706 35
71.4707 35
71.4708 35
71.4729 35
71.473 35
71.4774 36
71.4798 40
71.4799 35
71.48 35
71.4803 35
71.4855 36
71.486 35
71.4861 35
71.4862 35
71.4874 35
71.4901 35
71.4902 35
71.4903 35
71.4928 35
71.4956 35
71.4957 35
71.4958 35
71.4978 35
71.498 35
71.5009 35
71.501 35
71.5011 40
71.502 35
71.5056 35
71.5058 35
71.5059 35
71.5069 36
71.5103 36
71.5104 36
71.5105 36
71.5117 36
71.5144 35
71.5145 35
71.5146 35
71.5158 35
71.5192 35
71.5193 35
71.5195 35
71.5196 35
71.5207 35
71.5243 35
71.5244 40
71.5245 35
71.5256 35
71.5289 35
71.529 35
71.5291 35
71.5313 35
71.5314 35
71.5341 35
71.5342 35
71.5343 35
71.5359 35
71.5399 35
71.54 35
71.5401 35
71.5432 35
71.5434 35
71.5435 35
71.5444 35
71.5445 35
71.5474 40
71.5475 35
71.5476 35
71.5495 35
71.5496 41
71.5523 35
71.5524 35
71.5525 35
71.5542 35
71.5575 35
71.5576 35
71.5577 35
71.5589 35
71.5616 35
71.5618 35
71.5619 35
71.5631 35
71.5667 35
71.5669 35
71.5685 35
71.5686 35
71.5687 35
71.5721 35
71.5722 35
71.5735 40
71.5736 35
71.5762 35
71.5763 35
71.5764 35
71.5776 35
71.5802 35
71.5804 35
71.5805 35
71.5823 35
71.585 35
71.5851 35
71.5852 35
71.5891 35
71.5892 35
71.5919 35
71.592 35
71.594 35
71.5942 35
71.5969 35
71.5989 40
71.599 35
71.5991 35
71.6017 35
71.6018 35
71.6019 35
71.6031 35
71.6032 35
71.6058 35
71.6059 35
71.606 35
71.6071 35
71.6098 35
71.6099 35
71.61 35
71.6113 35
71.6146 35
71.6147 35
71.6148 35
71.616 35
71.6162 40
71.619 35
71.6192 35
71.6193 35
71.622 35
71.6246 36
71.6248 36
71.6249 35
71.6277 35
71.6278 35
71.631 35
71.6311 35
71.6312 35
71.6327 35
71.6359 35
71.636 35
71.6362 35
71.6376 35
71.6402 35
71.6403 35
71.6404 40
71.6416 35
71.6455 35
71.6456 35
71.6457 35
71.6459 35
71.6494 35
71.6495 35
71.6496 35
71.6505 35
71.6506 40
71.6538 35
71.6539 35
71.654 35
71.6556 35
71.6584 35
71.6585 35
71.6586 35
71.6603 35
71.6631 35
71.6632 35
71.6633 35
71.6649 35
71.6683 35
71.6684 35
71.6686 35
71.6687 35
71.6697 35
71.6747 35
71.6749 35
71.675 40
71.6751 35
71.6783 35
71.6784 35
71.6785 35
71.6809 35
71.6838 35
71.684 35
71.6841 35
71.6854 35
71.6908 36
71.691 35
71.6911 35
71.6912 35
71.6926 35
71.6958 35
71.6959 35
71.696 35
71.6974 35
71.7004 35
71.7005 40
71.7007 35
71.7023 35
71.7057 35
71.7058 35
71.7059 35
71.707 35
71.7071 35
71.7103 35
71.7104 35
71.7105 35
71.7116 35
71.7147 35
71.7148 35
71.7149 35
71.7161 35
71.7193 35
71.7194 35
71.7195 35
71.7209 35
71.7211 40
71.7255 36
71.7282 35
71.7284 35
71.7285 35
71.729 35
71.7316 35
71.7317 35
71.7319 35
71.734 35
71.7369 35
71.737 35
71.7371 35
71.7372 35
71.7381 35
71.741 35
71.7411 35
71.7412 35
71.7422 35
71.7455 35
71.7456 40
71.7458 35
71.7478 35
71.7479 35
71.7506 35
71.7507 35
71.7508 35
71.7519 35
71.7555 35
71.7556 35
71.7557 35
71.7575 35
71.7604 35
71.7605 35
71.7606 35
71.7617 35
71.7619 35
71.7646 35
71.7647 35
71.7648 35
71.7666 40
71.7696 35
71.7697 35
71.7698 35
71.7711 35
71.7742 35
71.7743 35
71.7744 35
71.7755 35
71.779 35
71.7791 35
71.7792 35
71.7793 35
71.781 35
71.7842 35
71.7843 35
71.7844 35
71.7856 35
71.7889 35
71.7891 35
71.7892 40
71.7927 35
71.7954 35
71.7955 35
71.7956 35
71.7967 36
71.7995 35
71.7997 35
71.7998 35
71.8013 35
71.8014 35
71.8049 35
71.8051 35
71.8052 35
71.8096 36
71.8101 35
71.8102 35
71.8103 35
71.8105 35
71.8136 35
71.8137 40
71.8138 35
71.8171 35
71.8172 35
71.8174 35
71.8186 35
71.8225 36
71.8226 36
71.8227 36
71.8272 37
71.8274 36
71.8275 35
71.8276 35
71.8286 35
71.8314 35
71.8315 35
71.8317 35
71.8335 35
71.837 35
71.8371 35
71.8388 40
71.839 35
71.8391 35
71.8416 35
71.8418 35
71.8419 36
71.8429 36
71.8462 36
71.8463 36
71.8464 36
71.8477 36
71.8511 36
71.8512 36
71.8513 36
71.8514 41
71.8539 35
71.8567 35
71.8568 35
71.8569 35
71.857 35
71.858 35
71.8608 35
71.8609 35
71.861 35
71.8624 35
71.8652 35
71.8653 35
71.8654 35
71.8665 35
71.8692 35
71.8694 35
71.8695 35
71.8707 35
71.8708 35
71.8741 40
71.8742 35
71.8743 35
71.8754 35
71.8793 35
71.8794 35
71.8795 35
71.8806 35
71.8845 35
71.8846 35
71.8847 35
71.8858 35
71.8888 35
71.8889 35
71.889 35
71.89 35
71.8902 35
71.8946 36
71.8957 35
71.8958 35
71.8973 40
71.8974 35
71.9004 35
71.9006 35
71.9007 35
71.9021 35
71.905 35
71.9051 35
71.9052 35
71.9066 35
71.9094 35
71.9095 35
71.9096 35
71.9108 35
71.9152 36
71.9154 35
71.9155 35
71.9156 35
71.9194 35
71.9195 35
71.9196 40
71.9207 35
71.9236 35
71.9238 35
71.9239 35
71.924 35
71.9252 35
71.9298 36
71.9319 35
71.932 35
71.9322 35
71.9331 35
71.9361 35
71.9362 35
71.9363 35
71.9384 35
71.9419 35
71.942 35
71.9441 35
71.9442 35
71.9443 40
71.9471 35
71.9472 35
71.9473 35
71.9491 35
71.9521 35
71.9522 35
71.9523 36
71.9534 36
71.9535 36
71.9563 36
71.9564 35
71.9588 35
71.9589 35
71.9616 35
71.9618 35
71.9619 35
71.9628 35
71.9657 35
71.9658 35
71.9659 40
71.966 35
71.967 35
71.9707 35
71.9708 35
71.9709 35
71.972 36
71.9751 35
71.9752 35
71.9753 35
71.9768 35
71.9797 35
71.9799 35
71.98 35
71.9815 35
71.9849 35
71.985 35
71.9851 35
71.9862 35
71.9905 36
71.9907 40
71.9908 35
71.9909 35
71.9941 35
71.9943 35
71.9944 35
71.9945 35
71.9978 35
72.0006 35
72.0007 35
72.0009 35
72.0022 35
72.0058 35
72.0059 35
72.0061 35
72.007 35
72.0101 35
72.0102 35
72.0103 35
72.0115 35
72.0116 40
72.0147 35
72.0148 35
72.0149 35
72.0159 35
72.0212 35
72.0213 35
72.0214 35
72.0248 36
72.025 35
72.0251 35
72.0264 35
72.0296 35
72.0298 35
72.0299 35
72.03 35
72.031 35
72.0338 35
72.0339 35
72.034 35
72.035 40
72.038 35
72.0381 35
72.0382 35
72.0391 35
72.0393 35
72.0426 35
72.0428 36
72.0429 35
72.0442 35
72.047 35
72.0471 35
72.0472 35
72.0483 35
72.0517 35
72.0518 35
72.0519 35
72.052 35
72.0532 35
72.0559 35
72.056 40
72.0561 35
72.0572 35
72.0599 35
72.06 35
72.0601 35
72.0626 36
72.0627 36
72.0654 36
72.0655 36
72.0656 36
72.0676 36
72.0705 35
72.0706 35
72.0707 35
72.0721 35
72.0751 35
72.0753 35
72.0754 35
72.077 35
72.0772 40
72.08 35
72.0801 35
72.0802 35
72.0816 35
72.0843 35
72.0844 35
72.0846 35
72.0869 35
72.0897 35
72.0898 35
72.09 35
72.0914 35
72.0945 35
72.0946 35
72.0947 35
72.0988 35
72.1019 35
72.1021 35
72.1022 35
72.1023 40
72.1032 35
72.106 35
72.1062 35
72.1063 35
72.1077 35
72.1111 35
72.1112 35
72.1113 35
72.1126 35
72.1174 35
72.1175 35
72.1176 35
72.1177 35
72.1209 35
72.121 35
72.1212 35
72.1221 35
72.1263 35
72.1264 35
72.1265 40
72.1285 35
72.1287 35
72.1334 36
72.1349 35
72.135 35
72.1351 35
72.1361 35
72.1389 35
72.139 35
72.1391 35
72.1401 35
72.143 35
72.1431 35
72.1432 35
72.1433 35
72.1456 35
72.1487 35
72.1488 35
72.1489 35
72.1503 40
72.1547 36
72.1568 35
72.1569 35
72.157 35
72.1571 41
72.1582 35
72.161 35
72.1611 35
72.1612 35
72.1627 35
72.1655 35
72.1656 35
72.1657 35
72.1677 35
72.1706 35
72.1707 35
72.1708 35
72.1719 35
72.172 35
72.1748 35
72.1749 35
72.175 35
72.1765 35
72.1794 35
72.1795 40
72.1796 35
72.1806 35
72.1842 35
72.1844 35
72.1845 35
72.186 35
72.1892 35
72.1893 35
72.1894 35
72.1905 35
72.1906 35
72.1987 35
72.1989 35
72.1989 35
72.1991 35
72.2035 36
72.2043 35
72.2045 35
72.2046 35
72.2055 40
72.209 35
72.2092 35
72.2093 35
72.2103 35
72.2135 35
72.2137 35
72.2138 35
72.2151 35
72.2173 1250
72.2173 1250
72.2175 81
72.2177 468
72.2181 35
72.2182 35
72.2183 35
72.2206 35
72.2208 35
72.2235 35
72.2237 35
72.2238 35
72.2253 35
72.2282 35
72.2283 35
72.2284 40
72.2297 35
72.2325 35
72.2327 35
72.2328 35
72.2338 35
72.2339 35
72.2376 35
72.2377 35
72.2378 35
72.2388 35
72.2419 35
72.2421 35
72.2422 35
72.2436 35
72.2476 35
72.2477 35
72.2478 35
72.2479 35
72.2489 35
72.2525 40
72.2527 35
72.2529 35
72.2538 35
72.2574 35
72.2575 35
72.2576 35
72.2588 35
72.2615 35
72.2617 35
72.2618 35
72.2629 35
72.263 35
72.2657 35
72.2658 35
72.2659 35
72.267 35
72.2708 35
72.2709 35
72.271 35
72.2725 1250
72.2726 40
72.2754 78
72.2754 31
72.2755 35
72.2755 35
72.2756 35
72.2772 35
72.281 35
72.2812 35
72.2813 35
72.2826 35
72.2858 35
72.2859 35
72.2859 35
72.2888 35
72.289 35
72.293 35
72.2931 35
72.2942 31
72.2977 36
72.2978 35
72.2979 35
72.298 35
72.299 40
72.3018 35
72.3019 35
72.3063 36
72.3119 35
72.3163 36
72.3167 35
72.3199 35
72.32 35
72.3201 35
72.3217 35
72.3231 32
72.3243 35
72.3244 35
72.3245 35
72.3277 35
72.3278 35
72.328 35
72.3316 35
72.3317 35
72.3318 35
72.3363 40
72.3364 35
72.3414 36
72.3455 35
72.3485 35
72.3486 35
72.3488 35
72.3529 35
72.3551 35
72.3552 35
72.3585 35
72.3586 35
72.3603 35
72.3604 35
72.3632 35
72.3633 35
72.3634 35
72.3652 35
72.3677 35
72.3678 35
72.3679 40
72.3699 35
72.3732 35
72.3733 35
72.3734 35
72.3749 35
72.375 35
72.3798 1250
72.3798 1250
72.3798 1250
72.38 82
72.3802 35
72.3803 35
72.3804 35
72.3805 35
72.3806 35
72.3835 35
72.3837 35
72.3838 35
72.3854 35
72.3885 35
72.3887 35
72.3888 35
72.3898 35
72.3928 35
72.3929 40
72.393 35
72.3942 35
72.3943 35
72.3975 35
72.3977 35
72.3978 35
72.3993 35
72.4024 35
72.4025 35
72.4026 35
72.4063 35
72.4094 35
72.4096 35
72.4097 35
72.4107 35
72.4135 35
72.4143 35
72.4144 35
72.4148 35
72.4149 40
72.4181 35
72.4182 35
72.4183 35
72.4184 1250
72.4195 35
72.4231 35
72.4232 35
72.4233 35
72.4244 35
72.4273 35
72.4274 35
72.4275 35
72.4286 35
72.4326 78
72.4326 31
72.4329 1246
72.4329 1250
72.4329 282
72.4329 90
72.4329 35
72.4331 35
72.4332 35
72.4333 35
72.436 35
72.4361 35
72.4362 35
72.4373 40
72.4374 40
72.4401 35
72.4402 35
72.4403 35
72.4414 35
72.4441 35
72.4443 35
72.4444 35
72.4455 35
72.4483 35
72.4484 35
72.4485 35
72.4503 35
72.4504 35
72.4538 35
72.4539 35
72.454 35
72.4552 35
72.4579 35
72.458 35
72.4581 40
72.4592 35
72.4626 33
72.4627 35
72.4628 35
72.4629 35
72.4641 35
72.4642 35
72.4676 35
72.4677 35
72.469 35
72.4691 35
72.4724 35
72.4725 35
72.4726 35
72.4738 35
72.477 35
72.4771 35
72.4772 35
72.479 35
72.4817 35
72.4819 40
72.484 35
72.4842 35
72.4843 35
72.4843 41
72.4873 35
72.4874 35
72.4875 35
72.4887 35
72.4913 35
72.4914 35
72.4915 35
72.4934 35
72.4972 35
72.4973 35
72.4974 35
72.4988 35
72.5015 35
72.5016 35
72.5017 35
72.503 35
72.5031 35
72.5057 35
72.5058 35
72.5093 40
72.5094 35
72.5125 35
72.5126 35
72.5127 35
72.5139 35
72.517 35
72.5171 35
72.5172 35
72.5185 35
72.5186 35
72.5213 35
72.5215 35
72.5216 35
72.5234 35
72.526 35
72.5261 35
72.5263 35
72.5273 35
72.5306 32
72.5308 35
72.5309 40
72.531 35
72.5325 35
72.5326 35
72.5373 36
72.54 35
72.5402 35
72.5403 35
72.5404 35
72.544 35
72.5441 35
72.5442 35
72.5453 35
72.5485 35
72.5486 35
72.5487 35
72.5488 35
72.5502 35
72.5537 35
72.5538 35
72.554 40
72.5551 35
72.5589 35
72.5591 35
72.5592 35
72.5601 35
72.5636 35
72.5637 35
72.5638 35
72.5639 35
72.5649 35
72.5681 35
72.5682 35
72.5683 35
72.5701 35
72.573 35
72.5731 35
72.5732 35
72.5743 35
72.5744 35
72.5771 40
72.5772 35
72.5773 35
72.5817 36
72.5828 35
72.5829 35
72.583 35
72.5864 1243
72.5865 1246
72.5865 35
72.5866 35
72.5867 35
72.5883 35
72.5884 35
72.5911 35
72.5913 35
72.5914 35
72.5924 35
72.5952 35
72.5953 35
72.5954 35
72.6007 35
72.6008 40
72.6009 35
72.6018 35
72.6019 35
72.6049 35
72.605 35
72.6051 35
72.6061 35
72.609 35
72.6091 35
72.6092 35
72.6126 35
72.6164 35
72.6165 35
72.6166 35
72.6178 35
72.6179 35
72.6205 35
72.6207 35
72.6218 35
72.6219 40
72.6255 35
72.6256 35
72.6257 35
72.6269 35
72.6302 35
72.6303 36
72.6304 36
72.6315 36
72.6351 36
72.6353 36
72.6354 36
72.6365 35
72.6366 35
72.6397 35
72.6419 35
72.642 35
72.6421 35
72.6447 35
72.6448 35
72.6449 40
72.646 35
72.6488 35
72.649 35
72.6491 35
72.6502 35
72.6503 35
72.6531 36
72.6533 36
72.6534 36
72.6554 35
72.6556 36
72.6581 36
72.6582 36
72.6583 36
72.6597 36
72.6599 33
72.6629 36
72.663 36
72.6632 36
72.6648 35
72.6649 35
72.6676 40
72.6677 35
72.6678 35
72.6693 35
72.6723 35
72.6724 35
72.6725 35
72.6736 35
72.6737 35
72.6774 35
72.6775 35
72.6776 35
72.6821 35
72.6822 35
72.6823 35
72.6824 35
72.6842 35
72.6872 35
72.6873 35
72.6874 35
72.6885 40
72.6916 35
72.6918 35
72.6933 35
72.6934 35
72.6962 36
72.6963 36
72.6964 36
72.6965 36
72.6985 36
72.7013 36
72.7014 36
72.7015 36
72.7033 36
72.7061 36
72.7063 35
72.7064 35
72.7065 37
72.7075 35
72.7106 35
72.7107 35
72.7108 40
72.7142 35
72.7176 35
72.7177 35
72.7178 35
72.719 35
72.7191 35
72.7221 1250
72.7222 324
72.7227 35
72.7228 35
72.7229 35
72.7239 35
72.7268 36
72.7269 36
72.727 36
72.7286 36
72.7319 36
72.732 36
72.7321 36
72.7334 36
72.7335 35
72.7365 40
72.7366 35
72.7367 35
72.7379 35
72.7393 30
72.7418 35
72.7419 35
72.742 35
72.743 35
72.7468 35
72.7469 35
72.747 35
72.7471 35
72.748 35
72.7509 36
72.751 36
72.7511 35
72.7528 35
72.7559 35
72.756 35
72.7561 35
72.7572 40
72.7573 35
72.7601 35
72.7602 35
72.7603 35
72.762 35
72.7649 35
72.765 35
72.7651 35
72.7664 35
72.7697 35
72.7698 35
72.7699 36
72.77 36
72.771 36
72.7745 35
72.7746 35
72.7748 35
72.7759 35
72.7787 35
72.7789 40
72.779 35
72.7791 41
72.7814 35
72.7857 36
72.7886 35
72.7888 36
72.7889 36
72.7903 36
72.793 36
72.7931 36
72.7932 36
72.7945 36
72.7972 36
72.7991 36
72.7992 36
72.7993 36
72.7994 36
72.8025 36
72.8026 36
72.8028 35
72.8037 35
72.807 40
72.8071 35
72.8072 35
72.8088 36
72.8117 36
72.8118 36
72.8119 36
72.8142 32
72.8159 36
72.8189 36
72.8191 36
72.8192 36
72.8211 36
72.8212 36
72.8238 36
72.824 36
72.8241 35
72.8243 35
72.8256 35
72.8279 35
72.828 35
72.8281 35
72.83 40
72.8327 35
72.8328 35
72.8329 35
72.8349 35
72.8377 35
72.8379 36
72.838 36
72.8394 36
72.8395 36
72.8424 36
72.8425 36
72.8426 36
72.8439 35
72.8466 35
72.8467 35
72.8468 35
72.8483 35
72.8527 36
72.8539 35
72.854 40
72.8572 35
72.8573 35
72.8574 35
72.8593 35
72.8623 36
72.8624 36
72.8625 36
72.8644 35
72.8672 35
72.8673 35
72.8674 35
72.8685 35
72.8687 35
72.8714 35
72.8716 35
72.8717 35
72.8727 35
72.8754 35
72.8755 35
72.8756 40
72.8779 35
72.8805 35
72.8806 35
72.8807 35
72.8819 36
72.8856 36
72.8857 36
72.8858 36
72.8869 36
72.8898 36
72.8899 36
72.89 36
72.8901 36
72.891 35
72.8946 35
72.8947 35
72.896 35
72.8987 35
72.8988 35
72.8989 40
72.899 35
72.9009 35
72.9049 35
72.905 35
72.9051 35
72.9087 35
72.9088 35
72.909 36
72.9101 36
72.9133 36
72.9134 36
72.9135 36
72.915 36
72.9151 36
72.9204 35
72.9205 35
72.9206 35
72.9207 35
72.9218 35
72.9248 40
72.925 35
72.9262 35
72.9291 35
72.9292 35
72.9293 35
72.9304 35
72.9305 36
72.9333 36
72.9334 35
72.9335 35
72.9353 35
72.938 35
72.9381 35
72.9382 35
72.9406 35
72.944 35
72.9441 35
72.9442 35
72.9454 35
72.948 40
72.9481 35
72.9482 35
72.9494 35
72.9495 35
72.9522 36
72.9523 36
72.9524 36
72.9536 36
72.9587 36
72.9588 36
72.9589 36
72.9621 36
72.9622 36
72.9623 35
72.964 35
72.9641 35
72.9669 35
72.967 35
72.968 35
72.971 40
72.9711 35
72.9712 35
72.9724 35
72.9725 35
72.9751 36
72.9752 36
72.9754 36
72.9764 36
72.98 36
72.9801 36
72.9802 36
72.9814 36
72.9848 36
72.9849 36
72.985 36
72.9861 36
72.9889 36
72.9891 36
72.9892 35
72.9901 40
72.9939 35
72.994 35
72.9941 35
72.9952 35
72.9954 35
72.9981 35
72.9982 35
72.9983 35
73.0031 35
73.0033 35
73.0033 35
73.0034 35
73.0054 35
73.0106 35
73.0108 35
73.0109 35
73.011 35
73.0112 35
73.014 35
73.0141 40
73.0142 35
73.0156 35
73.0185 35
73.0186 35
73.0187 35
73.0226 35
73.0228 36
73.0254 36
73.0255 36
73.0268 36
73.0295 36
73.0297 35
73.0298 35
73.0309 35
73.031 35
73.0339 35
73.034 35
73.0341 35
73.036 35
73.039 40
73.0392 35
73.0393 35
73.041 35
73.0436 35
73.0437 35
73.0438 35
73.0452 35
73.0453 35
73.048 35
73.0481 35
73.0495 35
73.0521 35
73.0522 35
73.0523 35
73.0524 35
73.0537 35
73.0564 35
73.0565 35
73.0566 35
73.0579 40
73.0628 36
73.0631 35
73.0632 35
73.0634 35
73.0635 36
73.0674 36
73.0675 36
73.0676 36
73.0687 36
73.072 36
73.0721 36
73.0722 36
73.0735 36
73.0737 36
73.0767 36
73.0768 36
73.0769 36
73.0784 35
73.0816 35
73.0818 40
73.0819 35
73.082 41
73.0836 35
73.0868 35
73.0869 35
73.087 35
73.0886 35
73.0919 35
73.0921 35
73.0921 36
73.0932 36
73.0964 36
73.0965 35
73.0966 35
73.0977 35
73.1005 35
73.1006 35
73.1007 35
73.1022 35
73.1023 35
73.1053 35
73.1055 40
73.1056 35
73.107 35
73.1099 35
73.1099 35
73.11 35
73.1149 35
73.115 35
73.1151 35
73.1151 35
73.1182 35
73.1183 35
73.1184 35
73.1195 35
73.1239 36
73.1247 35
73.1248 35
73.1249 35
73.1259 35
73.1295 35
73.1296 40
73.1297 35
73.1307 35
73.131 35
73.1342 35
73.1343 35
73.1344 35
73.1358 35
73.1359 35
73.1387 35
73.1388 35
73.1389 35
73.14 35
73.1428 35
73.1429 35
73.143 35
73.1453 35
73.1483 35
73.1484 35
73.1485 35
73.1486 35
73.1495 40
73.1529 35
73.153 35
73.1531 35
73.1544 35
73.1575 36
73.1577 36
73.1578 35
73.1594 35
73.1595 35
73.1621 35
73.1622 35
73.1623 35
73.167 35
73.1671 35
73.1672 35
73.1673 35
73.1705 35
73.1706 35
73.1707 35
73.1721 40
73.1722 35
73.1755 35
73.1756 35
73.1757 35
73.1768 35
73.1796 35
73.1797 35
73.1798 35
73.1799 40
73.1817 35
73.1844 35
73.1845 35
73.1846 35
73.1857 35
73.1885 35
73.1886 35
73.1887 35
73.1904 35
73.1905 35
73.1939 35
73.194 35
73.1941 35
73.1954 35
73.1987 35
73.1988 35
73.1989 36
73.2001 36
73.2029 36
73.203 41
73.2031 36
73.2043 35
73.2044 35
73.2074 35
73.2075 35
73.2076 35
73.2089 35
73.2118 35
73.2119 35
73.212 35
73.213 35
73.216 35
73.2161 35
73.22 35
73.2202 35
73.2246 37
73.2268 36
73.227 36
73.2281 36
73.2282 41
73.2325 37
73.2362 36
73.2363 36
73.2364 36
73.2378 35
73.2404 35
73.2405 35
73.2406 35
73.2417 35
73.2445 35
73.2446 35
73.2447 35
73.246 35
73.2497 35
73.2499 35
73.25 35
73.2512 35
73.2514 35
73.2544 35
73.2545 40
73.2562 35
73.2563 35
73.259 35
73.2591 35
73.2592 35
73.2607 36
73.264 36
73.2641 36
73.2642 36
73.2655 35
73.2683 35
73.2684 35
73.2685 35
73.2695 35
73.2696 35
73.2724 35
73.2725 35
73.2726 35
73.2736 35
73.2764 40
73.2765 35
73.2766 35
73.2782 35
73.2811 35
73.2812 35
73.2813 36
73.2814 36
73.2833 36
73.2867 36
73.2868 36
73.2869 36
73.288 36
73.2908 36
73.2909 36
73.291 36
73.2921 36
73.2922 36
73.2956 36
73.2964 36
73.2966 40
73.2975 35
73.3003 35
73.3004 35
73.3005 35
73.3026 35
73.3054 35
73.3055 35
73.3056 35
73.3075 35
73.3103 35
73.3104 35
73.3105 35
73.3117 35
73.3145 35
73.3146 35
73.3147 35
73.3148 35
73.3166 35
73.3194 35
73.3196 40
73.3197 35
73.3207 35
73.3252 36
73.3269 35
73.327 35
73.3271 35
73.3287 36
73.3321 36
73.3323 36
73.3324 35
73.3335 35
73.3366 35
73.3367 35
73.3368 35
73.3379 35
73.3407 35
73.3408 35
73.3409 35
73.342 35
73.3421 40
73.3463 35
73.3464 35
73.348 35
73.3481 35
73.3512 35
73.3513 35
73.3514 35
73.3525 35
73.3561 35
73.3563 35
73.3564 35
73.3574 35
73.3612 35
73.3613 35
73.3614 35
73.3615 35
73.3626 35
73.3654 35
73.3655 35
73.3656 40
73.3668 35
73.3701 35
73.3702 35
73.3703 35
73.3716 35
73.3717 35
73.3764 36
73.377 35
73.3771 35
73.3772 35
73.3804 35
73.3805 35
73.3806 35
73.3808 35
73.3808 32
73.3818 35
73.3847 35
73.3848 35
73.385 35
73.3859 35
73.3892 35
73.3893 35
73.3894 35
73.3905 35
73.3944 35
73.3945 35
73.3946 35
73.3957 35
73.399 35
73.3991 35
73.3992 35
73.4006 35
73.403 35
73.4032 35
73.4033 40
73.4047 35
73.4048 35
73.4072 35
73.4074 35
73.4075 35
73.4093 35
73.412 35
73.4122 35
73.4122 35
73.4136 35
73.4172 35
73.4173 35
73.4174 35
73.4188 35
73.4189 35
73.4218 35
73.4219 35
73.4236 35
73.4237 35
73.4266 40
73.4267 35
73.431 36
73.4313 35
73.4314 35
73.434 35
73.4341 35
73.4342 35
73.4354 35
73.4355 35
73.4387 35
73.4388 35
73.4401 35
73.4402 35
73.4427 35
73.4428 35
73.4429 35
73.4455 35
73.4456 35
73.4509 36
73.458 40
73.4582 35
73.4583 35
73.4596 35
73.4626 35
73.4638 35
73.4669 35
73.467 35
73.4694 35
73.4695 35
73.4729 35
73.4731 35
73.4732 35
73.4741 35
73.4768 35
73.477 35
73.4771 35
73.4787 35
73.4833 35
73.4834 35
73.4835 40
73.4836 35
73.4845 35
73.4877 35
73.4878 35
73.4879 35
73.4923 36
73.4937 35
73.4978 35
73.4979 35
73.498 35
73.5019 35
73.5028 35
73.5029 35
73.5051 35
73.5077 35
73.5079 35
73.5079 35
73.5096 35
73.5097 35
73.5125 40
73.5126 35
73.5146 35
73.5148 35
73.5174 35
73.5176 35
73.5177 35
73.5194 35
73.5219 35
73.522 35
73.5245 35
73.5247 35
73.5266 35
73.5267 35
73.5268 35
73.5287 35
73.5288 35
73.5332 36
73.5334 35
73.5335 35
73.5354 40
73.5355 35
73.5374 35
73.5375 35
73.5394 35
73.5395 35
73.5422 35
73.5424 35
73.5444 35
73.5445 35
73.5484 35
73.5485 35
73.5486 35
73.5518 35
73.5519 35
73.552 35
73.5536 35
73.5568 35
73.557 35
73.5571 35
73.5572 40
73.5604 35
73.5606 35
73.5606 35
73.5616 35
73.5649 35
73.565 35
73.5651 35
73.5667 35
73.57 35
73.5702 35
73.5703 35
73.5703 35
73.5714 35
73.5742 35
73.5743 35
73.5744 35
73.5759 35
73.5787 35
73.5788 35
73.5789 40
73.5799 35
73.5828 35
73.583 35
73.5831 35
73.5832 35
73.5842 35
73.587 35
73.5871 35
73.5872 35
73.5892 35
73.5921 35
73.5922 35
73.5923 35
73.5939 35
73.597 35
73.5971 35
73.5972 35
73.5986 35
73.6024 35
73.6026 40
73.6027 35
73.6028 35
73.6058 35
73.6059 35
73.606 35
73.6085 35
73.6115 35
73.6117 35
73.6118 35
73.6127 35
73.6156 35
73.6157 35
73.6158 35
73.6172 35
73.62 35
73.6202 35
73.6203 35
73.6215 35
73.6216 35
73.6245 40
73.6246 35
73.6247 35
73.6258 35
73.629 35
73.6291 35
73.6292 35
73.6303 35
73.633 35
73.6331 35
73.6332 35
73.6373 35
73.6375 35
73.6404 35
73.6405 35
73.6406 35
73.6426 35
73.6455 35
73.6456 35
73.6457 35
73.6469 40
73.65 35
73.6501 35
73.6502 35
73.6515 35
73.6516 35
73.6541 35
73.6543 35
73.6544 35
73.6566 35
73.6593 35
73.6594 35
73.6595 35
73.661 35
73.6611 35
73.6644 35
73.6646 35
73.6647 35
73.6657 35
73.6685 35
73.6686 40
73.6688 35
73.6703 35
73.6737 35
73.6738 35
73.6739 35
73.674 35
73.675 35
73.6782 35
73.6783 35
73.6784 35
73.6796 35
73.6823 35
73.6824 35
73.6825 35
73.6841 35
73.6842 35
73.687 35
73.6871 35
73.6872 35
73.6882 40
73.6928 36
73.6934 35
73.6936 35
73.6937 35
73.6937 41
73.6954 35
73.698 35
73.6981 35
73.6982 35
73.6995 35
73.7022 35
73.7023 35
73.7024 35
73.705 35
73.7078 35
73.708 35
73.708 35
73.7091 35
73.7092 35
73.7126 35
73.7127 35
73.7128 35
73.7139 35
73.7167 35
73.7168 40
73.7169 35
73.7185 35
73.7216 35
73.7217 35
73.7218 35
73.7231 35
73.7259 35
73.7261 35
73.7262 35
73.7277 35
73.7305 35
73.7306 35
73.7307 35
73.7308 35
73.7319 35
73.7351 35
73.7352 35
73.7354 35
73.7391 35
73.7419 40
73.742 35
73.7445 35
73.7446 35
73.7471 35
73.7472 35
73.7473 35
73.7497 35
73.7498 35
73.7526 35
73.7527 35
73.7538 35
73.7539 35
73.7568 35
73.7569 35
73.757 35
73.7585 35
73.7618 35
73.7619 35
73.762 35
73.7632 40
73.766 35
73.7661 35
73.7662 35
73.7663 35
73.7675 35
73.7706 35
73.7708 35
73.7709 35
73.772 35
73.775 35
73.7751 35
73.7752 35
73.777 35
73.7771 35
73.7804 35
73.7805 35
73.7806 35
73.7818 35
73.7846 35
73.7847 40
73.7848 35
73.7859 35
73.7891 35
73.7893 35
73.7894 35
73.7895 35
73.7905 35
73.7932 35
73.7933 35
73.7934 35
73.7962 35
73.799 35
73.7991 35
73.7992 35
73.8003 35
73.8004 35
73.8032 35
73.8033 35
73.8034 35
73.8055 40
73.8082 35
73.8083 35
73.8084 35
73.8104 35
73.8131 35
73.8132 35
73.8133 35
73.8144 35
73.8173 35
73.8174 35
73.8175 35
73.8176 35
73.8191 35
73.8218 35
73.8219 35
73.822 35
73.8231 35
73.8258 35
73.8259 35
73.826 40
73.8276 35
73.832 36
73.8357 35
73.8358 35
73.8359 35
73.8361 35
73.8407 36
73.8413 35
73.8414 35
73.8415 35
73.8437 35
73.8467 35
73.8468 35
73.8484 35
73.8485 35
73.8512 35
73.8513 35
73.8514 35
73.8524 35
73.8559 40
73.856 35
73.8561 35
73.8562 35
73.8579 35
73.8609 35
73.861 36
73.8611 35
73.8622 35
73.8649 35
73.8651 35
73.8652 35
73.8663 35
73.8664 35
73.8691 35
73.8692 35
73.8694 35
73.8716 35
73.8743 35
73.8744 35
73.8745 40
73.8764 35
73.8792 35
73.8793 35
73.8794 35
73.8795 35
73.8806 35
73.8845 35
73.8846 35
73.8848 35
73.8867 35
73.8895 35
73.8897 35
73.8898 35
73.8914 35
73.8915 35
73.8949 35
73.895 35
73.8951 35
73.8963 35
73.8991 40
73.8992 35
73.9016 35
73.9018 35
73.9045 35
73.9046 35
73.9047 35
73.9068 35
73.9069 35
73.9097 35
73.9098 35
73.9099 35
73.9111 35
73.9138 35
73.9139 35
73.914 35
73.9151 35
73.9178 35
73.918 35
73.9181 35
73.9199 40
73.9228 35
73.9229 35
73.923 35
73.9245 35
73.9273 35
73.9274 35
73.9275 35
73.9276 35
73.9287 35
73.9315 35
73.9316 35
73.9317 35
73.9328 35
73.9356 35
73.9358 35
73.9359 35
73.936 40
73.9371 35
73.9398 35
73.9399 35
73.94 35
73.9441 35
73.9469 35
73.947 35
73.9471 35
73.9498 35
73.9526 35
73.9552 35
73.9553 35
73.9554 35
73.9557 35
73.9584 35
73.9585 35
73.9603 35
73.9604 35
73.963 35
73.9631 40
73.9632 35
73.9645 35
73.9675 35
73.9677 35
73.9678 35
73.9699 35
73.97 35
73.9728 35
73.9729 35
73.973 35
73.9741 35
73.9773 35
73.9774 35
73.9775 35
73.9786 35
73.9813 35
73.9814 35
73.9815 35
73.9817 35
73.9829 40
73.986 35
73.9862 35
73.9863 35
73.9864 41
73.9875 35
73.9905 35
73.9906 35
73.9907 35
73.9918 35
73.9952 35
73.9953 35
73.9954 35
73.9969 35
73.997 35
74.0003 35
74.0004 35
74.0005 35
74.0016 35
74.0044 35
74.0045 35
74.0062 35
74.0063 35
74.0093 35
74.0094 40
74.0095 35
74.0106 35
74.0108 35
74.0134 35
74.0135 35
74.0136 35
74.0146 35
74.0174 35
74.0175 35
74.0176 35
74.0188 35
74.0216 35
74.0218 35
74.0219 35
74.0231 35
74.0268 35
74.0269 35
74.027 35
74.0281 35
74.0282 40
74.0309 35
74.031 35
74.0312 35
74.0329 35
74.0357 35
74.0358 35
74.0359 35
74.0372 35
74.0398 35
74.04 35
74.0401 35
74.0415 35
74.0459 36
74.0466 35
74.0467 35
74.0468 35
74.0492 35
74.052 35
74.0521 35
74.0522 40
74.0545 35
74.0573 35
74.0591 35
74.0593 35
74.0594 35
74.0595 35
74.0626 35
74.0627 35
74.0628 35
74.0641 35
74.067 35
74.0672 35
74.0673 35
74.0682 35
74.0718 35
74.0719 35
74.072 35
74.0721 35
74.073 35
74.0759 40
74.076 35
74.0761 35
74.0775 35
74.0803 35
74.0805 35
74.0806 35
74.0817 35
74.0818 35
74.0846 35
74.0847 35
74.0848 35
74.0867 35
74.0896 35
74.0897 35
74.0898 35
74.0914 35
74.0941 35
74.0942 35
74.0943 35
74.0957 40
74.0958 35
74.0991 35
74.0992 35
74.101 35
74.1011 35
74.1036 35
74.1038 35
74.1038 35
74.1051 35
74.1078 35
74.1079 35
74.108 35
74.1124 36
74.113 35
74.1131 35
74.1132 35
74.1134 35
74.1165 35
74.1166 35
74.1168 40
74.1188 35
74.1218 35
74.1219 35
74.122 35
74.1229 35
74.1261 35
74.1262 35
74.1263 35
74.128 35
74.1314 35
74.1315 35
74.1316 35
74.1327 35
74.1354 35
74.1356 35
74.1357 35
74.1374 35
74.1375 35
74.1403 35
74.1405 40
74.1406 35
74.1415 35
74.1444 35
74.1445 35
74.1446 35
74.1495 36
74.15 35
74.1528 35
74.1529 35
74.153 35
74.154 35
74.1569 35
74.1571 35
74.1572 35
74.159 35
74.1633 36
74.1671 35
74.1672 35
74.1673 35
74.1675 40
74.1706 35
74.1707 35
74.1708 35
74.1718 35
74.1745 35
74.1746 35
74.1747 35
74.1748 35
74.176 35
74.179 35
74.1791 35
74.1792 35
74.1808 35
74.1838 35
74.1839 35
74.184 35
74.1851 35
74.1852 35
74.1881 35
74.1882 40
74.1883 35
74.1893 35
74.1926 35
74.1928 35
74.1929 35
74.1942 35
74.1971 35
74.1972 35
74.1973 35
74.1988 35
74.1989 35
74.2021 35
74.2023 35
74.2024 35
74.2036 35
74.2071 35
74.2072 35
74.2073 35
74.2085 35
74.2114 40
74.2115 35
74.2116 35
74.2125 35
74.2127 35
74.2176 35
74.2177 35
74.2178 35
74.218 35
74.2211 35
74.2212 35
74.2213 35
74.2223 35
74.2256 35
74.2257 35
74.2258 35
74.2266 35
74.2299 35
74.23 35
74.2301 35
74.2313 40
74.2314 35
74.2347 35
74.2348 35
74.235 35
74.2368 35
74.2397 35
74.2399 35
74.24 35
74.2414 35
74.2443 35
74.2444 35
74.2445 35
74.2461 35
74.2504 36
74.2513 35
74.2514 35
74.2515 35
74.2525 35
74.257 36
74.2572 40
74.2573 35
74.2574 35
74.2584 35
74.2616 35
74.2618 35
74.2619 35
74.2632 35
74.2661 35
74.2663 35
74.2663 35
74.2688 35
74.2716 35
74.2718 35
74.2719 35
74.2728 35
74.2729 35
74.276 35
74.2761 35
74.2762 35
74.2784 40
74.2812 35
74.2813 35
74.2814 35
74.2815 41
74.2825 35
74.2856 35
74.2858 35
74.2859 35
74.2875 35
74.2905 35
74.2907 35
74.2908 35
74.2923 35
74.2924 35
74.2956 35
74.2958 35
74.2959 35
74.2975 35
74.3002 35
74.3003 35
74.3004 35
74.3016 35
74.3049 35
74.305 40
74.3051 35
74.3052 35
74.3064 35
74.3098 35
74.3099 35
74.31 35
74.3112 35
74.3143 35
74.3144 35
74.3145 35
74.3157 35
74.3158 35
74.3189 35
74.319 35
74.3209 35
74.3211 35
74.3245 35
74.3246 35
74.3247 35
74.3257 40
74.3284 35
74.3285 35
74.3286 36
74.3297 36
74.3329 36
74.333 36
74.3331 36
74.3345 36
74.3346 36
74.338 35
74.3382 35
74.3383 35
74.3393 35
74.342 35
74.3421 35
74.3422 35
74.3437 35
74.3473 35
74.3474 35
74.3475 40
74.3484 35
74.3485 35
74.3536 35
74.3537 35
74.3538 35
74.3556 36
74.3582 36
74.3584 36
74.3585 35
74.3595 35
74.3638 35
74.3639 35
74.364 35
74.3641 35
74.3653 35
74.368 35
74.3681 35
74.3682 35
74.3698 35
74.3742 41
74.3752 35
74.3753 35
74.3753 35
74.3755 35
74.3786 35
74.3787 35
74.3788 36
74.38 36
74.3827 36
74.3828 36
74.3829 36
74.384 36
74.3874 36
74.3876 36
74.3877 36
74.3889 36
74.389 36
74.3917 36
74.3918 35
74.392 40
74.3933 35
74.3965 35
74.3966 35
74.3967 35
74.3979 35
74.398 35
74.4007 35
74.4008 36
74.4009 36
74.402 36
74.4049 36
74.405 36
74.4051 36
74.4061 36
74.4097 36
74.4098 36
74.41 36
74.411 36
74.4111 36
74.4139 41
74.414 35
74.4141 35
74.4156 35
74.4187 35
74.4188 36
74.4189 36
74.42 36
74.4201 36
74.4232 36
74.4234 36
74.4235 36
74.4258 35
74.431 36
74.4321 35
74.4322 35
74.4323 35
74.4336 35
74.4369 35
74.4371 35
74.4372 40
74.4382 35
74.4411 35
74.4413 35
74.4414 35
74.4423 35
74.4456 35
74.4457 36
74.4459 36
74.4487 36
74.4488 36
74.452 35
74.4521 35
74.4522 35
74.456 35
74.4589 35
74.459 35
74.4591 35
74.4604 35
74.4631 35
74.4632 40
74.4633 35
74.4644 35
74.4673 35
74.4674 35
74.4675 36
74.4676 36
74.4685 36
74.4713 36
74.4715 36
74.4716 36
74.4734 36
74.4767 36
74.4769 36
74.479 36
74.4791 35
74.4817 35
74.4818 35
74.4819 35
74.4835 35
74.4861 40
74.4862 35
74.4863 35
74.4886 35
74.4887 35
74.4926 35
74.4927 35
74.4928 36
74.4976 36
74.4977 36
74.4978 36
74.4979 36
74.499 36
74.5022 36
74.5023 36
74.5024 36
74.5034 36
74.5064 36
74.5066 35
74.5067 35
74.5076 40
74.5077 35
74.5106 35
74.5107 35
74.5108 35
74.5118 35
74.5146 35
74.5147 35
74.5148 35
74.5164 36
74.5196 36
74.5197 36
74.5198 36
74.5199 36
74.5213 36
74.5241 36
74.5242 36
74.5243 36
74.5258 36
74.5294 35
74.5296 40
74.5312 35
74.5313 35
74.5314 35
74.5349 35
74.535 36
74.5351 36
74.5363 36
74.5391 36
74.5392 36
74.5393 36
74.5404 36
74.5442 36
74.5443 36
74.5444 36
74.5455 36
74.5489 36
74.549 35
74.5491 35
74.5526 35
74.5528 40
74.5534 35
74.5536 35
74.5537 35
74.558 35
74.5582 35
74.5609 35
74.561 36
74.561 36
74.5622 36
74.5648 36
74.5649 36
74.565 36
74.567 36
74.5697 36
74.5698 36
74.5698 36
74.5714 35
74.5763 35
74.5765 35
74.5766 40
74.5767 35
74.5769 35
74.577 41
74.579 35
74.5791 35
74.5814 35
74.5854 35
74.5855 35
74.5857 35
74.586 35
74.589 35
74.5892 35
74.5929 35
74.5931 35
74.5944 35
74.5945 35
74.5947 35
74.5957 35
74.5958 35
74.5988 35
74.5989 35
74.5989 35
74.6008 40
74.604 35
74.6041 35
74.6043 35
74.6055 35
74.6057 36
74.609 36
74.6091 36
74.6092 36
74.6104 35
74.6132 35
74.6133 35
74.6134 35
74.6149 35
74.6177 35
74.6178 35
74.6179 35
74.619 35
74.6192 35
74.6219 35
74.622 40
74.6222 35
74.6233 36
74.6264 36
74.6265 36
74.6267 36
74.6279 36
74.628 36
74.6307 36
74.6308 36
74.6309 36
74.6371 35
74.6376 35
74.6377 35
74.6378 35
74.641 35
74.6412 35
74.6413 35
74.6423 35
74.6457 35
74.646 40
74.6461 35
74.647 35
74.6507 35
74.6508 35
74.6509 35
74.652 35
74.6551 35
74.6552 35
74.6553 35
74.6594 35
74.6595 35
74.6622 35
74.6623 35
74.6624 35
74.6636 35
74.6663 35
74.6664 35
74.6665 35
74.668 35
74.6711 40
74.6712 35
74.6713 35
74.6732 35
74.6734 35
74.6734 40
74.676 35
74.6761 35
74.6762 35
74.6773 35
74.68 35
74.6801 35
74.6802 35
74.6815 35
74.6846 35
74.6847 35
74.6848 35
74.6862 35
74.6902 35
74.6904 35
74.6905 35
74.6907 35
74.6936 35
74.6937 35
74.6939 35
74.6957 40
74.6987 36
74.6988 36
74.6989 36
74.6999 36
74.7 36
74.7042 35
74.7043 35
74.7044 35
74.7056 35
74.7082 35
74.7083 35
74.7084 35
74.7102 35
74.7103 35
74.7131 35
74.7132 35
74.7133 35
74.7153 35
74.7181 35
74.7182 40
74.7183 36
74.7192 36
74.7223 36
74.7225 36
74.7226 36
74.7238 36
74.724 35
74.7267 35
74.7269 35
74.727 35
74.7279 35
74.7308 35
74.7309 35
74.731 35
74.732 35
74.7355 35
74.7357 35
74.7358 35
74.7367 35
74.7368 40
74.7396 35
74.742 35
74.7422 35
74.7423 35
74.7449 35
74.745 36
74.7451 36
74.7465 35
74.7492 35
74.7494 35
74.7495 35
74.751 35
74.754 35
74.7541 35
74.7542 35
74.7553 35
74.7581 35
74.7583 35
74.7584 35
74.7585 40
74.7618 35
74.7648 35
74.7649 35
74.765 35
74.7659 35
74.7688 35
74.7689 35
74.769 35
74.7713 35
74.7746 35
74.7747 35
74.7748 35
74.7762 35
74.7802 35
74.7803 35
74.7804 35
74.7805 35
74.7815 35
74.7844 35
74.7846 40
74.7847 35
74.7857 35
74.7891 35
74.7892 35
74.7893 35
74.7904 35
74.7949 35
74.795 35
74.7951 35
74.7952 35
74.7954 35
74.7981 35
74.7982 35
74.7983 35
74.8019 35
74.802 35
74.8022 35
74.8035 35
74.8064 35
74.8065 40
74.8066 35
74.8068 35
74.8076 35
74.8112 35
74.8113 35
74.8114 35
74.8125 35
74.8154 35
74.8155 35
74.8156 35
74.8173 35
74.8202 35
74.8203 35
74.8204 35
74.8205 35
74.8215 35
74.8242 35
74.8243 35
74.8244 35
74.8255 40
74.8283 35
74.8284 35
74.8286 35
74.83 35
74.8335 35
74.8336 35
74.8337 35
74.8348 35
74.8377 35
74.8378 35
74.8379 35
74.8398 35
74.8399 35
74.8427 35
74.8428 35
74.8429 35
74.8483 35
74.8484 35
74.8485 35
74.8487 40
74.8518 35
74.8519 35
74.852 35
74.8534 35
74.8563 35
74.8564 35
74.8565 35
74.8575 35
74.8614 35
74.8616 35
74.8617 35
74.8655 35
74.8656 35
74.8684 35
74.8685 35
74.8686 35
74.8686 41
74.875 35
74.8751 35
74.8752 35
74.8754 35
74.8783 35
74.8784 35
74.8785 35
74.8802 35
74.883 35
74.8831 35
74.8832 35
74.8844 35
74.8878 35
74.8879 35
74.888 35
74.8881 35
74.8891 35
74.8919 35
74.892 35
74.8922 40
74.8938 35
74.8966 35
74.8967 35
74.8993 35
74.8995 35
74.8996 35
74.9023 35
74.9025 35
74.9026 35
74.9046 35
74.9089 36
74.911 35
74.9111 35
74.9112 35
74.9125 35
74.9155 35
74.9156 35
74.9157 35
74.9173 35
74.9204 40
74.9205 35
74.9206 35
74.9219 35
74.9221 35
74.9251 35
74.9252 35
74.9253 35
74.9265 35
74.9309 36
74.9366 35
74.9367 35
74.9368 35
74.937 35
74.9406 35
74.9407 35
74.9408 35
74.9424 35
74.9459 35
74.946 35
74.9461 40
74.9471 35
74.9498 35
74.9517 35
74.9518 35
74.9519 35
74.952 35
74.9552 35
74.9554 35
74.9555 35
74.9587 35
74.9588 35
74.9589 35
74.9612 35
74.9644 35
74.9645 35
74.9646 35
74.9689 36
74.9711 35
74.9712 35
74.9713 40
74.9726 35
74.9757 35
74.9758 35
74.9759 35
74.977 35
74.9798 36
74.9799 36
74.98 35
74.9811 35
74.9843 35
74.9844 35
74.9845 35
74.9859 35
74.986 35
74.9903 36
74.9969 35
74.997 35
74.9971 35
74.9973 35
75.0002 40
75.0003 35
75.0004 35
75.0048 36
75.0066 35
75.0067 35
75.0068 35
75.007 36
75.0106 36
75.0107 35
75.0108 35
75.0118 35
75.0151 35
75.0152 35
75.0153 35
75.0164 35
75.0166 35
75.0197 35
75.0198 35
75.0199 35
75.0218 40
75.0246 35
75.0247 35
75.0248 35
75.0259 35
75.0291 35
75.0292 35
75.0293 35
75.0294 35
75.0307 35
75.0339 35
75.034 35
75.0341 35
75.0355 35
75.0386 35
75.0388 35
75.0389 35
75.04 35
75.0437 35
75.0438 35
75.0439 40
75.045 35
75.0451 35
75.0479 35
75.048 35
75.0481 35
75.05 35
75.0548 36
75.0568 35
75.0569 35
75.057 35
75.0581 35
75.0616 35
75.0617 35
75.0618 35
75.0634 35
75.0663 35
75.0664 35
75.0666 35
75.0703 35
75.0733 40
75.0734 35
75.0735 35
75.0748 35
75.0776 35
75.0777 35
75.0778 35
75.0779 35
75.0789 35
75.0821 35
75.0822 35
75.0823 35
75.0843 35
75.0873 35
75.0874 35
75.0875 35
75.0886 35
75.092 35
75.0921 35
75.0922 35
75.0933 40
75.0962 35
75.0963 35
75.0964 35
75.1 35
75.1001 35
75.1064 35
75.1065 35
75.1084 35
75.1085 35
75.1113 35
75.1114 35
75.1115 35
75.1128 35
75.1162 35
75.1163 35
75.1164 35
75.1175 35
75.1176 35
75.1204 35
75.1205 40
75.1206 35
75.1216 35
75.1246 35
75.1247 35
75.1248 35
75.1258 35
75.1287 35
75.1288 35
75.1289 35
75.1299 35
75.13 35
75.1329 35
75.133 35
75.1331 35
75.1341 35
75.137 35
75.1371 35
75.1372 35
75.1389 35
75.1425 40
75.1426 35
75.1427 35
75.1438 35
75.1475 35
75.1476 35
75.1477 35
75.151 35
75.1559 36
75.1582 35
75.1583 35
75.1584 35
75.1606 35
75.1634 35
75.1635 35
75.1636 35
75.1658 35
75.1686 35
75.1687 35
75.1688 35
75.1722 40
75.1723 35
75.1753 35
75.1754 35
75.1755 35
75.1765 35
75.1794 35
75.1795 35
75.1796 35
75.1805 35
75.1836 35
75.1837 35
75.1838 35
75.1839 35
75.1849 35
75.1877 35
75.1878 35
75.1879 35
75.189 35
75.1918 35
75.1919 40
75.192 35
75.193 35
75.1931 35
75.1931 32
75.1959 35
75.196 35
75.1961 35
75.2006 36
75.2015 35
75.2044 35
75.2045 35
75.2046 35
75.2071 35
75.2072 35
75.2073 35
75.2084 35
75.209 35
75.2118 35
75.212 35
75.2179 35
75.218 35
75.2181 35
75.2234 35
75.2235 40
75.2236 35
75.2238 35
75.2268 35
75.2269 36
75.2269 36
75.2293 36
75.2309 36
75.2331 35
75.2347 35
75.2348 35
75.2375 35
75.2376 35
75.2407 35
75.2408 35
75.2426 35
75.2427 35
75.2446 35
75.2449 35
75.248 35
75.2481 40
75.2482 35
75.2495 35
75.2522 35
75.2524 35
75.2525 35
75.257 36
75.2574 35
75.2605 35
75.2606 35
75.2607 35
75.2617 35
75.2649 35
75.2669 35
75.267 35
75.2671 35
75.2704 35
75.2706 35
75.2707 35
75.2709 35
75.2743 40
75.2771 35
75.2773 35
75.2774 35
75.2805 35
75.2807 35
75.2849 35
75.285 35
75.2851 35
75.2882 35
75.2884 35
75.2885 35
75.2915 35
75.2916 35
75.2917 35
75.2961 36
75.3001 35
75.3077 35
75.3078 35
75.3079 35
75.3102 40
75.3104 35
75.3123 35
75.3124 35
75.3177 36
75.3195 35
75.3196 35
75.3198 35
75.3243 36
75.3252 35
75.3253 35
75.3254 35
75.3257 35
75.3286 35
75.3288 35
75.3289 35
75.3299 35
75.3328 35
75.3329 35
75.333 35
75.3345 40
75.3374 35
75.3375 35
75.3376 35
75.3395 35
75.3397 35
75.3424 35
75.3425 35
75.3426 35
75.3455 35
75.3456 35
75.3471 35
75.3473 35
75.35 35
75.3501 35
75.3531 35
75.3532 35
75.3533 35
75.3579 36
75.3652 35
75.3695 41
75.372 35
75.3721 35
75.3723 35
75.3756 35
75.3783 35
75.3785 35
75.3803 35
75.3805 35
75.383 35
75.3832 35
75.3833 35
75.3855 35
75.3881 35
75.3882 35
75.3883 35
75.3897 35
75.3899 35
75.3924 35
75.3925 35
75.3969 40
75.397 35
75.397 35
75.3971 35
75.3982 35
75.4005 35
75.4006 35
75.4052 35
75.4098 36
75.4128 35
75.4129 35
75.413 35
75.4155 35
75.4157 35
75.4175 35
75.4202 35
75.4204 35
75.4205 35
75.4248 35
75.4249 35
75.425 40
75.426 35
75.4295 35
75.4303 36
75.4304 35
75.4306 35
75.434 35
75.4342 35
75.4343 35
75.437 35
75.4371 35
75.4372 35
75.4398 35
75.4399 35
75.4423 35
75.4424 35
75.4442 35
75.4443 35
75.4464 35
75.4465 35
75.4488 40
75.4489 35
75.4512 35
75.4514 35
75.4515 35
75.4536 35
75.4538 35
75.457 35
75.4571 35
75.4572 35
75.4625 35
75.4627 35
75.4628 35
75.4679 36
75.4781 34
75.4807 34
75.4808 35
75.485 35
75.4852 35
75.4853 35
75.4862 40
75.4892 35
75.4894 35
75.4895 35
75.4924 35
75.4925 35
75.4926 35
75.4941 35
75.4972 35
75.4974 35
75.4975 35
75.4989 35
75.499 35
75.5009 35
75.5038 35
75.5039 35
75.504 35
75.5062 35
75.5063 35
75.5092 35
75.5093 40
75.5094 40
75.5106 35
75.5146 35
75.5147 35
75.5148 35
75.5195 36
75.5204 35
75.5262 35
75.5263 35
75.5269 35
75.5286 35
75.5318 35
75.5319 35
75.532 35
75.5366 35
75.5368 35
75.5387 35
75.5439 36
75.5505 35
75.5553 36
75.557 40
75.5572 35
75.5573 35
75.5581 35
75.5699 35
75.5745 36
75.5762 35
75.5807 36
75.5819 35
75.582 35
75.5838 34
75.586 35
75.5861 35
75.588 35
75.5881 35
75.5912 35
75.5913 35
75.5914 35
75.5936 35
75.5981 36
75.6033 40
75.6035 35
75.6036 35
75.6049 35
75.6096 36
75.6137 35
75.6138 35
75.6183 36
75.6319 34
75.6338 34
75.6366 34
75.6367 35
75.6369 35
75.637 41
75.6384 35
75.6415 35
75.6416 35
75.6435 35
75.6436 35
75.6459 35
75.646 35
75.6479 35
75.648 35
75.6505 35
75.6506 35
75.6528 35
75.6529 35
75.6548 35
75.655 35
75.6551 35
75.657 35
75.6571 35
75.659 35
75.6591 40
75.6611 35
75.6612 35
75.6645 35
75.6646 35
75.6648 35
75.6674 35
75.6675 35
75.67 35
75.6701 35
75.6723 35
75.6724 35
75.6725 35
75.6749 35
75.6751 35
75.6776 35
75.6808 35
75.6809 35
75.681 35
75.6854 36
75.6867 40
75.6868 35
75.6869 35
75.6881 35
75.6908 35
75.6909 35
75.691 35
75.6922 35
75.6944 35
75.6945 35
75.697 35
75.6971 35
75.6972 35
75.6999 35
75.7 35
75.7024 35
75.7025 35
75.704 35
75.7041 35
75.707 35
75.7071 40
75.7072 35
75.7088 35
75.7111 35
75.7112 35
75.7113 35
75.7133 35
75.7134 35
75.7164 35
75.7165 35
75.7184 35
75.7185 35
75.7215 35
75.7216 35
75.7217 35
75.7232 35
75.7259 35
75.726 35
75.7261 35
75.7278 35
75.7279 40
75.7305 35
75.7306 35
75.7323 35
75.7324 35
75.7351 35
75.7352 35
75.7353 35
75.7401 35
75.7402 35
75.7403 35
75.7404 35
75.7406 35
75.7441 35
75.7442 35
75.7443 35
75.7455 35
75.7482 35
75.7483 35
75.7484 35
75.7496 40
75.7529 35
75.7531 35
75.7532 35
75.7543 35
75.7574 35
75.7576 35
75.7577 35
75.7588 35
75.7589 35
75.7616 35
75.7617 35
75.7618 35
75.7629 35
75.7657 35
75.7658 35
75.7659 35
75.767 35
75.7698 35
75.77 35
75.7701 40
75.7712 35
75.774 35
75.7741 35
75.7742 35
75.7754 35
75.7755 35
75.7798 35
75.7799 35
75.78 35
75.7811 35
75.7863 36
75.7868 35
75.7869 35
75.7881 35
75.7882 35
75.7918 35
75.7919 35
75.792 35
75.7963 36
75.7964 40
75.7965 35
75.7966 35
75.7976 35
75.8006 35
75.8007 35
75.8008 35
75.8017 36
75.8046 35
75.8049 35
75.805 35
75.806 35
75.8063 35
75.8096 35
75.8097 35
75.8098 35
75.8108 35
75.8136 35
75.8137 35
75.8138 35
75.8155 40
75.8191 35
75.8193 35
75.8194 35
75.8195 35
75.8205 35
75.8234 35
75.8236 35
75.8237 35
75.8249 35
75.8281 35
75.8282 35
75.8284 35
75.8294 35
75.8295 35
75.8324 35
75.8325 35
75.8326 35
75.8336 35
75.8371 35
75.8372 40
75.8373 35
75.8396 35
75.8425 35
75.8461 35
75.8462 35
75.8463 35
75.8495 35
75.8496 35
75.8497 35
75.8514 35
75.8515 35
75.8546 35
75.8547 35
75.8548 35
75.8556 35
75.8584 35
75.8586 35
75.8587 35
75.8597 35
75.864 41
75.8647 35
75.8648 35
75.8649 35
75.866 35
75.8692 35
75.8693 35
75.8694 35
75.8708 35
75.8736 35
75.8737 35
75.8738 35
75.8748 35
75.8777 35
75.8778 35
75.8779 35
75.8789 35
75.8791 35
75.8823 35
75.8824 35
75.8825 40
75.8841 35
75.8894 36
75.8899 35
75.89 35
75.8902 35
75.8913 35
75.894 35
75.8941 35
75.8958 35
75.8959 35
75.8986 35
75.8987 35
75.8988 35
75.8989 35
75.9004 35
75.9032 35
75.9034 35
75.9035 35
75.9049 35
75.908 40
75.9081 35
75.9082 35
75.9093 35
75.9094 35
75.9131 35
75.9133 35
75.9134 35
75.9146 35
75.9178 35
75.9179 35
75.918 35
75.9192 35
75.9225 35
75.9227 35
75.9229 35
75.9243 35
75.9245 35
75.9278 35
75.9279 35
75.928 40
75.9295 35
75.9324 35
75.9325 35
75.9326 35
75.9327 41
75.9337 35
75.9366 35
75.9367 35
75.9368 35
75.9378 35
75.9408 35
75.9409 35
75.941 35
75.942 35
75.9421 35
75.9449 35
75.945 35
75.9452 35
75.9496 35
75.9497 35
75.9498 35
75.9499 35
75.9535 35
75.9536 35
75.9537 40
75.9547 35
75.958 35
75.9581 35
75.9582 35
75.9592 35
75.9594 35
75.962 35
75.9621 35
75.9622 35
75.9649 35
75.9677 35
75.9678 35
75.9679 35
75.9689 35
75.972 35
75.9722 35
75.9723 35
75.9735 35
75.9763 35
75.9764 40
75.9765 36
75.9784 36
75.9785 36
75.9812 36
75.9813 36
75.9814 36
75.9826 36
75.9854 36
75.9855 36
75.9856 36
75.9902 36
75.9902 36
75.993 36
75.9931 36
75.9932 36
75.9948 36
75.9979 36
75.998 35
75.9981 35
76.0025 40
76.0026 35
76.0028 35
76.0029 35
76.0032 35
76.006 35
76.0061 35
76.0062 35
76.008 35
76.0109 35
76.011 35
76.0111 35
76.0125 35
76.0159 35
76.016 35
76.0161 35
76.0172 35
76.0173 35
76.0201 35
76.0202 35
76.0203 40
76.0218 35
76.0245 35
76.0246 35
76.0248 35
76.0267 35
76.0296 35
76.0297 35
76.0298 35
76.0309 35
76.031 35
76.0341 35
76.0342 35
76.0343 35
76.0355 35
76.0383 35
76.0384 35
76.0385 35
76.0395 35
76.0397 35
76.0424 40
76.0425 35
76.0426 35
76.0446 35
76.0474 35
76.0475 35
76.0476 36
76.0489 35
76.0516 35
76.0517 35
76.0539 35
76.054 35
76.0542 35
76.0568 35
76.057 35
76.0571 35
76.0584 35
76.0612 35
76.0613 35
76.0614 35
76.0634 40
76.0662 35
76.0664 35
76.0665 35
76.0674 35
76.0675 35
76.0704 35
76.0705 35
76.0706 35
76.072 35
76.0754 35
76.0755 35
76.0756 35
76.077 35
76.0798 35
76.0799 35
76.08 35
76.0811 35
76.0839 35
76.084 35
76.0842 40
76.0856 35
76.0888 35
76.0889 35
76.089 35
76.0927 35
76.0929 35
76.0958 35
76.0959 35
76.096 35
76.0971 35
76.0999 35
76.1 35
76.1001 35
76.1012 35
76.1045 35
76.1047 35
76.1066 35
76.1067 35
76.1068 35
76.11 40
76.1101 35
76.1102 35
76.1114 35
76.1151 35
76.1152 35
76.1153 35
76.1163 36
76.1165 36
76.1194 36
76.1194 35
76.1195 35
76.1213 35
76.1241 35
76.1242 35
76.1243 35
76.1254 35
76.1286 35
76.1287 35
76.1288 35
76.1289 40
76.1302 35
76.1331 35
76.1334 35
76.1335 35
76.1343 35
76.1376 35
76.1377 35
76.1378 35
76.1396 35
76.1397 35
76.1426 35
76.1427 35
76.1428 35
76.144 35
76.1471 35
76.1472 35
76.1473 35
76.1483 35
76.1512 35
76.1514 40
76.1515 35
76.1516 35
76.1526 35
76.1555 35
76.1556 36
76.1557 36
76.1601 36
76.1602 36
76.1603 36
76.1605 36
76.1607 36
76.1638 35
76.164 35
76.1641 35
76.1655 35
76.1683 35
76.1684 35
76.1685 35
76.171 35
76.1711 40
76.1738 35
76.174 35
76.1741 35
76.1756 35
76.1783 35
76.1785 35
76.1786 36
76.1797 36
76.1825 36
76.1826 36
76.1827 36
76.1846 36
76.1873 36
76.1875 36
76.1876 35
76.19 35
76.193 35
76.1931 35
76.1932 35
76.1964 40
76.1965 35
76.1997 35
76.1999 35
76.2 35
76.2012 35
76.2041 35
76.2042 35
76.2043 35
76.2053 36
76.2082 36
76.2083 36
76.2084 36
76.2099 36
76.2127 35
76.2129 35
76.2129 35
76.2146 35
76.2175 35
76.2176 35
76.2177 40
76.2179 35
76.2179 41
76.2189 35
76.2222 35
76.2223 35
76.2224 35
76.2234 35
76.2264 35
76.2265 35
76.2266 35
76.2276 35
76.231 35
76.2311 35
76.2312 35
76.2322 35
76.2323 35
76.2356 35
76.2357 35
76.2358 35
76.2367 35
76.2406 35
76.2407 40
76.2408 35
76.2417 35
76.245 36
76.2451 36
76.2452 36
76.2453 36
76.2469 36
76.2499 36
76.25 36
76.2501 36
76.2511 36
76.2544 36
76.2546 36
76.2547 36
76.2556 36
76.2557 36
76.2586 36
76.2587 36
76.2588 36
76.2605 41
76.2649 37
76.266 36
76.2661 35
76.2662 35
76.2675 35
76.2702 35
76.2703 35
76.2705 35
76.2719 35
76.275 35
76.2751 35
76.2752 35
76.2769 35
76.2796 35
76.2798 35
76.2799 35
76.2809 35
76.281 35
76.2841 35
76.2843 40
76.2844 35
76.2857 35
76.2888 35
76.2889 35
76.289 36
76.291 36
76.2937 36
76.2938 36
76.2939 36
76.2974 36
76.3001 36
76.3002 35
76.3003 35
76.3022 35
76.3023 35
76.3051 35
76.3052 35
76.3053 35
76.3067 35
76.3068 40
76.3096 35
76.3097 35
76.3098 35
76.3109 35
76.3137 35
76.3138 35
76.3168 35
76.3169 35
76.3197 36
76.3198 36
76.32 36
76.322 35
76.3222 35
76.3247 35
76.3249 35
76.325 35
76.3267 35
76.3295 35
76.3296 35
76.3298 40
76.3309 35
76.3336 35
76.3338 35
76.3339 35
76.334 36
76.3351 36
76.3382 36
76.3384 36
76.3385 36
76.3399 36
76.3429 36
76.343 36
76.3431 36
76.3444 36
76.3445 36
76.3481 35
76.3482 35
76.3483 35
76.3495 35
76.3522 40
76.3523 35
76.3524 35
76.3536 35
76.3538 35
76.3564 35
76.3565 35
76.3567 35
76.3582 35
76.3609 35
76.3611 36
76.3612 36
76.3624 36
76.365 36
76.3651 36
76.3652 36
76.3665 36
76.371 35
76.3712 35
76.3713 35
76.3714 40
76.3746 35
76.3747 35
76.3748 35
76.3762 35
76.3763 35
76.3796 35
76.3797 35
76.3798 36
76.381 36
76.384 36
76.3841 36
76.3842 36
76.3855 36
76.389 35
76.3891 35
76.3892 35
76.3904 35
76.393 35
76.3932 35
76.3933 40
76.3948 35
76.395 35
76.3979 35
76.398 35
76.3981 35
76.4015 35
76.4047 35
76.4049 35
76.405 35
76.406 36
76.4094 36
76.4095 36
76.4096 36
76.4107 36
76.4108 36
76.4144 35
76.4145 35
76.4146 35
76.4157 35
76.4192 40
76.4193 35
76.4211 35
76.4212 35
76.4245 35
76.4247 35
76.4248 35
76.426 35
76.4288 35
76.4289 36
76.429 36
76.43 36
76.4332 35
76.4334 35
76.4334 35
76.4335 35
76.4349 35
76.4378 35
76.4379 35
76.438 35
76.4401 40
76.4429 35
76.443 35
76.4431 35
76.4443 35
76.4444 36
76.4476 36
76.4477 36
76.4478 36
76.4492 36
76.4522 36
76.4524 36
76.4525 36
76.4538 36
76.4571 35
76.4572 35
76.4573 35
76.4585 35
76.4586 35
76.4613 35
76.4614 40
76.4615 35
76.4634 35
76.466 35
76.4661 35
76.4662 36
76.468 36
76.4681 36
76.4711 36
76.4712 36
76.4755 36
76.4756 36
76.4789 36
76.479 36
76.4791 36
76.4801 36
76.4802 36
76.4838 36
76.484 36
76.4841 35
76.4851 40
76.4885 35
76.4886 35
76.4887 35
76.4898 35
76.4926 35
76.4928 36
76.4929 36
76.4939 36
76.4975 36
76.4976 36
76.4977 36
76.4987 36
76.4988 36
76.5041 37
76.5043 36
76.5044 36
76.5045 36
76.5057 36
76.5084 36
76.5086 40
76.5087 35
76.5101 35
76.5102 41
76.5136 35
76.5137 35
76.5138 35
76.5148 35
76.5176 36
76.5177 36
76.5178 36
76.5193 36
76.5228 36
76.523 36
76.5231 36
76.5277 36
76.5278 36
76.5279 36
76.528 36
76.5282 36
76.531 36
76.5311 35
76.5312 35
76.5323 40
76.5362 35
76.5363 35
76.5364 35
76.5377 36
76.5404 36
76.5405 36
76.5406 36
76.5424 36
76.5454 36
76.5455 36
76.5456 36
76.5468 36
76.5469 35
76.5496 35
76.5497 35
76.5498 35
76.5508 35
76.5541 35
76.5542 35
76.5543 40
76.5561 863
76.5562 35
76.5583 36
76.5584 36
76.5585 36
76.5586 36
76.56 36
76.5633 36
76.5635 36
76.5636 36
76.5648 36
76.5675 36
76.5676 36
76.5678 36
76.5693 35
76.5694 35
76.5734 35
76.5735 35
76.5736 35
76.5751 35
76.5792 40
76.5794 35
76.5795 35
76.5808 35
76.5836 35
76.5837 35
76.5838 35
76.5849 35
76.585 35
76.5878 35
76.5879 35
76.588 36
76.5893 36
76.592 35
76.5939 35
76.594 35
76.5941 35
76.5968 35
76.5969 35
76.597 35
76.5981 40
76.5983 35
76.6015 35
76.6016 35
76.6057 35
76.6058 36
76.6084 36
76.6085 36
76.6086 36
76.6103 36
76.6137 36
76.6139 36
76.614 36
76.6151 36
76.6178 36
76.6179 36
76.6181 36
76.6196 35
76.6198 35
76.6228 35
76.623 40
76.6231 35
76.6244 35
76.6272 35
76.6274 35
76.6275 35
76.6285 36
76.6333 36
76.6335 36
76.6336 35
76.6337 35
76.6368 35
76.6369 35
76.637 35
76.6389 35
76.6416 35
76.6418 35
76.6419 35
76.6434 35
76.6435 39
76.6465 35
76.6467 40
76.6468 35
76.6469 35
76.6478 35
76.6507 35
76.6508 35
76.6509 35
76.6521 35
76.6549 35
76.655 35
76.6551 35
76.6569 35
76.657 35
76.6599 35
76.66 35
76.6601 35
76.6611 35
76.664 35
76.6641 35
76.6642 35
76.6664 40
76.669 35
76.6692 35
76.6693 35
76.6707 35
76.6708 35
76.6739 35
76.674 35
76.6741 35
76.6755 35
76.6783 35
76.6784 35
76.6785 35
76.68 35
76.6844 36
76.6852 35
76.6854 35
76.6855 35
76.6856 35
76.689 35
76.6891 40
76.6893 35
76.6902 35
76.6935 35
76.6936 35
76.6938 35
76.6947 35
76.6979 35
76.698 35
76.6981 35
76.6991 35
76.7026 35
76.7027 35
76.7028 35
76.7039 35
76.7083 36
76.7094 35
76.7096 35
76.7097 35
76.7109 35
76.7145 40
76.7146 35
76.7147 35
76.716 35
76.7188 35
76.7189 35
76.719 35
76.7201 35
76.7234 35
76.7235 35
76.7236 35
76.725 35
76.7251 35
76.7289 35
76.729 35
76.7291 35
76.7302 35
76.733 35
76.7333 35
76.7334 35
76.7349 40
76.7383 35
76.7384 35
76.7385 35
76.7386 35
76.7398 35
76.7429 35
76.743 35
76.7431 35
76.7445 35
76.7476 35
76.7478 35
76.7479 35
76.7493 35
76.7494 35
76.7525 35
76.7526 35
76.7527 35
76.7551 35
76.7578 35
76.7579 40
76.758 35
76.7591 35
76.7618 35
76.762 35
76.7621 35
76.7632 35
76.7633 35
76.7664 35
76.7665 35
76.7667 35
76.7678 35
76.7709 35
76.771 35
76.7711 35
76.7724 35
76.7764 35
76.7765 35
76.7766 35
76.7776 35
76.7805 40
76.7806 35
76.7807 35
76.7808 35
76.7819 35
76.7845 35
76.7847 35
76.7848 35
76.7896 36
76.79 35
76.7901 35
76.7902 35
76.7934 35
76.7935 35
76.7936 35
76.7949 35
76.795 35
76.7979 35
76.7981 35
76.7982 35
76.7991 40
76.8019 35
76.802 35
76.8022 35
76.8023 41
76.8032 35
76.806 35
76.8061 35
76.8062 35
76.8103 35
76.8133 35
76.8133 35
76.8134 35
76.8145 35
76.8146 35
76.8179 35
76.818 35
76.8182 35
76.8194 35
76.8224 35
76.8226 35
76.8226 35
76.8235 35
76.8268 35
76.8269 40
76.827 35
76.8271 35
76.8284 35
76.8317 35
76.8318 35
76.8319 35
76.8329 35
76.8358 35
76.8359 35
76.836 35
76.8381 35
76.8382 35
76.8417 35
76.8418 35
76.8419 35
76.843 35
76.847 35
76.8471 35
76.8472 35
76.8484 40
76.8515 35
76.8517 35
76.8518 35
76.8533 35
76.8534 35
76.8559 35
76.856 35
76.8562 35
76.8581 35
76.8607 35
76.8609 35
76.861 35
76.8621 35
76.8631 35
76.8653 35
76.8654 35
76.8673 35
76.8674 35
76.8705 35
76.8706 40
76.8708 35
76.872 35
76.8746 35
76.8747 35
76.8748 35
76.876 35
76.8787 35
76.8788 35
76.8789 35
76.88 35
76.883 35
76.8831 35
76.8833 35
76.885 35
76.8851 35
76.8876 35
76.8877 35
76.8893 35
76.8894 35
76.8917 40
76.8928 35
76.8956 35
76.8957 35
76.8959 35
76.8972 35
76.8973 35
76.901 35
76.9011 35
76.9012 35
76.9023 35
76.9055 35
76.9056 35
76.9057 35
76.9067 35
76.9101 35
76.9103 35
76.9104 35
76.9136 35
76.9165 35
76.9166 40
76.9167 35
76.9177 35
76.9178 35
76.9208 35
76.9209 35
76.921 35
76.9221 35
76.925 35
76.9251 35
76.9252 35
76.9262 35
76.9299 35
76.93 35
76.9301 35
76.9302 35
76.9312 35
76.9345 35
76.9346 35
76.9347 35
76.9362 40
76.9389 35
76.939 35
76.9391 35
76.9403 35
76.9404 35
76.9431 35
76.9433 35
76.9433 35
76.9448 35
76.9475 35
76.9476 35
76.9477 35
76.9489 35
76.9522 35
76.9524 35
76.9525 35
76.9526 35
76.9536 35
76.9565 35
76.9567 40
76.9569 35
76.9583 35
76.9611 35
76.9612 35
76.9613 35
76.9624 35
76.9652 35
76.9653 35
76.9654 35
76.9655 35
76.9666 35
76.97 35
76.9701 35
76.9702 35
76.9728 35
76.9756 35
76.9757 35
76.9758 35
76.9774 35
76.98 40
76.9801 35
76.9802 35
76.9818 35
76.9819 35
76.9846 35
76.9847 35
76.9848 35
76.9865 35
76.9893 35
76.9894 35
76.9895 35
76.9907 35
76.994 35
76.9941 35
76.9942 35
76.9954 35
76.9999 36
77.0004 35
77.0006 35
77.0007 40
77.0009 35
77.0038 35
77.004 35
77.0041 35
77.0051 35
77.0083 35
77.0084 35
77.0085 35
77.0099 35
77.0143 36
77.0157 35
77.0158 35
77.0159 35
77.017 35
77.0198 35
77.02 35
77.0201 35
77.022 35
77.0249 35
77.0251 40
77.0252 35
77.0264 35
77.0265 35
77.0305 35
77.0306 35
77.0308 35
77.0308 40
77.0318 35
77.0346 35
77.0347 35
77.0348 35
77.0359 35
77.0391 35
77.0392 35
77.0394 35
77.0404 35
77.0405 35
77.0433 35
77.0434 35
77.0435 35
77.0447 35
77.0474 35
77.0476 35
77.0477 35
77.0506 35
77.0533 35
77.0535 40
77.0536 35
77.0537 35
77.0553 35
77.0586 35
77.0587 35
77.0588 35
77.06 35
77.0628 35
77.063 35
77.0631 35
77.0641 35
77.0642 35
77.0676 35
77.0678 35
77.0679 35
77.0689 35
77.0726 35
77.0727 35
77.0729 35
77.0739 40
77.077 35
77.0771 35
77.0772 35
77.0785 35
77.0786 35
77.0812 35
77.0813 35
77.0814 35
77.0829 35
77.086 35
77.0862 35
77.0863 35
77.0877 35
77.0878 41
77.0904 35
77.0906 35
77.0917 35
77.0918 35
77.095 35
77.0951 35
77.0952 35
77.0963 35
77.099 35
77.0991 35
77.0992 35
77.1006 35
77.105 36
77.1086 35
77.1088 35
77.1089 35
77.1091 35
77.112 35
77.1121 35
77.1122 40
77.1136 35
77.1181 36
77.1187 35
77.1188 35
77.1189 35
77.12 35
77.1228 35
77.123 35
77.1231 35
77.1253 35
77.128 35
77.1281 35
77.1282 35
77.1295 35
77.1324 35
77.1326 35
77.1327 35
77.134 35
77.1341 35
77.1369 40
77.137 35
77.1371 35
77.1415 36
77.1424 35
77.1425 35
77.1427 35
77.1428 35
77.1457 35
77.1458 35
77.1459 35
77.147 35
77.1502 35
77.1503 35
77.1504 35
77.1505 35
77.1518 35
77.1551 35
77.1572 35
77.1573 35
77.1574 40
77.1607 35
77.1608 35
77.1609 35
77.1625 35
77.1626 35
77.1659 35
77.166 36
77.1661 36
77.1674 36
77.1709 36
77.171 36
77.1711 35
77.1736 35
77.1765 35
77.1766 35
77.1767 35
77.1769 35
77.1781 35
77.1809 35
77.181 40
77.1811 35
77.1825 35
77.1853 35
77.1854 35
77.1855 35
77.1867 35
77.1895 35
77.1897 35
77.1898 35
77.1915 35
77.1916 35
77.1948 35
77.1949 35
77.195 35
77.1963 35
77.1994 35
77.1996 35
77.1997 35
77.2013 35
77.2047 40
77.2048 35
77.2049 35
77.2059 35
77.2101 35
77.2103 35
77.2104 35
77.2106 35
77.2136 35
77.2137 35
77.2138 35
77.2154 35
77.2205 35
77.2206 35
77.2208 35
77.2209 35
77.2223 35
77.225 35
77.2251 35
77.2252 35
77.2264 40
77.2295 35
77.2296 35
77.2297 35
77.2311 35
77.2342 35
77.2343 36
77.2344 36
77.2356 36
77.2357 36
77.2385 36
77.2386 36
77.2387 36
77.2397 36
77.2431 35
77.2432 35
77.2433 35
77.245 35
77.2451 35
77.2479 35
77.248 40
77.2481 35
77.2492 35
77.252 35
77.2521 35
77.2522 35
77.254 35
77.2574 35
77.2575 35
77.2576 35
77.2577 35
77.2626 35
77.2627 36
77.2628 36
77.263 35
77.2653 35
77.268 35
77.2681 35
77.2682 35
77.2695 35
77.2696 40
77.2725 35
77.2726 35
77.2727 35
77.2744 35
77.2772 35
77.2773 35
77.2774 35
77.2789 35
77.282 35
77.2821 35
77.2822 35
77.2823 35
77.2838 35
77.2879 35
77.2881 35
77.2882 35
77.2926 36
77.2935 35
77.2936 35
77.2937 40
77.2939 35
77.2972 35
77.2974 35
77.2974 35
77.2986 35
77.3015 35
77.3016 35
77.3017 35
77.3027 35
77.3059 35
77.306 35
77.3061 35
77.3075 35
77.3109 35
77.311 35
77.3111 35
77.3127 35
77.3128 35
77.3164 35
77.3165 40
77.3166 35
77.3175 35
77.3219 36
77.323 35
77.3232 35
77.3233 35
77.3249 36
77.3276 35
77.3277 35
77.3278 35
77.3295 35
77.3324 35
77.3325 35
77.3326 35
77.3339 35
77.3373 35
77.3375 35
77.3376 35
77.3387 35
77.3388 40
77.3425 35
77.3426 35
77.3427 35
77.3439 35
77.3469 36
77.347 36
77.3471 35
77.3482 35
77.3515 35
77.3516 35
77.3517 35
77.3527 35
77.3561 35
77.3562 35
77.3563 35
77.3575 35
77.3576 35
77.3604 35
77.3605 35
77.3606 40
77.3618 35
77.365 35
77.3675 35
77.3676 35
77.3677 35
77.3708 36
77.3709 36
77.371 36
77.3711 36
77.3721 36
77.3765 36
77.3766 36
77.3767 36
77.3779 35
77.378 35
77.3807 35
77.3809 35
77.3809 35
77.3825 35
77.3859 40
77.386 35
77.3861 35
77.3873 35
77.3874 35
77.3874 32
77.3902 35
77.3903 35
77.3914 35
77.3915 35
77.3946 35
77.3947 35
77.3948 35
77.3963 35
77.3997 35
77.3999 35
77.4 35
77.4011 35
77.4039 35
77.404 35
77.4041 35
77.4065 35
77.4066 35
77.4093 35
77.4094 35
77.4096 40
77.4112 35
77.4136 29
77.4147 35
77.4148 35
77.4149 35
77.416 35
77.4203 36
77.4247 35
77.4248 35
77.4249 35
77.428 35
77.4281 35
77.4282 35
77.4304 35
77.4332 35
77.4333 35
77.4334 35
77.4346 35
77.4347 35
77.4374 35
77.4376 41
77.4394 35
77.442 35
77.4421 35
77.4422 35
77.4423 35
77.4441 35
77.4474 35
77.4475 35
77.4476 35
77.4487 35
77.4519 35
77.452 35
77.4521 35
77.4535 35
77.4537 35
77.4563 35
77.4564 35
77.4565 35
77.4576 35
77.4609 40
77.461 35
77.4611 35
77.4622 35
77.4653 35
77.4654 35
77.4655 35
77.4676 35
77.4677 35
77.4719 35
77.472 35
77.4721 35
77.4723 29
77.4734 35
77.476 35
77.4761 35
77.4762 35
77.4775 35
77.4776 35
77.4802 35
77.4803 35
77.4804 40
77.482 35
77.4854 35
77.4855 35
77.4856 35
77.4868 36
77.487 36
77.4899 36
77.49 36
77.4901 36
77.4917 36
77.4946 35
77.4947 35
77.4948 35
77.4964 35
77.499 35
77.4991 35
77.4992 35
77.5004 35
77.5031 35
77.5032 40
77.5033 35
77.5053 35
77.5079 35
77.5081 35
77.5081 35
77.5098 35
77.5099 35
77.5125 35
77.5127 35
77.5128 35
77.514 35
77.5168 35
77.5169 35
77.517 35
77.5196 35
77.5224 35
77.5269 36
77.5275 35
77.5277 35
77.5278 40
77.5315 35
77.5316 35
77.5317 35
77.5328 35
77.5359 35
77.5361 35
77.5362 35
77.5363 35
77.5374 35
77.5408 35
77.5409 35
77.541 35
77.5422 35
77.5424 35
77.5455 35
77.5456 35
77.5456 35
77.5457 35
77.5471 35
77.5472 35
77.55 35
77.5501 40
77.5502 35
77.5515 35
77.5555 35
77.5556 35
77.5557 35
77.5569 35
77.5595 35
77.5596 35
77.5598 35
77.5608 35
77.561 35
77.5647 35
77.5649 35
77.565 35
77.5661 35
77.5695 35
77.5696 35
77.5697 35
77.5708 35
77.5709 40
77.5738 35
77.5739 35
77.5765 35
77.5766 35
77.5803 35
77.5805 35
77.5806 35
77.582 35
77.5852 35
77.5853 35
77.5854 35
77.5874 35
77.5875 35
77.5903 35
77.5904 35
77.5905 35
77.5916 35
77.5946 35
77.5948 35
77.5949 40
77.5961 35
77.5987 35
77.5988 35
77.5989 35
77.6002 35
77.6003 35
77.6035 35
77.6036 35
77.6056 35
77.6057 35
77.6091 35
77.6092 35
77.6093 35
77.6105 35
77.6138 35
77.6139 35
77.614 35
77.6153 35
77.618 35
77.6181 40
77.6183 35
77.6194 35
77.6195 35
77.6229 35
77.623 35
77.624 35
77.6241 35
77.6295 36
77.6301 35
77.6302 35
77.6314 35
77.6315 35
77.6344 35
77.6345 35
77.6346 35
77.6358 35
77.6387 35
77.6388 35
77.6389 35
77.64 40
77.6427 35
77.6428 35
77.6429 35
77.6447 35
77.6448 35
77.6478 35
77.6479 35
77.648 35
77.6495 35
77.6526 35
77.6528 35
77.6529 35
77.6546 35
77.6573 35
77.6574 35
77.6575 35
77.6586 35
77.6588 35
77.6614 35
77.6615 40
77.6616 35
77.6628 35
77.6656 35
77.6657 35
77.6658 35
77.6675 35
77.6702 35
77.6703 35
77.6704 35
77.6719 35
77.672 35
77.6755 35
77.6757 35
77.6758 35
77.6769 35
77.6796 35
77.6798 35
77.6824 35
77.6825 35
77.6826 40
77.6851 35
77.6853 35
77.6854 35
77.6854 41
77.6869 35
77.6904 35
77.6905 35
77.6906 35
77.6918 35
77.6947 35
77.6948 35
77.6949 35
77.6963 35
77.6964 35
77.6993 35
77.6995 35
77.7016 35
77.7017 35
77.7051 35
77.7052 35
77.7053 35
77.7067 35
77.7096 35
77.7097 40
77.7099 35
77.712 35
77.7149 35
77.715 35
77.7151 35
77.7167 35
77.7168 35
77.7199 35
77.72 35
77.7213 35
77.7215 35
77.7249 35
77.725 35
77.7252 35
77.7268 35
77.7293 35
77.7294 35
77.7295 35
77.733 35
77.736 40
77.7361 35
77.7362 35
77.7377 35
77.7378 35
77.741 35
77.7412 35
77.7425 35
77.7427 35
77.7455 35
77.7456 35
77.7457 35
77.7475 35
77.75 35
77.7501 35
77.7502 35
77.7518 35
77.752 35
77.7546 35
77.7547 35
77.7548 40
77.757 35
77.7596 35
77.7597 35
77.7598 35
77.7615 35
77.7616 35
77.7645 35
77.7646 35
77.7647 35
77.7662 35
77.7707 36
77.7721 35
77.7722 35
77.7723 35
77.7724 31
77.7754 35
77.7755 35
77.7803 36
77.7824 35
77.7825 35
77.7826 35
77.7843 35
77.7921 35
77.7974 36
77.7989 35
77.799 35
77.7991 35
77.8013 35
77.8038 35
77.8039 35
77.804 35
77.8054 35
77.8055 35
77.8079 35
77.8081 40
77.8095 35
77.8096 35
77.8128 35
77.8129 35
77.813 35
77.8144 35
77.8177 35
77.8179 35
77.818 35
77.8195 35
77.8223 35
77.825 35
77.8252 35
77.8253 35
77.8254 35
77.8289 35
77.829 35
77.8291 35
77.8303 35
77.8353 40
77.8355 35
77.8356 35
77.8357 35
77.84 36
77.8414 35
77.8416 35
77.8417 35
77.8418 35
77.8449 35
77.845 35
77.8451 35
77.846 35
77.8498 35
77.8499 35
77.85 35
77.8507 35
77.8537 35
77.8538 35
77.854 35
77.8541 40
77.8549 35
77.8578 35
77.8579 35
77.858 35
77.859 35
77.8619 35
77.862 35
77.8621 35
77.8631 35
77.8632 35
77.8667 35
77.8668 35
77.8669 35
77.8678 35
77.8707 35
77.8709 35
77.871 35
77.8718 35
77.8753 35
77.8755 40
77.8756 35
77.8757 35
77.8766 35
77.8795 35
77.8797 35
77.8798 35
77.8812 35
77.8841 35
77.8842 35
77.8843 35
77.8856 35
77.8889 35
77.889 35
77.8891 35
77.8909 35
77.891 35
77.8942 35
77.8943 35
77.8944 35
77.8955 40
77.8983 35
77.8984 35
77.8985 35
77.8995 35
77.9028 35
77.9029 35
77.903 35
77.9043 35
77.9044 35
77.9072 35
77.9073 35
77.9074 35
77.9086 35
77.912 35
77.9121 35
77.9122 35
77.9132 35
77.9167 35
77.9168 35
77.917 40
77.9179 35
77.9215 35
77.9216 35
77.9217 35
77.9228 35
77.923 35
77.9255 35
77.9256 35
77.9257 35
77.9269 35
77.9302 35
77.9303 35
77.9304 35
77.9317 35
77.9361 36
77.9372 35
77.9373 35
77.9374 35
77.9386 35
77.9425 40
77.9446 35
77.9448 35
77.9449 35
77.9479 35
77.948 35
77.9481 35
77.9482 35
77.9493 35
77.9528 35
77.9529 35
77.953 35
77.9541 35
77.9568 35
77.9569 35
77.957 35
77.9585 35
77.9586 35
77.9618 35
77.9619 35
77.962 40
77.9635 35
77.9668 35
77.967 35
77.9671 35
77.9681 35
77.9709 35
77.971 35
77.9711 35
77.973 35
77.9731 35
77.9759 35
77.976 35
77.9761 35
77.9774 35
77.98 35
77.9801 35
77.9802 35
77.9833 35
77.9834 35
77.988 41
77.9946 35
77.9947 35
77.9948 35
77.9966 35
78.0009 36
78.0189 34
78.0224 34
78.0226 34
78.0246 34
78.0247 34
78.0248 40
78.0277 35
78.0278 35
78.0294 35
78.0296 35
78.0329 35
78.033 35
78.0331 35
78.0342 35
78.0386 36
78.0397 35
78.0398 35
78.0416 35
78.0417 35
78.045 35
78.0451 35
78.0452 35
78.0475 35
78.0503 35
78.0504 35
78.0505 40
78.0517 35
78.0547 35
78.0548 35
78.0549 35
78.055 35
78.056 35
78.0588 35
78.0589 35
78.059 35
78.0601 35
78.0632 35
78.0633 35
78.0634 35
78.0645 35
78.0646 35
78.0675 35
78.0676 35
78.0677 35
78.069 35
78.0719 40
78.072 35
78.0721 35
78.073 35
78.0759 35
78.076 35
78.0761 35
78.0762 35
78.0772 35
78.0802 35
78.0803 35
78.0804 35
78.0815 35
78.0844 35
78.0845 35
78.0846 35
78.0856 35
78.0857 35
78.0886 35
78.0888 35
78.0889 40
78.0899 35
78.0928 35
78.0929 35
78.093 35
78.0982 36
78.1106 35
78.1128 36
78.1138 35
78.1161 34
78.1162 34
78.1189 35
78.119 35
78.1215 35
78.1217 35
78.1248 35
78.1249 35
78.125 35
78.1268 35
78.1294 35
78.1295 40
78.1296 35
78.1309 35
78.131 35
78.1346 35
78.1347 35
78.1348 35
78.1361 35
78.1388 35
78.1389 35
78.139 35
78.1432 35
78.1433 35
78.1462 35
78.1463 35
78.1464 35
78.1484 35
78.1512 35
78.1513 35
78.1514 35
78.1539 40
78.154 35
78.1565 35
78.1566 35
78.1567 35
78.1583 35
78.1611 35
78.1613 35
78.1614 35
78.1635 35
78.1662 35
78.1663 35
78.1664 35
78.1676 35
78.1678 35
78.1705 35
78.1706 35
78.1707 35
78.1719 35
78.1749 35
78.175 40
78.1751 35
78.177 35
78.1771 35
78.18 35
78.1801 35
78.1802 35
78.1827 35
78.1859 35
78.186 35
78.1861 35
78.1879 35
78.1905 35
78.1907 35
78.1908 35
78.1928 35
78.1929 35
78.1954 35
78.1955 35
78.1956 35
78.197 40
78.1997 35
78.1998 35
78.1999 35
78.2011 35
78.2042 35
78.2043 35
78.2069 35
78.2071 35
78.2072 35
78.2097 35
78.2098 35
78.2099 35
78.2127 35
78.2154 35
78.2156 35
78.2157 35
78.217 35
78.2197 35
78.2198 35
78.2199 40
78.2217 35
78.2243 35
78.2244 35
78.2245 35
78.2258 35
78.2259 35
78.2291 35
78.2292 35
78.2294 35
78.2307 35
78.234 35
78.2341 35
78.2342 35
78.2354 35
78.2389 35
78.239 35
78.2391 35
78.243 35
78.2432 35
78.2465 40
78.2466 35
78.2481 35
78.2482 35
78.2509 35
78.2511 35
78.2512 35
78.2526 35
78.2552 35
78.2554 35
78.2555 35
78.2604 35
78.2605 35
78.2606 35
78.2608 35
78.2637 35
78.2638 35
78.2639 35
78.264 35
78.2661 35
78.2688 40
78.269 35
78.2691 35
78.2728 35
78.2729 35
78.273 35
78.274 35
78.2768 35
78.2769 36
78.277 35
78.2789 35
78.279 35
78.2819 35
78.282 35
78.2821 35
78.2834 35
78.2866 35
78.2868 35
78.2869 35
78.2879 35
78.2913 40
78.2914 35
78.2915 35
78.2916 35
78.2927 35
78.2957 35
78.2959 35
78.296 35
78.2975 35
78.3007 36
78.3008 36
78.3009 36
78.3019 36
78.302 36
78.3049 36
78.305 35
78.3051 35
78.307 35
78.3099 35
78.3116 35
78.3118 40
78.3119 35
78.3152 35
78.3153 35
78.3154 35
78.3155 35
78.3165 35
78.3199 35
78.32 36
78.3201 36
78.3213 36
78.3245 36
78.3246 36
78.3247 36
78.326 35
78.3287 35
78.3288 35
78.329 35
78.3313 35
78.3314 35
78.334 40
78.3342 35
78.3343 35
78.3343 32
78.3356 35
78.3388 35
78.3389 35
78.3391 36
78.3401 36
78.3436 36
78.3437 36
78.3438 36
78.3471 36
78.35 36
78.3501 35
78.3502 35
78.3522 35
78.3551 35
78.3552 35
78.3553 35
78.3554 35
78.3577 35
78.3603 35
78.3604 40
78.3605 35
78.3629 35
78.3657 35
78.3658 35
78.3659 35
78.367 35
78.3671 35
78.3698 35
78.3699 35
78.37 35
78.3724 35
78.375 35
78.3751 35
78.3752 35
78.3765 35
78.3794 35
78.3797 35
78.3798 35
78.3814 35
78.3815 40
78.3859 36
78.3861 36
78.3862 36
78.3863 36
78.3875 36
78.3906 36
78.3907 36
78.3908 35
78.3923 35
78.3955 35
78.3956 35
78.3957 35
78.397 35
78.3971 35
78.3998 35
78.3999 35
78.4 35
78.4013 35
78.404 35
78.4041 40
78.4042 35
78.4061 35
78.4062 35
78.409 35
78.4092 36
78.4093 36
78.4109 36
78.4136 36
78.4137 36
78.4138 36
78.4177 36
78.4178 36
78.4213 35
78.4215 35
78.4216 35
78.4225 35
78.4258 35
78.4259 35
78.4261 35
78.4272 40
78.4313 35
78.4314 35
78.4315 35
78.4325 35
78.4353 36
78.4354 36
78.4355 36
78.4357 36
78.4371 36
78.4399 36
78.44 36
78.4401 36
78.4413 36
78.4445 36
78.4446 36
78.4447 35
78.4485 35
78.4514 35
78.4515 35
78.4516 40
78.4535 35
78.4564 35
78.4565 35
78.4566 35
78.4567 36
78.4578 36
78.4605 36
78.4606 36
78.4608 36
78.4618 36
78.4646 36
78.4647 36
78.4648 36
78.4659 35
78.4703 36
78.4711 35
78.4713 35
78.4714 35
78.4745 35
78.4746 40
78.4748 35
78.4758 35
78.4791 35
78.4792 35
78.4793 35
78.4803 36
78.4836 36
78.4838 36
78.4839 36
78.4852 36
78.4853 35
78.488 35
78.4882 35
78.4883 35
78.49 35
78.4935 35
78.4936 35
78.4937 35
78.4949 35
78.4976 40
78.4978 35
78.4979 35
78.4991 35
78.4992 35
78.5021 36
78.5022 36
78.5023 36
78.5037 36
78.5062 36
78.5063 36
78.5064 36
78.5077 36
78.5078 36
78.5105 36
78.5106 36
78.5107 36
78.5119 36
78.5146 35
78.5148 35
78.5149 40
78.5166 35
78.5196 35
78.5198 35
78.522 35
78.5221 36
78.5222 36
78.5247 36
78.5248 36
78.5249 36
78.5262 36
78.5291 36
78.5292 36
78.5293 36
78.5306 36
78.5334 36
78.5335 36
78.5336 36
78.5358 36
78.5359 35
78.5387 40
78.5388 35
78.5389 35
78.54 35
78.5431 35
78.5432 35
78.5433 36
78.5451 36
78.5478 36
78.5479 36
78.548 36
78.5515 36
78.5553 36
78.5554 36
78.5555 36
78.5566 36
78.5568 36
78.5594 36
78.5595 36
78.5596 36
78.5609 41
78.564 36
78.5641 36
78.5642 36
78.5643 41
78.5656 36
78.5684 36
78.5686 36
78.5687 36
78.57 36
78.5744 37
78.5754 36
78.5755 36
78.5757 36
78.5759 36
78.5788 36
78.579 36
78.5791 36
78.5801 36
78.5837 35
78.5838 35
78.5839 35
78.5849 35
78.5851 35
78.5891 40
78.5892 36
78.5893 36
78.5907 36
78.5934 36
78.5935 36
78.5936 36
78.5956 36
78.5983 36
78.5984 36
78.5985 36
78.5986 36
78.5999 36
78.6025 36
78.6026 36
78.6028 36
78.6039 35
78.608 35
78.6082 35
78.6083 35
78.6094 40
78.6095 35
78.6129 35
78.613 36
78.6131 36
78.6143 36
78.6173 36
78.6191 36
78.6192 36
78.6193 36
78.6228 36
78.6229 36
78.623 36
78.6231 36
78.6278 36
78.6279 36
78.628 36
78.6281 36
78.6283 36
78.6283 42
78.6312 36
78.6313 36
78.6314 36
78.6324 35
78.6359 35
78.636 36
78.6362 36
78.6372 36
78.641 36
78.6411 36
78.6412 36
78.6423 36
78.6424 36
78.6454 36
78.6456 36
78.6457 36
78.6473 36
78.6501 36
78.6502 36
78.6503 41
78.6542 36
78.6573 36
78.6575 36
78.6576 36
78.659 36
78.6621 36
78.6622 36
78.6623 36
78.6624 36
78.6636 36
78.6668 36
78.6669 36
78.6671 36
78.6684 36
78.6714 36
78.6715 36
78.6716 36
78.673 36
78.6757 36
78.6758 41
78.676 36
78.6777 36
78.6778 36
78.681 36
78.6812 36
78.6813 36
78.6823 36
78.6858 36
78.686 36
78.6861 36
78.6872 36
78.6907 36
78.6909 36
78.691 36
78.6921 36
78.6951 36
78.6952 36
78.6953 36
78.6965 36
78.6996 41
78.6998 36
78.6999 36
78.701 36
78.7011 36
78.7044 36
78.7045 36
78.7046 36
78.706 36
78.709 36
78.7091 36
78.7092 36
78.7104 36
78.7132 36
78.7133 36
78.7134 36
78.7135 36
78.7148 36
78.7176 36
78.7177 36
78.7178 41
78.7194 36
78.7229 36
78.723 36
78.7231 36
78.7241 36
78.7242 36
78.727 36
78.7271 36
78.7272 36
78.7283 36
78.7323 36
78.7325 36
78.7326 36
78.736 35
78.7361 35
78.7362 35
78.7376 35
78.7407 35
78.7408 35
78.7409 40
78.7426 35
78.7456 35
78.7457 35
78.7458 35
78.7468 35
78.7469 36
78.7503 36
78.7505 36
78.7506 36
78.7518 36
78.7562 37
78.7569 36
78.757 36
78.7586 36
78.7587 35
78.7614 35
78.7616 35
78.7617 35
78.7633 35
78.7666 40
78.7668 35
78.7669 35
78.7681 35
78.7714 35
78.7715 35
78.7716 35
78.7728 35
78.773 35
78.7757 35
78.7759 35
78.776 35
78.7792 35
78.7804 35
78.7805 35
78.7806 35
78.7824 35
78.7852 35
78.7853 35
78.7854 35
78.7865 40
78.7866 35
78.7912 35
78.7913 35
78.7914 35
78.7915 36
78.7927 36
78.7958 36
78.7959 36
78.796 36
78.7971 36
78.7999 36
78.8 36
78.8001 36
78.8021 36
78.8022 36
78.8052 36
78.8053 35
78.8054 35
78.8075 35
78.8101 40
78.8102 35
78.8103 35
78.8119 35
78.812 35
78.8155 35
78.8156 35
78.8157 35
78.8171 35
78.8204 35
78.8205 35
78.8206 36
78.8218 36
78.8246 36
78.8248 36
78.8249 35
78.826 35
78.8261 35
78.8293 35
78.8295 35
78.8296 40
78.8306 35
78.8333 35
78.8334 35
78.8335 35
78.8379 36
78.8384 35
78.8418 35
78.8419 36
78.842 36
78.8432 36
78.8461 36
78.8462 36
78.8464 36
78.8479 35
78.851 35
78.8511 35
78.8512 35
78.8513 35
78.8524 35
78.8553 40
78.8554 35
78.8556 35
78.8591 35
78.862 35
78.8622 35
78.8623 36
78.8634 36
78.8667 36
78.8668 36
78.8669 36
78.868 36
78.8681 36
78.8711 36
78.8712 36
78.8714 36
78.8734 35
78.876 35
78.8762 35
78.8763 35
78.8776 40
78.8801 35
78.8802 35
78.8804 35
78.882 35
78.8846 36
78.8847 36
78.8848 36
78.886 36
78.8905 37
78.8911 36
78.8912 36
78.8914 35
78.8943 35
78.8944 35
78.8945 35
78.8955 35
78.8987 35
78.8988 35
78.8989 35
78.9008 40
78.9036 35
78.9037 35
78.9038 35
78.9039 35
78.905 36
78.9079 36
78.908 36
78.9081 36
78.9091 36
78.912 36
78.9121 36
78.9123 36
78.914 36
78.9141 36
78.9169 35
78.917 35
78.9171 35
78.9191 35
78.9221 35
78.9222 40
78.9223 35
78.9234 35
78.9235 41
78.9267 35
78.9269 35
78.927 35
78.9282 36
78.931 36
78.9311 36
78.9312 36
78.9329 36
78.9365 36
78.9367 36
78.9368 36
78.9379 36
78.9381 35
78.9418 35
78.9419 35
78.942 35
78.9432 35
78.9465 35
78.9466 35
78.9467 40
78.9479 35
78.9507 36
78.9508 36
78.9509 36
78.9524 36
78.9553 36
78.9554 36
78.9556 36
78.957 36
78.9571 36
78.9624 36
78.9625 36
78.9638 36
78.9639 36
78.9667 35
78.9668 35
78.9679 35
78.9681 35
78.9712 35
78.9714 40
78.9715 35
78.9731 35
78.9765 35
78.9766 35
78.9768 35
78.9779 35
78.9811 35
78.9812 35
78.9813 35
78.9838 35
78.9839 35
78.9867 35
78.9868 35
78.9869 35
78.9883 35
78.991 35
78.9911 35
78.9912 35
78.9973 35
79.0007 40
79.0008 35
79.0009 35
79.0019 35
79.002 35
79.0053 36
79.0054 36
79.0055 36
79.0064 36
79.0093 36
79.0094 36
79.0095 36
79.011 35
79.0111 35
79.0141 35
79.0142 35
79.0143 35
79.0155 35
79.0183 35
79.0184 35
79.0185 40
79.0197 35
79.0231 35
79.0232 35
79.0233 35
79.0245 35
79.0246 36
79.0274 36
79.0275 36
79.0276 36
79.0287 36
79.0319 36
79.032 36
79.0321 35
79.0338 35
79.0366 35
79.0367 35
79.0368 35
79.0382 35
79.0383 35
79.0413 40
79.0433 35
79.0434 35
79.0468 35
79.0469 35
79.047 35
79.049 35
79.0514 35
79.0557 35
79.0558 35
79.0559 35
79.056 35
79.0587 35
79.0588 35
79.0631 35
79.0632 35
79.0655 35
79.0657 35
79.0658 35
79.0692 35
79.0694 40
79.0695 35
79.0711 35
79.0735 35
79.0737 35
79.0738 35
79.0751 35
79.0752 35
79.0778 35
79.0779 35
79.078 35
79.0795 35
79.0824 35
79.0825 35
79.0826 35
79.084 35
79.0841 35
79.0867 35
79.0868 35
79.0881 35
79.0883 40
79.0907 35
79.0908 35
79.0909 35
79.0925 35
79.0956 35
79.0958 35
79.0959 35
79.0983 35
79.0984 35
79.1008 35
79.1009 35
79.101 35
79.1023 35
79.105 35
79.1051 35
79.1052 35
79.1075 35
79.1102 35
79.1103 35
79.1104 40
79.1121 35
79.1122 35
79.1151 35
79.1152 35
79.1153 35
79.1167 35
79.1195 35
79.1196 35
79.1197 35
79.1211 35
79.1239 35
79.124 35
79.1241 35
79.1261 35
79.1286 35
79.1287 35
79.1288 35
79.1304 35
79.1305 35
79.1331 40
79.1332 35
79.1355 35
79.1356 35
79.1381 35
79.1382 35
79.1383 35
79.1401 35
79.1429 35
79.1431 35
79.1432 35
79.1451 35
79.148 35
79.1481 35
79.1482 35
79.1501 35
79.1502 35
79.1535 35
79.1537 35
79.1538 35
79.1551 40
79.1576 35
79.1577 35
79.1578 35
79.1595 35
79.162 35
79.1621 35
79.1622 35
79.166 35
79.1661 35
79.1685 35
79.1687 35
79.1699 35
79.17 35
79.1727 35
79.1728 35
79.1729 35
79.1741 35
79.1778 35
79.1779 35
79.178 40
79.1797 35
79.1824 35
79.1825 35
79.1826 35
79.1838 35
79.184 35
79.1872 35
79.1873 35
79.1874 35
79.1897 35
79.1923 35
79.1924 35
79.1925 35
79.1937 35
79.1939 35
79.1974 35
79.1976 35
79.1976 35
79.1989 35
79.2016 40
79.2018 35
79.204 35
79.2041 35
79.2042 35
79.207 35
79.2072 35
79.2073 35
79.2085 35
79.2116 35
79.2117 35
79.2119 35
79.214 35
79.2167 35
79.2168 35
79.2169 35
79.2181 35
79.2182 35
79.2215 35
79.2216 35
79.2217 40
79.2218 41
79.223 35
79.226 35
79.2261 35
79.2262 35
79.2275 35
79.2301 35
79.2302 35
79.2303 35
79.2316 35
79.2317 35
79.2349 35
79.235 35
79.2369 35
79.237 35
79.2406 35
79.2407 35
79.2408 35
79.2423 35
79.2453 35
79.2454 40
79.2455 35
79.2476 35
79.2502 35
79.2503 35
79.2504 35
79.2525 35
79.2553 35
79.2576 35
79.2577 35
79.2578 35
79.258 35
79.261 35
79.2611 35
79.2612 35
79.2628 35
79.2655 35
79.2656 35
79.2657 35
79.2694 35
79.2724 40
79.2725 35
79.2726 35
79.2759 35
79.276 35
79.2761 35
79.2762 35
79.2773 35
79.2801 35
79.2802 35
79.2802 35
79.2818 35
79.2855 35
79.2856 35
79.2857 35
79.2875 35
79.2904 35
79.2905 35
79.2906 35
79.2907 35
79.2917 40
79.2945 35
79.2947 35
79.2948 35
79.2964 35
79.299 35
79.2991 35
79.2992 35
79.3005 35
79.3036 35
79.3038 35
79.3039 35
79.304 35
79.304 31
79.305 35
79.3098 35
79.3099 35
79.31 35
79.3102 35
79.3138 35
79.3139 35
79.314 35
79.3142 35
79.3152 35
79.318 35
79.3181 35
79.3182 35
79.3194 35
79.3226 35
79.3227 35
79.3228 35
79.3238 35
79.3239 35
79.3267 40
79.3268 35
79.3269 35
79.3284 35
79.3319 35
79.3321 35
79.3322 35
79.3332 35
79.3363 35
79.3364 35
79.3365 35
79.3381 35
79.3382 35
79.3413 35
79.3414 36
79.3415 36
79.3428 36
79.3458 36
79.3459 36
79.346 36
79.3482 41
79.3509 35
79.351 35
79.3511 35
79.3522 35
79.3551 35
79.3552 35
79.3553 35
79.3563 35
79.3564 35
79.3592 35
79.3616 35
79.3617 35
79.3618 35
79.3643 35
79.3644 35
79.3645 35
79.3656 35
79.37 36
79.3708 35
79.3709 40
79.371 35
79.3721 35
79.3754 35
79.3755 35
79.3756 35
79.3768 35
79.38 35
79.3801 35
79.3802 35
79.3846 36
79.3858 35
79.3859 35
79.386 35
79.3863 35
79.3892 35
79.3893 35
79.3894 35
79.3917 35
79.3944 35
79.3945 40
79.3946 35
79.3948 35
79.3957 35
79.3987 35
79.3988 35
79.3989 35
79.4004 35
79.4032 36
79.4033 36
79.4034 36
79.4047 36
79.4049 36
79.4078 36
79.4079 35
79.408 35
79.4096 35
79.4124 35
79.4149 35
79.415 35
79.4151 40
79.4182 35
79.4184 35
79.4185 35
79.4186 35
79.4196 35
79.4224 35
79.4225 35
79.4226 35
79.4247 35
79.4275 35
79.4276 35
79.4277 35
79.4291 35
79.4293 35
79.4324 35
79.4325 35
79.4326 35
79.4342 35
79.4375 35
79.4376 40
79.4377 35
79.4387 35
79.4416 35
79.4417 35
79.4418 35
79.4419 36
79.4434 36
79.4462 36
79.4463 36
79.4464 36
79.4484 36
79.4511 36
79.4513 36
79.4514 36
79.4528 36
79.4561 36
79.4563 36
79.4564 35
79.4576 35
79.4577 40
79.4604 35
79.4605 35
79.4606 35
79.4616 35
79.465 35
79.4674 35
79.4675 35
79.4676 36
79.472 37
79.4734 36
79.4735 35
79.4736 35
79.4754 35
79.4784 35
79.4785 35
79.4786 35
79.4795 35
79.4824 35
79.4826 35
79.4827 40
79.4836 35
79.4875 35
79.4876 35
79.4877 35
79.4879 35
79.4889 35
79.4918 35
79.4919 35
79.492 35
79.4939 35
79.4968 35
79.4969 35
79.497 35
79.4987 35
79.4988 35
79.5017 35
79.5018 35
79.5019 35
79.503 35
79.5058 40
79.5059 35
79.506 35
79.5071 35
79.5099 35
79.51 35
79.5101 35
79.5102 35
79.5113 35
79.5141 35
79.5143 35
79.5144 35
79.5144 41
79.5156 35
79.519 35
79.5191 35
79.5192 35
79.5202 35
79.5231 35
79.5232 35
79.5233 35
79.5243 35
79.5279 35
79.528 35
79.5281 35
79.5282 35
79.5293 35
79.5321 35
79.5322 36
79.5323 36
79.5333 36
79.5367 35
79.5368 40
79.5369 35
79.5388 35
79.5389 35
79.5418 35
79.542 35
79.5421 35
79.5431 35
79.5458 35
79.5459 35
79.546 35
79.5481 35
79.5508 35
79.5509 36
79.551 36
79.5524 36
79.5526 36
79.5561 36
79.5562 36
79.5573 36
79.5606 41
79.5608 35
79.5609 35
79.5619 35
79.5651 35
79.5652 35
79.5653 35
79.5666 35
79.5668 35
79.5696 35
79.5743 35
79.5744 35
79.5745 35
79.5771 35
79.5772 35
79.5773 35
79.5788 35
79.5789 35
79.5826 35
79.5828 35
79.5829 40
79.5839 35
79.5867 35
79.5868 35
79.5869 35
79.5884 35
79.5912 35
79.5913 35
79.5915 35
79.5925 35
79.5959 35
79.596 35
79.5961 35
79.5962 35
79.5986 35
79.6014 35
79.6015 35
79.6016 35
79.6031 35
79.6062 35
79.6063 40
79.6064 35
79.6076 35
79.6103 35
79.6104 35
79.6105 35
79.6106 35
79.6119 35
79.6149 35
79.615 35
79.6151 35
79.6166 35
79.6201 35
79.6202 35
79.6203 35
79.6214 35
79.6251 35
79.6253 35
79.6254 35
79.6255 35
79.6291 40
79.6292 35
79.6293 35
79.6304 35
79.6333 35
79.6335 35
79.6336 35
79.6346 36
79.6383 36
79.6384 36
79.6386 36
79.6386 36
79.6398 36
79.643 35
79.6431 35
79.6432 35
79.6445 35
79.6477 35
79.6478 35
79.6479 35
79.6492 40
79.6493 35
79.652 35
79.6522 35
79.6523 35
79.6533 35
79.6567 36
79.6569 36
79.657 36
79.6583 36
79.6615 36
79.6616 36
79.6617 35
79.6633 35
79.6661 35
79.6663 35
79.6664 35
79.6677 35
79.6709 35
79.6711 35
79.6712 40
79.6724 35
79.6725 35
79.6781 35
79.6782 35
79.6783 35
79.6794 35
79.6829 35
79.683 35
79.6831 35
79.6841 35
79.6876 35
79.6878 35
79.6879 35
79.6889 35
79.6923 35
79.6924 35
79.6925 35
79.6939 35
79.694 35
79.6969 40
79.697 35
79.6971 35
79.6981 35
79.7009 35
79.7011 35
79.7012 35
79.7032 35
79.706 35
79.7061 35
79.7062 35
79.7074 35
79.7075 35
79.7104 35
79.7105 35
79.7106 35
79.7124 35
79.7151 35
79.7152 35
79.7153 35
79.7165 40
79.7193 35
79.7195 35
79.7196 35
79.7207 35
79.7209 35
79.7242 35
79.7243 35
79.7244 35
79.7256 36
79.7294 36
79.7295 36
79.7297 36
79.7308 35
79.7309 35
79.7345 35
79.7346 35
79.7347 35
79.7365 35
79.7392 35
79.7394 40
79.7395 35
79.7405 35
79.7434 35
79.7435 35
79.7436 35
79.7448 35
79.7449 35
79.7482 35
79.7483 35
79.7484 36
79.7499 36
79.7526 36
79.7528 36
79.7529 35
79.7539 35
79.7573 35
79.7575 35
79.7576 35
79.7588 35
79.7589 40
79.7619 35
79.762 35
79.7621 35
79.7635 35
79.7661 35
79.7662 35
79.7663 35
79.7678 35
79.7706 35
79.7707 35
79.7708 36
79.772 36
79.775 35
79.7751 35
79.7752 35
79.7789 35
79.7829 35
79.783 35
79.7831 35
79.7833 40
79.7865 35
79.7867 35
79.7868 35
79.7881 35
79.791 35
79.7911 35
79.7913 35
79.7922 35
79.7958 35
79.7959 36
79.796 36
79.7984 36
79.7985 36
79.8012 36
79.8013 36
79.8014 36
79.8025 36
79.8058 35
79.8059 35
79.8061 40
79.8061 41
79.8072 35
79.8105 35
79.8106 35
79.8108 35
79.812 35
79.8152 35
79.8153 35
79.8154 35
79.8167 36
79.8168 36
79.8199 36
79.8201 36
79.8202 36
79.8215 36
79.8247 36
79.8248 36
79.825 36
79.8263 35
79.8291 35
79.8292 40
79.8293 35
79.8294 35
79.8305 35
79.8343 35
79.8344 35
79.8345 35
79.8362 35
79.839 36
79.8391 36
79.8392 36
79.8404 36
79.8405 36
79.8432 35
79.8433 35
79.8434 35
79.8454 35
79.8481 35
79.8482 35
79.8483 35
79.8494 40
79.8528 35
79.8529 35
79.853 35
79.8531 36
79.8543 36
79.857 36
79.8571 36
79.8572 36
79.8588 36
79.862 36
79.8621 35
79.8622 35
79.8634 35
79.8666 35
79.8667 35
79.8668 35
79.8688 35
79.8716 35
79.8717 35
79.8719 40
79.8739 35
79.874 35
79.8766 35
79.8768 35
79.8769 35
79.8786 36
79.884 37
79.8844 36
79.8867 35
79.8868 35
79.8869 35
79.8895 35
79.8896 35
79.8897 35
79.8919 35
79.8947 35
79.8948 35
79.8949 35
79.8965 35
79.899 40
79.8991 35
79.8992 35
79.9009 35
79.9036 35
79.9037 35
79.9038 35
79.905 35
79.9051 35
79.9086 35
79.9087 35
79.9088 35
79.91 35
79.9131 35
79.9132 35
79.9133 35
79.9145 35
79.9172 35
79.9173 35
79.9174 35
79.9186 40
79.9214 35
79.9216 35
79.9217 35
79.9218 35
79.9228 36
79.9255 36
79.9256 36
79.9257 36
79.9274 36
79.9305 35
79.9306 35
79.9307 35
79.9323 35
79.9325 35
79.9355 35
79.9357 35
79.9358 35
79.9407 35
79.9408 35
79.9409 40
79.941 35
79.9412 35
79.9446 35
79.9448 35
79.9449 36
79.9459 36
79.949 36
79.9491 36
79.9492 36
79.9506 36
79.9507 36
79.9536 36
79.9537 36
79.9538 36
79.9554 36
79.9584 36
79.9585 36
79.9586 36
79.9609 36
79.9636 41
79.9637 36
79.9638 36
79.9653 36
79.9654 36
79.9684 35
79.9685 35
79.9686 35
79.9701 35
79.9741 36
79.9742 36
79.9743 36
79.9754 36
79.9781 36
79.9782 36
79.9783 36
79.9795 36
79.984 36
79.9853 35
79.9854 35
79.9856 40
79.987 35
79.9896 35
79.9921 35
79.9923 35
79.9924 35
79.9949 35
79.995 35
79.9951 35
79.9975 35
80.0002 35
80.0003 35
80.0004 35
80.0022 35
80.0024 35
80.0051 35
80.0052 35
80.0053 35
80.0069 35
80.0101 35
80.0102 40
80.0103 35
80.0116 35
80.0118 35
80.0149 35
80.0151 35
80.0152 36
80.0165 36
80.0196 36
80.0197 35
80.0198 35
80.021 35
80.0236 35
80.0237 35
80.0238 35
80.0249 35
80.025 35
80.0277 35
80.0278 35
80.0279 35
80.0291 40
80.0292 40
80.0319 35
80.032 35
80.0321 35
80.0339 36
80.037 36
80.0372 36
80.0373 36
80.0383 36
80.0411 36
80.0412 36
80.0413 36
80.044 36
80.0441 36
80.047 36
80.0471 35
80.0472 35
80.0484 35
80.0511 35
80.0512 35
80.0513 40
80.0534 35
80.0535 35
80.057 35
80.0571 35
80.0572 35
80.0583 36
80.061 36
80.0611 36
80.0612 36
80.0624 36
80.0652 36
80.0653 36
80.0654 35
80.0669 35
80.0701 35
80.0702 35
80.0703 35
80.072 35
80.0721 35
80.0754 40
80.0755 35
80.0756 35
80.0769 35
80.0796 35
80.0797 36
80.0798 36
80.0809 36
80.0837 36
80.0838 35
80.0839 35
80.0875 35
80.091 35
80.0912 35
80.0913 35
80.0922 35
80.0923 35
80.095 35
80.0978 35
80.0979 35
80.098 40
80.0982 41
80.1012 35
80.1013 35
80.1015 35
80.1028 36
80.1062 36
80.1063 36
80.1064 35
80.1074 35
80.1105 35
80.1106 35
80.1107 35
80.1118 35
80.1119 35
80.1154 35
80.1155 35
80.1156 35
80.117 35
80.1204 35
80.1205 35
80.1206 40
80.1218 35
80.1248 35
80.1249 35
80.125 36
80.1269 36
80.1297 36
80.1298 36
80.1299 36
80.13 36
80.131 36
80.1338 36
80.1339 36
80.134 36
80.1355 36
80.1385 36
80.1387 36
80.1388 36
80.1397 36
80.1399 36
80.1434 41
80.1435 36
80.1436 36
80.1447 35
80.1494 36
80.15 36
80.1501 36
80.1502 36
80.1504 36
80.1535 36
80.1536 36
80.1538 36
80.1547 36
80.1576 36
80.1577 36
80.1578 36
80.1592 36
80.1593 36
80.1621 36
80.1623 36
80.1624 40
80.1638 35
80.1667 35
80.1668 35
80.1669 35
80.1679 36
80.1711 36
80.1713 36
80.1714 36
80.1724 36
80.1726 36
80.1761 36
80.1763 36
80.1764 36
80.1775 36
80.1803 36
80.1804 36
80.1805 36
80.1816 36
80.1849 36
80.185 41
80.1851 36
80.189 35
80.1916 35
80.1917 35
80.1918 35
80.1931 35
80.1957 35
80.1958 35
80.1959 35
80.1971 35
80.1998 35
80.2032 35
80.2033 35
80.2034 35
80.2035 35
80.2077 35
80.2078 35
80.2079 35
80.2089 35
80.2118 40
80.2119 35
80.212 35
80.213 35
80.2131 35
80.216 35
80.2161 35
80.2162 35
80.2172 36
80.22 36
80.2201 35
80.2203 35
80.2213 35
80.224 35
80.2241 35
80.2242 35
80.2243 35
80.2264 35
80.2291 35
80.2292 35
80.2294 40
80.2307 35
80.2339 35
80.234 35
80.2341 35
80.2355 35
80.2356 36
80.2388 36
80.2389 36
80.239 36
80.2406 36
80.2434 36
80.2435 35
80.2436 35
80.2448 35
80.2475 35
80.2477 35
80.2478 35
80.2479 35
80.2489 35
80.2517 40
80.2518 35
80.2538 35
80.2539 35
80.2571 35
80.2572 35
80.2573 35
80.2584 36
80.2615 36
80.2616 35
80.2617 35
80.2628 35
80.2655 35
80.2657 35
80.2658 35
80.2691 35
80.2693 35
80.272 35
80.2721 35
80.2722 35
80.2742 40
80.2778 35
80.2779 35
80.278 35
80.2789 35
80.2818 35
80.2819 35
80.282 35
80.284 35
80.2869 35
80.287 35
80.2872 35
80.2881 35
80.2934 36
80.2936 35
80.2937 35
80.2938 35
80.2955 35
80.2986 35
80.2987 35
80.2988 40
80.2999 35
80.3027 35
80.3028 35
80.3029 35
80.3043 35
80.3045 35
80.308 35
80.3081 35
80.3082 35
80.3094 35
80.3129 35
80.313 35
80.3131 35
80.3143 35
80.3173 35
80.3174 35
80.3175 35
80.3177 35
80.3188 35
80.3216 40
80.3218 35
80.3219 35
80.3229 35
80.3257 35
80.3258 35
80.3259 35
80.3277 35
80.3278 35
80.3305 35
80.3306 35
80.3334 35
80.3335 35
80.3353 35
80.3354 35
80.3377 35
80.3378 35
80.3379 35
80.3396 35
80.3397 35
80.3419 40
80.3453 35
80.3455 35
80.3456 35
80.3489 35
80.349 35
80.3491 35
80.3503 35
80.353 35
80.3532 35
80.3533 35
80.3548 35
80.3574 35
80.3597 35
80.3599 35
80.36 35
80.3601 35
80.363 35
80.3632 35
80.3633 35
80.3647 40
80.3675 35
80.3676 35
80.3677 35
80.3688 35
80.3716 35
80.3717 35
80.3718 35
80.3734 35
80.3735 35
80.3769 35
80.377 35
80.3771 35
80.3782 35
80.3813 35
80.3815 35
80.3816 35
80.3826 35
80.3859 35
80.386 35
80.3861 40
80.3862 41
80.3873 35
80.3905 35
80.3906 35
80.3907 35
80.3943 35
80.3972 35
80.3973 35
80.3974 35
80.3997 35
80.3999 35
80.4027 35
80.4028 35
80.4029 35
80.404 35
80.4067 35
80.4068 35
80.4069 35
80.408 35
80.4117 35
80.4119 40
80.412 35
80.4133 35
80.4134 35
80.4162 35
80.4164 35
80.4166 35
80.4179 35
80.4215 35
80.4216 35
80.4218 35
80.4227 35
80.4228 35
80.4256 35
80.4258 35
80.4259 35
80.4273 35
80.4304 35
80.4305 35
80.4306 35
80.4317 40
80.435 35
80.4351 35
80.4352 35
80.4364 35
80.4365 35
80.4392 35
80.4394 35
80.4395 35
80.4405 35
80.4433 35
80.4434 35
80.4435 35
80.4456 35
80.4488 35
80.4489 35
80.449 35
80.4502 35
80.4503 35
80.453 35
80.4531 40
80.4532 35
80.4544 35
80.4576 35
80.4577 35
80.4578 35
80.4592 35
80.4625 35
80.4644 35
80.4645 35
80.4646 35
80.4679 35
80.4681 35
80.4682 35
80.4682 35
80.4696 35
80.473 35
80.4731 35
80.4732 35
80.4742 35
80.4772 40
80.4773 35
80.4774 35
80.4786 35
80.4817 35
80.4819 35
80.482 35
80.4833 35
80.4862 35
80.4863 35
80.4864 35
80.4865 35
80.4875 35
80.4903 35
80.4905 35
80.4906 35
80.4929 35
80.4973 36
80.4983 35
80.4984 35
80.4985 40
80.4995 35
80.5024 35
80.5025 35
80.5026 35
80.5037 35
80.5065 35
80.5066 35
80.5067 35
80.508 35
80.5109 35
80.511 35
80.5111 35
80.5112 35
80.5122 35
80.5167 35
80.5168 35
80.5169 35
80.517 35
80.5201 35
80.5203 40
80.5204 35
80.5219 35
80.5249 35
80.5251 35
80.5252 35
80.5265 35
80.5267 35
80.5297 35
80.5298 35
80.5299 35
80.5314 35
80.5342 35
80.5343 35
80.5344 35
80.5355 35
80.5356 35
80.5388 35
80.5389 35
80.539 35
80.5404 40
80.5431 35
80.5432 35
80.5433 35
80.5446 35
80.5479 35
80.5481 35
80.5482 36
80.5496 36
80.5498 36
80.5532 36
80.5534 36
80.5535 36
80.5549 36
80.5576 36
80.5577 35
80.5579 35
80.5594 35
80.5621 35
80.5622 35
80.5623 40
80.5637 35
80.5638 35
80.5672 35
80.5698 35
80.5699 35
80.57 35
80.5726 35
80.5728 35
80.5729 35
80.5739 35
80.5774 35
80.5775 35
80.5776 35
80.5789 35
80.579 35
80.582 35
80.5821 35
80.584 35
80.5841 35
80.5874 40
80.5875 35
80.5876 35
80.5889 35
80.5917 35
80.5918 35
80.5919 35
80.5934 35
80.5961 35
80.5962 35
80.5963 35
80.6004 35
80.6005 35
80.6047 35
80.6048 35
80.6059 35
80.6061 35
80.6088 35
80.609 35
80.6091 35
80.6107 40
80.6139 35
80.614 35
80.6141 35
80.6156 35
80.6157 35
80.6189 35
80.6191 35
80.6218 35
80.6219 35
80.6246 35
80.6247 35
80.6248 35
80.6265 35
80.6298 35
80.63 35
80.6301 35
80.631 35
80.6311 35
80.6339 35
80.634 40
80.6341 35
80.6353 35
80.6387 35
80.6388 35
80.6389 35
80.641 35
80.6411 36
80.644 36
80.6441 36
80.6442 36
80.6457 36
80.6486 36
80.6487 36
80.6488 36
80.6502 36
80.6534 35
80.6535 35
80.6537 35
80.6538 35
80.6551 40
80.6579 35
80.658 35
80.6581 35
80.6595 35
80.6633 35
80.6634 35
80.6635 35
80.6645 36
80.6646 36
80.6675 36
80.6676 36
80.6677 36
80.6688 36
80.6718 36
80.6719 36
80.6743 36
80.6745 35
80.6772 35
80.6773 35
80.6774 40
80.6775 41
80.6792 35
80.6821 35
80.6823 35
80.6824 36
80.6835 36
80.6869 36
80.6871 36
80.6872 36
80.6883 35
80.6917 35
80.6918 35
80.6919 35
80.6929 35
80.693 35
80.6958 35
80.6959 35
80.6971 35
80.6972 35
80.7025 36
80.7029 40
80.703 35
80.7031 35
80.7052 35
80.7081 35
80.7082 36
80.7083 36
80.7097 36
80.7125 36
80.7126 36
80.7128 36
80.7145 35
80.7178 35
80.7179 35
80.718 35
80.7181 35
80.7193 35
80.7221 35
80.7223 35
80.7224 35
80.7234 40
80.7273 35
80.7274 35
80.7275 35
80.7306 36
80.7307 36
80.7308 36
80.7318 36
80.7354 36
80.7355 35
80.7356 35
80.7375 35
80.7376 35
80.7404 35
80.7406 35
80.7407 35
80.7421 35
80.7456 35
80.7457 35
80.7458 35
80.7471 40
80.75 35
80.7501 35
80.7502 35
80.7503 35
80.7514 35
80.7549 35
80.7551 35
80.7552 35
80.7553 40
80.7561 36
80.759 36
80.7591 35
80.7592 35
80.7602 35
80.7636 35
80.7637 35
80.7638 35
80.7655 35
80.7656 35
80.7685 35
80.7686 35
80.7687 35
80.7699 35
80.773 35
80.7731 35
80.7732 36
80.7746 36
80.7774 36
80.7797 41
80.7798 36
80.7799 35
80.7801 35
80.7829 35
80.783 35
80.7831 35
80.7847 35
80.7875 35
80.7876 35
80.7877 35
80.7888 35
80.7919 35
80.7921 35
80.7922 35
80.7941 35
80.797 35
80.7971 36
80.7972 36
80.7983 36
80.7984 41
80.8011 36
80.8012 36
80.8013 36
80.8062 36
80.809 36
80.8091 35
80.8092 35
80.8103 35
80.813 35
80.8131 35
80.8132 35
80.8154 35
80.8181 35
80.8182 35
80.8183 35
80.8197 35
80.8198 35
80.8229 35
80.823 35
80.8231 40
80.8242 35
80.8269 35
80.827 35
80.8271 35
80.8314 36
80.8325 35
80.8326 35
80.8327 35
80.8329 35
80.8358 35
80.8359 35
80.836 35
80.8394 35
80.8396 35
80.8397 35
80.8406 35
80.8437 35
80.8439 35
80.844 35
80.8441 40
80.8457 35
80.8486 35
80.8488 35
80.8489 35
80.8508 35
80.8537 35
80.8538 35
80.8539 35
80.855 35
80.8583 35
80.8584 35
80.8585 35
80.86 35
80.8601 35
80.863 35
80.8631 35
80.8632 35
80.8642 35
80.8671 35
80.8672 40
80.8673 35
80.8683 35
80.8719 35
80.8721 35
80.8722 35
80.8732 35
80.876 35
80.8761 35
80.8762 35
80.8763 35
80.8774 35
80.8809 35
80.881 35
80.8811 35
80.8852 35
80.889 35
80.8891 35
80.8892 35
80.8901 35
80.8933 40
80.8934 35
80.8935 35
80.8948 35
80.898 35
80.8981 35
80.8982 35
80.9015 35
80.9016 35
80.9017 35
80.906 36
80.9256 35
80.9499 35
80.9786 36
81.003 36
81.0264 36
81.0474 36
81.0689 36
81.0908 36
81.1153 36
81.1346 40
81.1347 35
81.1371 35
81.1372 35
81.1395 35
81.1396 35
81.1417 35
81.1418 35
81.1419 35
81.1443 35
81.1444 35
81.1473 35
81.1474 35
81.15 35
81.1501 35
81.1524 35
81.1525 35
81.1526 35
81.155 35
81.1573 35
81.1574 40
81.1575 35
81.1589 35
81.159 35
81.1618 35
81.162 35
81.1637 35
81.1639 35
81.1663 35
81.1664 35
81.1665 35
81.1679 35
81.1703 35
81.1704 35
81.1705 35
81.1719 35
81.172 35
81.1779 35
81.178 35
81.1781 35
81.1783 40
81.1813 35
81.1814 35
81.1838 35
81.1839 35
81.1866 35
81.1867 35
81.1868 35
81.1879 35
81.1911 35
81.1912 35
81.1913 35
81.1932 35
81.1959 35
81.196 35
81.1961 35
81.1983 35
81.1984 35
81.1984 41
81.2011 35
81.2012 35
81.203 35
81.2031 35
81.2059 35
81.206 35
81.2061 35
81.2089 35
81.2142 36
81.2143 35
81.2144 35
81.2157 35
81.2158 35
81.2193 35
81.2194 35
81.2195 35
81.2206 35
81.2234 35
81.2236 35
81.2237 40
81.2247 35
81.2275 35
81.2276 35
81.2277 35
81.2278 35
81.2294 35
81.2321 35
81.2322 35
81.2323 35
81.2334 35
81.2366 35
81.2367 35
81.2368 35
81.2379 35
81.2381 35
81.2414 35
81.2416 35
81.2417 35
81.2431 35
81.2461 40
81.2463 35
81.2463 35
81.2475 35
81.2503 35
81.2529 35
81.253 35
81.2531 35
81.2533 35
81.2563 35
81.2564 35
81.2565 35
81.2576 35
81.2609 35
81.2611 35
81.2612 35
81.2624 35
81.2625 35
81.2656 35
81.2657 35
81.2658 40
81.2677 35
81.2706 35
81.2707 35
81.2708 35
81.2722 35
81.2753 35
81.2754 35
81.2755 35
81.2775 35
81.2811 35
81.2812 35
81.2813 35
81.2814 35
81.2823 35
81.2851 35
81.2852 35
81.2853 35
81.2873 35
81.2901 35
81.2902 40
81.2903 35
81.2915 35
81.2945 35
81.2947 35
81.2948 35
81.2958 35
81.2987 35
81.2989 35
81.299 35
81.3 35
81.3001 35
81.3051 36
81.3053 35
81.3054 35
81.3055 35
81.3087 35
81.3088 35
81.3089 35
81.309 35
81.3099 40
81.3132 35
81.3133 35
81.3134 35
81.3167 35
81.3195 35
81.3197 35
81.3198 35
81.3218 35
81.3219 35
81.3246 35
81.3247 35
81.3248 35
81.3262 35
81.3294 35
81.3295 35
81.3296 35
81.3306 35
81.3334 35
81.3335 35
81.3336 40
81.3338 35
81.3352 35
81.3379 35
81.338 35
81.3381 35
81.3392 35
81.3426 35
81.3427 35
81.3428 35
81.344 35
81.3442 35
81.3469 35
81.3471 35
81.3472 35
81.3486 35
81.3517 35
81.3518 35
81.3519 35
81.353 35
81.3564 40
81.3565 35
81.3566 35
81.3567 35
81.3578 35
81.3606 35
81.3607 35
81.3608 35
81.3626 35
81.3658 35
81.3659 35
81.366 35
81.3671 35
81.3672 35
81.37 35
81.3701 35
81.3702 35
81.372 35
81.375 35
81.3751 35
81.3752 40
81.3766 35
81.3793 35
81.3795 35
81.3796 35
81.3816 35
81.3847 35
81.3848 35
81.3849 35
81.3863 35
81.3864 35
81.3895 35
81.3896 35
81.3897 35
81.3915 35
81.3944 35
81.3946 35
81.3947 35
81.3969 35
81.3997 35
81.3998 40
81.3999 35
81.4013 35
81.4044 35
81.4045 35
81.4046 35
81.4056 35
81.4057 35
81.4104 35
81.4106 35
81.4106 35
81.4117 35
81.4146 35
81.4147 35
81.4148 35
81.4181 35
81.4219 35
81.422 35
81.4221 35
81.4233 35
81.4264 40
81.4265 35
81.4266 35
81.4279 35
81.428 35
81.4309 35
81.431 35
81.431 35
81.4322 35
81.4353 35
81.4355 35
81.4356 35
81.437 35
81.4402 35
81.4403 35
81.4404 35
81.442 35
81.4449 35
81.4451 35
81.4452 35
81.4469 40
81.447 35
81.4496 35
81.4497 35
81.4498 35
81.4511 35
81.4547 35
81.4548 35
81.4549 35
81.456 35
81.4561 35
81.4593 35
81.4594 35
81.4618 35
81.4619 35
81.4645 35
81.4647 35
81.4648 35
81.4659 35
81.4686 35
81.4688 40
81.4689 35
81.4705 35
81.4706 35
81.4733 35
81.4734 35
81.4735 35
81.4747 36
81.4774 35
81.4775 35
81.4776 35
81.4788 35
81.4789 35
81.4821 35
81.4822 35
81.4823 35
81.4841 35
81.4873 35
81.4875 35
81.4876 35
81.4888 40
81.4889 41
81.4915 35
81.4916 35
81.4928 35
81.4929 35
81.4964 35
81.4965 35
81.4966 35
81.4977 35
81.501 35
81.5011 35
81.5012 35
81.5025 35
81.506 35
81.5062 35
81.5063 35
81.5075 35
81.5076 35
81.5105 35
81.5106 35
81.5118 40
81.516 35
81.5161 35
81.5162 35
81.5165 35
81.5208 36
81.5215 35
81.5216 35
81.5217 36
81.5227 36
81.5256 36
81.5257 36
81.5258 36
81.5269 36
81.5296 36
81.5298 36
81.5299 36
81.5315 35
81.5349 35
81.535 35
81.5351 40
81.5363 35
81.5364 35
81.5397 35
81.5398 35
81.5399 35
81.541 35
81.5437 35
81.5438 35
81.5439 35
81.5451 35
81.5452 35
81.5483 35
81.5484 35
81.5485 35
81.55 35
81.5528 35
81.5529 35
81.553 35
81.5552 35
81.5578 40
81.5579 35
81.5581 35
81.5592 35
81.5594 35
81.562 35
81.5621 35
81.5622 35
81.5634 36
81.5679 37
81.5685 36
81.5686 36
81.5688 36
81.5719 36
81.572 36
81.5721 36
81.5733 36
81.5766 35
81.5767 35
81.5768 35
81.578 40
81.5781 35
81.5817 35
81.5818 35
81.5819 35
81.583 35
81.5858 35
81.586 35
81.5861 35
81.5873 35
81.59 35
81.5901 35
81.5902 35
81.5921 35
81.5922 35
81.5949 35
81.5951 35
81.5952 35
81.5964 35
81.599 35
81.5992 40
81.5993 35
81.6003 35
81.6031 35
81.6032 35
81.6033 35
81.6049 36
81.6076 36
81.6077 36
81.6078 36
81.6079 36
81.6101 35
81.613 35
81.6131 35
81.6132 35
81.6144 35
81.6176 35
81.6219 35
81.622 35
81.6221 35
81.6223 40
81.6251 35
81.6253 35
81.6254 35
81.6288 35
81.6289 35
81.629 35
81.6322 35
81.6323 35
81.6324 35
81.6341 35
81.6369 35
81.6371 35
81.6372 35
81.6393 35
81.642 35
81.6421 35
81.6422 35
81.6433 35
81.6434 35
81.6466 40
81.6468 35
81.6471 35
81.6492 35
81.6508 35
81.6509 35
81.654 35
81.6542 35
81.6543 35
81.6573 35
81.6574 35
81.6593 35
81.6594 35
81.662 35
81.6621 35
81.6648 35
81.6649 35
81.665 35
81.6668 35
81.6669 35
81.6692 40
81.6721 35
81.6723 35
81.6724 35
81.6756 35
81.6757 35
81.6758 35
81.677 35
81.68 35
81.6801 35
81.6802 35
81.6812 35
81.6813 35
81.6848 35
81.6849 35
81.685 35
81.686 35
81.6889 35
81.689 35
81.6891 35
81.6904 40
81.6939 35
81.694 35
81.6941 35
81.696 35
81.6961 35
81.6991 35
81.6992 35
81.7004 35
81.7005 35
81.7036 35
81.7037 35
81.7038 35
81.7057 35
81.7087 35
81.7088 35
81.7089 35
81.7101 35
81.7132 35
81.7133 35
81.7134 40
81.7135 40
81.7155 35
81.7183 35
81.7184 35
81.7185 35
81.7202 35
81.7248 36
81.7261 35
81.7262 35
81.7263 35
81.7275 35
81.7303 35
81.7304 35
81.7305 35
81.7316 35
81.7344 35
81.7345 35
81.7346 35
81.7359 35
81.736 35
81.7387 40
81.7388 35
81.7389 35
81.7405 35
81.7436 35
81.7437 35
81.7438 35
81.7453 35
81.7454 35
81.7481 35
81.7482 35
81.7483 35
81.7502 35
81.7537 35
81.7538 35
81.7539 35
81.7558 35
81.7601 35
81.7602 35
81.763 35
81.7631 40
81.7664 35
81.7665 35
81.7683 35
81.7684 35
81.7706 35
81.7707 35
81.7724 35
81.7726 35
81.7744 35
81.7745 35
81.777 35
81.7771 35
81.7772 35
81.7822 35
81.7823 35
81.7824 35
81.7825 35
81.7844 35
81.7891 36
81.7921 40
81.7965 36
81.7968 35
81.797 35
81.7971 35
81.7971 41
81.8001 35
81.8002 35
81.8019 35
81.802 35
81.8052 35
81.8053 35
81.8054 35
81.807 35
81.8098 35
81.81 35
81.8101 35
81.8115 35
81.8139 35
81.814 35
81.8141 35
81.8169 35
81.817 35
81.8193 35
81.8194 35
81.8214 40
81.8216 35
81.8237 35
81.8239 35
81.8283 35
81.8284 35
81.8285 35
81.8303 35
81.8304 35
81.8325 35
81.8326 35
81.8347 35
81.8348 35
81.8369 35
81.837 35
81.8389 35
81.839 35
81.842 35
81.8421 35
81.8422 35
81.8441 40
81.8442 35
81.8465 35
81.8466 35
81.8485 35
81.8486 35
81.8513 35
81.8514 35
81.8534 35
81.8535 35
81.8555 35
81.8556 35
81.8557 35
81.858 35
81.8581 35
81.8601 35
81.8602 35
81.8624 35
81.8625 35
81.8653 35
81.8654 40
81.8672 35
81.8673 35
81.8674 35
81.8694 35
81.8695 35
81.8714 35
81.8716 35
81.8739 35
81.874 35
81.8762 35
81.8763 35
81.8789 35
81.8791 35
81.8819 35
81.8821 35
81.8822 35
81.8842 35
81.8843 35
81.8868 35
81.8869 40
81.8889 35
81.889 35
81.8912 35
81.8913 35
81.8938 35
81.894 35
81.8961 35
81.8962 35
81.8964 35
81.8993 35
81.8994 35
81.9013 35
81.9015 35
81.9035 35
81.9036 35
81.9056 35
81.9057 35
81.9084 35
81.9085 35
81.911 40
81.9112 35
81.9131 35
81.9132 35
81.9158 35
81.9159 35
81.916 35
81.918 35
81.9181 35
81.9201 35
81.9202 35
81.9222 35
81.9224 35
81.9241 35
81.9242 35
81.9267 35
81.9268 35
81.9315 36
81.9318 35
81.9348 35
81.9349 40
81.935 35
81.9385 35
81.9386 35
81.9387 35
81.9398 35
81.9426 35
81.9427 35
81.9428 35
81.9439 35
81.944 35
81.9469 35
81.947 35
81.9471 35
81.9481 35
81.9515 35
81.9517 35
81.9518 35
81.9533 35
81.9561 35
81.9563 40
81.9564 35
81.9565 35
81.958 35
81.9612 35
81.9613 35
81.9614 35
81.9631 35
81.966 35
81.9661 35
81.9662 35
81.9674 35
81.9675 35
81.9702 35
81.9703 35
81.9704 35
81.9715 35
81.9743 35
81.9744 35
81.9745 35
81.9759 40
81.9788 35
81.9789 35
81.979 35
81.9791 35
81.9802 35
81.9829 35
81.9831 35
81.9832 35
81.9855 35
81.9884 35
81.9886 35
81.9887 35
81.99 35
81.9901 35
81.9932 35
81.9933 35
81.9934 35
81.9951 35
81.9978 35
81.9979 40
81.998 35
81.9992 35
82.002 35
82.0021 35
82.0023 35
82.0037 36
82.0039 35
82.0073 35
82.0074 35
82.0075 35
82.0086 35
82.0129 35
82.013 35
82.0131 35
82.0132 35
82.0143 35
82.0175 35
82.0176 35
82.0177 35
82.0187 40
82.0219 35
82.0221 35
82.0222 35
82.0236 35
82.0266 35
82.0267 35
82.0268 35
82.0282 35
82.0327 36
82.0341 35
82.0342 35
82.0382 35
82.0383 35
82.0427 36
82.043 35
82.0431 35
82.0432 35
82.0445 35
82.0485 35
82.0487 40
82.0488 35
82.0504 35
82.053 35
82.0532 35
82.0533 35
82.0548 35
82.0583 35
82.0584 35
82.0585 35
82.0598 35
82.0599 35
82.063 35
82.0632 35
82.0633 35
82.0645 35
82.0671 35
82.0672 35
82.0673 35
82.0691 35
82.0723 40
82.0725 35
82.0726 35
82.0737 35
82.0739 35
82.0778 35
82.0779 35
82.078 35
82.0798 35
82.083 35
82.0831 35
82.0832 35
82.0845 35
82.0876 35
82.0878 35
82.0879 35
82.088 35
82.093 35
82.0931 35
82.0932 35
82.0934 40
82.0966 35
82.0968 35
82.0969 35
82.0969 41
82.098 36
82.101 36
82.1011 36
82.1013 36
82.1027 35
82.1058 35
82.1059 35
82.106 35
82.1073 35
82.1101 35
82.1102 35
82.1103 35
82.1115 35
82.1116 35
82.1144 35
82.1145 35
82.1146 35
82.1155 35
82.1184 35
82.1185 40
82.1186 35
82.1207 35
82.1236 36
82.1237 36
82.1239 36
82.1249 36
82.1276 36
82.1278 36
82.1279 36
82.1289 35
82.129 35
82.1318 35
82.1319 35
82.132 35
82.1358 35
82.1386 35
82.1388 35
82.1389 35
82.1403 35
82.1441 40
82.1442 35
82.1443 36
82.1455 36
82.1456 36
82.1487 36
82.1488 36
82.15 36
82.1501 36
82.1529 36
82.153 36
82.1531 36
82.1542 36
82.1574 36
82.1575 35
82.1576 35
82.1595 35
82.1624 35
82.1625 35
82.1626 35
82.1637 40
82.1638 35
82.167 35
82.1671 35
82.1672 35
82.1761 35
82.1762 35
82.1763 35
82.1766 35
82.1808 35
82.1809 35
82.181 35
82.1821 35
82.1822 35
82.1856 35
82.1857 35
82.1858 35
82.1874 35
82.1902 35
82.1903 35
82.1904 40
82.1919 35
82.1947 35
82.1948 35
82.1969 35
82.197 35
82.1971 36
82.1998 36
82.1999 36
82.2 36
82.2011 35
82.2041 35
82.2042 35
82.2043 35
82.2052 35
82.2089 35
82.209 35
82.2091 35
82.2092 35
82.2104 35
82.2137 40
82.2138 35
82.2139 35
82.2149 35
82.2178 35
82.2179 35
82.218 35
82.2191 36
82.222 36
82.2221 36
82.2222 35
82.2249 35
82.225 35
82.228 35
82.2281 35
82.2282 35
82.2294 35
82.2328 35
82.2329 35
82.233 35
82.2366 40
82.24 35
82.2401 35
82.2402 35
82.2414 35
82.2445 35
82.2446 35
82.2447 35
82.2463 35
82.2501 36
82.2503 36
82.2504 36
82.2536 36
82.2537 35
82.2537 35
82.255 35
82.2576 35
82.2578 35
82.2579 35
82.26 35
82.2629 40
82.263 35
82.2631 35
82.2632 35
82.2642 35
82.2676 35
82.2677 35
82.2678 35
82.2689 35
82.2722 35
82.2724 35
82.2725 35
82.2736 35
82.2763 35
82.2764 35
82.2765 35
82.2783 35
82.281 35
82.2812 35
82.2812 35
82.2857 41
82.2923 35
82.2972 36
82.2979 35
82.298 35
82.2981 35
82.299 35
82.3019 35
82.302 35
82.3021 35
82.3035 35
82.3063 35
82.3065 35
82.3066 35
82.3117 36
82.3129 35
82.313 35
82.3131 35
82.3163 35
82.3164 35
82.3166 40
82.3176 35
82.3178 35
82.3209 35
82.3211 35
82.3212 36
82.3226 36
82.3254 36
82.3255 36
82.3256 36
82.3276 36
82.3277 35
82.3306 35
82.3307 35
82.3308 35
82.3319 35
82.3358 35
82.3359 35
82.3402 35
82.3403 35
82.343 40
82.3432 35
82.3433 35
82.3445 35
82.3472 35
82.3473 35
82.3474 35
82.3486 35
82.3487 35
82.3515 36
82.3516 36
82.3538 36
82.354 36
82.3566 36
82.3567 36
82.358 36
82.3581 35
82.3626 36
82.3659 35
82.366 35
82.3661 40
82.3664 35
82.3699 35
82.37 35
82.3701 35
82.3711 36
82.3754 36
82.3755 36
82.3756 36
82.3769 36
82.3798 36
82.3799 36
82.38 36
82.3812 35
82.3848 35
82.3849 35
82.385 35
82.3851 35
82.3863 35
82.3891 35
82.3892 40
82.3893 35
82.3909 35
82.3943 35
82.3944 35
82.3945 36
82.3956 36
82.3957 36
82.3988 36
82.3989 36
82.4001 36
82.4035 36
82.4036 36
82.4037 36
82.4056 36
82.4057 36
82.4083 36
82.4085 36
82.4086 35
82.4097 35
82.4136 40
82.4137 35
82.4138 35
82.4139 41
82.4198 36
82.4237 35
82.4238 35
82.4239 35
82.4241 35
82.427 35
82.4271 35
82.4272 35
82.4286 35
82.4318 35
82.432 35
82.4321 35
82.4322 35
82.4334 35
82.4362 35
82.4363 35
82.4364 35
82.4376 35
82.442 36
82.443 40
82.4432 35
82.4449 36
82.4475 36
82.4476 36
82.4477 36
82.4489 36
82.449 36
82.4516 36
82.4518 36
82.4519 36
82.4532 36
82.4566 35
82.4568 35
82.4586 35
82.4587 35
82.4612 35
82.4613 35
82.4614 35
82.4628 35
82.463 40
82.4655 35
82.4656 35
82.4657 35
82.4668 36
82.4695 36
82.4696 36
82.4697 36
82.4721 36
82.4722 36
82.4749 36
82.475 36
82.4751 36
82.4767 36
82.481 37
82.4847 36
82.4848 35
82.4849 35
82.4881 35
82.4882 35
82.4883 40
82.49 35
82.4932 35
82.4933 35
82.4934 35
82.4947 36
82.4948 41
82.4979 36
82.498 36
82.4981 36
82.4991 36
82.5024 36
82.5025 36
82.5026 36
82.5036 36
82.5064 36
82.5066 36
82.5067 35
82.5068 35
82.5079 35
82.5115 35
82.5116 35
82.5117 35
82.513 35
82.5158 35
82.5159 35
82.516 40
82.517 35
82.5199 35
82.52 35
82.5201 35
82.5216 35
82.5217 35
82.5245 35
82.5246 35
82.5247 35
82.5267 35
82.5294 35
82.5295 35
82.5296 35
82.5345 36
82.5347 35
82.5348 35
82.5349 35
82.5381 35
82.5382 35
82.5383 40
82.5394 35
82.5422 35
82.5423 35
82.5424 35
82.5461 35
82.5462 35
82.549 35
82.5491 35
82.5492 35
82.5506 35
82.5537 35
82.5538 35
82.5539 35
82.5552 35
82.5583 35
82.5585 35
82.5586 35
82.5597 35
82.5624 35
82.5651 40
82.5652 35
82.5653 35
82.5654 35
82.5688 35
82.569 35
82.5691 35
82.5704 35
82.5736 36
82.5737 36
82.5738 35
82.5748 35
82.5777 35
82.5778 35
82.5779 35
82.578 35
82.58 35
82.5828 35
82.583 35
82.5831 35
82.5845 40
82.5875 35
82.5877 35
82.5878 35
82.589 35
82.592 35
82.5921 36
82.5922 36
82.5937 36
82.5964 36
82.5965 35
82.5966 35
82.5978 35
82.5979 35
82.6007 35
82.6008 35
82.6009 35
82.6032 35
82.606 35
82.6061 35
82.6062 40
82.6075 35
82.6103 35
82.6104 35
82.6105 35
82.612 35
82.6121 35
82.6148 35
82.6166 35
82.6167 36
82.6168 36
82.6196 36
82.6197 36
82.6198 35
82.6232 35
82.6265 35
82.6266 35
82.6267 35
82.6279 35
82.628 35
82.6308 40
82.6309 35
82.631 35
82.6334 35
82.6363 35
82.6364 35
82.6365 35
82.6411 36
82.643 36
82.6431 36
82.6432 36
82.6434 36
82.6481 36
82.6482 36
82.6483 36
82.6484 35
82.6501 35
82.653 35
82.6531 35
82.6532 35
82.6546 40
82.6573 35
82.6575 35
82.6576 35
82.659 35
82.6625 35
82.6626 35
82.6627 35
82.6642 36
82.6679 36
82.6701 35
82.6702 35
82.6703 35
82.6705 35
82.6737 35
82.6738 35
82.6739 35
82.6749 35
82.6777 35
82.6778 35
82.6779 40
82.6793 35
82.6821 35
82.6822 35
82.6823 35
82.6824 35
82.6836 36
82.6867 36
82.6868 36
82.6869 35
82.688 35
82.6907 35
82.6908 35
82.691 35
82.6929 35
82.693 35
82.6956 35
82.6958 35
82.6958 35
82.697 35
82.7023 41
82.7047 35
82.7048 35
82.7049 35
82.7051 35
82.7082 36
82.7083 36
82.7083 36
82.7097 36
82.713 36
82.7131 36
82.7132 36
82.7133 35
82.7151 35
82.718 35
82.7181 35
82.7182 35
82.7183 41
82.7203 35
82.7232 35
82.7233 35
82.7234 35
82.7245 35
82.7276 35
82.7277 35
82.7278 36
82.7293 36
82.7326 36
82.7327 36
82.7328 36
82.734 36
82.7341 35
82.7368 35
82.7369 35
82.738 35
82.7381 35
82.7408 35
82.7409 40
82.741 35
82.7427 35
82.7459 35
82.746 35
82.7461 35
82.7503 35
82.7533 35
82.7534 35
82.7535 35
82.7555 35
82.7556 35
82.7582 35
82.7584 36
82.7628 36
82.7648 35
82.7649 35
82.765 35
82.7652 35
82.7684 35
82.7685 40
82.7687 35
82.7698 35
82.7749 36
82.7755 35
82.7756 35
82.7757 35
82.776 35
82.779 35
82.7791 35
82.7792 35
82.7802 35
82.7833 35
82.7834 35
82.7835 35
82.7849 35
82.7879 35
82.7881 35
82.7882 35
82.7897 35
82.7899 40
82.7926 35
82.7927 35
82.7928 35
82.7939 35
82.7966 36
82.7968 35
82.7969 35
82.7985 35
82.8012 35
82.8013 35
82.8014 35
82.8029 35
82.803 35
82.8068 35
82.8069 35
82.807 35
82.808 35
82.8119 35
82.8121 35
82.8122 40
82.8133 35
82.8134 35
82.8166 35
82.8167 35
82.8168 35
82.8179 36
82.8223 37
82.8227 36
82.8228 36
82.8229 36
82.8276 36
82.8277 36
82.8278 36
82.8279 35
82.8282 35
82.8309 35
82.831 35
82.8311 35
82.8323 35
82.8349 40
82.8351 35
82.8352 35
82.8364 35
82.8391 35
82.8392 35
82.8393 35
82.8406 36
82.8438 36
82.844 36
82.8441 36
82.8452 36
82.8453 35
82.8486 35
82.8487 35
82.8522 35
82.8524 35
82.8545 1004
82.8549 35
82.855 35
82.8551 35
82.8565 40
82.8597 35
82.8598 35
82.8599 35
82.8611 35
82.8643 35
82.8644 35
82.8645 35
82.8658 35
82.866 35
82.8685 35
82.8686 35
82.87 35
82.8702 35
82.8732 35
82.8733 35
82.8734 35
82.8751 35
82.8796 36
82.8798 35
82.8799 40
82.88 35
82.8829 35
82.883 35
82.8831 35
82.8832 35
82.885 35
82.8879 35
82.888 35
82.8882 35
82.889 35
82.8919 35
82.892 35
82.8921 35
82.8931 35
82.8967 35
82.8968 35
82.8969 35
82.8983 35
82.8984 35
82.9015 40
82.9016 35
82.9017 35
82.9018 33
82.9035 35
82.9067 35
82.9069 35
82.907 35
82.908 35
82.9107 35
82.9109 35
82.911 35
82.9126 35
82.9127 35
82.9153 35
82.9154 35
82.9155 35
82.9183 35
82.9212 35
82.9213 35
82.9215 35
82.9228 40
82.9259 35
82.926 35
82.9261 35
82.9275 35
82.9276 35
82.932 36
82.9321 35
82.9322 35
82.9323 35
82.9354 35
82.9355 35
82.9356 35
82.9373 35
82.9374 35
82.9402 35
82.9403 35
82.9404 35
82.9419 35
82.945 35
82.9451 40
82.9452 35
82.9472 35
82.95 35
82.9501 35
82.9502 35
82.9537 35
82.9538 35
82.9569 35
82.9571 35
82.9594 35
82.9596 35
82.9612 35
82.9613 35
82.9614 35
82.9616 37
82.9623 35
82.9656 35
82.9658 0
82.9658 35
82.9659 35
82.967 35
82.9697 40
82.9698 35
82.9699 35
82.9717 35
82.9718 35
82.9744 35
82.9745 35
82.9746 35
82.9765 35
82.9792 35
82.9793 35
82.9794 35
82.9807 35
82.9842 35
82.9843 35
82.9844 35
82.9857 35
82.9859 35
82.9885 35
82.9886 35
82.9888 40
82.9903 35
82.9934 35
82.9935 35
82.9936 35
82.9955 35
82.9956 35
82.9983 35
82.9984 35
82.9985 35
83.0004 35
83.0031 35
83.0032 35
83.0033 35
83.0046 35
83.0047 35
83.0074 35
83.0075 35
83.0076 35
83.0088 35
83.0115 40
83.0116 35
83.0117 35
83.0118 41
83.0129 35
83.0163 35
83.0164 35
83.0165 35
83.0179 35
83.0204 35
83.0206 35
83.0207 35
83.022 35
83.0221 35
83.0247 35
83.0248 35
83.0261 35
83.0262 35
83.0288 35
83.0289 35
83.029 35
83.0304 35
83.0346 35
83.0371 40
83.0372 35
83.0373 35
83.0398 35
83.0399 35
83.04 35
83.0422 35
83.0423 35
83.0448 35
83.0449 35
83.0463 35
83.0464 35
83.049 35
83.0491 35
83.0492 35
83.0505 35
83.0536 35
83.0537 35
83.0538 35
83.0581 35
83.0582 40
83.0607 35
83.0609 35
83.061 35
83.0624 35
83.0649 35
83.0651 35
83.0652 35
83.0665 35
83.0691 35
83.0692 35
83.0693 35
83.0708 35
83.0709 35
83.0744 35
83.0745 35
83.0759 35
83.076 35
83.0794 35
83.0796 35
83.0797 40
83.0809 35
83.0835 35
83.0836 35
83.0837 35
83.085 35
83.0876 35
83.0902 35
83.0903 35
83.0904 35
83.0906 35
83.0935 35
83.0936 35
83.0937 35
83.0951 35
83.0979 35
83.0981 35
83.0981 35
83.0999 35
83.103 35
83.1031 40
83.1032 35
83.1043 35
83.1044 35
83.1072 35
83.1073 35
83.1074 35
83.1086 35
83.1118 35
83.1119 35
83.112 35
83.1131 35
83.1132 35
83.1163 35
83.1164 35
83.1165 35
83.1184 35
83.1219 35
83.1221 35
83.1223 35
83.1233 40
83.1259 35
83.126 35
83.1261 35
83.1275 35
83.1276 35
83.1301 35
83.1303 35
83.1319 35
83.1321 35
83.1347 35
83.1348 35
83.1349 35
83.1365 35
83.1392 35
83.1393 35
83.1415 35
83.1416 35
83.1441 35
83.1442 35
83.1443 40
83.1457 35
83.1458 35
83.149 35
83.1491 35
83.1492 35
83.1506 35
83.1531 35
83.1532 35
83.1533 35
83.1547 35
83.1593 36
83.1603 35
83.1605 35
83.1617 35
83.1618 35
83.1643 35
83.1645 35
83.1646 35
83.1659 35
83.1686 40
83.1687 35
83.1688 35
83.1708 35
83.1742 35
83.1743 35
83.1744 35
83.1758 35
83.1759 35
83.1785 35
83.1786 35
83.1787 35
83.18 35
83.1827 35
83.1828 35
83.1829 35
83.185 35
83.1876 35
83.1877 35
83.1878 35
83.1897 40
83.194 35
83.1941 35
83.1942 35
83.1956 35
83.1958 35
83.1985 35
83.1986 35
83.1987 35
83.2007 35
83.2033 35
83.2034 35
83.2035 35
83.2051 35
83.2052 35
83.2077 35
83.2078 35
83.2079 35
83.2108 35
83.2132 35
83.2133 40
83.2134 35
83.215 35
83.2176 35
83.2177 35
83.2178 35
83.2198 35
83.2199 35
83.2224 35
83.2225 35
83.2227 35
83.2239 35
83.2277 35
83.2278 35
83.2279 35
83.228 40
83.2295 35
83.2321 35
83.2323 35
83.2324 35
83.2337 35
83.2369 35
83.237 35
83.2371 35
83.2387 35
83.2388 35
83.2413 35
83.2414 35
83.2428 35
83.2429 35
83.2477 36
83.2479 35
83.248 35
83.2481 35
83.2483 35
83.2514 40
83.2515 35
83.2516 35
83.2528 35
83.2557 35
83.2558 35
83.2559 35
83.2569 35
83.2621 36
83.2622 35
83.2623 35
83.2623 35
83.2645 35
83.2675 35
83.2677 35
83.2678 35
83.2696 35
83.2729 35
83.273 35
83.2731 35
83.2751 40
83.2779 35
83.278 35
83.2781 35
83.2793 35
83.2794 35
83.2821 35
83.2822 35
83.2824 35
83.2838 35
83.2874 35
83.2876 35
83.2877 35
83.29 35
83.2928 35
83.2929 35
83.293 35
83.2941 35
83.2942 35
83.2969 35
83.299 40
83.2992 35
83.2993 35
83.3019 35
83.302 35
83.3021 35
83.3032 36
83.3033 42
83.3065 36
83.3065 35
83.3077 35
83.3078 35
83.3112 35
83.3113 35
83.3114 35
83.3131 35
83.3166 35
83.3167 35
83.3168 35
83.318 35
83.3218 35
83.3219 35
83.322 35
83.3231 35
83.3232 35
83.3258 36
83.326 36
83.3261 41
83.3272 35
83.3299 35
83.33 35
83.3301 35
83.3318 35
83.335 35
83.3351 35
83.3352 35
83.3366 35
83.3367 35
83.3392 35
83.3393 35
83.3408 35
83.341 35
83.3437 35
83.3438 35
83.3439 35
83.3455 35
83.3487 35
83.3488 40
83.3489 35
83.3532 35
83.3565 35
83.3566 35
83.3567 35
83.3578 35
83.3579 35
83.3607 35
83.3608 35
83.3609 35
83.3642 35
83.367 35
83.3671 35
83.3672 35
83.3682 35
83.3721 35
83.3722 35
83.3723 35
83.3734 35
83.3735 40
83.3761 35
83.3762 35
83.3778 35
83.3806 35
83.3808 35
83.3809 35
83.3823 35
83.3824 35
83.3854 35
83.3855 35
83.3856 35
83.3871 35
83.3899 35
83.39 35
83.3901 35
83.3922 35
83.395 35
83.3951 35
83.3952 35
83.3966 40
83.3967 35
83.4 35
83.4001 35
83.4002 35
83.4047 36
83.4051 36
83.4052 35
83.4053 35
83.4085 35
83.4086 35
83.4088 35
83.4103 35
83.4104 35
83.4137 35
83.4138 35
83.4139 35
83.415 35
83.4182 35
83.4183 35
83.4184 40
83.4194 35
83.4223 35
83.4224 35
83.4225 35
83.4236 35
83.4237 35
83.4264 35
83.4265 35
83.4266 35
83.4277 35
83.4319 36
83.4321 35
83.4322 35
83.4323 35
83.4339 35
83.4377 35
83.4378 35
83.4379 35
83.4388 35
83.4423 40
83.4424 35
83.4425 35
83.4436 35
83.4464 35
83.4466 35
83.4467 35
83.4477 35
83.4478 35
83.4505 35
83.4507 35
83.4508 35
83.4523 35
83.4552 35
83.4575 35
83.4576 35
83.4577 35
83.4608 35
83.4609 35
83.461 35
83.462 40
83.4622 35
83.4677 35
83.4678 35
83.4679 35
83.469 35
83.4719 36
83.472 36
83.4721 36
83.4741 35
83.477 35
83.4771 35
83.4772 35
83.4785 35
83.4814 35
83.4815 35
83.4816 35
83.4836 35
83.4837 35
83.4864 35
83.4866 40
83.4867 35
83.4881 35
83.4913 35
83.4914 35
83.4915 35
83.4929 35
83.4957 35
83.4958 35
83.4959 36
83.4977 35
83.4978 35
83.5005 35
83.5006 35
83.5008 35
83.5028 35
83.5055 35
83.5056 35
83.5057 35
83.5102 36
83.5111 40
83.5113 35
83.5114 35
83.5116 35
83.5148 35
83.5149 35
83.515 35
83.516 35
83.5195 35
83.5196 35
83.5198 35
83.5199 35
83.5209 35
83.5243 35
83.5244 35
83.5245 35
83.5256 35
83.529 35
83.5291 35
83.5292 35
83.5302 40
83.5303 35
83.5331 35
83.5332 35
83.5333 35
83.5344 35
83.537 36
83.5371 36
83.5372 36
83.5388 35
83.5415 35
83.5417 35
83.5418 35
83.543 35
83.5456 35
83.5458 35
83.5459 35
83.5471 35
83.5472 35
83.5504 35
83.5505 40
83.5506 35
83.5518 35
83.5546 35
83.5547 35
83.5548 35
83.5563 35
83.5593 35
83.5594 35
83.5616 35
83.5617 35
83.5644 35
83.5646 35
83.5647 35
83.568 35
83.5681 35
83.5714 35
83.5715 35
83.5716 35
83.5728 35
83.5755 40
83.5756 35
83.5757 35
83.5776 35
83.5803 35
83.5804 35
83.5805 35
83.5826 35
83.5853 35
83.5854 35
83.5855 35
83.5871 35
83.5872 35
83.5881 1243
83.5881 1250
83.5881 93
83.5899 35
83.59 35
83.5901 35
83.5912 35
83.5945 35
83.5946 35
83.5948 35
83.5963 40
83.5964 35
83.5965 32
83.5991 35
83.5992 35
83.5993 35
83.6005 35
83.6033 35
83.6034 35
83.6035 35
83.6053 35
83.6083 35
83.6084 35
83.6085 35
83.6099 35
83.61 35
83.6146 35
83.6147 35
83.6148 35
83.6149 35
83.6186 35
83.6188 35
83.6189 40
83.6199 35
83.6201 35
83.6229 35
83.623 35
83.6231 35
83.6245 35
83.6273 35
83.6275 35
83.6276 35
83.6302 35
83.6329 35
83.633 35
83.6331 35
83.6343 35
83.6344 35
83.6381 35
83.6382 35
83.6395 35
83.6396 35
83.6422 40
83.6423 33
83.6445 35
83.6446 35
83.6447 35
83.6479 35
83.648 35
83.6481 35
83.6496 35
83.652 35
83.6522 35
83.6523 35
83.6535 35
83.6536 35
83.6568 35
83.6569 35
83.657 35
83.6585 35
83.6615 35
83.6616 35
83.6617 35
83.6629 40
83.6666 35
83.6667 35
83.6668 35
83.671 35
83.6711 35
83.6736 35
83.6737 35
83.6754 35
83.6755 35
83.6783 35
83.6785 35
83.6786 35
83.6806 35
83.6835 35
83.6836 35
83.6837 35
83.6851 35
83.6853 37
83.6879 35
83.6881 35
83.6882 40
83.6896 35
83.6897 35
83.6923 35
83.6924 35
83.6925 35
83.6939 35
83.6963 35
83.6965 35
83.6966 35
83.698 35
83.6981 35
83.701 35
83.7011 35
83.7026 35
83.7027 35
83.7051 35
83.7052 35
83.7053 35
83.7071 35
83.71 40
83.7101 35
83.7102 35
83.7116 35
83.7117 35
83.7146 1244
83.7147 1250
83.7147 1250
83.7147 441
83.7149 35
83.715 35
83.7151 35
83.7198 35
83.7199 35
83.7201 35
83.7203 35
83.7237 35
83.7238 35
83.7239 35
83.7252 35
83.728 35
83.7281 35
83.7282 35
83.73 35
83.7301 40
83.7329 35
83.7331 35
83.7342 35
83.7343 35
83.7376 35
83.7377 35
83.7378 35
83.7391 35
83.7418 35
83.7419 35
83.742 35
83.7432 35
83.7459 35
83.7461 35
83.7462 35
83.7481 35
83.7482 35
83.7508 35
83.7509 35
83.751 40
83.7526 35
83.7553 35
83.7555 35
83.7556 35
83.7567 35
83.7596 35
83.7598 35
83.7599 35
83.7612 35
83.7639 35
83.764 35
83.7641 35
83.7654 35
83.7655 35
83.768 35
83.7681 35
83.7682 35
83.7727 36
83.7766 35
83.7767 40
83.7768 35
83.777 35
83.7804 32
83.7809 35
83.7811 35
83.7812 35
83.7823 35
83.7857 35
83.7858 35
83.7859 35
83.7871 35
83.7902 35
83.7904 35
83.7905 35
83.7918 35
83.7919 35
83.7951 35
83.7952 35
83.7953 35
83.7968 35
83.7997 40
83.7998 35
83.7999 35
83.8014 35
83.8046 35
83.8048 35
83.8049 35
83.8067 35
83.8095 35
83.8096 35
83.8097 35
83.8098 35
83.8118 35
83.813 35
83.8147 35
83.8149 35
83.815 35
83.8159 35
83.8192 35
83.8194 35
83.8195 35
83.8207 40
83.8248 35
83.8249 35
83.825 35
83.8252 35
83.8289 35
83.829 35
83.8291 35
83.831 35
83.8342 35
83.8343 35
83.8345 35
83.8357 35
83.839 35
83.8391 35
83.8392 35
83.8405 35
83.8435 35
83.8436 35
83.8437 35
83.8457 40
83.8458 35
83.8485 35
83.8486 35
83.8487 35
83.8505 35
83.8535 35
83.8536 35
83.8538 35
83.8553 35
83.858 35
83.8581 35
83.8582 35
83.8599 35
83.86 35
83.863 35
83.8631 35
83.8632 35
83.8647 35
83.8677 35
83.8679 40
83.868 35
83.87 35
83.873 35
83.8731 35
83.8732 35
83.8767 35
83.8768 35
83.8795 35
83.8796 35
83.8797 35
83.8809 35
83.8842 35
83.8843 35
83.8844 35
83.8856 35
83.8883 35
83.8884 35
83.8885 35
83.8896 35
83.8897 40
83.8898 41
83.8929 35
83.893 35
83.8931 35
83.8945 36
83.8977 36
83.8978 35
83.8979 35
83.8993 35
83.9024 35
83.9025 35
83.9026 35
83.9038 35
83.9073 35
83.9074 35
83.9075 35
83.9087 35
83.9088 35
83.9116 35
83.9117 35
83.9118 40
83.9129 35
83.9168 35
83.9169 35
83.917 35
83.9181 35
83.9214 35
83.9215 35
83.9216 35
83.9228 35
83.9229 35
83.9263 35
83.9265 35
83.9314 36
83.9317 35
83.9318 35
83.937 35
83.9372 35
83.9373 35
83.9374 35
83.9408 40
83.941 35
83.9412 35
83.9434 35
83.9462 35
83.9463 35
83.9464 35
83.9476 35
83.9478 35
83.9519 35
83.9521 35
83.9522 35
83.9538 35
83.9566 35
83.9567 35
83.9584 35
83.9585 35
83.9616 35
83.9617 35
83.9618 35
83.9629 40
83.9676 35
83.9677 35
83.9679 35
83.968 35
83.968 40
83.9682 35
83.9711 35
83.9712 35
83.9757 36
83.9768 35
83.9797 35
83.9817 35
83.9818 35
83.9819 35
83.9846 35
83.9847 35
83.9848 35
83.9862 35
83.9905 35
83.9906 35
83.9907 35
83.9908 35
83.9938 35
83.9939 35
83.9963 40
83.9964 36
83.9992 36
83.9993 36
83.9994 35
84.0004 35
84.004 35
84.0041 35
84.0042 35
84.0043 35
84.0053 35
84.0086 35
84.0088 35
84.0113 35
84.0114 35
84.0143 35
84.0144 35
84.0145 35
84.0161 35
84.0196 35
84.0198 40
84.0199 35
84.023 35
84.0232 35
84.0233 35
84.0254 35
84.0282 35
84.0283 35
84.0284 35
84.0295 35
84.0323 35
84.0324 35
84.0341 35
84.0342 35
84.0343 35
84.037 35
84.0371 35
84.0372 35
84.0382 35
84.0426 36
84.0434 40
84.0435 35
84.0436 35
84.0445 35
84.0473 35
84.0498 35
84.05 35
84.0501 35
84.0533 36
84.0534 35
84.0535 35
84.056 35
84.0561 35
84.0588 35
84.0589 35
84.0607 35
84.0609 35
84.0644 35
84.0646 35
84.0658 35
84.0659 40
84.0696 35
84.0719 35
84.0721 35
84.0722 35
84.0747 35
84.0748 35
84.0749 35
84.076 35
84.0813 36
84.0818 35
84.0819 35
84.082 35
84.087 36
84.0876 35
84.0878 35
84.0879 35
84.0881 35
84.0909 35
84.091 35
84.0911 40
84.0937 35
84.0966 35
84.0967 35
84.0968 35
84.0981 35
84.0982 35
84.1024 35
84.1026 35
84.1027 35
84.1028 35
84.1038 35
84.1067 35
84.1068 35
84.1083 35
84.1085 35
84.1112 35
84.1113 35
84.1114 35
84.1129 35
84.113 40
84.1166 35
84.1167 35
84.1169 35
84.1178 35
84.1208 35
84.1209 35
84.1211 35
84.1236 35
84.1264 35
84.1265 35
84.1266 35
84.1268 35
84.1323 35
84.1325 35
84.1326 35
84.1327 35
84.1357 35
84.1358 35
84.1359 35
84.1375 40
84.1407 35
84.1409 35
84.141 35
84.1411 35
84.1425 35
84.1476 35
84.1478 35
84.1479 35
84.148 35
84.1482 35
84.1514 35
84.1515 35
84.1536 35
84.1538 35
84.1564 35
84.1565 35
84.1566 35
84.1583 35
84.1616 35
84.1617 40
84.1618 35
84.163 35
84.1663 35
84.1665 35
84.1666 35
84.1697 35
84.1699 35
84.1725 35
84.1726 35
84.1728 35
84.1779 36
84.1791 35
84.1793 35
84.1794 35
84.1796 35
84.1849 36
84.185 35
84.1851 35
84.1852 35
84.1863 40
84.1895 35
84.1918 35
84.1921 35
84.1922 35
84.1949 35
84.195 35
84.1951 35
84.1961 35
84.2 35
84.2001 35
84.2002 35
84.2034 35
84.2036 35
84.2037 35
84.2082 36
84.2266 36
84.2389 35
84.239 35
84.2391 35
84.2422 40
84.2423 35
84.2424 41
84.2446 35
84.2447 35
84.2448 36
84.2475 36
84.2476 35
84.2477 35
84.2486 35
84.2527 35
84.2528 35
84.253 35
84.256 35
84.2561 35
84.2562 35
84.2588 35
84.2589 35
84.2616 35
84.2617 35
84.2618 35
84.2635 35
84.2678 40
84.2679 35
84.268 35
84.2712 35
84.2713 36
84.2714 35
84.2736 35
84.2737 35
84.2765 35
84.2767 35
84.2769 35
84.278 35
84.2834 36
84.2931 35
84.2933 35
84.2934 35
84.2935 35
84.2937 35
84.2938 35
84.2965 35
84.2967 40
84.2968 35
84.2986 35
84.3014 35
84.3016 36
84.3035 36
84.3037 35
84.3067 35
84.3068 35
84.3069 35
84.3085 35
84.3119 35
84.312 35
84.3121 35
84.3154 35
84.3155 35
84.3156 35
84.3157 35
84.3205 35
84.3207 35
84.3208 40
84.321 35
84.324 35
84.3241 35
84.3259 35
84.326 36
84.3295 35
84.3296 35
84.3298 35
84.3298 35
84.335 35
84.3351 35
84.3352 35
84.3354 35
84.3382 35
84.3383 35
84.3384 35
84.3408 35
84.3436 35
84.3437 35
84.3439 40
84.3454 35
84.3455 35
84.3495 35
84.3497 35
84.3498 35
84.3509 35
84.3543 35
84.3544 35
84.3565 35
84.3566 35
84.3593 35
84.3594 35
84.3595 35
84.3607 35
84.3608 35
84.3645 35
84.3647 35
84.3648 35
84.3662 35
84.3691 40
84.3693 35
84.3712 35
84.3714 35
84.3738 35
84.3739 35
84.374 35
84.3761 35
84.3795 35
84.3796 35
84.3797 35
84.383 35
84.3831 35
84.3832 35
84.3871 35
84.3872 35
84.3908 35
84.391 35
84.3911 35
84.3933 35
84.3961 40
84.3963 35
84.3964 35
84.3977 35
84.4019 35
84.402 35
84.4021 35
84.4038 35
84.4072 35
84.4073 35
84.4094 35
84.4095 35
84.4096 35
84.4123 35
84.4124 35
84.4125 35
84.4175 35
84.4176 35
84.4177 35
84.4178 35
84.4212 40
84.4214 35
84.4215 35
84.4233 35
84.4262 35
84.4263 35
84.4264 35
84.4279 35
84.4281 35
84.4327 36
84.4365 35
84.4366 35
84.4376 35
84.4378 35
84.4406 35
84.4407 35
84.4408 35
84.4418 35
84.4446 35
84.4447 35
84.4465 40
84.4466 35
84.4467 35
84.4494 35
84.4495 35
84.4496 35
84.4506 35
84.455 36
84.4552 35
84.4553 35
84.4554 35
84.4574 35
84.4626 35
84.4627 35
84.4628 35
84.4629 35
84.4663 35
84.4664 35
84.4687 35
84.4688 35
84.4715 40
84.4717 35
84.4718 35
84.4731 35
84.4732 35
84.4764 35
84.4766 35
84.4767 35
84.4778 35
84.4813 35
84.4815 35
84.4816 35
84.4827 35
84.486 35
84.4861 35
84.4862 35
84.4897 35
84.4923 35
84.4924 35
84.4925 35
84.4945 40
84.4946 35
84.4973 35
84.4974 35
84.4975 35
84.4988 35
84.502 35
84.5021 35
84.5022 35
84.5034 35
84.5078 35
84.5079 35
84.508 35
84.5081 35
84.5112 35
84.5113 35
84.5114 35
84.5125 35
84.5157 35
84.5158 35
84.516 40
84.517 35
84.5171 35
84.5198 35
84.5199 35
84.52 35
84.5221 35
84.525 35
84.5251 35
84.5253 35
84.5267 35
84.5295 35
84.5296 35
84.5297 35
84.531 35
84.5311 35
84.5339 35
84.5341 35
84.5358 35
84.5359 35
84.539 40
84.5391 35
84.5392 35
84.5409 35
84.541 35
84.5437 35
84.5438 35
84.544 35
84.5453 35
84.5479 35
84.548 35
84.5481 35
84.5495 35
84.552 35
84.5521 35
84.5522 35
84.5536 35
84.5562 35
84.5563 35
84.5564 35
84.5577 40
84.5578 35
84.5605 35
84.5607 35
84.5608 35
84.5608 32
84.5621 35
84.5647 35
84.5668 35
84.5669 35
84.567 35
84.5705 35
84.5707 35
84.5708 35
84.5721 35
84.5722 35
84.5755 35
84.5756 35
84.5757 35
84.5768 35
84.5797 35
84.5822 35
84.5823 35
84.5824 35
84.5849 35
84.585 40
84.5851 35
84.5867 35
84.5895 35
84.5896 35
84.5898 35
84.5942 36
84.5952 35
84.5953 35
84.5969 35
84.597 35
84.6002 35
84.6003 35
84.6004 35
84.6017 35
84.6045 35
84.6046 35
84.6047 35
84.6058 35
84.606 35
84.6092 40
84.6116 35
84.6117 35
84.6118 35
84.6143 35
84.6144 35
84.6145 35
84.6158 35
84.6183 35
84.6184 35
84.6185 35
84.6198 35
84.62 35
84.6233 35
84.6234 35
84.6235 35
84.6247 35
84.6278 35
84.628 35
84.6281 35
84.6295 40
84.6296 35
84.6325 35
84.6326 35
84.6356 35
84.6357 35
84.6383 35
84.6384 35
84.6385 35
84.6409 35
84.6435 35
84.6436 35
84.6437 35
84.6454 35
84.6455 35
84.648 35
84.6482 35
84.6503 35
84.6504 35
84.6529 35
84.6531 40
84.6532 35
84.6548 35
84.6574 35
84.6575 35
84.6576 35
84.6588 35
84.6618 35
84.662 35
84.6621 35
84.6634 35
84.6635 35
84.6665 35
84.6666 35
84.6682 35
84.6683 35
84.6715 35
84.6717 35
84.6747 35
84.6748 35
84.675 40
84.6778 35
84.6779 35
84.678 35
84.6797 35
84.6799 35
84.6824 35
84.6825 35
84.6873 36
84.6887 35
84.6888 35
84.6889 35
84.6891 35
84.692 35
84.6922 35
84.6923 35
84.696 35
84.6989 35
84.699 35
84.6991 35
84.7 40
84.7029 35
84.703 35
84.7031 35
84.7032 35
84.7043 35
84.707 35
84.7071 35
84.7072 35
84.7083 35
84.7119 35
84.712 35
84.7121 35
84.7133 35
84.7177 36
84.7196 35
84.7198 35
84.7199 35
84.7231 35
84.7232 35
84.7234 40
84.7246 35
84.7275 35
84.7276 35
84.7278 35
84.7322 36
84.7346 35
84.7347 35
84.7348 35
84.735 35
84.738 35
84.7381 35
84.7382 35
84.7394 35
84.7427 35
84.7428 35
84.743 35
84.743 35
84.7478 35
84.7479 35
84.748 40
84.7482 35
84.7509 35
84.751 35
84.7511 35
84.7534 35
84.7561 35
84.7563 35
84.7564 35
84.7579 35
84.761 35
84.7611 35
84.7612 35
84.7625 35
84.7626 35
84.7654 35
84.7655 35
84.7669 35
84.767 35
84.7695 35
84.7697 40
84.7698 35
84.7715 35
84.7745 35
84.7771 35
84.7773 35
84.7774 35
84.7798 35
84.7799 35
84.78 35
84.7815 35
84.7816 35
84.7841 35
84.7842 35
84.7843 35
84.7843 31
84.7855 35
84.7887 35
84.7888 35
84.7914 35
84.7916 35
84.7941 35
84.7942 35
84.7943 35
84.7983 35
84.7984 35
84.801 35
84.8013 35
84.8028 35
84.8029 35
84.8056 35
84.8057 35
84.8058 35
84.8079 35
84.8105 35
84.8107 40
84.8108 35
84.8125 35
84.8154 35
84.8155 35
84.8157 35
84.8175 35
84.8176 35
84.8226 35
84.8227 35
84.8228 35
84.8229 35
84.8259 35
84.826 35
84.8261 35
84.8272 35
84.8304 35
84.8306 35
84.8307 35
84.8308 35
84.8322 40
84.8353 35
84.8355 35
84.8356 35
84.8375 35
84.8405 35
84.8407 35
84.8408 35
84.8429 35
84.843 35
84.8458 35
84.846 35
84.8461 35
84.8479 35
84.8529 36
84.8531 35
84.8532 35
84.8533 35
84.8535 35
84.8562 35
84.8564 40
84.8565 35
84.858 35
84.8606 35
84.8607 35
84.8608 35
84.862 35
84.8621 41
84.8648 35
84.8649 35
84.8661 35
84.8663 35
84.8693 35
84.8695 35
84.8696 35
84.8716 35
84.8745 35
84.8746 35
84.8748 35
84.8762 35
84.8796 35
84.8797 35
84.8821 35
84.8822 35
84.8823 35
84.8848 35
84.8849 35
84.885 40
84.8862 35
84.889 35
84.8891 35
84.8892 35
84.8904 35
84.893 35
84.8931 35
84.8932 35
84.8956 35
84.8957 35
84.9005 35
84.9006 35
84.9007 35
84.9019 35
84.902 35
84.9051 35
84.9052 35
84.9053 36
84.9066 36
84.9096 41
84.9097 36
84.9098 36
84.9112 36
84.9139 35
84.914 35
84.9141 35
84.916 35
84.9161 35
84.9189 35
84.919 35
84.9206 35
84.9208 35
84.9243 35
84.9261 35
84.9262 35
84.9263 35
84.9295 35
84.9296 35
84.9297 35
84.9308 40
84.9339 35
84.9341 35
84.9342 35
84.9356 35
84.9358 35
84.9384 35
84.9385 35
84.9386 35
84.9402 35
84.9435 35
84.9436 35
84.9437 35
84.9449 35
84.9476 35
84.9477 35
84.9478 35
84.949 35
84.9491 35
84.9517 35
84.9518 40
84.952 35
84.9533 35
84.9571 35
84.9573 35
84.9574 35
84.9586 35
84.9587 35
84.9622 35
84.9623 35
84.9624 35
84.9637 35
84.9663 35
84.9664 35
84.9665 35
84.9677 35
84.9703 35
84.9704 35
84.9705 35
84.9724 35
84.9725 40
84.9758 35
84.976 35
84.9761 35
84.9772 35
84.9805 35
84.9806 35
84.9807 35
84.9819 35
84.9847 35
84.9848 35
84.9878 35
84.9879 35
84.9905 35
84.9906 35
84.9907 35
84.9918 35
84.9919 35
84.9946 35
84.9948 35
84.9949 40
84.9973 35
85.0001 35
85.0045 36
85.0046 35
85.0048 36
85.0049 36
85.0081 36
85.0082 35
85.0083 35
85.0095 35
85.0129 35
85.013 35
85.0131 35
85.0142 35
85.0144 35
85.018 35
85.0181 35
85.0182 35
85.0192 35
85.0227 40
85.0229 35
85.023 35
85.0239 35
85.0271 35
85.0272 35
85.0273 35
85.0282 35
85.0321 35
85.0322 35
85.0323 35
85.0324 35
85.0354 35
85.0355 35
85.0356 35
85.0367 35
85.0395 35
85.0396 35
85.0398 35
85.0421 35
85.0422 40
85.0456 35
85.0457 35
85.0458 35
85.0469 35
85.0504 36
85.0505 36
85.0506 35
85.0519 35
85.0547 35
85.0548 35
85.0549 35
85.055 35
85.0564 35
85.0592 35
85.0593 35
85.0611 35
85.0612 35
85.0639 35
85.064 35
85.0641 40
85.0653 35
85.0654 35
85.0682 35
85.0683 35
85.0684 36
85.0694 36
85.0723 36
85.0724 36
85.0725 36
85.0737 36
85.0767 36
85.0769 36
85.077 36
85.0771 36
85.0781 36
85.0809 36
85.081 36
85.0811 36
85.0823 35
85.0851 40
85.0852 35
85.0853 35
85.0864 35
85.0892 35
85.0894 35
85.0912 36
85.0913 36
85.0914 36
85.0941 36
85.0942 35
85.0943 35
85.0954 35
85.0982 35
85.0983 35
85.0984 35
85.0997 35
85.1026 35
85.1027 35
85.1028 35
85.1071 40
85.1072 35
85.1118 36
85.1243 35
85.1269 35
85.127 35
85.129 34
85.1315 34
85.1316 34
85.1343 35
85.1344 35
85.1361 35
85.1363 35
85.138 35
85.1382 35
85.141 35
85.1411 35
85.1412 35
85.1425 35
85.1457 35
85.1458 40
85.1459 35
85.1474 35
85.1475 35
85.1528 36
85.1551 35
85.1552 35
85.1554 35
85.1556 35
85.1584 35
85.1585 35
85.1586 35
85.1606 35
85.1634 35
85.1635 35
85.1636 35
85.166 35
85.1674 35
85.1675 35
85.1677 35
85.1688 40
85.169 35
85.1724 35
85.1725 35
85.1726 35
85.1727 41
85.1738 35
85.1771 35
85.1772 35
85.1773 35
85.1788 35
85.1828 35
85.1829 35
85.183 35
85.186 35
85.1862 35
85.1863 35
85.1875 35
85.1906 35
85.1907 35
85.1908 35
85.1909 35
85.1919 35
85.1948 35
85.1949 35
85.195 40
85.1961 35
85.1988 35
85.1989 35
85.199 35
85.2001 35
85.2028 35
85.203 35
85.2031 35
85.2071 35
85.2072 35
85.21 35
85.2117 35
85.2118 35
85.2119 35
85.2153 35
85.2154 35
85.2155 35
85.2167 35
85.2194 35
85.2196 40
85.2197 35
85.2206 35
85.2208 35
85.2236 35
85.2237 35
85.2238 35
85.2258 35
85.2287 35
85.2288 35
85.2289 35
85.2314 35
85.2342 35
85.2343 35
85.2344 35
85.2361 35
85.2393 35
85.2395 35
85.2427 35
85.2428 35
85.2429 40
85.2456 35
85.2457 35
85.2458 35
85.2473 35
85.2504 35
85.2505 35
85.2506 35
85.2517 35
85.2553 35
85.2554 35
85.2555 35
85.2567 35
85.2595 35
85.2596 35
85.2597 35
85.2608 35
85.2636 35
85.2638 35
85.2639 35
85.2651 40
85.2652 35
85.2678 35
85.2679 35
85.2681 35
85.2706 35
85.2732 35
85.2733 35
85.2734 35
85.2751 35
85.2752 35
85.2779 35
85.278 35
85.2781 35
85.2806 35
85.2832 35
85.2833 35
85.2847 35
85.2848 35
85.2873 35
85.2875 40
85.2876 35
85.2889 35
85.2913 35
85.2914 35
85.2915 35
85.2937 35
85.2938 35
85.2986 35
85.2987 35
85.3029 35
85.3031 35
85.3065 35
85.3066 35
85.3067 35
85.3099 35
85.3127 35
85.3128 35
85.3129 35
85.3174 35
85.3175 40
85.3177 35
85.3178 35
85.321 35
85.3212 35
85.3213 35
85.3228 35
85.3257 35
85.3258 35
85.3259 35
85.326 35
85.327 35
85.3299 35
85.33 35
85.3301 35
85.3312 35
85.335 35
85.3351 35
85.337 35
85.3371 35
85.3401 40
85.3403 35
85.3404 35
85.3416 35
85.3445 35
85.3446 35
85.3468 35
85.3469 35
85.347 35
85.3495 36
85.3496 36
85.3498 36
85.3509 36
85.3541 36
85.3542 35
85.3543 35
85.3554 35
85.3581 35
85.3583 35
85.3584 35
85.3601 40
85.3629 35
85.3631 35
85.3632 35
85.3653 35
85.368 35
85.3681 35
85.3682 35
85.3699 35
85.37 35
85.3727 35
85.3729 36
85.373 36
85.3774 36
85.3776 36
85.3777 35
85.3778 35
85.3811 35
85.3812 35
85.3813 35
85.3824 40
85.3852 35
85.3853 35
85.3854 35
85.3874 35
85.3902 35
85.3903 35
85.3904 35
85.3905 36
85.3924 36
85.3952 36
85.3953 36
85.3954 36
85.3964 36
85.399 36
85.3992 36
85.4005 35
85.4006 35
85.403 35
85.4032 35
85.4033 40
85.4051 35
85.4076 35
85.4077 35
85.4078 35
85.4118 35
85.4119 35
85.4144 35
85.4145 35
85.4146 35
85.4166 35
85.4191 35
85.4193 35
85.4212 35
85.4214 35
85.4215 35
85.4239 35
85.424 35
85.4254 35
85.428 35
85.4281 40
85.4282 35
85.4295 35
85.4296 35
85.4322 35
85.4323 35
85.4346 35
85.4348 36
85.4374 36
85.4376 36
85.4377 36
85.4389 36
85.4414 36
85.4415 36
85.4416 35
85.444 35
85.4441 35
85.4467 35
85.4468 35
85.4485 35
85.4514 40
85.4515 35
85.4517 35
85.4539 35
85.454 35
85.4566 35
85.4567 35
85.4568 35
85.458 36
85.4606 36
85.4608 36
85.4609 36
85.4629 36
85.463 36
85.4655 36
85.4656 36
85.4668 36
85.467 36
85.47 36
85.4701 36
85.4702 40
85.4703 41
85.4754 35
85.4755 35
85.4756 35
85.4758 35
85.4788 35
85.479 35
85.4791 35
85.4809 36
85.4839 36
85.484 36
85.4841 36
85.4842 36
85.4851 36
85.488 36
85.4882 36
85.4882 36
85.4892 36
85.4926 36
85.4927 36
85.4928 41
85.4939 36
85.494 36
85.4968 36
85.4969 36
85.497 36
85.4981 36
85.5009 36
85.501 36
85.5011 36
85.5029 36
85.5056 36
85.5058 36
85.5059 36
85.5074 36
85.5075 36
85.5107 36
85.5108 36
85.5109 36
85.5145 36
85.5174 41
85.5175 36
85.5176 36
85.519 36
85.5191 36
85.5217 36
85.5218 36
85.5234 36
85.528 37
85.5286 36
85.5287 36
85.5288 36
85.532 36
85.5321 36
85.5322 36
85.5338 36
85.5368 36
85.5369 36
85.537 36
85.538 36
85.5413 41
85.5415 36
85.5416 36
85.5417 41
85.5429 36
85.5462 36
85.5464 36
85.5465 36
85.5476 36
85.5503 36
85.5505 36
85.5506 36
85.5526 36
85.5555 36
85.5556 36
85.5557 36
85.5567 36
85.5568 36
85.5595 36
85.5596 36
85.5597 36
85.5609 36
85.5645 36
85.5646 41
85.5647 36
85.5659 36
85.569 36
85.5691 36
85.5692 36
85.5704 36
85.5732 36
85.5733 36
85.5734 36
85.5746 35
85.5747 36
85.5793 37
85.5797 36
85.5798 36
85.5799 36
85.5831 36
85.5832 36
85.5833 36
85.5834 36
85.5844 41
85.5879 36
85.5881 36
85.5882 36
85.5893 36
85.5922 36
85.5923 36
85.5924 36
85.594 36
85.5942 36
85.5974 36
85.5975 36
85.5976 36
85.5986 36
85.6015 36
85.6017 36
85.6018 36
85.6028 36
85.6055 36
85.6057 36
85.6058 41
85.6059 36
85.607 36
85.6097 36
85.6099 36
85.61 36
85.6119 36
85.6162 37
85.6173 36
85.6174 36
85.6194 36
85.6195 36
85.6222 36
85.6224 36
85.6225 36
85.6243 36
85.6274 36
85.6275 36
85.6276 36
85.6299 36
85.6326 41
85.6327 36
85.6329 36
85.6345 36
85.6374 36
85.6375 36
85.6376 36
85.6387 36
85.6388 36
85.6416 36
85.6417 36
85.644 36
85.6472 36
85.6473 36
85.6474 36
85.6476 36
85.6506 36
85.6507 36
85.6508 36
85.6518 36
85.6552 41
85.6553 36
85.6556 36
85.6565 36
85.6592 36
85.6593 36
85.6594 36
85.6605 36
85.6606 36
85.6634 36
85.6635 36
85.6646 36
85.6647 36
85.6676 36
85.6677 36
85.6678 36
85.6695 36
85.6727 36
85.6728 36
85.6729 36
85.674 41
85.6767 36
85.6768 36
85.6769 36
85.679 36
85.6817 36
85.6819 36
85.6847 36
85.6849 36
85.685 36
85.6879 36
85.6881 36
85.6882 36
85.6895 36
85.6922 36
85.6923 36
85.6924 36
85.6942 36
85.6972 36
85.6973 36
85.6974 41
85.6985 36
85.6986 36
85.7014 36
85.7015 36
85.7016 36
85.7029 36
85.7056 36
85.7057 36
85.7058 36
85.707 36
85.7097 36
85.7099 36
85.71 36
85.7101 36
85.7111 36
85.7145 36
85.7146 36
85.7147 36
85.7189 36
85.719 41
85.7218 36
85.7219 36
85.722 36
85.7231 36
85.7258 36
85.726 36
85.7261 36
85.7272 36
85.7307 36
85.7309 36
85.731 36
85.7321 36
85.7322 36
85.7374 36
85.7375 36
85.7377 36
85.7378 36
85.7409 36
85.741 36
85.7411 41
85.7422 36
85.745 36
85.7451 36
85.7452 36
85.7467 36
85.7495 36
85.7496 36
85.7497 36
85.7512 36
85.7513 36
85.7545 36
85.7547 36
85.7548 36
85.756 36
85.7586 36
85.7587 36
85.7588 36
85.7599 36
85.7601 42
85.7638 36
85.7639 36
85.764 36
85.765 36
85.7678 36
85.7679 36
85.768 36
85.7691 36
85.7719 36
85.772 36
85.7721 36
85.7732 36
85.7765 36
85.7766 36
85.7768 36
85.7769 36
85.7779 36
85.7811 36
85.7813 36
85.7814 41
85.7829 36
85.7858 36
85.7859 36
85.786 36
85.7889 36
85.7891 36
85.792 36
85.7921 36
85.7922 36
85.7931 36
85.7964 36
85.7965 36
85.7966 36
85.7979 36
85.8007 36
85.8008 36
85.8009 36
85.801 36
85.8021 36
85.806 41
85.8061 36
85.8062 36
85.8072 36
85.8102 36
85.8103 36
85.8104 36
85.8115 36
85.8117 36
85.8147 36
85.8149 36
85.815 36
85.8161 36
85.8192 36
85.8194 36
85.8195 36
85.8231 36
85.826 36
85.8261 36
85.8262 36
85.8276 41
85.8277 36
85.8309 36
85.831 36
85.8311 36
85.8324 36
85.8358 36
85.8359 36
85.836 36
85.8375 36
85.8403 36
85.8422 36
85.8423 36
85.8424 36
85.8457 36
85.8459 36
85.846 36
85.8472 36
85.851 36
85.8511 36
85.8512 41
85.8525 35
85.854 35
85.8541 35
85.8552 35
85.8566 36
85.8567 36
85.8598 36
85.8599 36
85.86 36
85.8614 36
85.864 36
85.8641 36
85.8642 36
85.8656 36
85.8657 36
85.8683 36
85.8684 36
85.8685 35
85.8699 35
85.8724 40
85.8725 35
85.8726 35
85.8744 35
85.877 35
85.8772 35
85.8773 35
85.8786 36
85.8787 36
85.8824 36
85.8825 36
85.8826 36
85.8839 36
85.8873 36
85.8874 36
85.8875 36
85.8888 36
85.8889 36
85.8915 36
85.8916 35
85.8933 40
85.8934 35
85.8962 35
85.8963 35
85.8964 35
85.8978 35
85.9005 36
85.9006 36
85.9007 36
85.9028 36
85.903 36
85.9055 36
85.9056 36
85.907 36
85.9071 36
85.91 36
85.9101 36
85.9102 36
85.9116 35
85.9145 35
85.9146 40
85.9147 35
85.9165 35
85.9194 35
85.9195 35
85.9197 35
85.9239 35
85.924 35
85.9265 35
85.9266 36
85.929 36
85.9291 36
85.9316 36
85.9317 35
85.9335 35
85.9337 35
85.9365 35
85.9366 35
85.9367 35
85.938 35
85.9405 40
85.9406 35
85.9407 35
85.9428 35
85.9463 35
85.9464 35
85.9465 36
85.9479 36
85.948 36
85.9509 36
85.951 36
85.9527 36
85.9528 36
85.9556 36
85.9558 36
85.9559 35
85.9576 35
85.9601 35
85.9602 35
85.9603 35
85.9623 40
85.9624 35
85.9648 35
85.9649 35
85.967 35
85.9671 35
85.9696 35
85.9697 35
85.9698 35
85.9715 35
85.9739 35
85.974 35
85.9741 35
85.9756 35
85.9757 35
85.9785 35
85.9786 35
85.9808 35
85.9809 35
85.9835 35
85.9837 40
85.9838 35
85.9858 35
85.9885 35
85.9886 35
85.9887 36
85.9903 36
85.9904 36
85.9933 36
85.9934 36
85.9949 36
85.995 36
85.9974 36
85.9999 36
86 36
86.0001 36
86.0003 35
86.0035 35
86.0036 35
86.0049 35
86.005 40
86.009 35
86.0091 35
86.0092 35
86.0105 35
86.0135 35
86.0136 35
86.0137 36
86.0148 36
86.0176 36
86.0177 36
86.0178 36
86.0199 36
86.02 36
86.0225 36
86.0227 36
86.0269 37
86.0271 35
86.0296 35
86.0297 35
86.0299 40
86.0312 35
86.0343 35
86.0344 35
86.0345 35
86.0358 35
86.0388 35
86.039 35
86.0391 35
86.0406 35
86.0408 35
86.0433 35
86.0434 35
86.0458 35
86.0459 35
86.0485 35
86.0486 35
86.0487 35
86.0513 35
86.0538 35
86.054 40
86.0541 35
86.0542 41
86.056 35
86.0589 35
86.059 35
86.0591 36
86.0606 35
86.0607 35
86.0633 35
86.0634 35
86.0649 35
86.065 35
86.0675 35
86.0676 35
86.0677 35
86.0691 35
86.0716 35
86.0718 35
86.0719 35
86.0737 35
86.0739 35
86.0763 40
86.0764 35
86.0765 35
86.0779 36
86.0804 36
86.0805 36
86.0806 36
86.0832 35
86.0834 35
86.0867 35
86.0868 35
86.0883 35
86.0884 35
86.0908 35
86.091 35
86.0911 35
86.0925 35
86.0955 35
86.0956 35
86.0957 35
86.0972 40
86.0973 35
86.1004 35
86.1005 35
86.1019 36
86.1051 36
86.1052 36
86.1053 36
86.1054 36
86.1088 36
86.1089 36
86.109 35
86.1101 35
86.1133 35
86.1134 35
86.1135 35
86.1146 35
86.1175 35
86.1176 35
86.1177 35
86.1191 40
86.1225 35
86.1227 35
86.1228 35
86.1238 35
86.124 35
86.1292 36
86.1294 35
86.1295 35
86.1296 35
86.1315 35
86.1341 35
86.1342 35
86.1343 35
86.1361 35
86.1388 35
86.1389 35
86.139 35
86.1402 35
86.1403 35
86.1439 40
86.144 35
86.1441 35
86.1453 35
86.148 35
86.1481 35
86.1482 35
86.1494 35
86.1495 35
86.1522 35
86.1523 35
86.1525 35
86.1536 35
86.1587 35
86.1588 35
86.1589 35
86.1621 35
86.1622 35
86.1623 35
86.1658 35
86.1659 40
86.166 35
86.1661 35
86.167 35
86.1699 35
86.17 35
86.1702 35
86.1714 35
86.1743 35
86.1744 35
86.1745 35
86.1756 35
86.1758 35
86.1792 35
86.1793 35
86.1794 35
86.1806 35
86.1837 35
86.1838 35
86.1839 35
86.1856 40
86.1881 35
86.1883 35
86.1884 35
86.1896 35
86.1897 35
86.1923 35
86.1924 35
86.1925 35
86.1938 35
86.1964 35
86.1965 35
86.1966 35
86.1979 35
86.2009 35
86.201 35
86.2011 35
86.2023 35
86.2061 35
86.2062 35
86.2063 40
86.2102 35
86.2103 35
86.2137 35
86.2139 35
86.214 35
86.2151 35
86.2183 35
86.2184 35
86.2185 35
86.2204 35
86.2233 35
86.2234 35
86.2235 35
86.2249 35
86.2281 35
86.2282 35
86.2283 35
86.2284 35
86.2318 35
86.2347 40
86.2348 35
86.2349 35
86.2362 35
86.239 35
86.2391 35
86.2392 35
86.2403 35
86.2431 36
86.2432 36
86.2433 35
86.2445 35
86.2474 35
86.2475 35
86.2476 35
86.2477 35
86.2503 35
86.2534 35
86.2535 35
86.2536 35
86.2547 40
86.2575 35
86.2576 35
86.2577 35
86.2588 35
86.2629 35
86.2631 35
86.2632 35
86.2633 35
86.2662 35
86.2663 35
86.2664 35
86.2665 40
86.2679 35
86.2708 35
86.2709 35
86.271 35
86.272 35
86.2747 35
86.2749 35
86.275 35
86.276 35
86.2762 35
86.2797 35
86.2798 35
86.2799 35
86.281 35
86.2842 36
86.2843 35
86.2846 35
86.2854 35
86.2883 35
86.2884 40
86.2885 35
86.2903 35
86.2904 35
86.2933 35
86.2934 35
86.2935 35
86.295 35
86.2985 35
86.2986 35
86.2987 35
86.302 35
86.3021 35
86.3022 35
86.3034 35
86.3061 35
86.3062 35
86.3063 35
86.3075 35
86.3109 35
86.311 40
86.3111 35
86.3156 36
86.3158 35
86.3193 35
86.3194 35
86.3195 35
86.3207 35
86.3236 35
86.3238 35
86.3239 35
86.3249 35
86.325 35
86.3287 35
86.3288 35
86.3289 35
86.3326 35
86.3363 35
86.3364 35
86.3365 35
86.3375 40
86.341 35
86.3411 35
86.3412 35
86.3413 35
86.3431 35
86.3458 35
86.346 35
86.3461 35
86.3471 35
86.3472 41
86.3501 35
86.3502 35
86.3503 35
86.3514 35
86.3542 35
86.3544 35
86.3545 35
86.356 35
86.359 35
86.3591 35
86.3592 35
86.3607 35
86.3609 35
86.3635 35
86.3636 35
86.368 36
86.3685 35
86.3719 35
86.372 35
86.3721 40
86.3722 35
86.3733 35
86.376 35
86.3761 35
86.3762 35
86.3773 35
86.3806 35
86.3808 35
86.3809 35
86.3821 35
86.3822 35
86.3851 35
86.3852 35
86.3854 35
86.3865 35
86.3893 35
86.3894 35
86.3895 35
86.3912 35
86.394 40
86.3941 35
86.3942 35
86.3956 35
86.3991 35
86.3992 35
86.3993 35
86.4005 35
86.404 35
86.4042 35
86.4043 35
86.4054 35
86.4055 35
86.409 35
86.4091 35
86.4092 35
86.4105 35
86.4139 35
86.4141 35
86.4142 35
86.4153 40
86.4199 35
86.4202 35
86.4203 35
86.4204 35
86.4233 35
86.4234 35
86.4235 35
86.4237 35
86.4247 35
86.428 35
86.4281 35
86.4282 35
86.4302 35
86.4329 35
86.4331 35
86.4332 35
86.4369 35
86.4397 35
86.4398 35
86.4399 40
86.44 35
86.4416 35
86.4443 35
86.4444 35
86.4445 35
86.446 35
86.4504 35
86.4505 35
86.4506 35
86.4507 35
86.4518 35
86.455 35
86.4551 35
86.4552 35
86.4566 35
86.4593 35
86.4594 35
86.4595 35
86.4607 35
86.4608 40
86.4636 35
86.4637 35
86.4638 35
86.4678 35
86.4679 35
86.468 35
86.4707 35
86.4709 35
86.4723 35
86.4739 35
86.4783 36
86.4785 35
86.4786 35
86.4787 35
86.4803 35
86.483 35
86.4831 35
86.4832 35
86.4857 35
86.4859 40
86.4878 35
86.488 35
86.4905 35
86.4906 35
86.4907 35
86.4951 35
86.4952 35
86.4953 35
86.4954 35
86.4965 35
86.4992 35
86.4993 35
86.5012 35
86.5013 35
86.5041 35
86.5043 35
86.5062 35
86.5063 35
86.5086 35
86.5087 40
86.5088 35
86.5104 35
86.5105 35
86.5129 35
86.513 35
86.5156 35
86.5158 35
86.5187 35
86.5188 35
86.5189 35
86.5211 35
86.5254 35
86.5256 35
86.5257 35
86.5258 35
86.529 35
86.5291 35
86.5292 35
86.5303 35
86.5332 40
86.5333 35
86.5334 35
86.5374 35
86.5375 35
86.5406 35
86.5408 35
86.5409 35
86.5418 35
86.5446 35
86.5447 35
86.5448 35
86.5469 35
86.5497 35
86.5498 35
86.5499 35
86.55 35
86.5514 35
86.555 35
86.5552 35
86.5553 40
86.5579 35
86.5581 35
86.56 35
86.5601 35
86.5622 35
86.5623 35
86.5624 35
86.5646 35
86.5647 35
86.5669 35
86.567 35
86.569 35
86.5691 35
86.5714 35
86.5715 35
86.5741 35
86.5742 35
86.5768 35
86.5769 35
86.577 40
86.579 35
86.5791 35
86.5818 35
86.5819 35
86.5842 35
86.5843 35
86.5866 35
86.5867 35
86.5894 35
86.5896 35
86.5897 35
86.5915 35
86.5916 35
86.5948 35
86.5949 35
86.5968 35
86.5969 35
86.599 35
86.5992 35
86.6009 40
86.601 35
86.6039 35
86.604 35
86.6057 35
86.6058 35
86.6082 35
86.6083 35
86.6084 35
86.6108 35
86.6109 35
86.6136 35
86.6137 35
86.6156 35
86.6158 35
86.6178 35
86.6179 35
86.6201 35
86.6202 35
86.6223 35
86.6224 40
86.6256 35
86.6257 35
86.6258 35
86.6288 35
86.6289 35
86.6291 35
86.632 35
86.6321 35
86.6322 35
86.6336 35
86.6361 35
86.6362 35
86.6363 35
86.6403 35
86.6404 35
86.6434 35
86.6435 35
86.6461 35
86.6462 35
86.6497 40
86.6518 35
86.6519 35
86.6521 35
86.6522 41
86.6551 35
86.6552 35
86.6553 35
86.6567 35
86.6594 35
86.6595 35
86.6596 35
86.6613 35
86.664 35
86.6641 35
86.6642 35
86.6661 35
86.6662 35
86.6689 35
86.669 35
86.6691 35
86.6703 35
86.6737 35
86.6738 35
86.6739 40
86.6751 35
86.6752 35
86.6779 35
86.678 35
86.6781 35
86.6824 36
86.6829 35
86.683 35
86.6831 35
86.6833 35
86.6862 35
86.6863 35
86.6864 35
86.6875 35
86.691 35
86.6911 35
86.6912 35
86.6927 35
86.6928 35
86.6957 40
86.6958 35
86.6959 35
86.6969 35
86.6998 35
86.6999 35
86.7 35
86.7017 35
86.7046 35
86.7047 35
86.7049 35
86.7061 35
86.7094 35
86.7095 35
86.7096 35
86.7106 35
86.7107 35
86.7136 35
86.7137 35
86.7157 35
86.7158 40
86.7185 35
86.7186 35
86.7187 35
86.7202 35
86.7232 35
86.7234 35
86.7235 35
86.7245 35
86.7277 35
86.7278 35
86.7279 35
86.7293 35
86.7294 35
86.7323 35
86.7347 35
86.7348 35
86.7349 35
86.7376 35
86.7377 35
86.7379 40
86.739 35
86.7433 36
86.7443 35
86.7445 35
86.7446 35
86.7467 35
86.7493 35
86.7494 35
86.7495 35
86.751 35
86.7544 35
86.7545 35
86.7547 35
86.7559 35
86.756 35
86.7586 35
86.7587 35
86.7588 35
86.76 35
86.7631 40
86.7632 35
86.7633 35
86.7648 35
86.7649 35
86.7675 35
86.7676 35
86.7677 35
86.769 35
86.7717 35
86.7718 35
86.7719 35
86.7731 35
86.7757 35
86.7758 35
86.7759 35
86.7782 35
86.7783 35
86.781 35
86.7811 35
86.7812 40
86.7824 35
86.7852 35
86.7875 35
86.7876 35
86.7877 35
86.7879 35
86.7915 35
86.7916 35
86.7918 35
86.7928 35
86.7957 35
86.7958 35
86.7959 35
86.7969 35
86.7997 35
86.7998 35
86.7999 35
86.8009 35
86.801 35
86.8047 40
86.8048 35
86.8049 35
86.8062 35
86.8096 35
86.8097 35
86.8098 35
86.8109 35
86.8136 35
86.8138 35
86.8139 35
86.8153 35
86.8181 35
86.8182 35
86.8183 35
86.8185 35
86.8195 35
86.8223 35
86.8224 35
86.8225 35
86.8241 40
86.8268 35
86.8269 35
86.827 35
86.8282 35
86.8309 35
86.831 35
86.8311 35
86.8322 35
86.8323 35
86.8351 35
86.8352 35
86.838 35
86.8381 35
86.8408 35
86.8409 35
86.841 35
86.8446 35
86.8475 35
86.8476 35
86.8477 40
86.8489 35
86.8515 35
86.8516 35
86.8517 35
86.8529 35
86.853 35
86.857 35
86.8571 35
86.8572 35
86.8588 35
86.8614 35
86.8615 35
86.8617 35
86.8632 35
86.8665 35
86.8666 35
86.8667 35
86.8668 35
86.8688 35
86.8717 40
86.8719 35
86.872 35
86.873 35
86.8764 35
86.8765 35
86.8766 35
86.8786 35
86.8787 36
86.8814 35
86.8815 35
86.8816 35
86.8828 35
86.8855 35
86.8856 35
86.8857 35
86.8869 35
86.8903 35
86.8926 35
86.8927 35
86.8928 40
86.893 35
86.896 35
86.8961 35
86.8962 35
86.898 35
86.901 35
86.9011 35
86.9012 35
86.9026 35
86.9027 35
86.9054 35
86.9055 35
86.9056 35
86.9067 919
86.9068 35
86.9102 35
86.9103 35
86.9105 35
86.9117 35
86.9144 35
86.9145 40
86.9146 35
86.9147 35
86.9157 35
86.9191 35
86.9193 35
86.9195 35
86.9205 35
86.9242 35
86.9243 35
86.9244 35
86.9257 35
86.9288 35
86.9289 35
86.929 35
86.9302 35
86.9304 35
86.9334 35
86.9335 35
86.9347 35
86.9348 40
86.9376 35
86.9377 35
86.9378 35
86.9379 41
86.939 35
86.9434 36
86.9483 35
86.9484 36
86.9485 36
86.9487 35
86.9517 35
86.9518 35
86.9519 35
86.9529 35
86.9568 35
86.957 35
86.9571 35
86.958 35
86.9615 35
86.9616 35
86.9617 35
86.9629 35
86.963 35
86.9661 40
86.9663 35
86.9664 35
86.9681 35
86.971 35
86.9711 35
86.9712 35
86.9722 35
86.9751 35
86.9752 35
86.9753 35
86.9764 35
86.9797 35
86.9798 35
86.9799 35
86.9812 35
86.9839 35
86.984 35
86.9841 35
86.9843 35
86.9857 40
86.9901 35
86.9903 35
86.9904 35
86.9905 35
86.9911 35
86.9928 35
86.9929 35
86.993 35
86.9957 39
86.9975 35
86.9976 35
86.9977 35
86.9978 35
86.998 35
87.0017 35
87.0018 35
87.0019 35
87.002 40
87.0039 35
87.0068 35
87.0069 35
87.007 35
87.008 35
87.0114 35
87.0115 35
87.0116 35
87.0129 36
87.013 36
87.0157 36
87.0159 36
87.016 35
87.0169 35
87.0198 35
87.0199 35
87.02 35
87.0209 35
87.0247 35
87.0248 40
87.0249 35
87.026 35
87.0291 35
87.0292 35
87.0293 35
87.0309 35
87.031 35
87.0337 35
87.0338 35
87.035 35
87.0351 35
87.0389 35
87.039 35
87.04 35
87.0402 35
87.0431 35
87.0432 35
87.0434 35
87.0444 35
87.0478 40
87.0528 36
87.0542 35
87.0544 35
87.0545 35
87.0577 35
87.0578 35
87.0579 35
87.0589 35
87.059 35
87.0618 35
87.0619 35
87.062 35
87.0651 35
87.0652 35
87.0653 35
87.0665 35
87.0691 35
87.0692 35
87.0694 35
87.071 40
87.0747 35
87.0748 35
87.0749 35
87.0761 35
87.0762 35
87.0791 35
87.0793 35
87.0794 35
87.0814 35
87.0815 35
87.0847 35
87.0848 35
87.0865 35
87.0866 35
87.0889 35
87.089 35
87.0891 35
87.0906 35
87.0927 35
87.0977 41
87.0989 35
87.099 35
87.1014 35
87.1015 35
87.1043 35
87.1044 35
87.1045 35
87.1059 35
87.1093 35
87.1094 35
87.1095 35
87.1106 35
87.1137 35
87.1138 35
87.1139 35
87.114 35
87.1155 35
87.1181 35
87.1182 35
87.1183 40
87.12 35
87.1228 35
87.1229 35
87.123 35
87.1241 35
87.1268 35
87.1269 35
87.127 35
87.1286 35
87.1287 35
87.1315 35
87.1316 35
87.1333 35
87.1335 35
87.1366 35
87.1368 35
87.1369 35
87.1379 35
87.1408 35
87.1409 40
87.141 35
87.1425 35
87.1452 35
87.1453 35
87.1454 35
87.1466 35
87.1494 35
87.1495 35
87.1496 35
87.1497 35
87.153 35
87.1558 35
87.1559 35
87.156 35
87.1584 35
87.1612 35
87.1613 35
87.1614 35
87.1626 35
87.1627 40
87.1654 35
87.1655 35
87.1656 35
87.1676 35
87.1704 35
87.1705 35
87.1706 35
87.1721 35
87.1749 35
87.175 35
87.1751 35
87.1752 35
87.1763 35
87.1792 35
87.1793 35
87.1794 35
87.1806 35
87.1844 35
87.1845 35
87.1846 40
87.1858 35
87.1859 35
87.1889 35
87.1891 35
87.1892 35
87.1912 35
87.194 35
87.1941 35
87.1942 35
87.1953 35
87.198 35
87.1982 35
87.1983 35
87.1984 35
87.2005 35
87.2033 35
87.2034 35
87.2035 35
87.2061 35
87.2082 40
87.2083 35
87.2089 35
87.211 35
87.2138 35
87.2139 35
87.214 35
87.2142 35
87.2155 35
87.2187 35
87.2188 35
87.219 35
87.2207 35
87.2235 35
87.2237 35
87.2238 35
87.2252 35
87.2283 35
87.2285 35
87.2286 35
87.23 40
87.2334 35
87.2336 35
87.2337 35
87.2338 35
87.2349 35
87.2377 35
87.2378 35
87.2379 35
87.238 41
87.2393 35
87.2425 35
87.2427 35
87.2428 35
87.2441 35
87.2472 35
87.2473 35
87.2474 35
87.2491 35
87.2522 35
87.2523 35
87.2524 35
87.2557 35
87.2558 35
87.2602 35
87.2604 35
87.2605 35
87.2606 35
87.2617 35
87.2645 40
87.2646 35
87.2647 35
87.2667 35
87.2695 35
87.2697 35
87.2698 35
87.2709 35
87.2711 35
87.2743 35
87.2744 35
87.2745 35
87.2759 35
87.2793 35
87.2794 35
87.2795 35
87.2808 35
87.2838 35
87.2839 35
87.284 35
87.2851 40
87.2853 35
87.2881 35
87.2882 35
87.2883 35
87.2893 35
87.2928 35
87.2929 35
87.293 35
87.2941 35
87.2942 35
87.2973 35
87.2975 35
87.2976 35
87.2992 35
87.3026 35
87.3027 35
87.3028 35
87.3041 35
87.3072 35
87.3073 40
87.3074 35
87.3084 35
87.3129 36
87.3135 35
87.3136 36
87.3137 36
87.3174 36
87.3175 36
87.3176 36
87.3187 36
87.3217 36
87.3219 36
87.322 36
87.3221 35
87.3235 35
87.3264 35
87.3265 35
87.3266 35
87.3283 35
87.3312 40
87.3313 35
87.3314 35
87.3328 35
87.3361 35
87.3362 35
87.3363 35
87.3364 36
87.338 36
87.3408 36
87.3409 36
87.341 36
87.3426 36
87.3453 36
87.3454 36
87.3455 35
87.3466 35
87.3494 35
87.3495 35
87.3496 35
87.3508 40
87.3509 35
87.3546 35
87.3548 35
87.3549 35
87.3583 35
87.3609 35
87.361 35
87.3611 35
87.3639 35
87.3667 36
87.3668 36
87.3669 36
87.3685 36
87.3711 35
87.3713 35
87.3714 35
87.3727 35
87.3728 35
87.3758 35
87.376 40
87.3761 35
87.3776 35
87.3807 35
87.3808 35
87.3809 35
87.3823 36
87.3857 36
87.3858 36
87.3859 36
87.387 36
87.3871 36
87.3898 36
87.39 36
87.3901 36
87.3918 36
87.3948 35
87.395 35
87.3951 35
87.3967 35
87.3995 40
87.3996 35
87.3997 35
87.3998 35
87.4009 35
87.4037 35
87.4038 35
87.4039 36
87.4049 36
87.4078 35
87.4079 35
87.408 35
87.4096 35
87.4097 35
87.4125 35
87.4126 35
87.4127 35
87.4175 35
87.4176 35
87.4178 35
87.4179 40
87.4209 35
87.421 35
87.4211 35
87.4244 35
87.4245 36
87.4246 36
87.4247 36
87.426 36
87.4289 36
87.429 36
87.4291 36
87.431 36
87.4339 35
87.434 35
87.4341 35
87.4357 35
87.4386 35
87.4387 35
87.4389 35
87.439 40
87.4398 35
87.4428 35
87.4429 35
87.443 35
87.4446 35
87.4474 36
87.4475 36
87.4477 36
87.449 36
87.4523 36
87.4524 36
87.4525 36
87.4537 36
87.4563 36
87.4565 35
87.4566 35
87.4611 36
87.4614 35
87.4645 35
87.4647 40
87.4648 35
87.4692 36
87.4706 35
87.4707 35
87.4708 35
87.4711 35
87.4739 35
87.474 35
87.4742 35
87.4778 35
87.478 35
87.4781 35
87.4791 36
87.4819 35
87.482 35
87.4821 35
87.4832 35
87.4834 35
87.4863 35
87.4864 40
87.4866 35
87.488 35
87.4912 35
87.4913 35
87.4914 35
87.4928 35
87.4956 36
87.4957 36
87.4958 36
87.4972 36
87.5001 36
87.5002 36
87.5003 36
87.5016 36
87.5017 35
87.5046 35
87.5047 35
87.5048 35
87.5058 35
87.5087 40
87.5088 35
87.5089 35
87.51 35
87.5129 35
87.513 35
87.5131 35
87.5132 36
87.5142 36
87.517 36
87.5171 35
87.5172 35
87.5199 35
87.5227 35
87.5228 35
87.5229 35
87.5245 35
87.5246 35
87.5274 35
87.5275 35
87.5276 40
87.5287 35
87.5288 41
87.5316 35
87.5317 35
87.5318 35
87.5339 35
87.5365 35
87.5366 35
87.5368 35
87.5379 35
87.5408 35
87.541 35
87.5411 35
87.5421 35
87.5456 35
87.5457 35
87.5457 35
87.5468 35
87.5499 35
87.5501 35
87.5502 35
87.5513 40
87.5543 35
87.5544 35
87.5545 35
87.5561 35
87.5563 35
87.5589 35
87.559 35
87.5591 35
87.563 35
87.5657 35
87.5659 35
87.566 35
87.5675 35
87.5704 35
87.5705 35
87.5706 35
87.5729 35
87.573 35
87.5759 35
87.576 40
87.5761 35
87.5779 35
87.5806 35
87.5807 35
87.5808 35
87.5828 35
87.5829 35
87.5855 35
87.5856 35
87.5856 35
87.5874 35
87.5899 35
87.59 35
87.5901 35
87.5917 35
87.5948 35
87.595 35
87.5951 35
87.5968 35
87.5969 40
87.6004 35
87.6005 35
87.6006 35
87.6018 35
87.6046 35
87.6047 35
87.6048 35
87.6064 35
87.6065 35
87.6097 35
87.6099 35
87.61 35
87.6115 35
87.6141 35
87.6142 35
87.6143 35
87.6156 35
87.6182 35
87.6183 35
87.6184 40
87.6197 35
87.6198 35
87.6224 35
87.6225 35
87.6226 36
87.6238 36
87.6279 35
87.628 35
87.6281 35
87.6313 35
87.6314 35
87.6315 35
87.6331 35
87.6362 35
87.6364 35
87.6365 35
87.6366 35
87.6377 35
87.6405 35
87.6406 40
87.6408 35
87.6423 35
87.6454 35
87.6455 35
87.6456 35
87.6466 35
87.6498 35
87.6499 35
87.65 35
87.6522 35
87.6523 35
87.6554 35
87.6555 35
87.6556 35
87.6567 35
87.6596 35
87.6597 35
87.6598 35
87.6639 35
87.6668 40
87.6669 35
87.667 35
87.6681 35
87.6709 35
87.671 36
87.6711 36
87.6728 36
87.6729 36
87.6759 36
87.676 36
87.6761 36
87.6777 36
87.6806 36
87.6807 35
87.6808 35
87.6818 35
87.6854 35
87.6856 35
87.6856 35
87.6858 40
87.6868 35
87.6899 35
87.69 35
87.6901 35
87.6915 35
87.6943 35
87.6944 35
87.6946 35
87.6959 35
87.696 35
87.6988 36
87.6989 36
87.699 35
87.7014 35
87.7041 35
87.7042 35
87.7043 35
87.7059 35
87.709 35
87.7091 40
87.7092 35
87.7105 35
87.7106 35
87.7139 35
87.714 35
87.7141 36
87.7154 36
87.7181 36
87.7182 36
87.7184 36
87.7196 35
87.7197 35
87.7224 35
87.7225 35
87.7226 35
87.7237 35
87.7264 35
87.7265 35
87.7266 35
87.7277 40
87.7278 40
87.7318 35
87.7319 35
87.732 35
87.7331 35
87.7359 35
87.7361 35
87.7362 35
87.7377 35
87.7409 35
87.741 35
87.7411 35
87.7423 35
87.7424 35
87.7458 35
87.7459 35
87.747 35
87.7471 35
87.7501 35
87.7502 35
87.7503 40
87.7515 35
87.7551 35
87.7553 35
87.7554 36
87.7565 36
87.7599 36
87.76 36
87.7601 36
87.7614 36
87.7615 36
87.7678 35
87.7679 35
87.768 35
87.7692 35
87.7722 35
87.7723 35
87.7724 35
87.7744 35
87.7771 35
87.7772 40
87.7773 35
87.7788 35
87.7816 35
87.7817 35
87.7841 35
87.7842 35
87.7871 35
87.7872 35
87.7873 35
87.7889 35
87.7922 35
87.7923 35
87.7924 35
87.7936 35
87.7937 35
87.7965 35
87.7966 35
87.7968 35
87.7982 35
87.8009 40
87.801 35
87.8011 35
87.8028 35
87.803 35
87.8062 35
87.8063 35
87.8064 35
87.8084 35
87.8112 35
87.8113 35
87.8114 35
87.8132 35
87.8159 35
87.816 35
87.8161 35
87.8162 35
87.8174 35
87.8201 35
87.8202 35
87.8203 40
87.8204 41
87.8214 35
87.8249 35
87.825 35
87.8251 36
87.8263 36
87.8297 36
87.8298 36
87.8299 36
87.831 36
87.8311 36
87.8342 36
87.8345 35
87.8363 35
87.8364 35
87.8391 35
87.8392 35
87.8394 35
87.8409 35
87.8438 35
87.844 40
87.8441 35
87.8453 35
87.848 35
87.8482 35
87.8483 35
87.8498 35
87.8499 35
87.8532 36
87.8534 36
87.8535 35
87.8547 35
87.8577 35
87.8578 35
87.8579 35
87.8591 35
87.8632 35
87.8633 35
87.8634 35
87.8647 35
87.8648 40
87.8701 35
87.8703 35
87.8704 35
87.8716 35
87.8746 35
87.8747 36
87.8748 36
87.8765 36
87.8793 36
87.8795 35
87.8796 35
87.8816 35
87.8843 35
87.8844 35
87.8845 35
87.8857 35
87.8858 35
87.8888 35
87.8889 35
87.889 40
87.8902 35
87.8928 35
87.8929 35
87.893 35
87.8944 35
87.8969 36
87.897 36
87.8971 36
87.899 36
87.8991 36
87.9024 36
87.9025 36
87.9026 36
87.904 36
87.9069 36
87.907 35
87.9071 35
87.9085 35
87.9086 35
87.9111 40
87.9112 35
87.9113 35
87.9136 35
87.9162 35
87.9163 35
87.9164 36
87.9181 36
87.9206 36
87.9208 36
87.9209 36
87.9225 36
87.9226 36
87.9251 36
87.9252 36
87.9253 36
87.9268 36
87.9296 35
87.9297 35
87.9298 35
87.9311 40
87.9312 35
87.9342 35
87.9344 35
87.9345 35
87.9357 35
87.9387 35
87.9388 35
87.9434 36
87.9435 36
87.9466 36
87.9468 36
87.9469 36
87.9481 35
87.9483 35
87.9506 35
87.9508 35
87.953 35
87.9532 35
87.9556 35
87.9558 40
87.9559 35
87.9581 35
87.9606 35
87.9608 35
87.9609 35
87.9626 35
87.9651 35
87.9652 35
87.9653 35
87.9667 35
87.9668 35
87.9693 35
87.9694 35
87.9731 35
87.9732 35
87.9763 35
87.9764 35
87.9765 35
87.9779 35
87.9803 40
87.9805 35
87.9806 35
87.9826 35
87.985 35
87.9851 35
87.9853 35
87.987 36
87.9871 36
87.9897 36
87.9898 36
87.9899 36
87.9945 36
87.9946 36
87.9948 36
87.9949 36
87.9981 36
87.9983 36
87.9984 35
87.9994 35
88.0022 40
88.0023 35
88.0024 35
88.0046 35
88.0047 35
88.0075 35
88.0076 36
88.0077 36
88.0088 36
88.0116 36
88.0117 36
88.0118 36
88.0139 36
88.0165 35
88.0166 35
88.0167 35
88.0179 35
88.0207 35
88.0209 35
88.021 35
88.0224 40
88.0225 35
88.026 35
88.0262 35
88.0263 35
88.0275 35
88.0303 36
88.0304 36
88.0305 36
88.0323 36
88.0325 36
88.0353 36
88.0354 36
88.0355 35
88.0366 35
88.0394 35
88.0395 35
88.0396 35
88.0408 35
88.0435 35
88.0436 40
88.0483 36
88.2375 1250
88.2376 1250
88.2394 81
88.2798 78
88.2799 31
88.2801 1246
88.2801 513
88.3186 31
88.5382 35
90.1529 35
90.1534 35
93.2057 0
93.8132 35
94.5888 1243
94.5888 1196
94.6142 33
94.6742 37
97.5048 35
97.5052 35
98.7236 1214
98.7847 35
102.855 1017
102.88 33
102.933 38
103.216 1250
103.216 1250
103.216 81
103.217 697
103.217 112
103.22 360
103.254 1250
103.255 31
103.262 35
103.264 36
103.313 32
104.414 29
105.587 1243
105.587 1185
105.612 33
105.677 38
109.176 1244
109.176 931
109.221 32
109.238 35
110.503 35
110.503 35
112.722 988
112.778 35
112.937 920
112.996 39
113.21 29
113.21 29
113.249 29
113.308 1243
113.308 1250
113.308 1250
113.308 416
113.318 32
113.368 39
113.524 29
113.526 29
113.53 1243
113.53 1250
113.53 1250
113.53 1250
113.53 1250
113.53 1250
113.53 1250
113.53 1250
113.53 1250
113.53 1250
113.53 1250
113.53 1250
113.53 1250
113.53 1250
113.532 1250
113.532 1250
113.532 1250
113.532 1250
113.534 278
113.558 29
113.568 29
113.581 33
113.604 39
114.22 35
116.586 1243
116.586 1250
116.586 129
116.611 33
116.655 38
117.553 35
117.553 35
118.723 1244
118.724 186
118.767 32
118.799 36
122.857 1029
122.883 33
122.944 38
123.527 1243
123.527 613
123.59 34
123.852 39
127.588 1243
127.588 1188
127.615 33
127.666 38
128.546 1250
128.546 1250
128.546 82
128.584 78
128.584 31
128.585 1246
128.585 1250
128.585 77
128.625 31
128.652 33
128.657 36
130.07 0
130.913 35
130.914 35
134.393 35
137.604 35
137.604 35
138.262 0
138.588 1243
138.588 1183
138.613 33
138.652 38
140.21 1250
140.21 1250
140.21 80
140.21 696
140.21 29
140.247 78
140.248 31
140.249 35
140.275 32
140.308 32
142.858 1033
142.884 33
142.94 38
146.943 1021
147.002 39
148.725 1250
148.725 1250
148.725 79
148.768 39
148.768 165
148.769 1246
148.769 1250
148.769 1250
148.769 811
148.769 322
148.808 31
148.821 35
149.586 1243
149.586 1250
149.586 48
149.614 33
149.651 38
151.864 35
151.864 35
152.722 1250
152.722 393
152.781 35
152.807 32
153.481 1250
153.481 1250
153.481 1250
153.481 75
153.521 107
153.521 31
153.538 31
155.282 35
157.22 1250
157.22 1250
157.22 1250
157.22 76
157.259 37
157.259 78
157.259 31
157.259 1246
157.259 1250
157.259 283
157.26 90
157.302 32
157.329 32
157.439 35
157.586 35
157.586 35
159.508 29
159.508 29
159.528 29
159.606 1243
159.606 1250
159.606 1250
159.606 433
159.638 1243
159.638 1247
159.664 33
159.665 39
159.705 38
159.822 29
159.823 1243
159.823 1250
159.823 1250
159.823 1250
159.823 1250
159.823 1250
159.823 1250
159.823 1250
159.823 1250
159.823 1250
159.823 1250
159.823 1250
159.823 1250
159.823 1250
159.824 1250
159.824 1250
159.824 1250
159.824 645
159.849 29
159.859 29
159.86 29
159.873 34
159.928 39
162.859 1030
162.887 33
162.939 38
164.655 1250
164.655 1250
164.656 80
164.698 39
164.699 165
164.699 1246
164.699 1246
164.699 1250
164.699 259
164.738 31
164.74 35
164.759 31
165.256 1250
165.256 1250
165.256 81
165.257 1015
165.276 1250
165.295 39
165.295 1144
165.312 32
165.363 32
165.442 35
165.442 31
165.442 31
165.442 31
165.442 31
165.442 31
165.443 31
165.443 31
165.443 31
167.014 1250
167.014 1250
167.016 79
167.05 1250
167.05 164
167.051 1246
167.051 1246
167.051 1250
167.051 272
167.082 31
167.084 35
167.107 31
167.11 1246
167.11 1250
167.11 672
167.152 35
167.329 29
167.329 29
167.353 29
167.439 1245
167.439 1250
167.439 1250
167.439 377
167.5 39
167.538 31
167.538 31
167.54 31
167.542 31
167.544 31
167.546 31
167.548 31
167.551 31
167.554 31
167.555 31
167.557 31
167.56 31
167.561 31
167.564 31
167.566 31
167.568 31
167.57 31
167.572 31
167.576 31
167.576 36
167.577 31
167.581 31
167.581 32
167.585 32
167.585 32
167.589 32
167.589 32
167.595 32
167.595 32
167.598 32
167.598 32
167.603 33
167.603 33
167.607 33
167.607 33
167.61 33
167.61 33
167.614 33
167.614 33
167.616 38
167.616 33
167.62 32
167.62 32
167.622 32
167.625 32
167.63 33
167.634 33
167.639 33
167.64 33
167.649 33
167.655 33
167.662 33
167.669 33
167.669 33
167.674 33
167.675 33
167.677 33
167.68 33
167.684 33
167.684 38
167.686 33
167.688 33
167.69 33
167.692 33
167.696 33
167.699 33
167.706 33
167.708 33
167.711 33
167.714 33
167.716 33
167.718 33
167.72 33
167.723 33
167.723 33
167.724 33
167.726 33
167.729 33
167.732 33
167.732 38
167.734 33
167.735 33
167.737 33
167.739 33
167.739 33
167.743 33
167.743 33
167.744 33
167.746 33
167.746 33
167.749 33
167.752 33
167.752 33
167.752 33
167.754 33
167.755 33
167.758 33
167.758 33
167.761 33
167.761 38
167.764 33
167.764 33
167.764 33
167.766 33
167.766 33
167.768 33
167.768 33
167.77 33
167.773 33
167.774 33
167.774 33
167.776 33
167.776 33
167.778 33
167.78 33
167.786 33
167.786 33
167.789 33
167.789 33
167.79 38
167.791 33
167.796 33
167.796 33
167.796 33
167.796 33
167.799 33
167.8 33
167.8 33
167.802 33
167.802 33
167.805 33
167.805 33
167.805 33
167.806 33
167.814 33
167.814 33
167.814 33
167.814 33
167.814 33
167.818 38
167.818 33
167.818 33
167.819 33
167.822 33
167.822 34
167.824 34
167.824 34
167.827 33
167.827 33
167.827 33
167.829 33
167.829 33
167.834 33
167.834 33
167.834 33
167.835 33
167.837 33
167.838 33
167.84 33
167.84 38
167.846 33
167.848 33
167.848 33
167.848 33
167.848 33
167.851 33
167.851 33
167.851 34
167.855 34
167.855 34
167.855 34
167.856 34
167.859 34
167.86 34
167.86 34
167.861 34
167.861 34
167.864 34
167.864 34
167.864 38
167.866 33
167.872 33
167.872 33
167.872 33
167.876 33
167.876 34
167.887 35
167.988 29
167.989 29
167.993 1243
167.993 1250
167.993 1250
167.993 1250
167.993 1250
167.993 1250
167.993 1250
167.993 1250
167.993 1250
167.993 1250
167.993 1250
167.993 1250
167.993 1250
167.993 1250
167.996 1250
167.996 1250
167.996 1250
167.996 1250
167.996 1250
167.996 604
168.016 1243
168.016 1250
168.016 1250
168.016 1250
168.017 29
168.018 1250
168.018 1250
168.018 1250
168.018 1250
168.018 1250
168.018 1250
168.018 1250
168.018 1250
168.021 1250
168.021 1250
168.021 1250
168.021 1250
168.021 1250
168.021 1250
168.021 1250
168.021 580
168.023 1250
168.023 1250
168.023 1250
168.023 1250
168.023 1250
168.023 1250
168.023 1250
168.023 1250
168.025 1250
168.025 1250
168.025 1158
168.027 29
168.047 34
168.068 39
168.091 41
168.723 1244
168.723 1250
168.723 70
168.775 35
168.801 32
170.589 1243
170.589 1250
170.589 159
170.614 33
170.655 38
172.453 0
172.454 35
172.454 39
172.467 1250
172.467 1250
172.467 1250
172.467 76
172.467 530
172.506 1250
172.507 78
172.507 31
172.524 113
172.526 33
172.642 37
172.642 33
172.644 790
172.716 32
172.81 36
173.099 1246
173.099 1250
173.099 756
173.15 36
173.152 32
173.154 32
173.156 32
173.159 32
173.16 32
173.165 33
173.169 33
173.171 33
173.173 33
173.174 33
173.176 33
173.179 33
173.181 33
173.186 33
173.186 33
173.189 33
173.191 33
173.194 33
173.196 33
173.2 38
173.202 33
173.205 33
173.206 33
173.209 33
173.211 33
173.215 33
173.218 33
173.22 33
173.221 33
173.225 33
173.227 33
173.229 33
173.233 33
173.236 33
173.236 33
173.24 33
173.241 33
173.244 33
173.246 33
173.25 38
173.251 33
173.254 33
173.256 33
173.258 33
173.261 33
173.264 33
173.268 33
173.272 33
173.273 33
173.276 33
173.277 33
173.279 33
173.28 33
173.284 33
173.295 34
173.3 33
173.303 33
173.306 33
173.307 33
173.31 38
173.313 33
173.316 33
173.317 33
173.322 33
173.323 33
173.325 33
173.328 33
173.331 33
173.342 34
174.82 1250
174.82 1250
174.821 75
174.858 78
174.858 31
174.859 1246
174.859 1250
174.859 84
174.894 31
174.917 35
175.126 0
176.167 0
176.168 39
176.17 245
176.239 32
176.299 35
176.3 318
176.374 32
176.488 36
177.573 35
177.574 35
177.992 1243
177.992 761
178.052 34
178.103 39
178.726 1246
178.726 1250
178.726 751
178.774 36
178.776 32
178.778 32
178.781 32
178.784 32
178.786 32
178.789 33
178.791 33
178.793 33
178.795 33
178.801 33
178.803 33
178.804 33
178.805 33
178.811 33
178.811 33
178.814 33
178.816 33
178.819 33
178.821 33
178.824 38
178.826 33
178.828 33
178.83 33
178.835 33
178.835 33
178.838 33
178.84 33
178.844 33
178.845 33
178.849 33
178.851 33
178.853 33
178.856 33
178.859 33
178.86 33
178.864 33
178.865 33
178.868 33
178.871 33
178.876 38
178.876 33
178.88 33
178.881 33
178.884 33
178.886 33
178.888 33
178.89 33
178.894 33
178.896 33
178.9 33
178.901 33
178.905 33
178.906 33
178.908 33
178.911 33
178.914 33
178.917 33
178.919 33
178.92 33
178.924 38
178.925 33
178.929 33
178.932 33
178.933 33
178.935 33
178.94 33
178.942 33
178.944 33
178.946 33
178.949 33
178.951 33
178.954 33
178.956 33
178.958 33
178.96 33
178.964 33
178.974 34
181.588 1243
181.588 1183
181.613 33
181.674 38
182.86 1028
182.885 33
182.948 38
183.318 0
185.102 1246
185.102 1250
185.102 757
185.151 36
185.152 32
185.154 32
185.157 32
185.16 32
185.164 32
185.165 33
185.167 33
185.17 33
185.172 33
185.175 33
185.178 33
185.18 33
185.182 33
185.185 33
185.187 33
185.192 33
185.195 33
185.196 33
185.196 33
185.2 38
185.202 33
185.204 33
185.206 33
185.21 33
185.212 33
185.215 33
185.218 33
185.221 33
185.223 33
185.225 33
185.227 33
185.23 33
185.232 33
185.234 33
185.236 33
185.24 33
185.243 33
185.248 33
185.248 33
185.253 38
185.254 33
185.256 33
185.257 33
185.259 33
185.261 33
185.264 33
185.267 33
185.27 33
185.271 33
185.275 33
185.277 33
185.282 33
185.283 33
185.286 33
185.288 33
185.289 33
185.293 33
185.295 33
185.298 33
185.3 38
185.303 33
185.306 33
185.308 33
185.311 33
185.313 33
185.324 34
191.103 1246
191.103 1250
191.103 758
191.156 36
191.161 32
191.161 32
191.163 32
191.165 32
191.167 32
191.171 33
191.173 33
191.175 33
191.178 33
191.181 33
191.181 33
191.186 33
191.187 33
191.192 33
191.193 33
191.195 33
191.197 33
191.201 33
191.202 33
191.204 38
191.206 33
191.209 33
191.212 33
191.214 33
191.216 33
191.22 33
191.221 33
191.225 33
191.229 33
191.23 33
191.232 33
191.235 33
191.238 33
191.24 33
191.242 33
191.246 33
191.248 33
191.25 33
191.253 33
191.255 38
191.257 33
191.262 33
191.262 33
191.269 33
191.27 33
191.272 33
191.272 33
191.279 33
191.279 33
191.28 33
191.281 33
191.292 34
191.296 33
191.296 33
191.296 33
191.3 33
191.3 33
191.3 33
191.301 29
191.302 33
191.308 38
191.308 33
191.309 33
191.311 33
191.312 33
191.315 33
191.317 33
191.33 34
192.186 29
192.186 29
192.186 29
192.301 1243
192.301 1250
192.301 1250
192.301 377
192.361 39
192.417 29
192.418 29
192.419 1243
192.419 1250
192.419 1250
192.419 1250
192.419 1250
192.419 1250
192.419 1250
192.419 1250
192.419 1250
192.419 1250
192.419 1250
192.419 1250
192.419 1250
192.419 1250
192.419 1250
192.419 1250
192.421 1250
192.421 1250
192.421 1250
192.421 471
192.446 29
192.452 29
192.471 34
192.497 39
192.723 1244
192.723 63
192.773 35
192.848 1243
192.848 967
192.872 33
192.911 38
193.289 32
196.669 32
196.792 1246
196.792 1250
196.792 751
196.844 36
196.847 32
196.85 32
196.852 32
196.855 32
196.856 32
196.859 33
196.862 33
196.864 33
196.866 33
196.868 33
196.87 33
196.873 33
196.875 33
196.88 33
196.881 33
196.884 33
196.887 33
196.89 33
196.892 33
196.894 38
196.897 33
196.899 33
196.901 33
196.904 33
196.906 33
196.908 33
196.91 33
196.916 33
196.916 33
196.919 33
196.92 33
196.926 33
196.926 33
196.929 33
196.93 33
196.933 33
196.936 33
196.938 33
196.941 33
196.943 38
196.945 33
196.949 33
196.951 33
196.955 33
196.956 33
196.961 33
196.962 33
196.963 33
196.966 33
196.968 33
196.97 33
196.977 33
196.977 33
196.979 33
196.985 33
196.985 33
196.986 33
196.988 33
196.993 33
196.995 38
196.996 33
196.999 33
197 33
197.003 33
197.006 33
197.009 33
197.011 33
197.013 33
197.016 33
197.018 33
197.021 33
197.024 33
197.028 33
197.03 33
197.033 1246
197.033 1250
197.033 759
197.089 37
197.612 35
197.613 35
198.723 1244
198.723 224
198.777 35
199.575 1250
199.575 1250
199.575 1250
199.575 78
199.575 989
199.598 1250
199.613 78
199.614 31
199.615 113
199.617 37
199.617 33
199.617 33
199.617 33
199.617 33
199.617 33
199.619 33
199.619 33
199.619 33
199.619 33
199.619 33
199.621 33
199.621 33
199.621 33
199.621 33
199.621 33
199.621 33
199.623 33
199.623 33
199.623 33
199.632 38
199.633 33
199.635 31
199.635 31
199.638 31
199.638 31
199.639 31
199.64 32
199.641 32
199.641 32
199.641 32
199.643 32
199.643 32
199.643 32
199.645 33
199.645 33
199.645 33
199.645 33
199.647 33
199.647 33
199.647 38
199.65 33
199.65 33
199.65 33
199.65 33
199.65 33
199.65 33
199.65 32
199.653 32
199.658 33
201.528 0
201.546 0
202.356 160
202.377 36
202.377 32
202.38 32
202.38 32
202.383 32
202.383 32
202.384 33
202.386 33
202.386 33
202.39 34
202.398 33
202.405 34
202.417 1243
202.417 561
202.475 34
202.508 40
202.861 1034
202.888 33
202.952 38
203.117 1246
203.118 1250
203.118 755
203.166 36
203.168 32
203.173 32
203.174 32
203.175 32
203.178 32
203.18 33
203.182 33
203.185 33
203.187 33
203.191 33
203.193 33
203.195 33
203.198 33
203.2 33
203.202 33
203.207 33
203.207 33
203.211 33
203.213 33
203.215 38
203.217 33
203.22 33
203.225 33
203.225 33
203.228 33
203.231 33
203.232 33
203.236 33
203.237 33
203.242 33
203.242 33
203.246 33
203.248 33
203.25 33
203.253 33
203.255 33
203.258 33
203.26 33
203.264 33
203.266 38
203.27 33
203.27 33
203.275 33
203.276 33
203.277 33
203.283 33
203.283 33
203.287 33
203.287 33
203.291 33
203.292 33
203.296 33
203.298 33
203.3 33
203.302 33
203.305 33
203.308 33
203.31 33
203.312 33
203.316 38
203.318 33
203.32 33
203.322 33
203.326 33
203.328 33
203.331 33
203.333 33
203.335 33
203.337 33
203.342 33
203.342 33
203.348 33
203.349 33
203.352 33
203.352 33
203.355 33
203.359 33
203.362 1246
203.362 1250
203.362 759
203.414 37
203.588 1243
203.588 1250
203.588 65
203.613 33
203.658 38
207.42 1250
207.42 1250
207.42 79
207.461 78
207.461 31
207.461 1246
207.461 1250
207.461 81
207.505 31
207.54 33
207.545 38
207.545 32
208.119 1246
208.119 1250
208.119 751
208.165 36
208.168 32
208.17 32
208.172 32
208.174 32
208.177 32
208.18 33
208.181 33
208.185 33
208.19 33
208.191 33
208.192 33
208.195 33
208.197 33
208.201 33
208.203 33
208.205 33
208.206 33
208.21 33
208.212 33
208.216 38
208.217 33
208.22 33
208.222 33
208.224 33
208.226 33
208.23 33
208.232 33
208.235 33
208.238 33
208.24 33
208.242 33
208.245 33
208.249 33
208.251 33
208.252 33
208.255 33
208.257 33
208.26 33
208.262 33
208.264 38
208.267 33
208.269 33
208.271 33
208.276 33
208.277 33
208.28 33
208.281 33
208.292 34
208.673 32
208.676 32
208.678 33
208.68 33
208.683 33
208.684 33
208.688 33
208.69 33
208.693 33
208.694 33
208.696 38
208.699 33
208.702 33
208.707 33
208.708 33
208.711 33
208.711 33
208.714 33
208.716 33
208.719 33
208.723 33
208.726 33
208.726 33
208.73 33
208.732 33
208.734 33
208.736 33
208.74 33
208.743 33
208.744 33
208.746 38
208.752 33
208.752 33
208.756 33
208.758 33
208.76 33
208.763 33
208.766 33
208.767 33
208.77 33
208.773 33
208.774 33
208.775 33
208.78 33
208.782 33
208.792 34
209.224 489
209.293 32
209.393 35
211.21 1250
211.21 1250
211.21 1250
211.21 76
211.211 698
211.211 112
211.211 360
211.251 78
211.252 31
211.254 35
211.255 35
211.281 36
211.315 32
212.956 900
213.015 40
214.174 32
214.588 1243
214.588 1185
214.613 33
214.658 39
215.917 1246
215.917 1250
215.918 751
215.965 36
215.967 32
215.969 32
215.973 32
215.974 32
215.976 32
215.98 33
215.982 33
215.983 33
215.986 33
215.989 33
215.991 33
215.994 33
215.997 33
215.999 33
216.001 33
216.004 33
216.007 33
216.011 33
216.011 33
216.015 38
216.018 33
216.02 33
216.023 33
216.025 33
216.027 33
216.029 33
216.032 33
216.034 33
216.037 33
216.043 33
216.043 33
216.045 33
216.052 33
216.052 33
216.053 33
216.055 33
216.057 33
216.059 33
216.06 33
216.064 38
216.068 33
216.07 33
216.072 33
216.075 33
216.077 33
216.079 33
216.081 33
216.084 33
216.086 33
216.091 33
216.091 33
216.095 33
216.097 33
216.1 33
216.102 33
216.103 33
216.106 33
216.109 33
216.111 33
216.116 38
216.117 33
216.12 33
216.122 33
216.125 33
216.127 33
216.13 33
216.132 33
216.134 33
216.135 33
216.14 33
216.141 33
216.897 32
217.658 35
217.658 35
219.186 29
220.168 1246
220.168 1250
220.168 751
220.216 36
220.218 32
220.22 32
220.222 32
220.226 32
220.228 32
220.23 33
220.232 33
220.236 33
220.238 33
220.241 33
220.244 33
220.246 33
220.248 33
220.251 33
220.253 33
220.255 33
220.257 33
220.262 33
220.262 33
220.266 38
220.267 33
220.273 33
220.274 33
220.276 33
220.278 33
220.28 33
220.283 33
220.285 33
220.287 33
220.292 33
220.292 33
220.296 33
220.298 33
220.3 33
220.302 33
220.306 33
220.308 33
220.31 33
220.312 33
220.318 38
220.318 33
220.32 33
220.323 33
220.325 33
220.328 33
220.33 33
220.333 33
220.337 33
220.337 33
220.341 33
220.343 33
220.346 33
220.348 33
220.35 33
220.352 33
220.356 33
220.359 33
220.361 33
220.364 33
220.366 38
220.37 33
220.371 33
220.376 33
220.377 33
220.379 33
220.38 33
220.382 33
220.386 33
220.389 33
220.391 33
220.393 33
220.395 33
220.397 33
220.402 1246
220.402 1250
220.402 759
220.454 37
221.233 1250
221.233 1250
221.235 82
221.272 39
221.272 167
221.272 1246
221.272 1250
221.272 555
221.272 417
221.308 31
221.359 32
221.676 35
221.676 31
221.676 31
221.676 31
221.676 31
221.704 32
222.862 1031
222.886 33
222.959 39
225.589 1243
225.589 1250
225.589 58
225.611 33
225.651 39
225.955 1244
225.955 1250
225.955 1250
225.955 217
225.995 1244
226.021 32
226.106 35
226.267 520
226.269 40
226.276 304
226.312 32
226.343 32
226.401 47
226.402 1250
226.402 1250
226.404 80
226.404 911
226.417 31
226.441 35
226.445 78
226.445 31
226.445 33
226.449 34
226.449 34
226.45 38
226.45 34
226.45 32
226.473 1250
226.473 1250
226.473 76
226.473 517
226.485 31
226.511 78
226.511 31
226.513 32
226.528 31
226.555 32
226.638 35
226.639 711
226.706 32
226.783 35
226.785 275
226.853 32
226.93 35
226.931 279
227.001 32
227.098 36
227.454 961
227.513 34
227.533 40
227.602 1246
227.602 1250
227.602 751
227.65 36
227.65 32
227.653 32
227.655 32
227.658 32
227.66 32
227.662 33
227.664 33
227.669 33
227.671 33
227.673 33
227.684 34
227.763 33
227.765 33
227.767 33
227.769 33
227.773 33
227.775 33
227.777 33
227.779 33
227.783 38
227.785 33
227.787 33
227.789 33
227.793 33
227.796 33
227.798 33
227.8 33
227.802 33
227.805 33
227.807 33
227.81 33
227.812 33
227.814 33
227.817 33
227.82 33
227.822 33
227.825 33
227.829 33
227.83 33
227.833 38
227.837 33
227.838 33
227.839 33
227.842 33
227.846 33
227.847 33
227.851 33
227.853 33
227.855 33
227.858 33
227.859 33
227.863 33
227.865 33
227.867 33
227.869 33
227.873 33
227.875 33
227.877 33
227.879 33
227.883 38
227.885 33
227.888 33
227.89 33
227.892 33
227.894 33
227.898 33
227.9 33
227.902 33
227.904 33
227.908 33
227.91 33
227.913 33
227.916 33
227.917 33
227.919 33
227.924 33
227.924 33
227.928 33
227.929 33
227.932 38
227.934 33
227.938 33
227.94 33
227.942 33
227.946 33
227.948 33
227.949 33
227.954 33
227.965 34
228.374 0
228.724 1221
228.799 36
232.126 1246
232.126 1250
232.126 752
232.175 36
232.175 32
232.178 32
232.18 32
232.184 32
232.185 32
232.188 33
232.192 33
232.194 33
232.196 33
232.197 33
232.2 33
232.203 33
232.205 33
232.208 33
232.21 33
232.212 33
232.214 33
232.219 33
232.22 33
232.222 38
232.225 33
232.228 33
232.23 33
232.233 33
232.235 33
232.239 33
232.241 33
232.245 33
232.245 33
232.248 33
232.251 33
232.256 33
232.258 33
232.259 33
232.261 33
232.263 33
232.265 33
232.268 33
232.269 33
232.273 38
232.275 33
232.278 33
232.279 33
232.283 33
232.286 33
232.288 33
232.29 33
232.293 33
232.295 33
232.299 33
232.3 33
232.304 33
232.305 33
232.31 33
232.31 33
232.314 33
232.315 33
232.317 33
232.32 33
232.322 38
232.325 33
232.327 33
232.33 33
232.332 33
232.336 33
232.339 33
232.339 33
232.343 33
232.344 33
232.348 33
232.352 33
232.353 33
232.357 33
232.358 33
232.36 33
232.364 33
232.365 33
232.367 33
232.369 33
232.372 38
232.374 33
232.377 33
232.379 33
232.383 33
232.384 33
232.387 33
232.398 34
232.721 991
232.796 36
234.458 32
236.588 1243
236.588 1208
236.613 33
236.651 39
237.651 35
237.651 35
240.128 1245
240.128 1250
240.128 756
240.173 36
240.175 32
240.177 32
240.179 32
240.184 32
240.186 32
240.188 33
240.191 33
240.194 33
240.196 33
240.198 33
240.2 33
240.202 33
240.205 33
240.207 33
240.209 33
240.214 33
240.214 33
240.218 33
240.22 33
240.222 38
240.225 33
240.227 33
240.229 33
240.233 33
240.236 33
240.238 33
240.243 33
240.243 33
240.245 33
240.248 33
240.249 33
240.251 33
240.262 34
240.59 33
240.59 33
240.594 33
240.597 33
240.598 33
240.6 33
240.604 38
240.605 33
240.609 33
240.611 33
240.613 33
240.615 33
240.619 33
240.622 33
240.624 33
240.626 33
240.627 33
240.63 33
240.633 33
240.635 33
240.641 33
240.641 33
240.645 33
240.645 33
240.651 33
240.652 33
240.654 38
240.657 33
240.659 33
240.661 33
240.663 33
240.665 33
240.668 33
240.671 33
240.673 33
240.675 33
240.678 33
240.681 33
240.683 33
240.686 33
240.688 33
240.69 33
240.694 33
240.697 33
240.698 33
240.701 33
240.704 38
240.706 33
240.708 33
240.71 33
240.714 33
240.717 33
240.718 33
240.719 33
240.723 33
240.726 33
